source,target,mor
BDNF,EGR1,5.26961710266849
BDNF,TNFRSF12A,2.00837248431554
BDNF,EGR2,1.89235936280729
BDNF,GEM,1.60015986785299
BDNF,DUSP5,1.48939980125618
BDNF,GADD45A,1.43804985660292
BDNF,CHST11,1.40976045237847
BDNF,JUNB,1.17337560112814
BDNF,TPD52L1,1.1531851459822
BDNF,IRS2,1.09499423490055
BDNF,G0S2,-1.04700348474878
BDNF,ADAM9,1.03912941636774
BDNF,IER2,1.00104278648623
BDNF,S100A10,0.98857259928551
BDNF,FOSL1,0.970722207477754
BDNF,DDIT3,0.962634762841629
BDNF,IER3,0.945779609002113
BDNF,STAT1,0.899562340788178
BDNF,PELI2,0.864988895598842
BDNF,PHLDA2,0.841426973673338
BDNF,MAP3K14,0.83191537
BDNF,C3orf52,0.821294113015478
BDNF,DTX4,-0.785656205049955
BDNF,PHLDA1,0.782999523673471
BDNF,SPATS2L,0.764961224176577
BDNF,B3GALT2,0.73428249
BDNF,CBFB,0.724385922292519
BDNF,PLXNC1,-0.685076187626847
BDNF,GADD45B,0.682038412716924
BDNF,IL1RAP,0.654130940185903
BDNF,GALNT7,0.641002650421266
BDNF,TEF,-0.636297062260349
BDNF,PRSS23,0.612660327194171
BDNF,PDP1,0.612119629052415
BDNF,SLC25A6,-0.597127581679281
BDNF,MAFF,0.592551872305355
BDNF,RGS2,0.589671871649608
BDNF,TRIB2,0.585749760653143
BDNF,HIVEP3,0.58384369877219
BDNF,SOWAHC,0.575993421360512
BDNF,EDN1,0.5716381
BDNF,HBEGF,0.566903463678935
BDNF,KIF4A,-0.531496475866227
BDNF,NRP1,0.53065157
BDNF,SLC30A1,0.511767034084895
BDNF,CDC42EP4,-0.505372675323732
BDNF,PPL,0.501439145158873
BDNF,KLF6,0.499752192330212
BDNF,NAB2,0.494267781616133
BDNF,PNRC1,-0.490924560241402
BDNF,TXNIP,-0.48996573503327
BDNF,SEC24D,0.485264917373021
BDNF,HOMER1,0.483041841493515
BDNF,SERPINB8,0.476612778399797
BDNF,MAMLD1,0.473758690735388
BDNF,MAK16,0.465384095186085
BDNF,RPS16,-0.464799653554884
BDNF,PPP1R15A,0.460653595126551
BDNF,MYL12A,0.45579243
BDNF,UBL3,0.451566335196133
BDNF,SPRED2,0.44934765688148
BDNF,SPTB,0.448641029508376
BDNF,NIPA2,0.448055264
BDNF,CDON,-0.447827434396513
BDNF,ARHGDIB,0.44608424734839
BDNF,PLP2,0.444239254910214
BDNF,MCL1,0.43979835
BDNF,LDB1,-0.438537123
BDNF,GADD45G,0.4368157475
BDNF,EZR,0.436470227799453
BDNF,RPS3,-0.436428897658807
BDNF,PPDPF,-0.434355912133534
BDNF,DUSP4,0.432016453088633
BDNF,CELF2,-0.427255780443502
BDNF,VEGFA,0.427158377905502
BDNF,EEF1A1,-0.424718059379734
BDNF,SCN1B,0.42390006798864
BDNF,TNFAIP3,-0.417997658964247
BDNF,TIPARP,0.415592275306018
BDNF,MAFG,0.413640285549686
BDNF,PHTF2,0.4131528549339
BDNF,RAB30,-0.411195432984449
BDNF,BTG2,0.409615625826549
BDNF,GABPB1,0.39894152
BDNF,PER2,0.396590745067066
BDNF,RPS15A,-0.396339435533946
BDNF,DCBLD2,0.393698919383748
BDNF,EEF2,-0.392863581485088
BDNF,ETHE1,-0.388201314306529
BDNF,MYLIP,0.387838896408274
BDNF,ING4,-0.387460502236711
BDNF,FTL,-0.38516456172851
BDNF,GGH,-0.377724340810788
BDNF,ATP2B4,0.376262842900557
BDNF,ACVR2B,-0.373175876513678
BDNF,CSNK1A1,0.37260818
BDNF,C2orf68,-0.371496072585583
BDNF,FOXO1,0.371410566878586
BDNF,CD63,0.369990801851897
BDNF,SLC12A6,-0.367897411622062
BDNF,SOX12,-0.367826570811149
BDNF,MT1F,-0.366886082529409
BDNF,ARL4D,0.366597144221091
BDNF,FABP3,0.36656808
BDNF,RPLP0,-0.366321349768777
BDNF,IGBP1,-0.366016236092212
BDNF,MFSD6,0.364533415757217
BDNF,BOLA1,-0.36349633596414
BDNF,TFE3,0.36257315
BDNF,TUBA4A,0.36097019561566
BDNF,RPS11,-0.359449784043875
BDNF,HDAC11,-0.356668889266629
BDNF,MXI1,-0.35586262
BDNF,ULBP2,0.353292265796697
BDNF,ENPP4,0.350079135201511
BDNF,SIRPA,0.35006252401586
BDNF,RPF1,0.349712408839188
BDNF,CRY1,0.34420374165365
BDNF,TNKS,-0.343333196015629
BDNF,DDX21,0.341634832504494
BDNF,TUBA1A,-0.340754940609736
BDNF,DGCR6L,-0.340699536238531
BDNF,CYP2R1,-0.33975997437681
BDNF,RPL30,-0.338747944303215
BDNF,FDX1,0.337248894171119
BDNF,RPS19,-0.337112859019775
BDNF,GJC1,0.335898126873552
BDNF,TRA2B,0.335226607637289
BDNF,RPL3,-0.335148057036748
BDNF,RPL34,-0.333334448054253
BDNF,NFKBIA,-0.332144977466589
BDNF,DDIT4,-0.331401649342703
BDNF,RPL29,-0.330970473216773
BDNF,HPRT1,0.330812105950791
BDNF,ERF,0.32986832
BDNF,DNAJA2,0.329127116437967
BDNF,BTG3,0.327185948598459
BDNF,RPLP2,-0.32661936715806
BDNF,F2R,0.326383152593984
BDNF,ATF1,0.324294000369264
BDNF,RPL31,-0.324138531417645
BDNF,TOP1,0.32171276562228
BDNF,NPM1,0.321130364681309
BDNF,UTP18,0.317302534903754
BDNF,CAST,0.31613541
BDNF,TSPAN5,0.31392574
BDNF,B4GALT6,0.31329488
BDNF,RALB,0.313104625
BDNF,SCN5A,0.312857104472366
BDNF,PRMT2,-0.30980682
BDNF,ATXN7L1,-0.309584733440818
BDNF,RPL27A,-0.309372157397682
BDNF,ETFB,-0.309081866070988
BDNF,PNO1,0.308708516642137
BDNF,PDE7B,-0.307455278015163
BDNF,EEF1D,-0.30631077448031
BDNF,ARSD,-0.306030468007154
BDNF,DEGS1,0.304727354133755
BDNF,PIK3R3,-0.303978378690923
BDNF,TTLL1,-0.303590583407848
BDNF,RSAD1,-0.303
BDNF,ATP1B1,0.3025
BDNF,IL13RA1,0.301841635402338
BDNF,EZH2,-0.30175
BDNF,MCF2L,-0.301169534720565
BDNF,IDI1,0.300001474165819
BDNF,RPS14,-0.29787368309269
BDNF,RGL2,0.297365303623167
BDNF,IPO8,0.29716506516584
BDNF,PLCXD1,-0.296626963120218
BDNF,UBR7,0.295833434334753
BDNF,PRKAA1,0.295511600020313
BDNF,STMN1,-0.294994343836004
BDNF,BRIX1,0.294400677509559
BDNF,FADD,-0.293761381334219
BDNF,TPX2,-0.29324722
BDNF,HECTD4,-0.292573658207597
BDNF,ZYX,0.291
BDNF,ARHGEF2,-0.29061590268643
BDNF,ERO1A,0.290238328901598
BDNF,SOAT1,0.290066276446401
BDNF,HEXB,0.289304323794985
BDNF,PIK3C2B,-0.289043413256203
BDNF,CAPN7,-0.288555608212236
BDNF,MFGE8,0.287697210620655
BDNF,IFFO1,-0.287363735195535
BDNF,RAD23B,0.287350435611009
BDNF,BANP,-0.286866905
BDNF,MICAL3,-0.286607559154371
BDNF,SRF,0.286464779395385
BDNF,TBC1D4,-0.286125967050519
BDNF,MAF,-0.285402218862248
BDNF,TCF7,0.285180572
BDNF,NT5DC3,0.284395529306977
BDNF,MCOLN1,-0.284375793334432
BDNF,KIF20B,0.284320935123054
BDNF,SMC5,0.283460241128063
BDNF,ZNF606,-0.283448005963418
BDNF,ZWINT,-0.28317356
BDNF,BTAF1,0.28288411736817
BDNF,FAM110B,-0.2813002412287
BDNF,PABPC1,-0.280648996687646
BDNF,RPS29,-0.27914348334785
BDNF,SMARCAL1,-0.278050748500213
BDNF,RRS1,0.27734565
BDNF,ACAD10,-0.275941889613182
BDNF,ZNF362,-0.275797569596967
BDNF,RABEP2,-0.27544857620749
BDNF,STX7,-0.275001300611224
BDNF,VASH2,-0.274891533838273
BDNF,EIF4B,-0.273824216
BDNF,ARPC2,0.273452274559373
BDNF,SLC29A1,-0.271365080752679
BDNF,CDC37L1,0.26995992
BDNF,PSMD12,0.269264401984812
BDNF,RCAN3,-0.268731136003318
BDNF,PRKCI,0.268698837586237
BDNF,HIC1,0.268593931175695
BDNF,TRIM44,0.268449917442166
BDNF,PDE4D,-0.267379876109758
BDNF,CDK5R1,-0.267001382161833
BDNF,NPAS2,0.266110217726595
BDNF,PDPR,-0.26598168988413
BDNF,RPL15,-0.26592861209081
BDNF,ABAT,-0.265882916140547
BDNF,PCBP4,-0.265845231005486
BDNF,RAPGEF6,-0.264378348312717
BDNF,ERP44,0.264120426905884
BDNF,ATG16L1,0.264048574
BDNF,KTN1,0.263497794573671
BDNF,RNF6,0.261585189196724
BDNF,RPL10A,-0.261546209802345
BDNF,DCAF8,-0.261394580166262
BDNF,SMAD9,-0.26
BDNF,TRIP11,-0.259484534225943
BDNF,PIM1,0.259154656430664
BDNF,RUSC1,-0.258533475
BDNF,DFFB,-0.258096483018126
BDNF,YKT6,0.257504601650513
BDNF,HABP4,0.257314214007385
BDNF,UCHL3,0.256645483743875
BDNF,RAD1,0.2562615875
BDNF,PJA1,0.256115915
BDNF,KAT6B,-0.254344316619752
BDNF,PSAP,-0.254226672370333
BDNF,RPS4X,-0.253834848512344
BDNF,ZMYND8,-0.253356491931438
BDNF,ZSCAN9,-0.253088633251618
BDNF,GSN,0.252389469556023
BDNF,GORASP1,0.251956878878586
BDNF,CABYR,-0.25183619922893
BDNF,SERPINE2,0.251302801532442
BDNF,RRAGB,-0.250989425057671
BDNF,NIPSNAP1,-0.250354654486535
BDNF,LIMA1,0.250197516019461
BDNF,NPTX1,0.250019340798763
BDNF,LZTS1,0.25
BDNF,GLRX2,0.24963725752733
BDNF,RPL19,-0.249544440875321
BDNF,PPP2R2A,0.24893298767118
BDNF,CCT2,0.248901641337274
BDNF,SLC19A2,0.248654442757955
BDNF,SDC3,-0.248517355653402
BDNF,LIG4,0.248073140154082
BDNF,KDM7A,0.247927513443586
BDNF,LSM12,0.247325566412855
BDNF,GAR1,0.24559974
BDNF,ACVR1B,-0.245524709397628
BDNF,PXN,0.24432087
BDNF,YRDC,0.243977950262669
BDNF,AMD1,0.2434802115
BDNF,RAPGEF2,-0.242980129003427
BDNF,ETF1,0.242814467477438
BDNF,PRPS2,0.242734844223263
BDNF,ZNF444,-0.242701403736788
BDNF,SEMA6C,-0.2421522225
BDNF,ABCD3,0.241660755041227
BDNF,MRPL19,0.241318924678085
BDNF,TMEM214,0.24121919986377
BDNF,LIN7B,-0.241
BDNF,SMARCA1,0.240890358717047
BDNF,CLTB,0.240711464204912
BDNF,GPR137B,0.239950792720753
BDNF,CACFD1,-0.239897487053911
BDNF,EMC7,0.239869722721562
BDNF,C11orf1,-0.239719511732831
BDNF,PLPP3,0.239
BDNF,HMGCS1,0.238888011620737
BDNF,POLRMT,-0.238780487425201
BDNF,CLDND1,0.238412438153687
BDNF,COPB1,0.23811163373075
BDNF,POLH,-0.238111633730749
BDNF,STK26,0.237810555554154
BDNF,HERC2,-0.23778504596601
BDNF,ARMCX2,0.237694214634797
BDNF,CLTCL1,-0.236922283260497
BDNF,ARL2BP,-0.235917121493536
BDNF,ULK1,-0.235511781
BDNF,CCT5,0.235385414
BDNF,FAM89B,-0.235030192929607
BDNF,CTIF,-0.234860914527562
BDNF,CDK5,-0.234765931404887
BDNF,MRTO4,0.234715237029615
BDNF,RASSF2,-0.233266254988423
BDNF,DNMT1,0.23250484
BDNF,FAM169A,0.232373853131999
BDNF,CARD8,-0.232036186085111
BDNF,FSTL3,-0.23175
BDNF,AP3M2,-0.231674193039795
BDNF,ACTB,0.231503638004472
BDNF,NAP1L3,0.2315
BDNF,ELOVL6,0.231419262454633
BDNF,KCMF1,0.231294297966296
BDNF,CTSB,0.23114204
BDNF,GIPC1,-0.231
BDNF,SH3BGRL,-0.230870917700252
BDNF,CLPX,0.230101371027577
BDNF,CAMSAP1,0.229849376625888
BDNF,ZFP36,0.2295
BDNF,RPS6,-0.229078109234976
BDNF,TRIM33,0.22907543
BDNF,HNRNPD,0.228151667440585
BDNF,RHEB,0.227841376
BDNF,COPE,-0.227222972247575
BDNF,DCTN2,-0.226934361733744
BDNF,LRRC20,-0.226903826488572
BDNF,NCOA3,-0.226557527326381
BDNF,LPXN,-0.226124198174526
BDNF,MOSPD3,-0.225662558797037
BDNF,FANCL,-0.225158272977974
BDNF,GCNT1,-0.224969386
BDNF,UBTF,-0.224876048855661
BDNF,ENC1,-0.22480283107794
BDNF,YES1,0.224581680447762
BDNF,ACOT13,-0.2245
BDNF,DSN1,-0.2245
BDNF,MAFK,0.224486825344575
BDNF,DDX18,0.224019383497982
BDNF,RNF10,0.224
BDNF,KCTD12,-0.223799242550693
BDNF,PLAA,0.223771275537642
BDNF,ZNF33B,-0.223683250721868
BDNF,SH2B3,0.223459314322668
BDNF,PGAP1,0.223444638610784
BDNF,RIOK3,0.22287083
BDNF,ING1,0.222826249347802
BDNF,SLC35G2,0.222683920282422
BDNF,YOD1,0.222263337866965
BDNF,NUBP2,-0.222229
BDNF,SEH1L,0.2220787985
BDNF,STK11,-0.222
BDNF,ECD,0.221923105396899
BDNF,TMEM41B,0.221900575113634
BDNF,GAMT,-0.221520276617775
BDNF,CCDC85B,-0.2215
BDNF,SLC29A3,-0.2214365
BDNF,GAS2L1,0.221401218933398
BDNF,ZNF212,-0.22123017601387
BDNF,NDUFAF7,0.220884508953664
BDNF,UTP3,0.220823292
BDNF,GLUL,0.220669074995214
BDNF,FERMT2,0.220497325603376
BDNF,KIAA0586,-0.220354244766396
BDNF,TUBB,-0.220309255
BDNF,LPCAT1,-0.219617516479934
BDNF,PMM2,0.219261218653995
BDNF,HINFP,-0.218936862700228
BDNF,KANSL1L,-0.218851273636496
BDNF,VPS72,-0.218586317974934
BDNF,IFT57,0.2185
BDNF,BRD3,-0.217982753998438
BDNF,PCK2,-0.217633457432269
BDNF,AGPAT2,0.217030140929454
BDNF,PLXNA1,-0.217004153218566
BDNF,DECR2,-0.216856362966598
BDNF,TRAM2,0.216743542531911
BDNF,CD2BP2,0.216502266298154
BDNF,KSR1,-0.216265479287437
BDNF,SS18,0.216092092836752
BDNF,MRPL20,0.215692137762403
BDNF,SGF29,-0.215676577159397
BDNF,LNPEP,-0.215641379345368
BDNF,TTC31,-0.215596859827595
BDNF,COQ10B,0.215161474348077
BDNF,SFPQ,0.214493816310389
BDNF,RPAP2,-0.214244468335699
BDNF,NUDT15,0.214157298850318
BDNF,MOAP1,0.214024473298919
BDNF,PCSK5,-0.213840908064405
BDNF,TPMT,0.213552182962004
BDNF,PNN,0.213
BDNF,ABCC10,-0.212729934
BDNF,PBX3,-0.212648017968786
BDNF,XPO6,0.212626372272708
BDNF,PIAS2,0.2126151885056
BDNF,AK1,-0.212
BDNF,RNFT1,0.211734283360243
BDNF,EYA3,-0.211450746153821
BDNF,PRMT3,0.211281844537975
BDNF,AKAP13,-0.211108704165445
BDNF,EEA1,0.211094830002062
BDNF,SHMT2,0.21108818
BDNF,CNIH4,0.211039048836893
BDNF,SERPINI1,-0.21091585032689
BDNF,ZKSCAN1,-0.21025
BDNF,VPS13B,-0.209838282265929
BDNF,PUS7L,-0.2095
BDNF,PTS,0.209224704
BDNF,SLC38A6,-0.20892644
BDNF,VEZF1,-0.208494098933603
BDNF,THAP3,-0.208234358339789
BDNF,TIMM10B,0.207876662110613
BDNF,DNAJC2,0.207814772549365
BDNF,TSR3,-0.20770359
BDNF,STRAP,0.207575796
BDNF,TIA1,-0.207106880257283
BDNF,MOSPD2,0.206948283
BDNF,EMC8,0.206864700262936
BDNF,CRMP1,-0.206640317754243
BDNF,SRSF3,0.206247482549821
BDNF,KLF13,0.206034905420751
BDNF,KIF16B,-0.205632094788872
BDNF,UBA52,-0.205122296969366
BDNF,TPP2,0.204758754832823
BDNF,APOLD1,-0.204617719608472
BDNF,KRAS,0.204422448459883
BDNF,MPP5,-0.204321472266137
BDNF,KBTBD4,-0.203967827524194
BDNF,FASTKD2,0.203790329979113
BDNF,TRIM32,-0.203745776748266
BDNF,KPNB1,0.203647136
BDNF,RECQL,0.203382128549907
BDNF,SRSF5,0.203116619484148
BDNF,EMD,0.202817702233021
BDNF,EHD4,0.20273389556598
BDNF,PAK1IP1,0.202706495150532
BDNF,STK16,-0.202376514196003
BDNF,FBXW7,0.202296306290751
BDNF,RPS28,-0.202270740819983
BDNF,CENPN,0.20215225
BDNF,VAPA,0.202059677177894
BDNF,YPEL5,0.201842584410882
BDNF,LIAS,-0.201684093919777
BDNF,EIF3F,-0.201464612933702
BDNF,NOLC1,0.201393229608441
BDNF,EIF6,0.201318356069281
BDNF,DONSON,0.201070907039591
BDNF,RPL11,-0.200595951713635
BDNF,SAR1B,0.199995036
BDNF,GPR68,-0.199564491882186
BDNF,SIAH2,0.199409431255397
BDNF,NFS1,-0.199280534714727
BDNF,PVR,0.19925905491792
BDNF,NOTCH3,-0.19916820152373
BDNF,FAM53B,-0.199111585
BDNF,SERINC3,0.19903622002912
BDNF,CBFA2T2,-0.19889433596105
BDNF,CELSR2,-0.19880438
BDNF,KCTD9,0.19854567938208
BDNF,ARID5B,0.19854567938208
BDNF,MAP1B,-0.198284453306051
BDNF,NUP54,0.198271516749998
BDNF,RPS9,-0.19813252
BDNF,SH3BGRL3,0.198058223981765
BDNF,LSM2,-0.198
BDNF,TRMT11,0.197783885390279
BDNF,PDZD8,0.197565670825495
BDNF,PFKFB3,0.1975
BDNF,FBXL18,-0.197358231565425
BDNF,TBC1D31,-0.197210545648434
BDNF,EIF2B4,0.197146168115012
BDNF,SPDL1,0.196527708488174
BDNF,SLC50A1,-0.196496193630333
BDNF,BDH2,-0.196397212803504
BDNF,CSGALNACT2,0.195621883586632
BDNF,EIF4G1,0.19525
BDNF,OSBPL8,-0.19525
BDNF,PTCD3,0.195152329612197
BDNF,HSDL2,-0.194286174076286
BDNF,DPH5,-0.194277442556701
BDNF,RAB5A,0.194230193822955
BDNF,TBC1D8,-0.194124804349693
BDNF,SCML1,0.194110438733435
BDNF,PLEKHF2,0.194016899073565
BDNF,TRAPPC9,0.193973078135171
BDNF,SRRT,0.193788182420234
BDNF,RPL22,-0.193706344279066
BDNF,FAM98A,0.193674493256454
BDNF,SMS,0.19365233722155
BDNF,QKI,0.193609983813314
BDNF,CNBP,0.193567396960591
BDNF,MKLN1,0.193313662973697
BDNF,EGR3,0.19325
BDNF,TRAM1,0.193132486760908
BDNF,CCDC22,-0.193
BDNF,EIF2S1,0.192887241537259
BDNF,IGF1R,-0.192645077942396
BDNF,CHN1,-0.19255924155737
BDNF,HPS5,-0.192551850706137
BDNF,PSME4,0.1925
IFNG,IRF1,3.64509631452006
IFNG,GBP2,3.11381191566468
IFNG,IFIT3,2.79965702848135
IFNG,STAT1,2.55010741198864
IFNG,IFIT2,2.36998078783806
IFNG,LAP3,1.8828366635
IFNG,TAP2,1.53325091275
IFNG,PSMB8,1.43919884334382
IFNG,STAT2,1.43752980114724
IFNG,PSMB10,1.36453681872775
IFNG,VAMP5,1.34706473628305
IFNG,NMI,1.33098155056715
IFNG,PLSCR1,1.30140541783778
IFNG,IFIT5,1.27937117666175
IFNG,C1S,1.22896635728194
IFNG,DDX58,1.211661084
IFNG,RNF19B,1.202163942
IFNG,TRAFD1,1.17140377315159
IFNG,IRF9,1.08939835
IFNG,PARP12,1.08503791332488
IFNG,ERAP2,1.05544113467137
IFNG,MSRB1,1.02010975769242
IFNG,RIPK2,0.943413664812449
IFNG,IRF7,0.942798360107201
IFNG,LGALS3BP,0.890950252592709
IFNG,BTN3A2,0.877918721487628
IFNG,PML,0.843465832
IFNG,IFITM3,0.817796668779253
IFNG,IFI6,0.800125610849069
IFNG,BTN3A1,0.794045942807201
IFNG,SLC25A28,0.787518669
IFNG,TAPBPL,0.777428024500002
IFNG,HLA-F,0.751145559944401
IFNG,CASP4,0.737432215620343
IFNG,CASP7,0.733853079236953
IFNG,C1R,0.73299902336339
IFNG,DRAM1,0.728797793180752
IFNG,RBCK1,0.726227255002365
IFNG,ZC3HAV1,0.684905468677527
IFNG,ADAR,0.682370421062589
IFNG,KLF4,0.679447729024998
IFNG,TNFAIP2,0.676345431292497
IFNG,SOCS3,0.633794077276477
IFNG,EIF2AK2,0.631712497046497
IFNG,ZFP36,0.608031918297406
IFNG,NAMPT,0.608003620597365
IFNG,MUC1,0.59660180366727
IFNG,VPS9D1,0.592380144562095
IFNG,CALCOCO2,0.587645553069223
IFNG,DYNLT1,0.578391239312099
IFNG,PPA1,0.576205875013667
IFNG,CD47,0.568786859152385
IFNG,BAK1,0.555460191926305
IFNG,B4GALT5,0.546603983423586
IFNG,RNF114,0.54533073090859
IFNG,CTSO,0.54027186175
IFNG,IRF2,0.536953314250313
IFNG,TDRD7,0.531426784497999
IFNG,OGFR,0.517483985808975
IFNG,PSMA4,0.515842052077403
IFNG,TRIM26,0.509300051254169
IFNG,MYD88,0.5081356269329
IFNG,GADD45B,0.507661872256892
IFNG,TAPBP,0.498162084857599
IFNG,MCL1,0.49794712875
IFNG,ZNF267,0.495672942331614
IFNG,MT2A,0.487488960715337
IFNG,SAT1,0.481009860357792
IFNG,MVP,0.475977000000002
IFNG,IL18BP,0.47380986301964
IFNG,PDP1,0.472602622
IFNG,BAZ1A,0.464655732135628
IFNG,DUSP5,0.4644531265593
IFNG,VCPIP1,0.456023650928766
IFNG,CNDP2,0.454388712313013
IFNG,PANX1,0.449978966611364
IFNG,B2M,0.446107299866374
IFNG,LY6E,0.439222571438514
IFNG,RALB,0.438629012428734
IFNG,SCYL3,0.43428178121349
IFNG,PROCR,0.432853067689411
IFNG,DNAJA1,0.427532885243441
IFNG,NUCB1,0.421225287586202
IFNG,PIM1,0.412004245097815
IFNG,MTHFD2,0.411782368294893
IFNG,NT5DC2,-0.409203872446019
IFNG,RFX5,0.39729
IFNG,FAM111A,0.392585671970448
IFNG,C21orf91,0.39129735125
IFNG,DDX23,0.39033551906695
IFNG,SUSD6,0.384447437233585
IFNG,SAMHD1,0.382300371447747
IFNG,RALA,0.379740209846519
IFNG,ARNTL2,0.378223096721247
IFNG,LONRF1,0.370211322399951
IFNG,STOM,0.367416937023241
IFNG,GOLM1,0.366459902101142
IFNG,AKR1C3,-0.358669008323389
IFNG,PSMA2,0.354283765726105
IFNG,HEG1,0.352693605264139
IFNG,SCML1,0.350412993500001
IFNG,TOP1,0.350309896257185
IFNG,ATP2B4,-0.349744436
IFNG,C1RL,0.34907447075476
IFNG,DEXI,-0.346308400307845
IFNG,PSMA3,0.337098361917027
IFNG,STX17,0.336403499110335
IFNG,SLC12A7,0.330779065873158
IFNG,RNF115,0.328949267623714
IFNG,EDEM2,0.328818687454345
IFNG,UBE4B,-0.32833224561113
IFNG,HILPDA,-0.326176189269618
IFNG,CSRNP2,0.326162925069585
IFNG,CDKN1A,0.323295813882961
IFNG,SMCHD1,0.311076833321327
IFNG,LYN,0.3097967493358
IFNG,GTF2B,0.308479601038751
IFNG,RELA,0.303831012498961
IFNG,RNF24,0.302710235054322
IFNG,NAPA,0.30155617576587
IFNG,GUK1,0.3002983768602
IFNG,RIPK1,0.298549054463556
IFNG,WDR25,0.29771864903976
IFNG,PUS3,0.294190625
IFNG,FAM216A,-0.2911432975
IFNG,IFNAR2,0.290879564855731
IFNG,DENND5A,0.29070070634312
IFNG,RCN1,0.290678002499999
IFNG,SERPINB1,0.290226460604016
IFNG,GCLM,0.289944734342584
IFNG,TRIM5,0.289572990383967
IFNG,CIR1,0.286184354480271
IFNG,PCYOX1,-0.2829748825625
IFNG,CLN8,-0.280122992063934
IFNG,ELF4,0.279691843698274
IFNG,FSCN1,-0.279256010131669
IFNG,PTGS2,0.279032542627781
IFNG,APPL2,-0.278733516021632
IFNG,MAPKAPK5-AS1,-0.278323900703095
IFNG,GTPBP1,0.277902824052641
IFNG,CXCR4,-0.277900000000001
IFNG,KDSR,0.27693551253919
IFNG,OPN3,-0.275587864049946
IFNG,ZNF672,0.27534904251826
IFNG,TRIM14,0.274421394618926
IFNG,TNFAIP3,0.272900702
IFNG,BAZ2A,0.271501424362933
IFNG,MAFF,0.27139516125
IFNG,MAX,0.271299999999999
IFNG,KLF6,0.267820238282687
IFNG,UBL3,-0.267312924096022
IFNG,PALLD,-0.267283878835152
IFNG,SOX4,-0.266954729398309
IFNG,SWAP70,-0.264859
IFNG,HMGCR,-0.26296236797057
IFNG,GLRX,0.262922062778254
IFNG,TMEM168,-0.261515440668155
IFNG,SNTB2,0.26141315907807
IFNG,POMP,0.260717577037954
IFNG,CSF1,0.259933594250001
IFNG,N4BP2L1,0.25839102388732
IFNG,KDM7A,0.25757336475
IFNG,ARID5B,0.256339753259785
IFNG,OAT,-0.25632621875
IFNG,TMEM62,0.255900924468447
IFNG,TMCO3,-0.253308016733824
IFNG,OTUD4,0.251095175426005
IFNG,BTN2A2,0.250090237323921
IFNG,CD9,-0.249303756521215
IFNG,RGS2,-0.24657221756328
IFNG,CD2AP,0.244112208059407
IFNG,POLR3D,0.243804586000001
IFNG,MORC3,0.243718621209545
IFNG,LIPT1,0.242874360370561
IFNG,DPYD,0.241469833658311
IFNG,ADORA2B,-0.241008099503795
IFNG,BCAR3,0.240988324212987
IFNG,DDIT4,-0.240806637445277
IFNG,STK3,0.239785799939777
IFNG,ARHGDIB,-0.2396399585
IFNG,DCP1A,0.239582116103041
IFNG,ACP2,0.239480750575562
IFNG,ERMP1,-0.238751562146865
IFNG,SEPHS2,0.237394517006195
IFNG,TBC1D8,-0.236867709625001
IFNG,IMPA2,-0.235215428367325
IFNG,NUBP1,0.23389970125
IFNG,KLHL24,-0.233659695484125
IFNG,TNFRSF10D,-0.23362495
IFNG,SLC50A1,0.23299913949747
IFNG,SOS1,0.230252155363079
IFNG,CMAHP,0.228855306074802
IFNG,AKR7A2,-0.228501129835123
IFNG,JUNB,0.228298738796385
IFNG,ZNF395,-0.22814798
IFNG,ITGB5,-0.228123044628298
IFNG,GALNT11,-0.227082791174929
IFNG,JADE1,-0.226974921202974
IFNG,EIF4B,-0.226520958752264
IFNG,VAT1,-0.22574407641671
IFNG,NQO1,-0.225656558149688
IFNG,GRAMD4,-0.224715138881368
IFNG,RPS6KC1,0.224587071875
IFNG,FYN,-0.224565261636597
IFNG,LMTK2,0.222339433918554
IFNG,PRDM1,0.22232657125
IFNG,IL6ST,0.221903499619255
IFNG,SLC29A1,-0.221147527335646
IFNG,SLC7A11,-0.220950198704796
IFNG,DCBLD2,-0.220852328770608
IFNG,CBX1,-0.220752995922869
IFNG,ADI1,-0.22012769625
IFNG,TRIB2,0.21977348074266
IFNG,PON2,-0.219566911
IFNG,NISCH,-0.218615353508768
IFNG,CEP68,-0.2185
IFNG,VPS54,0.2184400415
IFNG,ETHE1,0.21768892536375
IFNG,HADH,-0.217681236738148
IFNG,NDST2,0.217657298407621
IFNG,DSTN,-0.21725
IFNG,ASB13,-0.216764752312501
IFNG,FAH,-0.215581503501012
IFNG,C12orf4,0.215044001904824
IFNG,EPAS1,-0.214512198125
IFNG,CHMP5,0.213813851563048
IFNG,NDUFA9,0.21367732244555
IFNG,SLC4A7,-0.2135729465
IFNG,ATP6V1B2,0.213089830163399
IFNG,DENND4A,0.212789212593678
IFNG,MMD,-0.211245525858773
IFNG,PGM1,-0.210948348525927
IFNG,TMSB10,0.210895647355128
IFNG,BLVRA,0.210789146958767
IFNG,DDX46,-0.210597679324392
IFNG,GNA13,0.210392181649687
IFNG,DECR1,0.210292362828625
IFNG,RBM4B,-0.21025879770449
IFNG,CASP8,0.209404930564923
IFNG,SAC3D1,-0.20934332225
IFNG,ITPKB,-0.209273360240399
IFNG,ITGAV,-0.209239798558123
IFNG,CTNNAL1,-0.208830425622986
IFNG,IER3,-0.2087
IFNG,STAT5A,0.207882224
IFNG,GGA2,-0.20769643390111
IFNG,ATP2B1,-0.206894421714329
IFNG,CEP162,0.2066785
IFNG,GBE1,-0.206066311823464
IFNG,TOB1,-0.205871134469047
IFNG,TBC1D4,-0.205269076253125
IFNG,NSMCE4A,0.204738228993146
IFNG,MLLT11,-0.204582744437002
IFNG,SNRNP25,-0.204567835250002
IFNG,NMT2,-0.203538895563341
IFNG,TPCN1,-0.203044561646217
IFNG,TICAM1,0.202975084124661
IFNG,RPL15,-0.202026101209919
IFNG,ARF3,0.201964293469558
IFNG,ITGAE,-0.201952011489849
IFNG,SQLE,-0.201609750000001
IFNG,ASB1,-0.201605399857076
IFNG,RITA1,-0.20062017318461
IFNG,AIDA,0.200416061142197
IFNG,HNRNPF,0.200415297499999
IFNG,TIA1,0.200293699141599
IFNG,GSTM3,-0.19968686376789
IFNG,MOSPD1,-0.1995730395
IFNG,ALDH9A1,-0.198962380459665
IFNG,FBXO7,0.198936633089949
IFNG,THEMIS2,0.198206157377312
IFNG,RMDN3,0.197756999750001
IFNG,PHF10,-0.197725
IFNG,GADD45A,-0.1975
IFNG,CTDSPL,-0.197425631024085
IFNG,BCKDHB,-0.197388311118029
IFNG,AGPAT3,0.196401441090037
IFNG,APOBEC3C,0.196296976665699
IFNG,ABHD6,-0.1957429475
IFNG,ABCD3,-0.195277707122254
IFNG,TCFL5,-0.194926672328244
IFNG,SLC16A5,-0.194817513326241
IFNG,HNRNPA0,-0.194758161849012
IFNG,PTPN2,0.194655409765828
IFNG,CYB5R1,-0.194223875490579
IFNG,TMUB2,0.194093287440595
IFNG,GALNT1,-0.193404792866721
IFNG,PKD2,-0.193362808798241
IFNG,IMPDH2,-0.192788010000001
IFNG,MOAP1,-0.192707864008232
IFNG,KIAA0232,-0.192435017
IFNG,RAB40B,-0.191509347874264
IFNG,ID3,-0.190703648
IFNG,ENOSF1,-0.190508679474021
IFNG,BZW2,-0.190477778625726
IFNG,COQ10B,0.190065965500001
IFNG,GRINA,0.189928372346593
IFNG,LINS1,0.18943920074351
IFNG,EVI5,-0.189303713311821
IFNG,N4BP1,0.189151220999999
IFNG,MAGEH1,-0.189139402722845
IFNG,WWP1,-0.1888945305
IFNG,MCM6,-0.188395
IFNG,RRS1,-0.188218356319947
IFNG,TMEM106C,-0.18820769654071
IFNG,METTL7A,-0.188073047942237
IFNG,MRPL34,-0.187698566192794
IFNG,PLTP,-0.186992470597749
IFNG,SETD6,-0.186855318494954
IFNG,PIK3CB,-0.186458567347783
IFNG,BLMH,-0.186053825196098
IFNG,TCEAL4,-0.185678387499999
IFNG,HACD3,-0.185088637907378
IFNG,ANKRD28,-0.18470544924204
IFNG,SF3A3,-0.184582786262061
IFNG,TANK,0.1841943278125
IFNG,POLR1C,-0.1838177785
IFNG,ZNF589,-0.183675
IFNG,ARHGAP17,0.183476315378117
IFNG,ABHD4,-0.183374121582349
IFNG,RERE,0.182685078558542
IFNG,CCDC88A,-0.182477309213441
IFNG,ODC1,-0.181718306521804
IFNG,RASSF2,-0.181600000000001
IFNG,IVNS1ABP,-0.181224122060952
IFNG,CYP27A1,-0.180678057739188
IFNG,THYN1,-0.180355422499999
IFNG,SUN2,-0.180335849233677
IFNG,ZHX3,-0.180192455
IFNG,STX12,0.180180678027674
IFNG,ANKFY1,0.179900091347769
IFNG,ZNF200,0.179877135991712
IFNG,ACTR6,0.179667517
IFNG,SCARB2,0.179448571880714
IFNG,TKT,-0.179240910000001
IFNG,MTMR2,-0.178929061374352
IFNG,TRAK1,-0.178928948767922
IFNG,TTLL12,-0.178911324207016
IFNG,CHKA,-0.178477531708111
IFNG,MYCBP2,0.178311673502612
IFNG,PAPSS2,-0.178228201724943
IFNG,SCPEP1,0.178157215578038
IFNG,JARID2,-0.177280832079998
IFNG,RBM7,0.176711736807944
IFNG,EZH2,0.176531455087783
IFNG,RAB27A,0.176407421320268
IFNG,CALU,-0.175931321160776
IFNG,HBEGF,-0.175733000000001
IFNG,CHPT1,-0.175728747311134
IFNG,NAE1,-0.175653493764425
IFNG,TBK1,0.175628147250064
IFNG,SETX,0.175598377374999
IFNG,NPC1,0.175563130086949
IFNG,KLHDC3,-0.175264097399417
IFNG,MAP3K4,-0.175254986466152
IFNG,GOLIM4,-0.175135918475757
IFNG,MCCC1,-0.175
IFNG,FAM168B,-0.174984415080232
IFNG,IGF2R,0.174832936709903
IFNG,COQ3,-0.174395705487538
IFNG,TMX1,0.174372437941413
IFNG,PRRC1,-0.174100677413506
IFNG,PBX3,-0.173751753577476
IFNG,GEMIN4,-0.173741250319692
IFNG,RSAD1,-0.173310011924109
IFNG,DNAAF2,-0.1728514295625
IFNG,HDAC4,0.1723548165
IFNG,CTSL,0.172348087106609
IFNG,OSBPL8,-0.172201379125
IFNG,STK39,-0.172134422500001
IFNG,POMT1,-0.171781249999999
IFNG,TMEM126B,0.171694573796889
IFNG,EBP,-0.171504556187176
IFNG,BACH1,0.171343108443714
IFNG,GPSM2,-0.17134239461329
IFNG,SMS,-0.17129927614885
IFNG,ABHD10,-0.171155297952758
IFNG,HK1,0.171092711668829
IFNG,DNAJC1,0.170976834499999
IFNG,CUL2,0.170869309527231
IFNG,STOML1,0.170386325547403
IFNG,RAB8B,0.170375784179174
IFNG,CASP6,-0.17
IFNG,PTPN11,-0.169993887783586
IFNG,TNFAIP8,0.169593330114215
IFNG,TMEM208,0.16875727555484
IFNG,SGSM2,-0.1686682
IFNG,TSPAN13,-0.168397531695719
IFNG,USP6NL,0.168255787250001
IFNG,TMEM14B,-0.168235465285547
IFNG,DYRK4,0.168098397262108
IFNG,ANP32A,-0.167511137087959
IFNG,LMF2,0.167047360930273
IFNG,DEF8,-0.16696977625
IFNG,CDC42EP4,0.16672024403359
IFNG,C12orf29,-0.166093409
IFNG,KANK2,-0.165905100595903
IFNG,DHCR24,-0.165722968652227
IFNG,GPR137B,-0.165630968860175
IFNG,RB1,0.16550514725
IFNG,CHST7,-0.165465206473521
IFNG,YLPM1,-0.1653
IFNG,GADD45G,0.16529335225
IFNG,XYLT1,-0.165225308499999
IFNG,WDR6,-0.1648821821875
IFNG,MGAT4B,-0.16482834325027
IFNG,CREB3L2,-0.164817279999999
IFNG,RPA1,-0.164287436717915
IFNG,ALCAM,-0.163894935778551
IFNG,GPAA1,-0.163796956451013
IFNG,BCS1L,-0.163782092500001
IFNG,SAMM50,-0.16357472041047
IFNG,FDFT1,-0.163396157433402
IFNG,ALDH1B1,-0.163390147070141
IFNG,MMS19,-0.163288115000422
IFNG,PXMP2,-0.163163238999999
IFNG,APPL1,-0.162826675738465
IFNG,ZNF428,-0.162821418808186
IFNG,KDM6A,0.162726245304074
IFNG,SEPHS1,-0.16270776499001
IFNG,NDRG3,-0.162422762999999
IFNG,HMGB3,-0.162383702570455
IFNG,SZRD1,0.162366143968648
IFNG,MRAS,0.162022990008524
IFNG,FOXO1,-0.16140710225
IFNG,PARP8,0.16111445891432
IFNG,MTSS1,-0.161007014646978
IFNG,RBBP7,-0.1609460044588
IFNG,BTBD7,-0.16094218826761
IFNG,NUSAP1,-0.160764123801412
IFNG,ALDH3A2,-0.16063925587685
IFNG,NFE2L2,0.160574537273902
IFNG,CTDSP2,0.160548618880734
IFNG,XPO6,0.160119371191252
IFNG,CD58,-0.1599259845625
IFNG,ZNF248,-0.159725407009612
IFNG,PSMB2,0.159706523897074
IFNG,SRSF8,-0.159589763000001
IFNG,GLT8D1,-0.159491169552684
IFNG,HSDL2,-0.159367514167602
IFNG,FRMD4A,-0.15928237748181
IFNG,ERLIN1,0.159070797611346
IFNG,RGL2,-0.159068800249442
IFNG,NECAP2,0.158801950886085
IFNG,MYH10,-0.158613208604038
IFNG,ATRN,-0.158606787924091
IFNG,DYNC1H1,0.15844066667179
IFNG,ACTL6A,-0.158325384600429
IFNG,GSTA4,-0.158187193571562
IFNG,SRSF6,-0.158027942464019
IFNG,TRAM2,-0.15798140998875
IFNG,MAP4K4,-0.157969750000002
IFNG,DHTKD1,0.157923676875002
IFNG,CDC20,-0.157857117148343
IFNG,SASH1,0.157648814975835
IFNG,PVR,0.157534886703535
IFNG,FH,-0.157395163818419
IFNG,WSB2,-0.157323301467908
IFNG,MCOLN1,-0.157208134037268
IFNG,SMYD3,-0.156862368251465
IFNG,CD99,-0.156784599848525
IFNG,ZNF529,-0.156724737663012
IFNG,PHLPP1,-0.15623226151132
IFNG,CYBRD1,-0.1560889724375
IFNG,PREPL,-0.155999999999999
IFNG,NFKB1,0.155965583248846
IFNG,GGCX,0.15593335422675
IFNG,BAZ2B,-0.155789622208675
IFNG,DNAJA2,0.155763792006723
IFNG,PNN,-0.155480262354423
IFNG,ITSN1,-0.155420137613499
IFNG,PCMTD2,-0.155362662056913
IFNG,EXOC2,0.155339315182716
IFNG,C1GALT1,0.155331938054461
IFNG,MLEC,-0.15520210702245
IFNG,HACD1,-0.155149648761914
IFNG,GPX4,-0.155110005437499
IFNG,TRAK2,-0.155084744520146
IFNG,NNT,-0.155041654770227
IFNG,PLAGL2,0.154978803141966
IFNG,ATP6V0E2,-0.154755861609947
IFNG,MPHOSPH9,-0.154316661948758
IFNG,TPST2,-0.154312911236646
IFNG,FJX1,-0.154286864243304
IFNG,GID8,-0.154159712662442
IFNG,GLRX5,-0.154153462499052
IFNG,APMAP,-0.153657240269165
IFNG,TRIM32,-0.15357638040459
IFNG,NLRX1,-0.153409914659296
IFNG,SPDL1,-0.153261357584965
IFNG,PRKAA1,-0.153140729623337
IFNG,FOSL1,0.153109822157834
IFNG,CSE1L,-0.152874367173248
IFNG,ANAPC15,-0.15283493891675
IFNG,MAT2B,0.152423089000001
IFNG,BLZF1,0.15235562579225
IFNG,PSD3,-0.152196212273121
IFNG,ADAM9,-0.152084594103207
IFNG,KLF10,0.151993671031388
IFNG,RBMS1,0.151655476482267
BMP6,ID3,3.33723619585396
BMP6,SMAD9,2.0101629898354
BMP6,PPL,-1.49940226081722
BMP6,B3GALT2,-1.39519453621191
BMP6,EGR2,-1.22605418711033
BMP6,CEMIP,-1.19724455086872
BMP6,EFNB2,-1.17547046055664
BMP6,KCTD12,1.05345152837735
BMP6,PIM1,-0.988076435133971
BMP6,PHLDA1,-0.98667145
BMP6,MICAL2,-0.98476603090781
BMP6,IVNS1ABP,0.960337977345697
BMP6,LIN7B,0.926953057279768
BMP6,LANCL2,-0.917201297061334
BMP6,ANGPTL2,0.89374246694108
BMP6,IRF1,-0.88798775017187
BMP6,CRLF1,0.878768186268346
BMP6,TSPAN5,-0.87860375488502
BMP6,IMPA2,-0.875277217510615
BMP6,FRMD4A,-0.874991374694591
BMP6,IER3,-0.853271582177403
BMP6,PARP12,-0.838464743325484
BMP6,ARL4C,-0.836659986751126
BMP6,TNC,0.82621273044862
BMP6,ATP2B1,-0.824019750571519
BMP6,UGCG,-0.815803030166501
BMP6,SPCS3,-0.799565566316749
BMP6,C21orf91,-0.787246464536903
BMP6,ATP8B1,-0.768505734683473
BMP6,HHAT,-0.742738889801135
BMP6,ETS1,-0.726270334687472
BMP6,SDC4,-0.70999918793215
BMP6,MAP3K7CL,-0.705333435903189
BMP6,CEBPD,-0.704407611233746
BMP6,VEGFA,-0.702245669492704
BMP6,TPST1,0.693072555187701
BMP6,ZEB1,-0.680982932579292
BMP6,PKIA,-0.674407365983396
BMP6,RGS2,-0.670207479362549
BMP6,CBFB,0.6541240265
BMP6,CKB,0.650893145000001
BMP6,TLN2,0.64732227313523
BMP6,MFSD6,-0.64605981049799
BMP6,SIAH1,0.637802221129252
BMP6,PANX1,-0.637027049642406
BMP6,GOLIM4,0.619443373592164
BMP6,KHDRBS3,-0.616493785476671
BMP6,MANSC1,-0.614990194622834
BMP6,OGFRL1,-0.604492017180649
BMP6,PLXNA2,0.600061158114451
BMP6,FJX1,-0.593836666377042
BMP6,ANKRD28,-0.593129142999429
BMP6,SOX4,0.590715996393708
BMP6,HEG1,-0.588311153543584
BMP6,MOCOS,-0.585010147377519
BMP6,ARL4A,0.581892730541897
BMP6,PALLD,0.576198795967571
BMP6,OGT,-0.570972748973155
BMP6,AHNAK2,-0.567213894931706
BMP6,RASSF2,-0.566697025299111
BMP6,SLC19A2,-0.566440749828479
BMP6,S100A10,-0.565983550957805
BMP6,SLC9A7,-0.563775308270023
BMP6,DUSP5,-0.554497397422278
BMP6,F2R,0.551960517232576
BMP6,TPST2,-0.5513752667154
BMP6,CMAHP,-0.550877142125
BMP6,ADO,-0.536726058782314
BMP6,DYRK2,-0.536452310037625
BMP6,NABP1,-0.534022228920069
BMP6,TIAM1,-0.533361536912933
BMP6,RXRA,0.531391414110306
BMP6,GPD1L,0.528731775846154
BMP6,IL13RA1,0.528534169
BMP6,PLPP1,0.528248807741097
BMP6,SMYD3,-0.52649057625
BMP6,BMPR1A,0.525971267251666
BMP6,GBP2,-0.525240249954443
BMP6,GADD45B,0.518613534471646
BMP6,ZFP36L2,-0.517951765797335
BMP6,RAB27A,-0.515918952268345
BMP6,GSE1,0.513687269605891
BMP6,ATP10D,-0.513301232608299
BMP6,CRIP1,0.509451685833925
BMP6,MT1X,-0.506508619976639
BMP6,GPSM2,-0.506114815346505
BMP6,FZD7,0.504837515477874
BMP6,MT2A,-0.502600899617551
BMP6,CITED2,-0.498762966827902
BMP6,NRBF2,-0.497751228347305
BMP6,BID,-0.493423314715662
BMP6,HMGN3,0.491769372132049
BMP6,NOP16,-0.489424402601144
BMP6,ISOC1,-0.484407317005887
BMP6,ACTA2,0.480115615544625
BMP6,PRMT3,-0.478113461000001
BMP6,SASH1,0.473655616619571
BMP6,SMARCD3,0.472924492993243
BMP6,DPF3,-0.472839815972257
BMP6,TOX,0.472608335
BMP6,WEE1,-0.470151915207142
BMP6,RAB3B,-0.468768002914294
BMP6,MFGE8,0.467134134731751
BMP6,AHNAK,-0.46348986995765
BMP6,ADA,-0.460934301358414
BMP6,SSR3,-0.459980684132976
BMP6,PTGER4,0.459974786689127
BMP6,ATP6V0E2,-0.454850611363519
BMP6,DIAPH2,-0.453964981197142
BMP6,NCOA3,-0.453773897323059
BMP6,MPC2,0.453768406631648
BMP6,IRS2,-0.45214578978274
BMP6,IL1R1,0.452132443547423
BMP6,GCLM,-0.450869179950431
BMP6,ALDH1B1,-0.449618257586225
BMP6,SLC9A1,-0.448052725224116
BMP6,EGLN1,-0.44750535731797
BMP6,MRAS,0.444475010348089
BMP6,MVP,-0.44406769977045
BMP6,PLP2,-0.443230326133149
BMP6,OXTR,-0.440871258000001
BMP6,HIP1,0.439130086916285
BMP6,SACS,-0.438671942073547
BMP6,MLLT11,0.437871592673851
BMP6,CBLB,0.436646089454001
BMP6,CRISPLD2,0.43587161275
BMP6,ARHGAP26,-0.435323209431859
BMP6,CYFIP2,-0.434819839016905
BMP6,SLC38A1,-0.434108787804789
BMP6,KPNA3,0.433041110486842
BMP6,SMTN,0.432492724040777
BMP6,LRBA,-0.431340849629926
BMP6,MN1,-0.430710058826385
BMP6,HABP4,0.429891146399083
BMP6,LRRC2,-0.429689407909907
BMP6,TRAM2,-0.427835571708393
BMP6,PML,-0.426340765740262
BMP6,CLCN5,-0.423096012333955
BMP6,TCF7L2,0.422418953375
BMP6,CCNA2,0.422217127914073
BMP6,PSEN2,-0.421987039412811
BMP6,SLC44A1,0.421140243897616
BMP6,ITGA3,-0.418959135
BMP6,NSMAF,-0.418073434
BMP6,UVRAG,-0.41701787114285
BMP6,ATP13A2,-0.4169739575
BMP6,THEMIS2,-0.415197911283833
BMP6,UPP1,-0.414613267266921
BMP6,ABCC1,0.410967188008755
BMP6,NFYB,-0.41077803193609
BMP6,EZH2,-0.410240873996384
BMP6,HCFC1R1,0.408243656136152
BMP6,PFKFB3,0.408028900620915
BMP6,RNF19B,-0.407984447706517
BMP6,RMND1,-0.407164928430781
BMP6,CRIP2,0.4051151460193
BMP6,CLIP4,-0.40488815275
BMP6,GLUL,-0.404733060922122
BMP6,TUFT1,-0.403392011122875
BMP6,CHEK2,-0.4025015825
BMP6,SLC2A1,-0.394970121528949
BMP6,DPP4,-0.391691367
BMP6,ZSCAN16,-0.391137442159755
BMP6,TPM1,0.390897684011449
BMP6,RPS6KA3,-0.39051952725
BMP6,IL1RAP,-0.389832715956584
BMP6,RAB8B,-0.387025703978274
BMP6,PDE8A,0.386934378315864
BMP6,UBIAD1,-0.3860923495
BMP6,PLEC,-0.385382929702205
BMP6,SCG5,-0.384450678429889
BMP6,SLC4A7,-0.383172388
BMP6,NAMPT,-0.382684030520311
BMP6,PIK3CB,-0.382416640831919
BMP6,RPGRIP1L,0.382002020099741
BMP6,BCOR,0.379953744219545
BMP6,MIPEP,-0.376655709080807
BMP6,ICE1,-0.376399916446566
BMP6,IER5,-0.375748859152615
BMP6,EGR3,-0.373695819055214
BMP6,PHKG1,0.372576586669021
BMP6,DHCR24,-0.37111572240115
BMP6,GYG1,-0.370869305653775
BMP6,BTN3A1,-0.368395177592319
BMP6,PHKA1,-0.367668961777068
BMP6,KLHL24,-0.366955680478624
BMP6,GPX7,0.366849898726789
BMP6,NIP7,-0.36679189790916
BMP6,ABCA1,-0.365396779948942
BMP6,HSPA5,-0.36521634403109
BMP6,MCFD2,-0.364746086
BMP6,ATP6V1B2,-0.36405421252975
BMP6,PYROXD1,0.362665139233015
BMP6,WBP1L,-0.361091101121897
BMP6,SLC29A3,0.360232918522694
BMP6,GAS6,-0.36018524248574
BMP6,MAP3K5,0.360160752584109
BMP6,ITGA2,-0.359608457782549
BMP6,FAM216A,-0.3583408393058
BMP6,AKIP1,-0.358023072046725
BMP6,PGGT1B,-0.357966437337538
BMP6,SQSTM1,-0.355209864691375
BMP6,MAFF,-0.354575542827619
BMP6,CGGBP1,0.353307524178065
BMP6,ANKH,0.35305749165806
BMP6,ADD3,-0.3527198392289
BMP6,AIMP2,-0.352387112659951
BMP6,ZNF711,0.35156519151465
BMP6,PPP2R3A,-0.351309219451137
BMP6,MT1F,-0.350822138026735
BMP6,CASP7,-0.350571817400258
BMP6,RAD23B,-0.350381886028751
BMP6,USP10,-0.349096616020736
BMP6,OTUD4,-0.347979424
BMP6,MAPK9,0.347528201165957
BMP6,EIF3J,-0.345671242530516
BMP6,GOT1,-0.345484504842736
BMP6,ZNF668,-0.345150558942384
BMP6,EFEMP2,0.344005805819405
BMP6,MBOAT2,0.343972903133221
BMP6,PTPN12,-0.343521092753244
BMP6,FIG4,-0.342523139708133
BMP6,RAD1,0.341664792
BMP6,PARP6,-0.340886827388095
BMP6,BMPR2,0.34050512
BMP6,TFB1M,-0.339595121871181
BMP6,ATP6V1C1,-0.339177971443295
BMP6,NFIB,-0.338445293567318
BMP6,QPRT,0.337588534512685
BMP6,RAPGEF2,0.337249716864601
BMP6,SERPINE2,-0.336603413685177
BMP6,SAMHD1,-0.336290895109998
BMP6,ARHGAP5,0.335787900288838
BMP6,SYT11,-0.334838955465395
BMP6,FBXL2,0.334694863699685
BMP6,SHTN1,-0.333424819999999
BMP6,UAP1,0.332044256897001
BMP6,HSPA9,-0.330960093057378
BMP6,ATF1,-0.330051370599868
BMP6,SEH1L,-0.3293061215
BMP6,TAP2,-0.3277905015
BMP6,LSS,-0.32772998195713
BMP6,ABHD4,-0.327455073068157
BMP6,FERMT2,0.3269509629874
BMP6,FAM171A1,0.326722072769751
BMP6,SOCS5,-0.325969013208249
BMP6,AGPAT3,-0.325954935805099
BMP6,NOP14,-0.324898648289208
BMP6,HACD2,0.324566407135897
BMP6,UNC13B,-0.323927328778366
BMP6,PSMB8,-0.323698302235751
BMP6,UBXN2B,-0.322532485324267
BMP6,ZDHHC17,-0.320613210859232
BMP6,NRIP3,-0.32041630348825
BMP6,MBNL2,0.319336428693505
BMP6,ALDH9A1,-0.3177833575
BMP6,NFKB1,-0.317767485877042
BMP6,SAV1,0.317525918813795
BMP6,ACSL1,-0.317300793
BMP6,SUPV3L1,-0.315484849000001
BMP6,ARG2,-0.315324755653244
BMP6,TMOD3,-0.31492233525
BMP6,NETO2,-0.314777944000001
BMP6,CDK2AP2,-0.314473847095659
BMP6,RRAS2,-0.312813937988651
BMP6,ZNF37A,-0.312786435554793
BMP6,SERPINF1,-0.311863949999999
BMP6,DENND4A,-0.311627631163002
BMP6,IDH2,0.311620618973422
BMP6,SMCHD1,-0.311570440782838
BMP6,PROSER1,-0.311382459050822
BMP6,SSBP3,0.309205402281576
BMP6,TEX2,-0.308779176246336
BMP6,STAM2,-0.308032787782201
BMP6,NOCT,-0.307909045130615
BMP6,MPZL1,0.307368311000001
BMP6,HMGA1,-0.306525149940951
BMP6,SLC12A6,-0.306340341558085
BMP6,THNSL1,0.305874415734846
BMP6,SEMA5A,-0.305347765765205
BMP6,EIF4EBP1,-0.305310174825101
BMP6,GLS,-0.305087862610726
BMP6,ENOSF1,-0.304277437538508
BMP6,SSX2IP,-0.304245135000001
BMP6,ECI2,-0.30394564817485
BMP6,RAB30,-0.302847490132594
BMP6,MRPS22,-0.301470451912298
BMP6,FYCO1,-0.301352256758792
BMP6,FBLN5,0.300705970012011
BMP6,POLR1C,-0.300518206392825
BMP6,PAPSS2,0.300499305732249
BMP6,COA7,-0.300285687936448
BMP6,CHST12,0.299551624116265
BMP6,MOSPD1,-0.299185276255457
BMP6,BACE1,0.29902654034947
BMP6,VEZF1,-0.29800228854903
BMP6,PHF3,-0.296294811911944
BMP6,ARHGEF17,0.296147533619768
BMP6,QPCT,-0.29589441283068
BMP6,TP53,-0.295319664149821
BMP6,METTL1,-0.295018639978219
BMP6,EIF6,-0.29467838678015
BMP6,EIF2B2,0.29424843366265
BMP6,PPP1CB,0.294129191045222
BMP6,AMMECR1,-0.293710576090598
BMP6,BCAR3,-0.293010280307021
BMP6,GALNT11,0.292572399237127
BMP6,POLD4,-0.292212575628312
BMP6,KCTD3,-0.292184756715638
BMP6,NFAT5,-0.291821964205854
BMP6,VAMP5,-0.291382888668657
BMP6,RNF138,-0.289325623728431
BMP6,ENTPD7,-0.289248736502966
BMP6,CKAP4,0.288541569440298
BMP6,ARMC9,-0.287883997375
BMP6,GBE1,-0.287609030498945
BMP6,CTTN,-0.2874916277145
BMP6,SSBP2,0.286594687432816
BMP6,SIGIRR,-0.286119008640178
BMP6,TNFAIP3,-0.285961908706325
BMP6,MTO1,-0.2850388735
BMP6,STAT1,-0.284800828200501
BMP6,GYS1,0.284202180209355
BMP6,TTC13,-0.28212862568391
BMP6,CCNJ,-0.28209697886296
BMP6,NOLC1,-0.281691931855949
BMP6,GOT2,-0.281650343598667
BMP6,PPFIBP1,-0.281419576722625
BMP6,ATP1B1,0.280816790768856
BMP6,ZFP36L1,-0.280679031942459
BMP6,ZNF202,-0.280560995937738
BMP6,TGFBR2,-0.279953142270003
BMP6,PEX13,-0.279892094868455
BMP6,NAT1,-0.278939116709054
BMP6,KIAA0355,0.27750990566164
BMP6,BRIX1,0.276168665161244
BMP6,RRS1,-0.27576318921701
BMP6,BCL7B,-0.275361024604131
BMP6,ARHGEF2,-0.275261507039847
BMP6,FNBP1,-0.275220591785539
BMP6,PLAT,-0.274089615570199
BMP6,BTBD7,0.273457450458039
BMP6,TM7SF3,-0.271820297727265
BMP6,SLC16A4,-0.271748576812252
BMP6,ETFDH,-0.270528793302908
BMP6,HSPH1,-0.269088347762288
BMP6,MEGF9,-0.268838779493734
BMP6,NME7,-0.268650530131298
BMP6,ADORA2B,-0.26789098972877
BMP6,ACYP1,0.267459629297697
BMP6,TMEM184C,-0.266938462171398
BMP6,DEK,-0.266780960373701
BMP6,GPX3,-0.26670669643736
BMP6,KPNA2,-0.266676515
BMP6,CDKN2B,0.266257785919262
BMP6,WTAP,-0.265862930687184
BMP6,SNX13,-0.265843493702771
BMP6,GOLPH3L,-0.26571879511342
BMP6,LRRC17,-0.265567121375191
BMP6,USP11,0.265491592829832
BMP6,TSPAN13,0.265391687500001
BMP6,ARMC7,0.264863544847389
BMP6,RAI14,0.264367184995841
BMP6,RORA,-0.264287566598505
BMP6,MCM4,0.264014053178549
BMP6,TOMM34,-0.26399657057342
BMP6,TTC30A,-0.263579470718206
BMP6,SLC39A14,-0.263513195
BMP6,CEBPZ,-0.26297747280085
BMP6,MYO1B,-0.262273719969599
BMP6,CD3EAP,-0.26214830361643
BMP6,WDR43,-0.261172295
BMP6,C11orf1,-0.261008144919218
BMP6,BRCC3,-0.260508103761108
BMP6,C11orf24,0.260297942297745
BMP6,TWF2,-0.259950165
BMP6,RCAN3,0.259895601664984
BMP6,SLC1A5,-0.2596528285
BMP6,PUS1,-0.2593452605
BMP6,ACAP2,-0.259052030921781
BMP6,AK1,0.258933009493441
BMP6,ERAP2,-0.258418655012914
BMP6,ECHDC2,-0.258220593106643
BMP6,ABHD2,-0.257745619282526
BMP6,SWAP70,-0.257684082673972
BMP6,PPIF,-0.257669474901741
BMP6,GRWD1,-0.256677988163389
BMP6,ERO1A,-0.255517905928743
BMP6,RPS6KC1,0.255237363005385
BMP6,EXOSC9,0.255222345178257
BMP6,PAK1,0.254744255237819
BMP6,MYLIP,0.254670645391916
BMP6,EPAS1,0.254443893270096
BMP6,DDIT3,-0.254108802999999
BMP6,ARMCX3,0.253914977690171
BMP6,FLOT2,-0.253590174999999
BMP6,MAP3K2,0.253534373883704
BMP6,TMEM50A,0.252649582599549
BMP6,TUBB2A,0.25219195
BMP6,MYH10,-0.252161150657663
BMP6,IL17RA,-0.250786294251022
BMP6,MAP1B,0.25054041442595
BMP6,HIC1,-0.250343015183196
BMP6,BCL2L1,-0.249649903267491
BMP6,GGCT,-0.249424967090301
BMP6,DRAM1,-0.249099912
BMP6,CBLL1,-0.248919434740118
BMP6,STX4,-0.248724231230291
BMP6,DSTN,0.248163085
BMP6,RALY,0.24812269
BMP6,TNFSF4,-0.247873468002165
BMP6,NDST2,-0.247759202770074
BMP6,TXNIP,-0.2470466132075
BMP6,FARSA,-0.246742066104034
BMP6,CDKN1A,0.246653037239351
BMP6,ARMCX2,0.246593472
BMP6,LONP1,-0.24651321548615
BMP6,MAT2A,-0.246249393663469
BMP6,FECH,-0.246220270995572
BMP6,CHD1L,-0.24603763505074
BMP6,HMG20B,0.245670450000002
BMP6,SNAP29,-0.245251201232135
BMP6,XPA,-0.244997645902194
BMP6,NUFIP1,-0.24442435603786
BMP6,NPM3,-0.243967964711006
BMP6,S100A13,0.243152724321121
BMP6,BLVRB,-0.2430051249746
BMP6,VWA5A,-0.242803799243832
BMP6,GPR137B,-0.242666962797721
BMP6,AVEN,-0.242214939301302
BMP6,MYEF2,-0.241218455558332
BMP6,SMS,-0.240910415945645
BMP6,LIG4,-0.240580635668684
BMP6,SPRED2,-0.23994355570261
BMP6,GUF1,-0.239679085991146
BMP6,ESYT1,-0.239567578294203
BMP6,EXOSC2,-0.239238849093399
BMP6,DGKA,-0.239200239726772
BMP6,HECTD3,-0.239020939712161
BMP6,CCDC25,-0.238464113686753
BMP6,RFC1,-0.23775556775
BMP6,TRIB3,-0.237650503682527
BMP6,GLRX,-0.237494016538896
BMP6,DCBLD2,-0.2374154685
BMP6,IRF2,-0.23696851075
BMP6,PRPF19,-0.236301308371912
BMP6,TGFBR1,-0.2354569475
BMP6,FEZ2,0.235343861811005
BMP6,WASF1,-0.234722087498525
BMP6,ARID5B,-0.23437264282053
BMP6,SPDL1,-0.234354874171451
BMP6,DAXX,-0.23389425541464
BMP6,SRSF8,-0.233801958712352
BMP6,ADAM10,-0.233799835053198
BMP6,LRRC8D,-0.233777203611909
BMP6,ZNF281,-0.233564376
BMP6,FNBP1L,0.233431719243429
BMP6,AGTPBP1,-0.233297847680475
BMP6,DEPTOR,-0.232764311511705
BMP6,TFAM,-0.232710669278143
BMP6,ELOVL6,-0.2324162857298
BMP6,DST,-0.232397774000997
BMP6,RCHY1,-0.232385763249068
BMP6,USP3,-0.232169169955682
BMP6,DPH2,-0.2314637095
BMP6,LPXN,-0.230926907134656
BMP6,MRGBP,-0.230268860000001
BMP6,PLSCR1,-0.230118405619763
BMP6,IRF7,-0.230077127824905
BMP6,WDR45,-0.229464479135453
BMP6,DENND5B,0.22919436427603
BMP6,MYO9A,0.229100541806055
BMP6,SLC25A15,0.228940222298063
BMP6,STX2,0.228937380971093
BMP6,DNAAF2,-0.228754708500819
BMP6,NOL11,-0.2286106859952
BMP6,ORAI3,-0.227968619593847
BMP6,PER2,-0.227616615142043
BMP6,DLEU1,-0.227604978815073
BMP6,BIRC2,0.22759580670885
BMP6,EIF2B4,-0.226654064844379
BMP6,CNPY4,0.226587542542173
BMP6,ZWILCH,0.226497441396928
BMP6,SLC50A1,-0.2257925970647
BMP6,MCAT,-0.225526405250001
BMP6,RBBP8,-0.2253946285
BMP6,RBMS1,0.225103229516163
BMP6,CTNS,-0.225072657984217
BMP6,SH3BGRL3,-0.22492103680915
BMP6,CTSD,0.22339784040248
BMP6,BAG5,0.223169401086443
BMP6,BYSL,-0.223151538791033
BMP6,NUCB1,0.222966034062526
BMP6,CASP3,-0.222759814595028
BMP6,HLA-F,-0.222522348352152
BMP6,KANK2,0.222520358553936
BMP6,LIPT1,-0.222207223999998
BMP6,RNF139,-0.222116224826101
BMP6,ANKRD6,0.221927671767279
BMP6,ZMYND11,0.221740287609185
IFNL,IFIT3,3.32681696670995
IFNL,DDX58,3.24982115999564
IFNL,IFI6,3.21563653499998
IFNL,IFIT2,2.66855578930616
IFNL,STAT1,2.49344894864588
IFNL,IRF7,2.43294465273963
IFNL,PLSCR1,2.43014206931736
IFNL,SAMHD1,2.27067929022043
IFNL,LAP3,1.81358406116277
IFNL,SLC25A28,1.67166707946629
IFNL,EIF2AK2,1.66902136459104
IFNL,STAT2,1.44494697252115
IFNL,IRF9,1.39068296420976
IFNL,PML,1.37361596310266
IFNL,IFIT5,1.33292268281638
IFNL,TDRD7,1.32180024616182
IFNL,NMI,1.24546590477938
IFNL,LGALS3BP,1.1972017768366
IFNL,TAP2,1.10146476236702
IFNL,MAP1B,-1.06199009339594
IFNL,PSMB10,1.05011611608626
IFNL,MYD88,1.03549403636858
IFNL,TRIM5,1.026201005893
IFNL,LY6E,0.98185511756161
IFNL,IRF1,0.906644304590498
IFNL,PSMB8,0.885693867671529
IFNL,PALLD,-0.849861645130438
IFNL,BCAT1,-0.824765479596712
IFNL,PARP12,0.8226302022167
IFNL,NT5E,0.808769913760938
IFNL,TRIM14,0.796472439734833
IFNL,TRAFD1,0.788270256840778
IFNL,THBS1,-0.782865953415571
IFNL,CNP,0.779535337820914
IFNL,N4BP1,0.77780322910325
IFNL,ZC3HAV1,0.75653068770634
IFNL,SSBP3,0.753069821279823
IFNL,GTPBP1,0.751160009015869
IFNL,IL18BP,0.711260982544564
IFNL,MIS18A,-0.707946359144585
IFNL,RABAC1,0.701244116533499
IFNL,APPL2,-0.688683778033451
IFNL,ADAR,0.679808459549002
IFNL,PARP8,0.675690754555369
IFNL,NAPA,0.673113217776695
IFNL,POR,0.650922037483028
IFNL,CD47,0.649765290863682
IFNL,KIF18B,-0.644980339046216
IFNL,FAM13B,-0.642860251754085
IFNL,PREPL,-0.634111761032918
IFNL,NUP160,0.633834248174221
IFNL,MUC1,0.633042782724935
IFNL,LMCD1,-0.63216697791087
IFNL,GBP2,0.629258121000286
IFNL,RNF19B,0.619597251277462
IFNL,CLCN5,-0.613444455224882
IFNL,SCD,0.612326539734552
IFNL,APPL1,-0.6051805088673
IFNL,FOXM1,-0.597404265228131
IFNL,UCHL1,-0.59333944251389
IFNL,TNFRSF10D,-0.592764958649409
IFNL,STAG1,-0.590823098189028
IFNL,RBBP6,0.588386940809506
IFNL,FILIP1L,-0.58820851056488
IFNL,APOOL,-0.588108518077509
IFNL,INSIG1,0.585184262120801
IFNL,SACS,-0.57721953990858
IFNL,NMT2,-0.574356437087024
IFNL,CDKN3,-0.571696910520172
IFNL,SLC7A11,-0.567171917641143
IFNL,RPS6KC1,0.56442403840823
IFNL,OGFR,0.56179493051358
IFNL,KIF4A,-0.561638817665729
IFNL,MTMR2,-0.561551405335421
IFNL,ZC2HC1A,-0.558989929481197
IFNL,BLZF1,0.556398526991915
IFNL,DCP1A,0.553607284436664
IFNL,TMEM168,-0.553190024210724
IFNL,AKAP12,-0.552114578872812
IFNL,HLA-F,0.550224702168446
IFNL,LIMA1,-0.54732594064077
IFNL,BCL2L13,0.544792335768329
IFNL,ODC1,-0.541372119090839
IFNL,EZH2,-0.530689690188425
IFNL,SLC16A1,0.52902376865343
IFNL,TPM4,-0.528306938316229
IFNL,RRAGB,-0.527142495717444
IFNL,BTN3A1,0.524621759509925
IFNL,HMGCS1,0.521088651653579
IFNL,FAM171A1,-0.520132886952692
IFNL,GEM,-0.518262340462087
IFNL,TRIM45,-0.518057707081769
IFNL,BTN3A2,0.517439502697376
IFNL,MED14,-0.511881523725781
IFNL,VAMP5,0.508458209429543
IFNL,QPCT,-0.50677006702316
IFNL,ZFYVE26,0.50593887747265
IFNL,LUZP1,-0.503058683487441
IFNL,DYNLT1,0.5006043060162
IFNL,CSF1,0.500369626615403
IFNL,WDR12,-0.49847035641817
IFNL,PSPC1,0.497494546987719
IFNL,SNAPC1,-0.495332673364065
IFNL,DNAJA1,0.494068683734602
IFNL,ENO2,-0.487102512356253
IFNL,MORC4,-0.486450932639925
IFNL,ATP2B1,-0.485165167591335
IFNL,CLN8,-0.484800137864881
IFNL,EIF5,-0.482114823947453
IFNL,MLLT11,-0.481783774244451
IFNL,DFFB,-0.480583211340685
IFNL,MOSPD1,-0.475012127229475
IFNL,TSN,-0.474962157021576
IFNL,EDN1,-0.473127538044495
IFNL,LBH,-0.472698946222616
IFNL,ZNF292,-0.467381050791041
IFNL,DLGAP5,-0.466168527929659
IFNL,VEZF1,0.464601807144669
IFNL,TXLNG,-0.463673521145411
IFNL,ZWINT,-0.46300555194723
IFNL,TICAM1,0.462431502539805
IFNL,AUNIP,-0.460924483712494
IFNL,GPALPP1,-0.460139047257221
IFNL,IRF2,0.459753056674694
IFNL,ITGAE,-0.459723296650225
IFNL,FASTKD2,-0.457961102630974
IFNL,RFX5,0.457330242270221
IFNL,GSPT1,-0.456985111528397
IFNL,PHACTR4,0.455194139089286
IFNL,TRIM37,-0.454892419020731
IFNL,SWAP70,-0.451964096788766
IFNL,PEA15,-0.451929212689622
IFNL,ING2,-0.449430946770901
IFNL,IER3,-0.449306724033557
IFNL,SGPL1,-0.447929588498655
IFNL,TTLL7,-0.447535242412584
IFNL,MAVS,-0.447313694593423
IFNL,ATP6V1B2,-0.447134644086549
IFNL,SERPINE2,-0.446999882161325
IFNL,ELAVL1,-0.446425123089169
IFNL,CDC42EP4,0.44481926981024
IFNL,SRSF4,-0.443406152916498
IFNL,CLIP4,-0.441971117614796
IFNL,TAOK1,-0.441338849315895
IFNL,ACOT7,0.441028956937747
IFNL,MTHFD2,-0.439050002000748
IFNL,LHFPL2,-0.438933865454938
IFNL,TRAK2,-0.437212127140088
IFNL,MRAS,-0.436086108844528
IFNL,ZNF394,0.434804321393084
IFNL,TOP2A,-0.43333656053705
IFNL,NABP1,-0.433110896931113
IFNL,ERAP2,0.433054790454209
IFNL,TAPBP,0.432709274148079
IFNL,TUG1,-0.432471634086543
IFNL,ATXN7L1,0.431690443730964
IFNL,RNF25,-0.431268559312783
IFNL,ORC5,-0.43038144376946
IFNL,OGT,-0.429912428046993
IFNL,RABGGTB,-0.4296067988862
IFNL,ETS1,-0.429573070756028
IFNL,TPM1,-0.429307663000597
IFNL,GTF2A1,-0.428046706805154
IFNL,SLC9A1,-0.426436239125939
IFNL,DPH5,-0.425867406825597
IFNL,ZFR,-0.424530585776855
IFNL,KCMF1,-0.424262769298255
IFNL,SLC25A3,-0.424100971541407
IFNL,RNF41,-0.423972780560236
IFNL,WWC3,-0.420811642655148
IFNL,LNPEP,0.419806722415822
IFNL,SEC63,-0.418127380014856
IFNL,SLC35F2,-0.415489646440939
IFNL,ABHD5,-0.414780772558204
IFNL,MT1X,0.414672839308425
IFNL,NFIB,-0.414474340240885
IFNL,PNMA1,-0.413610921065099
IFNL,FYN,-0.41291442402195
IFNL,SUCO,-0.412541256624328
IFNL,RNF114,0.412397592110605
IFNL,SLC25A1,0.41219030377849
IFNL,ZFP36,0.411061194364561
IFNL,RAB11FIP1,-0.409557497053644
IFNL,MMD,-0.40920196389919
IFNL,CHML,-0.408486141427233
IFNL,PHC1,-0.408011346513296
IFNL,SNN,0.407798085731027
IFNL,MVP,0.405977962068036
IFNL,PROCR,0.403879543225266
IFNL,HMMR,-0.402333655148094
IFNL,SLC39A8,-0.401797680478076
IFNL,CDKN2B,-0.400633386411425
IFNL,SETX,0.400417819830367
IFNL,RAB22A,-0.399822741619801
IFNL,BRD4,-0.399177883477716
IFNL,SLC2A1,-0.398925088495161
IFNL,GNA13,-0.397539089142955
IFNL,CEP57,-0.396962205676207
IFNL,ZXDC,-0.396632086938262
IFNL,GLS,-0.396629843035929
IFNL,MFSD12,0.395848633377917
IFNL,KLHL28,-0.395357309487691
IFNL,CDC7,-0.394761063182613
IFNL,IRS2,-0.394146890528956
IFNL,NUCKS1,-0.39334718178385
IFNL,EXOC5,-0.392302157688775
IFNL,UBE2Q1,-0.391795400183865
IFNL,CDCA4,-0.391700627560954
IFNL,RAD51C,-0.390946302339245
IFNL,DYNC1LI2,-0.390013059810182
IFNL,KIF1C,-0.390007445355002
IFNL,HDAC1,-0.389580518434149
IFNL,CCDC93,-0.388460372271996
IFNL,EMC9,0.388266717737024
IFNL,TRIM26,0.388019290465651
IFNL,JMJD1C,-0.387832785902285
IFNL,ISOC2,0.387824590060627
IFNL,GRINA,0.387649316980579
IFNL,PSD3,-0.387172902228295
IFNL,ELK4,0.386096459063976
IFNL,AVPI1,0.385397225650002
IFNL,CCT5,-0.384571881660521
IFNL,SLC16A4,-0.383612362208921
IFNL,RAPGEF6,-0.383486494983656
IFNL,TIPARP,-0.382907959133073
IFNL,IFT52,-0.382600313096007
IFNL,GTPBP4,-0.382497578251433
IFNL,RIPK1,0.382013869766948
IFNL,RRAS2,-0.381563416882965
IFNL,SLC25A16,-0.381122256167759
IFNL,REXO2,-0.378759056385544
IFNL,HSF1,-0.378613656737977
IFNL,PAPSS2,-0.377735357034562
IFNL,OXCT1,-0.377658036945451
IFNL,POLR3F,-0.377567455052305
IFNL,PTPRM,-0.377350656447291
IFNL,CD82,0.376814365204099
IFNL,B2M,0.376497573760001
IFNL,DENR,-0.376411921679396
IFNL,PTTG1,-0.375883674881806
IFNL,RRM1,-0.375584244687413
IFNL,GTF2B,0.373384262011702
IFNL,MFSD6,-0.372957121303122
IFNL,THYN1,-0.372106310281539
IFNL,MAN1A2,-0.369929518404472
IFNL,RIPK2,0.369022171869772
IFNL,PIK3R3,0.36615283775417
IFNL,OSBPL3,-0.366084007093142
IFNL,ARHGAP32,-0.365652191288563
IFNL,LRP8,-0.364090717123724
IFNL,SSH1,-0.36266126435258
IFNL,SLK,-0.361469478202672
IFNL,FBXO9,-0.361338980905941
IFNL,METTL2B,-0.361301598598105
IFNL,MUS81,-0.360822991707081
IFNL,HACD1,-0.360647734585776
IFNL,GSK3B,-0.360332815935505
IFNL,HAT1,-0.360030319007152
IFNL,ADCY9,0.360021039504825
IFNL,BTG2,-0.359700229250668
IFNL,CTNNAL1,-0.359522758487599
IFNL,TOMM22,-0.359504732321652
IFNL,IGBP1,-0.35917344185164
IFNL,CCDC130,-0.358598769639216
IFNL,ACO1,-0.358441256892101
IFNL,SNRK,-0.357299687082948
IFNL,PPP4R3B,-0.356541696347184
IFNL,CCNA2,-0.355931673996013
IFNL,CTSO,0.35558567832905
IFNL,ATF7,-0.355077054066416
IFNL,ARFGEF1,-0.354951417145725
IFNL,CLCN3,-0.354911094571474
IFNL,AGO3,-0.354342656715925
IFNL,SHOC2,-0.35326615390844
IFNL,LTBP3,0.352675812346667
IFNL,FKBP8,0.352427135180646
IFNL,METRN,0.352370786873422
IFNL,GINS3,-0.35131580381081
IFNL,SCAND1,0.351288540100713
IFNL,ACOX3,-0.351114385288501
IFNL,TRIP10,-0.350638221695147
IFNL,MAP7D3,-0.350344971209498
IFNL,PRSS23,-0.350019518341753
IFNL,FAIM,-0.349620341042923
IFNL,TLN2,-0.349322728107375
IFNL,PUS1,-0.348775644478963
IFNL,BCLAF1,-0.348485125766231
IFNL,RBMS2,-0.348210555899938
IFNL,PRRC1,-0.348073314214798
IFNL,RBBP5,-0.347605970631065
IFNL,ALDH3B1,0.347399719364471
IFNL,ULBP2,-0.347314171303993
IFNL,FAM189B,0.347269959208321
IFNL,CDK12,-0.347134861674103
IFNL,OSGIN2,-0.347127774409118
IFNL,HTR2B,0.34667815041356
IFNL,SBNO1,-0.346628799918406
IFNL,SCRN3,-0.346088352645963
IFNL,C6orf62,0.345839411815601
IFNL,ZMYND11,-0.345639938370515
IFNL,MAP3K7,-0.345045725842763
IFNL,CASP7,0.344257884598354
IFNL,TIGAR,-0.34352416832564
IFNL,PSMA2,0.343411328765428
IFNL,ABCC1,-0.343403984023146
IFNL,PEAK1,-0.342696599856208
IFNL,RNF14,-0.34179666960587
IFNL,C1S,0.341183505711171
IFNL,ZW10,-0.341039125907562
IFNL,RBM6,-0.340721599893353
IFNL,CCNG1,-0.340501331421752
IFNL,ZNF609,-0.339212827358025
IFNL,UBL3,-0.3391780674285
IFNL,SEC23B,-0.338986302888705
IFNL,IVNS1ABP,-0.338744846478189
IFNL,IGF2R,-0.338244992413091
IFNL,SASH1,-0.337970579294531
IFNL,ITCH,-0.336663956800573
IFNL,SOCS6,0.336356205425105
IFNL,TPX2,-0.336319012613429
IFNL,ORC6,-0.335679363414332
IFNL,ZNF629,0.335498592379144
IFNL,PSMD10,-0.335314724900162
IFNL,PIAS2,-0.335077711199671
IFNL,CKS2,0.335064863311251
IFNL,RRBP1,0.334458258893355
IFNL,CEP135,-0.334232888886342
IFNL,UGDH,0.33384075998596
IFNL,MAD2L1BP,0.333075948568506
IFNL,RALGPS2,-0.331937677831481
IFNL,CREB1,0.331521369213601
IFNL,ANKRD6,-0.331235627189578
IFNL,TSC22D2,-0.33113764518376
IFNL,EPS15L1,-0.331036669873394
IFNL,C1R,0.33102438266579
IFNL,ETF1,-0.330504524198501
IFNL,TUBA1A,-0.330002383580451
IFNL,RAB14,-0.328314337590623
IFNL,ATXN2,-0.328180104002809
IFNL,CDYL,-0.327530782094592
IFNL,KNTC1,-0.326998630878047
IFNL,PDP1,-0.326772487795268
IFNL,PLCXD1,0.326521264517157
IFNL,SLC25A12,-0.325712497287083
IFNL,GSTM3,-0.32486856048267
IFNL,ARL4D,0.324540435763752
IFNL,FAM193A,-0.324437340900701
IFNL,SQSTM1,-0.323805807433152
IFNL,FAM111A,0.323612091688512
IFNL,ASCC2,-0.323533539752546
IFNL,DDB2,-0.323377750350547
IFNL,RNF6,-0.32305843355722
IFNL,PPP1R12A,-0.321682223662461
IFNL,MCM4,-0.321616172516296
IFNL,PCYT2,0.321425735489687
IFNL,OTUD3,-0.320997570643231
IFNL,PIP4K2C,-0.320516207574004
IFNL,FEZ2,-0.320316821334795
IFNL,MRS2,-0.320194378311663
IFNL,ITGAV,-0.320007054832867
IFNL,THEMIS2,0.31982113173155
IFNL,PRRC2C,-0.319795695217134
IFNL,MPP6,-0.319441275934987
IFNL,ANKFY1,0.319091087798812
IFNL,DGKD,-0.318798355472479
IFNL,PNN,-0.318761779400753
IFNL,CITED2,0.318478682608989
IFNL,ERMAP,-0.317613026879518
IFNL,LLPH,-0.317539928145719
IFNL,CS,-0.317204490118187
IFNL,HAUS2,-0.316387663729634
IFNL,YEATS2,0.316355353389532
IFNL,AGTPBP1,-0.315978833233693
IFNL,SMARCC1,-0.315763314165556
IFNL,UCHL3,-0.3154015440973
IFNL,TMEM214,-0.314973949070791
IFNL,TMEM50A,0.314786143125158
IFNL,SPR,-0.314762218336612
IFNL,FOSL1,-0.314304262780869
IFNL,C1RL,0.314058329331026
IFNL,LMF2,0.313952506667282
IFNL,ACP2,0.312247401333156
IFNL,PSMD9,-0.31183851299362
IFNL,ENC1,-0.311631470484985
IFNL,PSEN2,0.310411449101016
IFNL,JADE1,-0.310293423180604
IFNL,CUL5,-0.310218375029024
IFNL,NFYB,-0.309425073025709
IFNL,PDZD8,-0.309156474445882
IFNL,TFDP2,-0.30848532182363
IFNL,SMAD5,-0.307860885723794
IFNL,PRR11,0.307843448395147
IFNL,GLTP,-0.307465864538091
IFNL,FKTN,-0.307290050138125
IFNL,HSF2,-0.307218244995361
IFNL,NUCB1,0.307011926259499
IFNL,ZNF532,-0.306255772409154
IFNL,PARP4,0.306229052165597
IFNL,WSB2,-0.306180232091399
IFNL,NSMCE4A,0.305841766358266
IFNL,GMPS,-0.305781985161959
IFNL,POLA1,-0.305699681303569
IFNL,COX10,0.305362099529282
IFNL,FNBP1,-0.305354234290824
IFNL,LANCL2,-0.305220536198806
IFNL,ZNF264,-0.30502867233728
IFNL,FERMT2,-0.304866629351701
IFNL,PPP1R2,-0.304774817591025
IFNL,FAM135A,-0.304672729645977
IFNL,WDR47,-0.3042911067684
IFNL,DERA,-0.304211494373649
IFNL,TAGLN,-0.304084908955006
IFNL,IPO5,-0.303725283098694
IFNL,OSTM1,-0.30293141156271
IFNL,SPATS2,-0.302597166354032
IFNL,EIF3M,-0.302407798421065
IFNL,CEP55,-0.301818118147071
IFNL,SUOX,0.301251718597755
IFNL,SMIM14,0.30120580003112
IFNL,AHNAK2,-0.300804972211841
IFNL,DPP8,-0.300169749250417
IFNL,KPNA3,-0.300168454476983
IFNL,ZNF185,-0.299146386103712
IFNL,DAPK2,-0.29902199579343
IFNL,CBY1,-0.298450996328334
IFNL,DDX3X,-0.298418946049605
IFNL,DSTN,-0.298213396509001
IFNL,RAI14,-0.297932246547251
IFNL,NRAS,-0.297821077993499
IFNL,EIF4G3,-0.297578488722135
IFNL,MRPL33,-0.297524531563631
IFNL,RAP1GDS1,-0.297495199777724
IFNL,EIF4EBP1,-0.297360133520577
IFNL,CBR1,0.297334755437257
IFNL,PEX13,-0.297030904748191
IFNL,GNL2,-0.297009248822386
IFNL,BTBD7,-0.296615081842387
IFNL,TXNL1,-0.296561343740573
IFNL,GPC1,0.296533242143433
IFNL,TAF1B,-0.295569041466502
IFNL,SEC23IP,-0.294999780889291
IFNL,NOSIP,0.293984104407095
IFNL,CMTM6,-0.293485732503498
IFNL,ZNHIT6,-0.293318999994491
IFNL,LSS,0.292974012607818
IFNL,RFC3,-0.292967680288394
IFNL,STK38L,-0.292939398736719
IFNL,ADAT1,-0.292481250360578
IFNL,MED25,0.292342973191575
IFNL,ASMTL,0.292071405679855
IFNL,RRP15,-0.291991544375597
IFNL,GTF2E2,0.291825841841251
IFNL,TMEM230,-0.291705385028202
IFNL,SAYSD1,-0.291289584344625
IFNL,PRKAB2,-0.291095916131192
IFNL,SF1,-0.290671531007602
IFNL,SIK2,-0.290237926059262
IFNL,TASP1,-0.290055512779228
IFNL,METTL8,-0.289948641295984
IFNL,PPP2R3A,-0.289665910150165
IFNL,CLOCK,-0.289485560173951
IFNL,AGAP1,-0.289265464586706
IFNL,STMN3,0.289098069364726
IFNL,ZNF302,-0.288410052891178
IFNL,STX17,0.288173544255771
IFNL,PTPN11,-0.288043986865255
IFNL,GSTA4,-0.287904067473277
IFNL,GFM1,-0.287847100238884
IFNL,MGST3,0.287821792534796
IFNL,HELLS,-0.287510643661406
IFNL,MTHFD2L,-0.287334862514582
IFNL,ZBTB43,-0.286986230100019
IFNL,FAM168B,-0.286904099670855
IFNL,MOSPD2,-0.286341235253071
IFNL,RCAN3,-0.28633583157598
IFNL,ZNF473,-0.285949442946188
IFNL,WIPF2,-0.285727021462488
IFNL,PRDM4,-0.285717508176723
IFNL,MAT2B,0.285706079356935
IFNL,SC5D,0.285326608084501
IFNL,EFNB2,-0.28517750013979
IFNL,SSRP1,-0.285123289209187
IFNL,CSPP1,-0.284450330104154
IFNL,LRIF1,-0.284079280202664
IFNL,SMYD2,0.283575729411365
IFNL,C9orf40,-0.283431190791477
IFNL,DDX3Y,-0.283223884854215
IFNL,LRP10,0.28316835664126
IFNL,STX6,-0.282788473909493
IFNL,KIF14,-0.28272903949872
IFNL,KIF3A,-0.282303702990418
IFNL,WDHD1,-0.282289944575708
IFNL,EIF1,-0.28206218249455
IFNL,UAP1L1,-0.281911693090053
IFNL,CEP85,-0.281593984427495
IFNL,FBXO42,-0.281130921462386
IFNL,DCLRE1A,-0.281022179284141
IFNL,IFITM3,0.2805043785714
IFNL,THUMPD2,-0.280475764044889
IFNL,WASL,-0.280450801048768
IL1B,TNFAIP3,3.25638886062952
IL1B,PTGS2,2.75238180070652
IL1B,NFKBIA,2.14200360357957
IL1B,TNFAIP2,2.02961546978846
IL1B,IER3,1.89008315474327
IL1B,TNIP1,1.6342194530541
IL1B,NFKB2,1.53306946723653
IL1B,SLC39A14,1.50892013
IL1B,G0S2,1.4723881602042
IL1B,NFKB1,1.39912320069646
IL1B,IRF1,1.37803909567354
IL1B,RIPK2,1.29113759896102
IL1B,WTAP,1.13190934137733
IL1B,DRAM1,1.07125274150053
IL1B,GBP2,1.06413143997269
IL1B,CEBPD,1.017865742275
IL1B,SLC11A2,1.0125413727788
IL1B,MAFF,1.00171063227776
IL1B,NAMPT,0.995505157453353
IL1B,IFNGR2,0.975145431100803
IL1B,SDC4,0.902945743027973
IL1B,SAT1,0.871233982601249
IL1B,MT2A,0.86969268
IL1B,TNFAIP8,0.845499665974002
IL1B,SLC25A37,0.83169531815462
IL1B,BID,0.805334350658779
IL1B,CD82,0.779239398477045
IL1B,IFIT3,0.739056258021712
IL1B,PANX1,0.729089512975456
IL1B,CSF1,0.697318876000001
IL1B,RCAN1,0.682160182268099
IL1B,NAB1,0.674411579521491
IL1B,DUSP5,0.674264832133884
IL1B,SERPINB8,0.669310058443824
IL1B,BTG3,0.663486219588125
IL1B,JUNB,0.66331400364709
IL1B,DDX58,0.662507633227086
IL1B,LRIG1,0.661236885063806
IL1B,MT1X,0.65231967159208
IL1B,HBEGF,0.651675358094053
IL1B,TNC,0.64604137126684
IL1B,TXNIP,-0.643218222786976
IL1B,DNAJB9,0.635212533136207
IL1B,SUSD6,0.631823632082607
IL1B,PSMB10,0.626535140687014
IL1B,UGCG,0.59468997681728
IL1B,TRAM2,-0.594289245610061
IL1B,PIM2,0.586274169918223
IL1B,ENC1,0.585829963689733
IL1B,STAT5A,0.559980354121614
IL1B,HIVEP2,0.556539788805632
IL1B,NOCT,0.552901301
IL1B,FOSL1,0.542750572347198
IL1B,DENND5A,0.531092672500001
IL1B,PFKFB3,0.52617920801119
IL1B,TAPBP,0.525208442977815
IL1B,IFNGR1,0.524276243304081
IL1B,BIRC2,0.520555653101296
IL1B,TAP2,0.520408986588901
IL1B,LYN,0.50709414377471
IL1B,DAXX,0.504196010785323
IL1B,FTH1,0.501718192348924
IL1B,AKR1B1,0.500025287471056
IL1B,B4GALT5,0.491544222045062
IL1B,XBP1,0.491119595811607
IL1B,PPP1R15A,0.47877164511799
IL1B,TICAM1,0.476293789927069
IL1B,TNFRSF10B,0.475283883463307
IL1B,EHD1,0.462216996481019
IL1B,DDIT4,0.456061133631415
IL1B,AHNAK2,-0.450921644748085
IL1B,SLC25A28,0.447990564100849
IL1B,CITED2,-0.444424806848138
IL1B,ETS1,0.434891429356195
IL1B,PARP12,0.433813780378802
IL1B,SOCS3,0.428570670723066
IL1B,BAZ1A,0.42664029525
IL1B,B4GALT1,0.425494596371567
IL1B,ATP2B1,0.424603745663625
IL1B,PLA2G4C,0.42259606713135
IL1B,NMI,0.419570794484235
IL1B,IFNAR2,0.417715804933666
IL1B,PIM1,0.414422179656826
IL1B,PSMB8,0.413425041368367
IL1B,ABHD10,-0.413315142255763
IL1B,NFKBIB,0.41239930857237
IL1B,DNAJA1,0.403147123577691
IL1B,TRIB2,-0.396623186026568
IL1B,REL,0.396446889134848
IL1B,CD44,0.394424962545325
IL1B,YRDC,0.392580001499999
IL1B,USP12,0.392329852666574
IL1B,HLA-F,0.391928123292405
IL1B,MCL1,0.38972005405964
IL1B,PPP3CC,0.38608856755468
IL1B,RNF19B,0.38103216667211
IL1B,IDH1,-0.380601895946427
IL1B,TBC1D2,-0.378364902549448
IL1B,COQ10B,0.377516478837435
IL1B,PLSCR1,0.375619328114787
IL1B,JADE1,-0.37250142496485
IL1B,TRIP10,0.372189729643477
IL1B,SLC39A8,0.371658905779787
IL1B,INSIG1,0.371571083931846
IL1B,IRF7,0.371351655362348
IL1B,OSGIN2,0.369121529601052
IL1B,SLC2A1,0.366098416694775
IL1B,ALDH3A2,-0.366011868103879
IL1B,GSTA4,-0.364572432295856
IL1B,IFIT5,0.362659117456385
IL1B,CASP7,0.359687474403891
IL1B,ZNF395,-0.35942266277148
IL1B,EHHADH,-0.359258693943775
IL1B,SLC12A7,0.359189447339311
IL1B,NAP1L3,-0.355163158599398
IL1B,PCYOX1,-0.353953168805346
IL1B,PHLDA1,0.352408183309454
IL1B,SPHK1,0.35111765772004
IL1B,PPIF,0.348846017792571
IL1B,TRIM2,-0.347277830736348
IL1B,TMEM165,0.347035399905633
IL1B,PRPS1,-0.34641621071098
IL1B,FHL1,-0.344189809005177
IL1B,LAMB1,-0.343666413940853
IL1B,GPD1L,-0.343015591704097
IL1B,ZEB2,0.342639968329786
IL1B,PNRC1,0.342176989629952
IL1B,GPSM2,-0.340724644659923
IL1B,CSRNP2,0.340204523652373
IL1B,DDB2,-0.339082943357143
IL1B,IRF2,0.33803734
IL1B,PTPN12,0.336436685199367
IL1B,PML,0.336233307282129
IL1B,CTDSPL,-0.333714668330365
IL1B,CDK6,0.332412398325001
IL1B,VEGFA,0.331128145324228
IL1B,NMT2,-0.330718059156578
IL1B,ENTPD7,0.330643080818696
IL1B,IFIT2,0.329008266797667
IL1B,GPR68,0.327964212141396
IL1B,MAP3K5,0.326516012809602
IL1B,RHOG,0.326438033654823
IL1B,KDM7A,0.325848358468618
IL1B,JUN,0.322392457891377
IL1B,SSBP2,-0.322036870496075
IL1B,IFNAR1,0.321277375406542
IL1B,VPS37C,0.320409621955601
IL1B,NDRG3,-0.32014609097218
IL1B,TSPAN5,-0.319724233907095
IL1B,OGFRL1,0.319287649997918
IL1B,SQSTM1,0.318182466661475
IL1B,TANK,0.316880576754071
IL1B,ALDH7A1,-0.316514336219554
IL1B,TAF13,0.315074703887996
IL1B,ACO1,0.314561492596392
IL1B,NXT2,0.314367403734027
IL1B,CDKN2C,-0.314076131147415
IL1B,PTPN13,-0.312131545840846
IL1B,TGIF1,0.310567543035635
IL1B,HIBCH,-0.308000118040854
IL1B,MTHFD2L,0.307882950633752
IL1B,ABHD4,-0.306986803278116
IL1B,ASB13,-0.306898220080271
IL1B,SAC3D1,-0.306401098956589
IL1B,CYBRD1,-0.305909685025704
IL1B,SNAPC1,0.304952558951859
IL1B,RELA,0.304542484276547
IL1B,GCNT1,-0.304145264892191
IL1B,FJX1,0.30372446
IL1B,PHLDA2,0.30346551598086
IL1B,CD58,0.302147920896016
IL1B,ZCCHC24,-0.30015913120705
IL1B,ARL6IP5,-0.298804980070627
IL1B,GAMT,-0.298486379583582
IL1B,HADH,-0.298140979683105
IL1B,RAP2C,0.297081503682991
IL1B,CEP57,-0.297015012663116
IL1B,DUSP1,0.296487075490965
IL1B,LDLRAP1,-0.294865723301688
IL1B,THYN1,-0.294065295811622
IL1B,EXD2,-0.29331560526357
IL1B,ADAR,0.291115633891107
IL1B,ZFP36L2,-0.290590128354355
IL1B,HCFC1R1,-0.290050157452879
IL1B,FLOT1,-0.289740324223792
IL1B,NIPSNAP1,-0.287461368781391
IL1B,ANP32A,-0.287427341782604
IL1B,DPH5,-0.286951459428905
IL1B,UBL4A,-0.286813859514955
IL1B,SSX2IP,-0.283355280660998
IL1B,ZHX3,-0.283049282649691
IL1B,TNFAIP1,0.281932151432277
IL1B,HDGF,0.281009364875974
IL1B,NRIP1,0.280324795259027
IL1B,TBC1D4,-0.280231137426935
IL1B,PSEN1,0.280202916567441
IL1B,CHIC2,0.280002241755881
IL1B,ANKMY2,-0.27987239767093
IL1B,HIVEP1,0.279320999136987
IL1B,PDCD5,0.278637284894375
IL1B,PSRC1,-0.27831067058608
IL1B,CASP6,-0.277742376562295
IL1B,DSE,0.27764472896648
IL1B,HMGB2,-0.277593803945388
IL1B,MAPK6,0.27620171719263
IL1B,ADAM17,0.275423670865862
IL1B,CASP3,0.2753918572843
IL1B,MYH10,-0.275385020330107
IL1B,MAPKAPK5-AS1,-0.275052950999999
IL1B,BTN3A1,0.27319365855318
IL1B,ARL4A,-0.272899179889815
IL1B,PGM3,0.27281140324862
IL1B,AMZ2,-0.272733784432734
IL1B,LMNA,-0.272261172448824
IL1B,FSCN1,-0.272081959354356
IL1B,MGST2,-0.271939052597724
IL1B,LPXN,0.271800702488275
IL1B,PREPL,-0.270723014090716
IL1B,UBE4B,-0.270309541214361
IL1B,PBX3,-0.268799632826339
IL1B,EHD3,-0.2686656025
IL1B,MEGF9,-0.268468746160896
IL1B,TMEM14A,-0.268466901774354
IL1B,GABPB1,0.268324318064358
IL1B,LRRC20,-0.268126397763692
IL1B,MCM6,-0.268096731111011
IL1B,CACNB3,-0.266781520025864
IL1B,CD47,0.26605824665011
IL1B,FNBP1L,-0.266035643579942
IL1B,CLDND1,0.265703731502505
IL1B,OGFR,0.265529887435929
IL1B,PRSS23,-0.264787967350178
IL1B,C2CD5,-0.264275883859303
IL1B,F2R,-0.264247999827205
IL1B,IFFO1,-0.264049613956028
IL1B,ADH5,-0.263828788553942
IL1B,PCMTD2,-0.263435422198659
IL1B,FBXL2,-0.262617866588691
IL1B,DHCR24,-0.262477300549824
IL1B,TMEM135,-0.262008824749999
IL1B,IL6ST,0.261822372423106
IL1B,PFN2,-0.260666265181899
IL1B,DCP1A,0.260634872331117
IL1B,CDC42SE1,0.260143998569205
IL1B,POLR3D,0.259761083226702
IL1B,RAD51C,-0.258875957715715
IL1B,HSDL2,-0.258757350290151
IL1B,APPL2,-0.258502796287321
IL1B,DDX21,0.258474196629895
IL1B,PAK1,-0.258427783306378
IL1B,NPAS2,0.257719511415459
IL1B,PARP16,-0.257597108028619
IL1B,TAB2,0.257492703765581
IL1B,SDHAF3,-0.256644681800346
IL1B,KDELR3,-0.256640278025939
IL1B,LRP5,-0.256092583500001
IL1B,TOB1,-0.255931472509063
IL1B,ORAI3,-0.253900962
IL1B,PELI1,0.2537000615387
IL1B,MPZL1,0.253680633285852
IL1B,PLPP3,0.253597290127129
IL1B,RXRA,-0.253573920868087
IL1B,CAMK2G,-0.253380750972704
IL1B,TCF7L2,-0.253222835696673
IL1B,EDN1,0.25273318195234
IL1B,NUCKS1,-0.25267302327656
IL1B,OSGEPL1,-0.2522709130972
IL1B,C3orf52,0.252162232840792
IL1B,A4GALT,0.25202135212124
IL1B,TTLL1,-0.251998602395853
IL1B,TBC1D13,-0.251866201570003
IL1B,CCDC6,-0.251715050271271
IL1B,ESYT1,-0.251069780425849
IL1B,BTN2A2,0.250883478426359
IL1B,ASF1A,-0.250714085809448
IL1B,STX4,0.249359446929988
IL1B,ADCY9,-0.249313188
IL1B,BPGM,0.248384233993445
IL1B,ASB8,-0.24807029053287
IL1B,TUFT1,-0.247838103340167
IL1B,MAFG,0.24763116616094
IL1B,IQSEC1,-0.247611742985278
IL1B,STX10,-0.247143314783305
IL1B,COMMD8,-0.246734206564675
IL1B,PAFAH1B3,-0.246378400999999
IL1B,SPATA7,-0.246076823780434
IL1B,ZNF217,0.245371694833692
IL1B,MIPEP,-0.245108256784204
IL1B,PTGER4,0.244746000485872
IL1B,SLC35A1,-0.244279375897053
IL1B,FAM13A,-0.244219067280574
IL1B,MED20,-0.243903964999999
IL1B,CCDC51,-0.243820242152987
IL1B,KAT2B,-0.243304313337152
IL1B,BACH1,0.243234583878845
IL1B,C6orf62,0.242869326574679
IL1B,KLF10,0.242418727114725
IL1B,SRBD1,-0.242355830269263
IL1B,UAP1L1,-0.241385928052641
IL1B,GSE1,-0.24120670463498
IL1B,FYCO1,-0.24095842926817
IL1B,ITGAE,-0.24034761
IL1B,LPCAT4,-0.239273832842983
IL1B,SCP2,-0.239185392668476
IL1B,BCKDHB,-0.238942379638214
IL1B,FOXRED2,-0.238937239222695
IL1B,FAM110B,0.23885253496658
IL1B,CDKN1C,-0.238786859587117
IL1B,GEM,0.238576982950425
IL1B,TCEAL1,-0.238297662926706
IL1B,AKR7A2,-0.238234609969631
IL1B,PSIP1,-0.237841643087442
IL1B,PNRC2,0.237425961796199
IL1B,TMED5,0.236772741782545
IL1B,TEX2,-0.236761235501255
IL1B,TTC37,-0.236599385830716
IL1B,PECR,-0.236094173122001
IL1B,PAAF1,-0.235786401371927
IL1B,RFX5,0.235714876294352
IL1B,TMEM187,-0.23556229370393
IL1B,AKIRIN1,0.235460646179967
IL1B,ZMYM3,-0.23492570235054
IL1B,ZNF267,0.23477614579228
IL1B,SENP7,-0.234771980334502
IL1B,LANCL1,-0.23466464136443
IL1B,AP3M2,-0.234609003
IL1B,ZKSCAN3,-0.233937072928268
IL1B,STX12,0.233908096033019
IL1B,PPCS,-0.233899770785308
IL1B,SLC25A1,-0.233175519834389
IL1B,TP53BP2,0.23308696030023
IL1B,CLIC4,0.232925881058025
IL1B,CTPS2,-0.232742396141139
IL1B,TKT,-0.23262325
IL1B,ECI2,-0.232314576624936
IL1B,SLC29A1,-0.232084403348265
IL1B,MKNK2,-0.231362021375707
IL1B,CRYZ,-0.231231771139489
IL1B,SPATA5L1,0.231214510176386
IL1B,CDK5,-0.231209233452281
IL1B,ZNF362,-0.23103849973844
IL1B,EGLN1,0.230436822816979
IL1B,FLNB,-0.229694702057246
IL1B,COQ3,-0.229401670453028
IL1B,PMVK,-0.229155600081598
IL1B,IMPDH2,-0.229087113809521
IL1B,EFHD2,0.229019503021583
IL1B,RPRD2,-0.228993059704672
IL1B,IFT74,-0.228602611621702
IL1B,RUFY3,-0.228528776177411
IL1B,RAB40B,-0.228283191868435
IL1B,XPA,-0.227629464329415
IL1B,PLAGL2,0.227627281918197
IL1B,AHR,0.227570009519841
IL1B,LETMD1,-0.227188364330407
IL1B,SMAD9,-0.227148374999999
IL1B,PMM1,-0.227021124775541
IL1B,ZFYVE21,-0.226882126480198
IL1B,FAM8A1,-0.226647052884796
IL1B,LMO7,-0.226271618251565
IL1B,SNX2,-0.22618850934021
IL1B,DCXR,-0.226020539692648
IL1B,TRIAP1,-0.225941160639344
IL1B,SORT1,-0.22562350665805
IL1B,SMYD3,-0.225469373755251
IL1B,FOXN3,-0.225264072638173
IL1B,TPX2,-0.225151841973453
IL1B,RBMS1,0.224716822006795
IL1B,LHFPL2,0.224395714268729
IL1B,PUS7L,-0.224341168053815
IL1B,MXRA8,-0.2242083493112
IL1B,SH2B3,0.224154454321883
IL1B,UGP2,0.223909581968016
IL1B,KIAA0355,-0.223729449191307
IL1B,NUP133,-0.223714449413915
IL1B,CETN3,-0.223681656209339
IL1B,SLC1A5,-0.22343653177933
IL1B,JMJD6,0.223294809775889
IL1B,TBC1D19,-0.223262542278997
IL1B,RETSAT,-0.223185291500981
IL1B,RPA1,-0.223068358372561
IL1B,MYL6B,-0.223022028416356
IL1B,DCAKD,-0.222786284618205
IL1B,ECH1,-0.221976812182038
IL1B,GRPEL1,0.221861351960376
IL1B,ATP6V0E2,-0.221821112325648
IL1B,SERGEF,-0.221758130255275
IL1B,ANXA4,-0.2217417975
IL1B,ABCD3,-0.221154793508947
IL1B,CNPPD1,-0.221075310385
IL1B,CDKN3,-0.220844047919332
IL1B,TSPYL4,-0.219963116534886
IL1B,PHYH,-0.219834412980091
IL1B,FAM50B,-0.219791485962942
IL1B,MAP3K12,-0.21957616059147
IL1B,PLCD1,-0.21926271629325
IL1B,SPATA20,-0.219247759638392
IL1B,SOX12,-0.219072304999999
IL1B,SMARCD3,-0.219019273784358
IL1B,SMC3,-0.218978269789556
IL1B,NISCH,-0.218904360502437
IL1B,SLC2A4RG,-0.218620022942308
IL1B,LAP3,0.218514136500001
IL1B,DUSP10,0.218511363358221
IL1B,CRIP2,-0.218465511926095
IL1B,TNIP2,0.21837650969365
IL1B,EIF1B,0.218179078258319
IL1B,LTA4H,-0.218120040258095
IL1B,MORC3,0.218041739275481
IL1B,GNB5,-0.217939082421864
IL1B,PSMA3,0.217920522278799
IL1B,SSH3,-0.217785576930809
IL1B,EPHX1,-0.217571508149224
IL1B,PXMP4,-0.217568706880041
IL1B,TBK1,0.217288803638236
IL1B,SRPK1,0.217221495727363
IL1B,SENP5,0.216887842721269
IL1B,NUP58,0.216761266174748
IL1B,ABCA1,0.216532677093145
IL1B,CDKN1B,-0.216156485860265
IL1B,ECHDC2,-0.216153719482468
IL1B,IER5,0.215624999151371
IL1B,ERAP2,0.215514184859277
IL1B,SERPINE2,0.215484789535119
IL1B,VAT1,-0.215467327644156
IL1B,BPTF,-0.215254590408316
IL1B,ROGDI,-0.21511671550223
IL1B,FGD1,-0.214738848793012
IL1B,KAT6B,-0.214471537456012
IL1B,PFKM,-0.214325112439079
IL1B,FSTL3,0.214248704526836
IL1B,BOLA1,-0.21423012494137
IL1B,SETMAR,-0.213935161216286
IL1B,LYRM4,0.213375692221414
IL1B,TOR3A,-0.213196420472023
IL1B,ITGA3,-0.21283639828654
IL1B,SMURF1,0.21277681230884
IL1B,DNASE2,-0.212759490605
IL1B,MBNL1,-0.212743669751252
IL1B,CPNE3,-0.212109412132633
IL1B,KANK2,-0.212109304761874
IL1B,NMRK1,-0.21135471644049
IL1B,TK2,-0.211239332061594
IL1B,ATP7A,-0.21104849537329
IL1B,PLP2,-0.210990152662499
IL1B,POLG2,-0.210943258488559
IL1B,CASP4,0.210838374642386
IL1B,GALK1,-0.210494032956334
IL1B,LIAS,-0.210227091329928
IL1B,TCFL5,-0.210217870239066
IL1B,OXA1L,-0.210135353204319
IL1B,MYLIP,-0.209832011486422
IL1B,PCYOX1L,-0.209824079611923
IL1B,ARHGEF17,-0.20958082169649
IL1B,TBC1D8,-0.20955737621766
IL1B,NECAP2,0.209016788883247
IL1B,XPC,-0.208164410384843
IL1B,SPIN1,-0.20816400975013
IL1B,CRTAP,-0.208028414838087
IL1B,BBS10,-0.207258717669894
IL1B,GTF2B,0.207235046026769
IL1B,KNTC1,-0.206984352675332
IL1B,PRMT1,0.206966063149105
IL1B,THAP11,-0.206876089973599
IL1B,MANSC1,-0.206555039021627
IL1B,DDAH2,-0.206493955546883
IL1B,NPR2,-0.20623201421171
IL1B,UXS1,0.205886660117209
IL1B,RMI1,-0.2056537805
IL1B,PSAT1,-0.205375352459215
IL1B,BARD1,-0.204933206833509
IL1B,NECAB3,-0.2043446727018
IL1B,ARNTL2,0.204236822000001
IL1B,LITAF,0.20393843618922
IL1B,ANGPTL2,-0.203855989999999
IL1B,FAN1,-0.203655111000002
IL1B,CYFIP2,-0.203214201487511
IL1B,SKP2,-0.203000048
IL1B,NLRX1,-0.202667895143753
IL1B,PRKACB,-0.202639433013427
IL1B,KIAA0586,-0.202497634861645
IL1B,PIGA,0.20241118250267
IL1B,SLC7A11,0.202294174219197
IL1B,AGBL5,-0.202244223884105
IL1B,PAN2,-0.201889987715987
IL1B,TAPBPL,0.201365498618564
IL1B,EZR,-0.201102281925854
IL1B,AEN,0.201052850859064
IL1B,PNPO,-0.20093993290957
IL1B,NR4A2,0.200341370790589
IL1B,CABIN1,-0.20030934356028
IL1B,GLT8D1,-0.200066575393596
IL1B,SCRN1,-0.199605458565374
IL1B,DLGAP5,-0.199586640490246
IL1B,OXCT1,-0.199563252265859
IL1B,CANT1,0.199396890500001
IL1B,BCOR,0.199148859725
IL1B,KBTBD2,0.199019410136068
IL1B,PITPNB,0.198944228710035
IL1B,EIF1,0.198075242850262
Activin A,PLXNA2,3.14403092373856
Activin A,CXCR4,2.94369294273086
Activin A,MGST2,2.76165537807249
Activin A,PLCE1,2.72357149753093
Activin A,TNC,2.47273588716917
Activin A,SAMHD1,-2.46127560618929
Activin A,PRDM1,2.36294456248432
Activin A,MANEA,1.90173758698514
Activin A,PTPRM,1.76552202778094
Activin A,ENC1,1.74396777221997
Activin A,SCG5,-1.6205530853675
Activin A,PDK1,1.5768384850845
Activin A,CCDC92,1.56388981324498
Activin A,ADAM19,1.55659886252354
Activin A,TMOD1,1.52742138556447
Activin A,VAMP8,1.50588352064493
Activin A,SEMA5A,1.47888567432567
Activin A,PHC1,-1.44707233930104
Activin A,ZNF589,-1.43168774004861
Activin A,AHNAK,1.37193093167272
Activin A,POLR3G,-1.33982773623486
Activin A,AASS,-1.32841499293992
Activin A,CYP1B1,1.31678658616904
Activin A,SERPINE2,1.31278801263567
Activin A,MCC,1.30412403558565
Activin A,AGL,1.23079463945599
Activin A,SOAT1,1.22290208490607
Activin A,DUSP4,1.20883187682645
Activin A,ARL4D,1.18560244228839
Activin A,IER3,1.18246286586307
Activin A,PERP,1.1770697889083
Activin A,BTG2,1.16630102709399
Activin A,SMARCD3,1.15054242782522
Activin A,LY6E,1.13785539176533
Activin A,MOCOS,-1.13135109137345
Activin A,ANKRD6,1.12560461957096
Activin A,DUSP10,1.12245594205953
Activin A,TMEM123,1.1065194281157
Activin A,MATN3,1.10132125807238
Activin A,OSBPL10,-1.08903555694802
Activin A,HGSNAT,1.08757201083762
Activin A,TAGLN2,1.07006518724375
Activin A,NFKBIA,1.06800637652482
Activin A,ARID5B,1.0604794033959
Activin A,ACOX3,1.06009215060671
Activin A,BMPR2,1.03561759077017
Activin A,CHAC1,-1.03437208031878
Activin A,NEK7,1.03173046452313
Activin A,MRC2,1.02242286213574
Activin A,MLYCD,1.01748678145807
Activin A,SLC38A4,-1.00266783021546
Activin A,VASH2,-1.00051392640974
Activin A,PSMB8,-0.984480506522699
Activin A,TERF1,-0.969978341888274
Activin A,YPEL5,0.96205903435615
Activin A,SYNJ1,0.955915510511451
Activin A,HEG1,0.955741285852229
Activin A,MFGE8,-0.955648309932998
Activin A,RARB,0.942124771003551
Activin A,DERA,0.940865019277194
Activin A,BCAR3,0.93948147664907
Activin A,NRP1,0.93614701870313
Activin A,KLF6,0.92279194070583
Activin A,MYO1E,-0.913866298475019
Activin A,SERINC3,0.905510099796899
Activin A,YAF2,0.898639739167449
Activin A,JADE1,-0.898455775304985
Activin A,ITGAV,0.896818006214698
Activin A,TBC1D4,-0.893608827097745
Activin A,TMEM135,0.888238065191007
Activin A,HEBP2,0.887680380944298
Activin A,CACNB3,0.88152634635297
Activin A,FABP3,-0.88099282521875
Activin A,GALNT3,-0.87877838657853
Activin A,PPFIBP1,0.872324645092618
Activin A,DNAJC15,0.871620680941591
Activin A,PPM1B,-0.866673374055079
Activin A,SSBP3,0.8649395755978
Activin A,ATP2B4,0.86359766254072
Activin A,NETO2,0.860837879298778
Activin A,CTSV,0.849911836277201
Activin A,COL6A2,0.842525500783125
Activin A,PCBP4,0.83664502857074
Activin A,SLC25A12,-0.835560481967012
Activin A,LRRC8D,-0.83496794029338
Activin A,ALAD,0.8348564479939
Activin A,PIM2,-0.831800288011209
Activin A,PDGFA,-0.829233822151586
Activin A,USP9X,-0.828238688667701
Activin A,SLC29A1,-0.820127987094848
Activin A,THBS4,-0.818257839012787
Activin A,SMPD1,0.81782976380399
Activin A,UBL3,0.817600015746688
Activin A,PYGM,-0.805124636169148
Activin A,B4GALT1,0.80441646296155
Activin A,HHAT,0.800058621512861
Activin A,KIFAP3,0.798340178002681
Activin A,CYFIP2,-0.797443234373371
Activin A,ALDOC,-0.79614025145107
Activin A,CEP55,0.793710594224409
Activin A,SEPHS1,-0.793137744030299
Activin A,CYB5A,-0.793055840869636
Activin A,STXBP1,-0.790204068662169
Activin A,METTL8,-0.78923166744824
Activin A,ETV1,-0.785683263683861
Activin A,ALDH3A2,0.785471682652637
Activin A,WDR12,-0.784830943790841
Activin A,GSTO1,0.78303884902065
Activin A,SERTAD2,0.77864883379038
Activin A,EFEMP2,0.77707019078841
Activin A,ASXL1,0.776231900689991
Activin A,RMND5B,-0.776148574955182
Activin A,TBC1D8,-0.775697141163946
Activin A,CYP27A1,0.770999939435185
Activin A,LRIG1,-0.76929934510511
Activin A,DIAPH2,0.768532074170163
Activin A,NRIP3,-0.765752090056089
Activin A,NAAA,-0.759127707325604
Activin A,SMYD2,0.758505332646289
Activin A,MT1F,-0.755065417322239
Activin A,TIPARP,0.75165481541742
Activin A,FGFR1,-0.750093776002611
Activin A,ANXA2,0.74917728923619
Activin A,FZD7,-0.746288064016673
Activin A,NQO2,-0.745796687610021
Activin A,SLC35A3,0.745021727620306
Activin A,FOXN3,-0.744218270397511
Activin A,MAGED2,0.743183907552943
Activin A,GCNT1,0.737906059207905
Activin A,UGP2,-0.730977963164662
Activin A,BTN3A2,-0.72862841357371
Activin A,NRIP1,0.728279888820561
Activin A,SNX16,0.723175037960269
Activin A,SERINC1,0.722495161159827
Activin A,CD99,0.722068826198239
Activin A,PGM1,0.721623215377068
Activin A,ATP2A3,-0.721056039064156
Activin A,FAM131B,-0.720202771824466
Activin A,RCL1,-0.71756294674913
Activin A,CDC42EP4,0.71754984198523
Activin A,POR,-0.71663290349807
Activin A,SLC39A14,-0.715848262902405
Activin A,TAF4B,-0.715177764215832
Activin A,GLS,0.714987220900271
Activin A,TRIB2,-0.710378356723525
Activin A,ABCC4,0.709317777258606
Activin A,MTHFD1,-0.70921000851825
Activin A,PEBP1,-0.708811278200123
Activin A,RAP2A,0.708592504061729
Activin A,SYNM,0.708457677191989
Activin A,MT1X,-0.708327324592201
Activin A,CAMKK2,0.706225313876416
Activin A,COL5A1,0.704121903334845
Activin A,GADD45A,0.704001772757099
Activin A,ZBTB10,0.703433548073717
Activin A,FSCN1,0.702956484705918
Activin A,INPPL1,0.702317039807149
Activin A,TRIP10,0.700135431917191
Activin A,JARID2,-0.699736833774077
Activin A,NMI,-0.69796476133395
Activin A,PLSCR1,0.692782018141509
Activin A,TP53BP2,0.691095379124714
Activin A,LITAF,-0.688062899518561
Activin A,NID1,-0.685798845129082
Activin A,DDAH2,0.68369950597733
Activin A,RALB,0.683643778365591
Activin A,SPRED2,0.68236269924035
Activin A,RAI1,0.681431083993562
Activin A,MANSC1,-0.67264734504474
Activin A,IL13RA1,0.672473066403359
Activin A,TAP2,-0.67190055305308
Activin A,DCAF17,-0.669670054286995
Activin A,URB1,-0.66846020135231
Activin A,NDRG4,0.667718278682909
Activin A,LZTS1,0.667399019293057
Activin A,MYBBP1A,-0.665933921663871
Activin A,CEBPZ,-0.665776069362606
Activin A,RRS1,-0.663377724603749
Activin A,LYN,-0.66300776716097
Activin A,PAK1,-0.66083834055681
Activin A,PCK2,-0.656785135888046
Activin A,MYLIP,-0.656308384707434
Activin A,GIPC2,-0.653334197535846
Activin A,RAD51AP1,-0.649474318668019
Activin A,IDH2,-0.648600892946142
Activin A,DCTN3,0.648270298730749
Activin A,EXOSC2,-0.642173634443651
Activin A,POLR1B,-0.640681484429461
Activin A,MCM4,-0.637650965995382
Activin A,TP53,-0.637146221190479
Activin A,FHL1,-0.636467583194088
Activin A,ALDH1B1,-0.636460140143701
Activin A,USP32,-0.636355028200281
Activin A,TXNIP,-0.636051086606202
Activin A,MMP24,-0.635681073176795
Activin A,PNRC1,0.63485976253909
Activin A,ARMC7,0.634840496413769
Activin A,ABCC1,-0.634652001204807
Activin A,TBC1D12,0.628990639900212
Activin A,APOC1,0.6257466675815
Activin A,PLPP3,-0.625011329586741
Activin A,C1S,-0.624345569330835
Activin A,DSCC1,-0.623628060254641
Activin A,GATM,0.622221129045228
Activin A,ZEB1,0.622094725942755
Activin A,MAP3K1,0.621253377443067
Activin A,RGS16,0.61997114052919
Activin A,GNPTAB,-0.619286578259043
Activin A,PITPNC1,-0.618768575635629
Activin A,HK2,-0.617578742961175
Activin A,FGFR4,-0.61649946755375
Activin A,HDAC9,-0.616041095410902
Activin A,SLC36A1,0.613950240319195
Activin A,COL1A1,-0.613690297627985
Activin A,PARP12,-0.611020034053251
Activin A,ZNF682,-0.610987433629719
Activin A,ACSL3,-0.610777604786985
Activin A,ZBTB40,0.609721941605996
Activin A,RBMS1,0.608894934247092
Activin A,CELF2,0.60820800293294
Activin A,TUBA4A,-0.607462712426717
Activin A,DHX35,-0.604466584094682
Activin A,SCD,-0.603788030079402
Activin A,TBL1XR1,0.60372863026242
Activin A,PORCN,0.603317985476812
Activin A,SLCO3A1,-0.603159741223868
Activin A,COA7,-0.602784420373574
Activin A,SRM,-0.602672651501524
Activin A,ANKRD28,-0.602196766426209
Activin A,RRAGB,0.601995429481739
Activin A,TKT,-0.601482995756498
Activin A,MID1IP1,0.5980087629589
Activin A,NOTCH1,-0.597890826109203
Activin A,LGALS3BP,-0.59758355113922
Activin A,PARP1,-0.59706129617407
Activin A,HK1,-0.59544314319184
Activin A,MAP3K12,-0.594880003930014
Activin A,C1R,-0.594393098921397
Activin A,TFE3,-0.59353800014818
Activin A,BUB3,-0.592756343853131
Activin A,MCM3,-0.59040275873708
Activin A,PCOLCE,-0.590304940348802
Activin A,TNFSF4,0.586050042475062
Activin A,ANKMY2,0.58596398619093
Activin A,GPR137B,-0.58589279797168
Activin A,NDUFAF7,-0.58454201260166
Activin A,PRPS2,-0.58355455042906
Activin A,MTHFD2,-0.5826436319898
Activin A,SHMT2,-0.580518672697567
Activin A,LBH,0.57941751617549
Activin A,THBS1,-0.579278321724329
Activin A,SACS,-0.578132906172163
Activin A,LAPTM4B,0.576624613890596
Activin A,COQ3,-0.575629108466069
Activin A,PIAS2,-0.57358342935853
Activin A,PER3,-0.571162089355207
Activin A,CEP70,0.570275478885639
Activin A,TOX,-0.569827198314101
Activin A,MCCC2,-0.569527457704516
Activin A,WDR4,-0.56903200254005
Activin A,TDRD7,0.568576993902155
Activin A,B4GALT4,0.56848129558267
Activin A,CUL1,-0.568037010223815
Activin A,PHLPP1,-0.567730408124034
Activin A,PAK1IP1,-0.567545073829502
Activin A,HPRT1,-0.567487458402551
Activin A,NDUFB3,0.566063872670569
Activin A,ZNF432,0.565965752260524
Activin A,AMD1,-0.565459484790159
Activin A,IGFBP4,-0.5646355153324
Activin A,NOL6,-0.563832148914331
Activin A,TSR1,-0.56190122789421
Activin A,ZMIZ1,0.561878333474801
Activin A,SLC7A11,-0.560823124809827
Activin A,MOSPD1,0.55922823276104
Activin A,CAD,-0.558415346514281
Activin A,TXLNG,-0.557170925006511
Activin A,TAPBP,-0.555872201811912
Activin A,SCPEP1,-0.55567715122447
Activin A,CBFB,0.555620883708183
Activin A,TAF9B,0.555500364745591
Activin A,ADORA2B,-0.55504789910116
Activin A,PSAT1,-0.554599663099298
Activin A,JMJD1C,-0.554443832302299
Activin A,RIF1,-0.553043380291152
Activin A,RAI14,-0.549070739926984
Activin A,APH1B,-0.54767384324471
Activin A,CLIP1,0.545390286219338
Activin A,USO1,-0.545245762612582
Activin A,GYG1,-0.544497557884871
Activin A,SRR,0.543182932404181
Activin A,ZSCAN2,-0.54304361236158
Activin A,IMPDH2,-0.542676374114485
Activin A,CTSB,0.541908414740021
Activin A,APAF1,0.54137451111434
Activin A,FERMT2,0.539380632578395
Activin A,MCM7,-0.5379280218714
Activin A,MRPS27,-0.537581640413832
Activin A,RCN3,-0.537084898823378
Activin A,PHLDA1,-0.535229552599311
Activin A,CHN1,-0.534514616588602
Activin A,EXOSC7,-0.53331123567069
Activin A,NAT10,-0.53293549517133
Activin A,HIVEP2,-0.531428357192154
Activin A,TPST1,0.531219490975792
Activin A,RPS24,-0.531198996634398
Activin A,GDAP1,-0.527484042201115
Activin A,DEPTOR,-0.52658144656162
Activin A,CLTB,0.525099322883001
Activin A,RCAN3,0.52456846100067
Activin A,HEBP1,-0.52206178607628
Activin A,CDC7,-0.521827990570481
Activin A,TDRKH,-0.521122097438425
Activin A,PELI1,0.521015349418999
Activin A,NOP16,-0.5201392293784
Activin A,MRS2,-0.519336195611447
Activin A,HELZ,0.51691579270843
Activin A,PGAP1,0.516044508050399
Activin A,DUSP5,0.515705500422689
Activin A,GNA12,-0.515223783490091
Activin A,MEGF9,0.515157138827792
Activin A,KLHL28,0.515135218722336
Activin A,RRP1B,-0.514974581626699
Activin A,CDK14,-0.514761810606589
Activin A,NFAT5,0.514369497949678
Activin A,TRAP1,-0.512712954318754
Activin A,POLR1E,-0.51246587717253
Activin A,DUT,-0.511601031234109
Activin A,PRKAR1B,-0.5104902042253
Activin A,PCSK5,-0.509993693551035
Activin A,NOLC1,-0.508710100424354
Activin A,CALCOCO1,0.50766395035642
Activin A,PTGER2,-0.50717153719094
Activin A,POP7,-0.506832169722477
Activin A,ARL6IP1,0.506568841238199
Activin A,NR3C1,0.506421513879518
Activin A,B3GNT2,0.506006817771042
Activin A,ASNS,-0.505153861949369
Activin A,TRIP13,-0.50497951007741
Activin A,CELSR2,-0.50486016949495
Activin A,CYBRD1,-0.50485893927367
Activin A,KANSL1L,0.504460920300685
Activin A,PRPS1,-0.502435357887201
Activin A,METTL3,-0.502035726794372
Activin A,NLE1,-0.501852509144398
Activin A,KDM3A,0.501714814526549
Activin A,LONP1,-0.500899687778262
Activin A,TIMM8A,-0.50078792173573
Activin A,SLC2A1,-0.500749289030769
Activin A,SAR1B,-0.500209581688534
Activin A,CHST7,-0.500062041552564
Activin A,THUMPD2,-0.498603520076457
Activin A,LRPPRC,-0.498110888177649
Activin A,SRPK1,-0.498070175554782
Activin A,PLCXD1,-0.49748143037733
Activin A,NCOA6,0.497271560932609
Activin A,DPH2,-0.497232598019515
Activin A,FAM216A,-0.496805591044449
Activin A,TBL2,0.495729106558218
Activin A,FAM98A,-0.4952409793336
Activin A,TRIM14,-0.49506841338037
Activin A,RAB29,-0.495024967012849
Activin A,STX6,-0.494249803387221
Activin A,NUP205,-0.493935807838751
Activin A,ARHGEF6,-0.49356336275391
Activin A,TTC30A,0.49223470241412
Activin A,TBC1D19,0.492089321939362
Activin A,PRKCA,-0.491662784345292
Activin A,ATP8A1,0.490102878661346
Activin A,ZNF614,0.490031837916542
Activin A,SAV1,-0.489039465774541
Activin A,SLC16A5,0.48881175066787
Activin A,DPP4,-0.48815781339152
Activin A,PALB2,-0.488035398268934
Activin A,ADAM23,-0.486456518135563
Activin A,ATIC,-0.484790199733352
Activin A,WDR43,-0.484208062113392
Activin A,CLIP4,0.484027480421805
Activin A,IER2,-0.483257863471969
Activin A,SEC24D,-0.48322691625326
Activin A,POLR3K,-0.483141569774965
Activin A,TRAF3IP2,-0.48309286345956
Activin A,ARF5,0.483034067131582
Activin A,TSEN2,-0.482691655280759
Activin A,FKBP9,0.482345606963721
Activin A,MT2A,-0.481712346278302
Activin A,FAM214B,0.481677984156116
Activin A,ATP6V1B2,0.481304436990259
Activin A,AGPAT3,0.481158159386495
Activin A,AGPAT4,0.48068756611578
Activin A,BTN3A1,-0.480486282958792
Activin A,METTL7A,-0.479631605260264
Activin A,LHPP,-0.479244507698299
Activin A,LARS2,-0.478656751605513
Activin A,EHHADH,0.47798275198913
Activin A,THBS3,0.476725074418634
Activin A,STIL,0.47641249784189
Activin A,ITPR3,-0.47631826537078
Activin A,DDB2,-0.474455506354779
Activin A,WDR3,-0.474188615907877
Activin A,ITGB5,0.47414337589256
Activin A,NIP7,-0.473136408893321
Activin A,OXCT1,-0.472984895031161
Activin A,S100A13,0.472707282875782
Activin A,LIG4,0.472324061530681
Activin A,MED14,-0.472265243571449
Activin A,PROSER1,-0.471410277947666
Activin A,TOM1L2,0.470754135783906
Activin A,CHFR,0.470140212058519
Activin A,FAM135A,-0.468249009253987
Activin A,FASTKD2,-0.467569556929768
Activin A,PDPR,-0.467005626649295
Activin A,PKP2,0.465841997418671
Activin A,RPA2,-0.465189589213939
Activin A,AKR1A1,-0.464261170494211
Activin A,NDRG1,0.464132123200543
Activin A,CERS6,0.46327749556489
Activin A,LNPEP,0.463215391002082
Activin A,CTSO,0.462565648612176
Activin A,ABCA1,0.462281753266175
Activin A,ARG2,-0.462150377802077
Activin A,ARHGAP10,0.461173950585669
Activin A,ACTR10,0.460054847063708
Activin A,ABCE1,-0.45987054329934
Activin A,NPTX1,-0.45986776173451
Activin A,GOT2,-0.4591424814205
Activin A,WDR44,0.458595656647897
Activin A,MYO1B,0.458199912619575
Activin A,MLEC,-0.458014737012338
Activin A,SLC7A6,0.457592549209926
Activin A,ZNF428,0.457527750898723
Activin A,ZNF322,-0.45666430346045
Activin A,SOS2,0.454373943364667
Activin A,DAZAP1,-0.454177665046551
Activin A,ZNF195,-0.45410269769345
Activin A,LAMB1,0.45396337707353
Activin A,EDEM2,-0.453536638434286
Activin A,IFT22,0.451412388588958
Activin A,GPI,-0.451333309467149
Activin A,MLLT11,0.451215520230104
Activin A,PCTP,0.450304333714968
Activin A,SOCS6,0.45003659375754
Activin A,INPP4A,0.44864267730636
Activin A,HIP1,-0.447419860923382
Activin A,PIP4K2A,-0.447364009800645
Activin A,TUBB2A,0.447305249895429
Activin A,PPIP5K1,-0.44667076473978
Activin A,TMEM120B,-0.446450235093862
Activin A,CCDC6,-0.44601060597282
Activin A,CHD3,0.445307258733621
Activin A,TRIB3,-0.44510266707101
Activin A,VCL,-0.444763035055434
Activin A,CITED2,0.444741175164651
Activin A,TMX1,-0.44411476810769
Activin A,FOXN2,-0.44400417397074
Activin A,PPP1R15A,0.44392065671617
Activin A,ZNF202,-0.443831166765347
Activin A,DCTN6,0.443562703430885
Activin A,LRP10,0.443479750803531
Activin A,CABYR,-0.44274605732946
Activin A,SECISBP2L,0.442537664236559
Activin A,JUND,0.44228109876694
Activin A,USP3,0.442243506543191
Activin A,PIK3CB,0.441828055761771
Activin A,GGCT,-0.441259400888407
Activin A,TMSB10,0.440152006611696
Activin A,CLDND1,0.439489908976752
Activin A,DNMT1,-0.439412465164809
Activin A,LTA4H,-0.43916241532938
Activin A,SYT11,-0.438957654506647
Activin A,NEDD4L,-0.43895635836954
Activin A,RNF11,0.43818767475635
Activin A,ATP2B1,0.437559290496949
Activin A,ISG20L2,-0.43699805653842
Activin A,CETN2,0.436783954671714
Activin A,NUP155,-0.43593435145355
Activin A,NPEPPS,0.435896254280007
Activin A,WDR46,-0.435837274776111
Activin A,MRPL2,-0.435754179097112
Activin A,CAPNS1,0.4354805794634
Activin A,UBR5,-0.435442141495755
Activin A,PLXNA3,0.435135388687098
Activin A,CTSZ,0.43486594374976
Activin A,BACE1,0.434039615924928
Activin A,XYLT2,-0.433813689289111
Activin A,HSPB1,0.433345209952131
Activin A,ELL3,-0.43299493128263
Activin A,DET1,-0.432959407276106
Activin A,RAP1GDS1,0.4328106292564
Activin A,PLK4,-0.432306649249581
Activin A,CD9,-0.432083108365427
Activin A,MAPKAPK5-AS1,-0.431781653352155
Activin A,MDK,0.431523912746922
Activin A,PRSS23,0.431452917900284
Activin A,DOCK5,-0.430468900741829
Activin A,TFB2M,-0.430380891302027
Activin A,NCOA4,0.429859488855056
Activin A,SNRPB,-0.429487220171694
Activin A,TERF2IP,0.429394745136791
Activin A,GPSM2,0.429219173036682
GDF11,COL10A1,3.03379468869236
GDF11,CXCR4,1.63254529447026
GDF11,PAK3,1.27726045685028
GDF11,EGR2,1.11673064522523
GDF11,LMCD1,1.09906135744285
GDF11,GADD45G,-1.03900125600064
GDF11,AQP1,0.971550166895302
GDF11,EDN1,0.961076532184634
GDF11,LEF1,0.924322873125735
GDF11,DPF3,-0.875858160738746
GDF11,HLF,-0.873010376224992
GDF11,ANK1,-0.857495451954472
GDF11,CEMIP,0.840703897366455
GDF11,HBEGF,0.839637326097146
GDF11,LANCL2,0.839551394737821
GDF11,PLXDC2,0.828266621438745
GDF11,PLPP3,-0.814884844164088
GDF11,PTGS2,0.80798147964581
GDF11,CLCN5,-0.767843079991478
GDF11,KCNQ4,-0.733460712032014
GDF11,IER3,0.715058695968974
GDF11,NINJ2,0.711967777456477
GDF11,PELI2,0.705064026364054
GDF11,DUSP4,-0.693949990742402
GDF11,HIVEP1,0.69061138095462
GDF11,KSR1,0.687244384682736
GDF11,ARHGAP32,0.687131301310694
GDF11,COL4A4,0.681255544079069
GDF11,CCDC102B,-0.668213832291238
GDF11,GPSM2,-0.667336379593692
GDF11,IGSF3,0.638038676968185
GDF11,FILIP1L,0.626662140444171
GDF11,XYLT1,0.619628379039658
GDF11,SOX4,0.615686231127747
GDF11,MN1,0.606679032765757
GDF11,LHFPL2,0.606098327115278
GDF11,CHST11,0.600016366760007
GDF11,HTR2B,-0.557735789608241
GDF11,IVNS1ABP,0.553330070321476
GDF11,RNF121,0.553277063527835
GDF11,DUSP5,-0.540531506739717
GDF11,ABCA1,0.537656785942799
GDF11,PIK3C2B,0.535426343982959
GDF11,CDKN2B,0.532140727380925
GDF11,APAF1,0.526107526866965
GDF11,AKAP9,-0.511736119875049
GDF11,SMG9,0.511207328789427
GDF11,ABHD4,0.51075803961977
GDF11,PARN,0.509589765315503
GDF11,WNK1,0.509086862182398
GDF11,IL1RAP,0.508551456561459
GDF11,TMCC2,0.50602091313563
GDF11,GPR68,0.502732380238406
GDF11,PRDM1,0.496185404552572
GDF11,MAP3K5,-0.492205611899341
GDF11,GADD45B,0.492129064283251
GDF11,IRF7,0.48488261928291
GDF11,RASSF2,0.470465421770811
GDF11,DSE,0.467756639689707
GDF11,SCG5,0.463774071885919
GDF11,BCOR,0.4590349929836
GDF11,RAB11FIP1,-0.457120723840025
GDF11,TSPYL4,0.454934194902961
GDF11,GMIP,0.445859141992133
GDF11,BMPR2,0.444629079153083
GDF11,THUMPD2,0.440148856200395
GDF11,ADTRP,0.428199130100882
GDF11,REPS2,-0.426893677529002
GDF11,ADAM12,0.425669637124145
GDF11,IMPG2,-0.422141953385353
GDF11,JUNB,0.421304009480503
GDF11,FGFR4,-0.421019725629275
GDF11,OXCT1,0.419831529136161
GDF11,PXDC1,0.41981385504192
GDF11,ARL4D,-0.419447349723846
GDF11,MTSS1,-0.419099649300096
GDF11,KLHL24,0.415037499278844
GDF11,ANKRD36B,-0.413619173194077
GDF11,WWP2,0.413054570532699
GDF11,IGF1R,0.411395368688957
GDF11,NPTX1,0.40612686073522
GDF11,KLHL29,-0.405538595289951
GDF11,CKB,-0.40519518495422
GDF11,JAG2,-0.402811880134022
GDF11,CELSR2,0.400433409817487
GDF11,KIF20B,-0.398645619356453
GDF11,DCLK2,0.397540418312016
GDF11,EEA1,-0.393588794583005
GDF11,LGALSL,-0.389345952093446
GDF11,LAPTM5,0.388704781333756
GDF11,RAG1,0.383248788622145
GDF11,PFKFB3,0.381977569928699
GDF11,LZTS1,-0.377906031500165
GDF11,PPL,-0.376818766301152
GDF11,ADORA2B,-0.376521901089888
GDF11,ZNF281,0.374669308221031
GDF11,PRPS1,0.371735829252081
GDF11,KIF14,-0.36907639819352
GDF11,TOP2A,-0.368592125291928
GDF11,MICAL2,0.367479558015097
GDF11,LRRC8B,-0.36715482672604
GDF11,CELSR1,-0.366469677850301
GDF11,THBS1,0.36564401998497
GDF11,DEPTOR,-0.365284464081744
GDF11,FSTL3,0.363843430194542
GDF11,GIPC2,-0.363037575504539
GDF11,POMT2,0.362002702279908
GDF11,ATXN1,0.361876598779347
GDF11,TSPAN13,0.360669524845539
GDF11,LUZP1,0.358916457192112
GDF11,ITGA2,0.358323210651804
GDF11,MKI67,-0.357817476078458
GDF11,TRAF4,-0.356940990526581
GDF11,ZNF91,-0.355307528673501
GDF11,CHAC1,0.354182293891989
GDF11,ITIH4,-0.354030597042272
GDF11,ULK1,0.353640144548514
GDF11,DLK2,0.352767222895444
GDF11,ASAP1,-0.352744086796397
GDF11,APBB2,0.349068733003755
GDF11,TGFB3,-0.344040945218049
GDF11,RARA,0.341485352262738
GDF11,THEMIS2,0.341211132131043
GDF11,UNC119,-0.340735240787249
GDF11,MSRB1,-0.339909783699453
GDF11,STK38L,0.339727162828278
GDF11,SLC2A1,0.337398428121826
GDF11,DAPK2,0.334136278467853
GDF11,SSX2IP,-0.333890481471522
GDF11,SCRG1,-0.332870953734731
GDF11,BICD1,0.330427995222561
GDF11,SGPL1,0.329399986133097
GDF11,SIK2,0.328478216811981
GDF11,UGCG,-0.327153497205085
GDF11,ANKRD12,-0.324595171708879
GDF11,PDGFRB,0.324349228227103
GDF11,LRRC8D,-0.324110918465703
GDF11,FOSL1,-0.323545936912209
GDF11,GINS2,-0.322752021328103
GDF11,RRS1,-0.322169943329078
GDF11,ATP8B2,0.320719229418151
GDF11,GLS,0.320594044102048
GDF11,CENPA,-0.320590920508184
GDF11,RAB3B,0.319200879841308
GDF11,IFFO1,-0.319098329948865
GDF11,LBH,0.314536700747597
GDF11,FGD6,0.314484170933548
GDF11,CDC25B,-0.314281420059809
GDF11,TIMM8A,-0.31348575807102
GDF11,TBL1X,-0.312483018189528
GDF11,COA7,-0.311739274912582
GDF11,KLHL26,0.309013320030253
GDF11,MBP,0.306651934423075
GDF11,DNAJA4,-0.306572798617193
GDF11,PDE4DIP,-0.306125336036521
GDF11,ZNF280B,-0.305145511121496
GDF11,FAM216A,-0.304745673277758
GDF11,NCBP3,0.304203767803642
GDF11,RAB6B,-0.302641242550376
GDF11,ATP13A2,0.302122956227933
GDF11,CHN1,0.301402999395705
GDF11,SSH1,0.300209398960925
GDF11,METTL7A,-0.300181902531222
GDF11,FYN,-0.300105643952424
GDF11,IQCK,0.299377609335219
GDF11,ZNF239,-0.299183232262838
GDF11,AVPI1,-0.296819812733808
GDF11,EGR1,0.296527688962318
GDF11,CDYL,0.296092191306018
GDF11,SMIM14,0.294936903865546
GDF11,TNRC6B,0.294385896082908
GDF11,PTPRJ,0.293028070996072
GDF11,ARL4A,0.292787765589777
GDF11,NDC80,-0.292107330030108
GDF11,ATRX,-0.290446095682261
GDF11,ALDH3B1,-0.289370726405917
GDF11,TNK2,0.289081334307909
GDF11,LMO7,-0.288753623950463
GDF11,MAP3K4,0.287365969784821
GDF11,CHIC2,0.284913379581765
GDF11,VASH1,0.284264921244614
GDF11,ELOVL6,-0.28286261513267
GDF11,PRKAB2,0.282451859661034
GDF11,SPTLC2,0.282167312361562
GDF11,PHLDA2,0.281099485102796
GDF11,DBNDD1,-0.278755681500947
GDF11,PHLPP1,-0.278748983266798
GDF11,TNFAIP2,-0.278146403476811
GDF11,ZNF264,0.277220966254236
GDF11,NR4A2,0.277005348606696
GDF11,CRISPLD2,0.27694088475195
GDF11,CEP162,-0.275888947093726
GDF11,ATF7,0.275634442613428
GDF11,POR,-0.275463159062144
GDF11,ERBB3,-0.274183008987492
GDF11,IFIT5,-0.273974837611757
GDF11,RNF19B,0.273564622972676
GDF11,AFF1,0.27290604610217
GDF11,TUBG1,-0.272715194206545
GDF11,TES,0.272572671763715
GDF11,COG2,-0.272548208832969
GDF11,PIM1,0.270853910293094
GDF11,LPCAT4,-0.270041810851174
GDF11,GPX3,-0.269937305596309
GDF11,CCDC85B,-0.269759764979994
GDF11,CAMK2G,0.269564997190396
GDF11,FBXW7,0.268778012756133
GDF11,MRPL12,-0.268652022547173
GDF11,SERPINE2,0.267157037512908
GDF11,POU2F1,0.266938325675421
GDF11,ATP2B1,-0.266280065337448
GDF11,PPIF,-0.266157664856363
GDF11,IL1R1,-0.265748165163075
GDF11,EFNA4,0.265483805540215
GDF11,PTCD2,-0.265240673718097
GDF11,APOC1,-0.264895650284339
GDF11,CDKN2C,0.264494334393199
GDF11,LRP5,-0.264331960505421
GDF11,TMCC1,0.264024402353935
GDF11,POLR1E,-0.261974713868561
GDF11,TNFAIP8,-0.261486275994498
GDF11,RAB30,0.260890491519993
GDF11,MAMLD1,0.260682573276957
GDF11,PDE7B,-0.260425261105026
GDF11,PYGM,-0.260361784982915
GDF11,PAK1,-0.259788825830238
GDF11,PVR,-0.259053982929652
GDF11,PORCN,0.258826282880865
GDF11,RAD50,-0.258349797404442
GDF11,PPFIA1,0.257912694028134
GDF11,TRIP11,-0.257315261953848
GDF11,MPI,-0.256946600322828
GDF11,UBL3,0.255904291646861
GDF11,ODC1,-0.254683748494442
GDF11,MDM4,-0.254442671169231
GDF11,ENDOG,-0.253994742707078
GDF11,SLC38A6,-0.253074058772164
GDF11,BCL2L1,-0.252802354553936
GDF11,MTMR3,0.252802354553936
GDF11,HIC1,0.252692943125456
GDF11,CBFA2T2,0.252692089367883
GDF11,HPS5,0.25249066501647
GDF11,CEP295,-0.251573627758094
GDF11,EFHD2,-0.25100039618992
GDF11,ZFP36,-0.250838089407658
GDF11,TRIB3,-0.250554224701256
GDF11,IGFBP3,0.249997604949507
GDF11,TMEM53,-0.249879040750914
GDF11,NCOA3,0.249840655746501
GDF11,LDB1,0.249625673777938
GDF11,CAPN5,-0.249437675685334
GDF11,ANKH,0.248706310835788
GDF11,RORA,-0.248566915389683
GDF11,SCN3A,-0.248506443048039
GDF11,OSGIN2,0.247410881373289
GDF11,ISOC1,-0.246774494095845
GDF11,UBE4B,0.246681865912535
GDF11,MAP1B,0.246569822949276
GDF11,PEAK1,0.246497491748883
GDF11,BRIX1,-0.246423429548663
GDF11,GEM,-0.246049320273117
GDF11,KIAA0355,0.245658448171415
GDF11,FRS2,0.244838190791864
GDF11,AGAP1,0.243564103864099
GDF11,PSMG1,-0.243553063431101
GDF11,QPRT,-0.243493670578931
GDF11,FCHSD2,0.243432271462371
GDF11,RWDD2A,0.243330546331813
GDF11,HSF1,-0.243168235492021
GDF11,CDCA3,-0.243059240379206
GDF11,TAGLN2,0.242782406156783
GDF11,DIXDC1,0.242659934879502
GDF11,DPP4,-0.241675034235731
GDF11,RGS16,0.240280204796222
GDF11,TSEN2,-0.24020437620181
GDF11,PIBF1,-0.240151135983052
GDF11,EDC4,-0.23979192732231
GDF11,METTL1,-0.239497377663747
GDF11,ZNF609,0.2392248911041
GDF11,DLEU1,-0.238956745297002
GDF11,MFSD12,0.238701690119608
GDF11,JARID2,-0.238077345899729
GDF11,MXRA8,0.237378692215451
GDF11,ABLIM1,0.236740191854306
GDF11,PTGER2,-0.236454003580304
GDF11,NETO2,-0.236304834711774
GDF11,PDSS1,-0.236251307040332
GDF11,POLD4,0.235544219281794
GDF11,KDELR3,0.235508611506378
GDF11,MPP6,-0.23543325684979
GDF11,PLXNA3,0.234936682679471
GDF11,PMS1,-0.234825326384126
GDF11,SH3GL1,-0.23464203724221
GDF11,DEXI,-0.234456062381545
GDF11,ZBTB44,0.233065101851462
GDF11,SLC20A2,-0.232685983942654
GDF11,TPD52L1,-0.232592802192443
GDF11,SMURF1,0.232381436529408
GDF11,NET1,-0.23185150722518
GDF11,BCKDK,-0.230936887806831
GDF11,MIOS,-0.230920594803646
GDF11,PRPS2,-0.230915290741957
GDF11,ETV1,-0.229837263569467
GDF11,CLTCL1,0.229749317506808
GDF11,N4BP1,0.229598207896691
GDF11,SSBP3,0.229053110585364
GDF11,DLG3,0.228799346839327
GDF11,MCM9,0.227653982788763
GDF11,ZFAND5,0.22762529629715
GDF11,PTGER4,-0.227526589063362
GDF11,HIVEP3,0.226897804232944
GDF11,ZBTB10,0.226081809086629
GDF11,CREB3L1,0.225619625315212
GDF11,BPGM,0.225354835192309
GDF11,POLR1C,-0.225267993214662
GDF11,ING2,-0.225021782819536
GDF11,KDM4C,0.224966365000274
GDF11,DUSP1,-0.224945665707391
GDF11,NAMPT,-0.22463400998321
GDF11,EIF5B,-0.224600054877762
GDF11,CDKN3,-0.224386287325462
GDF11,RRAS,0.223008954541836
GDF11,C1GALT1,-0.222091922469179
GDF11,CCNE2,-0.221090204748049
GDF11,OFD1,-0.220201946059575
GDF11,VAMP5,-0.220185708048827
GDF11,LMTK2,0.219688835723545
GDF11,CBLB,0.219678036639412
GDF11,PAPOLG,0.219499013191438
GDF11,ZBTB40,0.219475824057373
GDF11,GOLGA4,-0.219435683261159
GDF11,SPEN,0.2191200708629
GDF11,ZFHX3,0.218548428730468
GDF11,KDM7A,0.217417727987669
GDF11,WDR12,-0.217348175927812
GDF11,SKI,0.217015760927752
GDF11,FOXM1,-0.216364702040289
GDF11,ZMAT5,-0.216046916752147
GDF11,NDUFAF4,-0.215337499218796
GDF11,SPHK2,-0.214829766821844
GDF11,NFAT5,0.214299550520284
GDF11,NUP93,-0.214216298174177
GDF11,PSD3,0.214124805352847
GDF11,CES2,-0.214114649102548
GDF11,SYTL2,-0.214063962679752
GDF11,HIC2,0.213932434381189
GDF11,SOBP,0.213310381352708
GDF11,KIAA0930,0.21303282574546
GDF11,TUB,-0.212699121990765
GDF11,GEMIN4,-0.212416070790961
GDF11,MECOM,0.212158273737705
GDF11,DNAJB4,-0.212083367662213
GDF11,MRPL34,-0.211477344579277
GDF11,TRMT61A,-0.210718793681696
GDF11,MFSD6,0.21058023465554
GDF11,EIF4EBP1,-0.210472147633904
GDF11,ALAD,0.210191066034399
GDF11,RASA1,0.210044727633351
GDF11,FOXRED2,-0.20995162722533
GDF11,RIF1,-0.209812517802968
GDF11,PHACTR4,0.209501265460997
GDF11,ZNF175,0.209460466883035
GDF11,ARHGAP6,-0.209116488606348
GDF11,DENND5B,0.208805721471334
GDF11,IMP3,-0.208712739099814
GDF11,TCF20,0.207848543303075
GDF11,ZZEF1,0.207495474358042
GDF11,ACOX3,0.207471907370471
GDF11,KTN1,-0.207471281919522
GDF11,WDR43,-0.207432826346929
GDF11,ZCCHC14,0.206924587060932
GDF11,AAK1,0.206866564288255
GDF11,SS18,0.206838942444623
GDF11,SCAPER,-0.206694823198681
GDF11,MAP7D1,0.206487989797443
GDF11,UQCC1,-0.2062520084836
GDF11,SC5D,0.206230826261503
GDF11,SFPQ,0.205943880229384
GDF11,THBS3,0.205584133649894
GDF11,TUBA4A,-0.205507404557702
GDF11,RBM38,0.205296618868402
GDF11,HECA,0.205073626397191
GDF11,CASP8,0.205033103652791
GDF11,CDC20,-0.204695468068851
GDF11,ZNF85,0.204101654095268
GDF11,STK17B,-0.203965571595488
GDF11,EIF2AK3,0.203913292191872
GDF11,AGO4,0.20314403317893
GDF11,ACADSB,-0.20313802709201
GDF11,FAM214B,0.202281640794801
GDF11,LRIG1,0.20211087117981
GDF11,MMACHC,-0.201096349687546
GDF11,CD9,0.201049221785674
GDF11,IQSEC1,0.200897368739947
GDF11,CCDC93,0.200615725589694
GDF11,FAM13A,-0.200532987372709
GDF11,MATN3,0.200391757799299
GDF11,BYSL,-0.200222861892948
GDF11,GSR,0.199449833788464
GDF11,YPEL1,0.19927982161971
GDF11,RNF41,0.199278782727744
GDF11,TBPL1,0.198900147662535
GDF11,DRAM1,0.198863239746231
GDF11,CPT1A,0.198689263093651
GDF11,PLA2G4C,-0.198578977968314
GDF11,RBL1,-0.197991379740068
GDF11,ITPR1,0.197939377611909
GDF11,NIP7,-0.197851097326135
GDF11,ARHGEF2,-0.197508286189857
GDF11,IRF2,0.197108604498515
GDF11,ZKSCAN3,0.196766776434612
GDF11,PRKCA,0.196731907908746
GDF11,IFIT3,-0.196640653963141
GDF11,AKT3,0.196609367180429
GDF11,MAFG,0.196081423099566
GDF11,FNBP1L,0.195912011300338
GDF11,MRPS12,-0.195668265975859
GDF11,DEPDC1,-0.195490487607974
GDF11,KHNYN,0.195444432296721
GDF11,PHIP,-0.195197588799402
GDF11,PHF20,0.195125057240318
GDF11,PNO1,-0.194948509281678
GDF11,ATG16L1,0.194894230200969
GDF11,TK2,0.194468095420943
GDF11,ZNF248,0.194435809099284
GDF11,CRIP2,0.19411465620958
GDF11,SIRPA,0.194024320807825
GDF11,BID,-0.193638093138603
GDF11,CIB1,0.193179384727026
GDF11,SDHAF3,-0.192858109904149
GDF11,UTP18,-0.192818135585605
GDF11,AUNIP,0.192679587389438
GDF11,WDFY3,0.192577074285214
GDF11,RNF6,-0.19233083375514
GDF11,AFAP1,0.192265544079975
GDF11,TCEAL1,-0.192095936375091
GDF11,C1orf109,-0.191943490471073
GDF11,NSMCE4A,-0.191902360711405
GDF11,NRBF2,0.191884070335589
GDF11,PDGFA,0.191882568507165
GDF11,FAM131B,0.1915927184535
GDF11,FAM118A,0.191326347728307
GDF11,PPA2,-0.191200180553324
GDF11,PGM3,0.191155521835366
GDF11,JADE1,0.190684050707519
GDF11,PPP2R3A,0.190434878591632
GDF11,ENC1,0.190328691999671
GDF11,HSD17B8,-0.189976929760704
GDF11,PML,0.189344872373992
GDF11,PLCXD1,-0.188810751223772
GDF11,CCNB2,-0.188047151095538
GDF11,CRLF1,0.18760126613557
GDF11,CCDC88A,-0.18718659611733
GDF11,MEGF9,0.186721679518094
GDF11,TRIB2,0.186675110434512
GDF11,ID3,0.186245377637201
GDF11,PDLIM7,0.186235275612072
GDF11,ANKLE2,0.18611197558142
GDF11,GRPEL1,-0.185940258446932
GDF11,EP300,0.185272885299888
GDF11,ARMCX4,-0.185102423606892
GDF11,PPM1F,-0.184818875801902
GDF11,ARL4C,-0.184729688373764
GDF11,SRSF10,-0.184634164138954
GDF11,DPY19L1,0.184318676590609
GDF11,DLGAP5,-0.18414186528955
GDF11,ATXN7L1,-0.183718633390807
GDF11,SOWAHC,0.183492916797429
GDF11,MAFK,0.183423723033424
GDF11,MIPEP,-0.182782769152846
GDF11,CAMSAP1,0.182610502640475
GDF11,WARS2,-0.182408994628289
GDF11,CAPN7,0.181732761740996
GDF11,ASF1A,0.181129875738604
GDF11,ALDH2,0.181033436090067
GDF11,MYO19,0.180572245641821
GDF11,AGRN,0.180431381541439
GDF11,EXOSC2,-0.180337469053975
GDF11,RGL1,0.180294857628233
GDF11,RAB11FIP3,-0.180155993413267
GDF11,INPPL1,0.180115372916422
GDF11,TIMM22,-0.180085042450816
GDF11,EDEM1,0.179944872201018
GDF11,DUSP10,-0.179831674626139
GDF11,SPR,-0.179749039049094
GDF11,RCHY1,-0.17916093516906
GDF11,WDR37,0.179022506042617
GDF11,CD82,-0.178808125820106
GDF11,TRIM23,0.178776002309043
GDF11,TGIF1,0.178639458690709
GDF11,SLC16A4,0.17856367905144
GDF11,ZC2HC1A,0.17843112082636
GDF11,GRAMD4,-0.178430942498375
GDF11,STX3,0.178428214095158
GDF11,AMD1,-0.178418551914758
GDF11,OSBPL2,0.178391813847389
GDF11,C12orf49,0.178366568633034
GDF11,MRPL17,-0.178350740647787
GDF11,DBF4,-0.178337241258513
GDF11,POLR3G,-0.178162872208003
IL27,GBP2,2.8783566677089
IL27,IFIT3,2.24200367212262
IL27,STAT1,2.2056834651975
IL27,IRF1,2.14309650407202
IL27,NMI,1.74445488840817
IL27,TAP2,1.4614606944623
IL27,C1R,1.3630063736916
IL27,LAP3,1.36176253493521
IL27,IFIT5,1.29287553410477
IL27,C1S,1.27441525937897
IL27,PLSCR1,1.22598836562041
IL27,ERAP2,1.20122948270709
IL27,IFIT2,1.13006938610689
IL27,SAMHD1,1.12221086937506
IL27,STAT2,1.11217396028876
IL27,IFITM3,1.10277258527714
IL27,BTN3A2,1.09414198287255
IL27,PSMB8,1.07510988611652
IL27,DDX58,1.06565354503182
IL27,BTN3A1,0.978970988835339
IL27,IL18BP,0.949469043709794
IL27,CTSO,0.94496869023877
IL27,PARP12,0.901768490985165
IL27,CASP4,0.880245067764504
IL27,LGALS3BP,0.873457722972324
IL27,PSMB10,0.81491143778645
IL27,TAPBPL,0.75336040611594
IL27,SPAG5,-0.73938066988881
IL27,TNFRSF10D,-0.718245629840846
IL27,TRIM14,0.700838274215359
IL27,NAMPT,0.677653645515405
IL27,TRAFD1,0.654702260727112
IL27,LY6E,0.64940046874012
IL27,MT2A,0.649013867023027
IL27,CASP7,0.643129774151806
IL27,TAPBP,0.64128158811048
IL27,RNF19B,0.612167249757241
IL27,PML,0.603073650151132
IL27,MVP,0.594227542490088
IL27,EIF2AK2,0.576664764533262
IL27,IRF9,0.574268021009083
IL27,VAMP5,0.569252035467637
IL27,DRAM1,0.559926272200619
IL27,PSMA3,0.552029830442877
IL27,RCN1,0.510860037117
IL27,CD47,0.504096226375251
IL27,RIPK2,0.502180257704946
IL27,HLA-F,0.48960038458724
IL27,ADAR,0.462256901128987
IL27,SOCS3,0.42148615472157
IL27,B2M,0.411966099811751
IL27,CXCR4,-0.405302239839115
IL27,RBCK1,0.403527743369055
IL27,PPA1,0.398751315545161
IL27,STX17,0.393026101141441
IL27,C1RL,0.390663856495312
IL27,DNAJA1,0.387967203685458
IL27,PSMA4,0.386081647990721
IL27,RAB27A,0.382586501152595
IL27,IER3,-0.382527057667875
IL27,CEBPD,0.379629665857691
IL27,OTUD4,0.375318412042811
IL27,PTGS2,0.369443574525867
IL27,FAM111A,0.368430615644645
IL27,DPP4,-0.36834569729445
IL27,GSTM3,-0.365453560042182
IL27,IRF2,0.363418193128744
IL27,PLEKHA5,-0.355945514464482
IL27,OGFR,0.351149578023062
IL27,NAPA,0.35060399741467
IL27,PPFIBP1,-0.347509137290407
IL27,STOM,0.346230057053299
IL27,CDC25B,0.341650280229231
IL27,NDUFA9,0.334151412886332
IL27,GLRX,0.333064376230143
IL27,IFNAR2,0.332929742758966
IL27,GLUL,0.332614864846759
IL27,SAT1,0.330279491069677
IL27,MAF,0.329156816863496
IL27,TBC1D4,-0.328672985875309
IL27,BAZ1A,0.323478353527832
IL27,IGFBP4,0.322180166830057
IL27,SLC12A7,0.321981331016104
IL27,RNF114,0.318926515112202
IL27,FRY,-0.318509196381848
IL27,MAX,0.316554260115217
IL27,FLNB,-0.31374812485457
IL27,SLC50A1,0.311858705358405
IL27,APOBEC3C,0.310984655636052
IL27,SUSD6,0.310895952195954
IL27,CALCOCO2,0.308858193092821
IL27,RAB30,-0.30318870732517
IL27,GSTM1,-0.297859162755606
IL27,SLC25A28,0.296552793728764
IL27,DUSP3,0.294433066553603
IL27,FAM171A1,-0.293287610484928
IL27,REPS2,-0.287873894411645
IL27,MT1F,0.287673794669186
IL27,SCML1,0.28707674998601
IL27,PSMA2,0.286877321376729
IL27,WSB1,0.286460316373408
IL27,RMDN3,0.285643599188361
IL27,NUCB1,0.285401386792659
IL27,MYCBP2,0.283371076630885
IL27,DENND5A,0.281868388958344
IL27,TBC1D8,-0.28059326789782
IL27,TDRD7,0.279815887014583
IL27,ATP2B1,-0.278527193407365
IL27,BAK1,0.27592404407892
IL27,PECR,-0.275769785617477
IL27,NT5DC2,-0.273108585981306
IL27,FYN,-0.271215838123418
IL27,PSD3,-0.271179846692757
IL27,MT1X,0.271008956056268
IL27,CTSV,-0.270746865130995
IL27,CASP8,0.270570704654672
IL27,CYP1B1,-0.270371680084902
IL27,MSRB1,0.267956583077552
IL27,FOXO1,-0.267726229499806
IL27,TSPAN13,-0.26466934413356
IL27,RPS6KC1,0.263443647928417
IL27,ATP10D,0.262224696726129
IL27,MAGED2,-0.261462969835403
IL27,NQO1,-0.260992571303742
IL27,GUK1,0.260456452406823
IL27,QPCT,-0.260280473960182
IL27,PON2,-0.257035835050089
IL27,MYD88,0.254706151290224
IL27,TMEM168,-0.25413849401559
IL27,TRAM2,-0.25295194487826
IL27,FNBP1L,-0.252274420226184
IL27,ITGAV,-0.2517590818684
IL27,DYNLT1,0.25171527187177
IL27,TMEM62,0.250984232127617
IL27,CBX5,-0.2487079651901
IL27,EGR1,0.248588245934315
IL27,ACAA2,-0.248427987071438
IL27,HACD1,-0.247323096726395
IL27,BICC1,-0.24644628927358
IL27,JADE1,-0.245030440313151
IL27,PEA15,-0.244752548686799
IL27,ELF4,0.24413998451127
IL27,IMPDH2,-0.243744188041427
IL27,PCYOX1,-0.243246853552232
IL27,PCBP4,-0.242927801532434
IL27,CUL2,0.242605458569161
IL27,RAB11FIP1,-0.241765366180158
IL27,PHTF2,-0.241319898997762
IL27,NRIP1,0.241197340519398
IL27,GADD45A,-0.240986389523894
IL27,PHYH,-0.239746684004771
IL27,EXTL2,-0.238339592558916
IL27,PDE4DIP,0.23812133912866
IL27,ANKH,-0.237546230116243
IL27,RMND5A,-0.237040412909701
IL27,CSRP1,-0.236670119587081
IL27,TMEM14A,-0.23628119991001
IL27,TRIM26,0.234698028196128
IL27,CMAHP,0.234653288459322
IL27,CD59,-0.234606331289267
IL27,CHD3,-0.234567669149365
IL27,MOB1A,0.233658266629167
IL27,ESYT1,-0.23342474750619
IL27,SERPINB1,0.233238065281402
IL27,ABAT,-0.231521764745854
IL27,TSPAN7,-0.230357103634667
IL27,TGFBR1,-0.23024237949336
IL27,MUC1,0.229513521895838
IL27,RGL1,0.22862487937206
IL27,AKR1B1,-0.227485597341091
IL27,KCTD3,-0.22671881920809
IL27,THBS1,-0.226143954360948
IL27,LYN,0.226013258550489
IL27,NSMCE4A,0.224133172330306
IL27,IRF7,0.222893497445748
IL27,BLZF1,0.222146661241641
IL27,CLK4,-0.221963633889064
IL27,ATP8A1,0.221926416942852
IL27,SCYL3,0.221387052734788
IL27,NMT2,-0.220413004750866
IL27,RASSF4,-0.220321494248786
IL27,AASS,0.219991435226378
IL27,GTPBP1,0.219771265374753
IL27,SLC29A1,-0.218557918814953
IL27,PAK1,0.217755780254286
IL27,TNFAIP2,0.217710554727391
IL27,ENC1,-0.217346784359651
IL27,ITM2C,-0.216191402826738
IL27,LIPT1,0.216176262977768
IL27,TNFAIP3,0.216172957338733
IL27,VAT1,-0.215819448218079
IL27,CDC37L1,-0.21543577614417
IL27,ZFP36,0.215136983012074
IL27,RIPK1,0.215043626818136
IL27,CPT1A,0.214995592209802
IL27,RBMS1,0.214282167128099
IL27,ERP44,0.213203107816782
IL27,MCL1,0.213192748127971
IL27,VPS13A,-0.212765710792693
IL27,TMCO3,-0.21243012531315
IL27,SRSF8,-0.212266387924607
IL27,NT5DC3,-0.212229047676425
IL27,HGSNAT,-0.212061736699309
IL27,ARNTL2,0.21133001965161
IL27,FAM135A,0.211247549808677
IL27,SERPINF1,-0.210642629771786
IL27,HK1,0.210593989529664
IL27,POMP,0.210399722857003
IL27,PFKM,-0.210073414226954
IL27,PARP8,0.209777804294612
IL27,BAZ2A,0.209353195876357
IL27,HMGB3,-0.209229653967321
IL27,ADA,0.208865830867843
IL27,TMEM106C,-0.207575636152822
IL27,AKR1C3,-0.20670249823037
IL27,PRKACB,-0.206628581928673
IL27,PIP4K2A,0.206526076608866
IL27,KDM7A,0.206403530578912
IL27,SMARCD3,0.206387168913146
IL27,AFAP1,-0.205787602729841
IL27,MTHFD2,0.205749101433075
IL27,MICAL2,-0.205748803297705
IL27,FBXO9,-0.204885873384593
IL27,CARHSP1,-0.20481300905549
IL27,CNDP2,0.20465223204482
IL27,DECR1,0.204357568958634
IL27,ARMC9,-0.20299086288922
IL27,CTDSPL,-0.202718267718636
IL27,PCMTD2,-0.202217645139914
IL27,SWAP70,-0.201578193861296
IL27,GADD45B,0.201158259619372
IL27,IMPA2,-0.201136811362257
IL27,SMYD3,-0.200354753482115
IL27,GPX7,-0.198328574509687
IL27,TPM1,-0.197388972275204
IL27,HACD3,-0.196126896662824
IL27,SOX4,-0.195603248260402
IL27,SAC3D1,-0.195542422399158
IL27,IFI6,0.19552425114989
IL27,FABP3,-0.195462444991054
IL27,PSMB2,0.194495899698484
IL27,LRPAP1,-0.193944782017312
IL27,ADK,-0.193846392194557
IL27,CIR1,0.193811589197781
IL27,PRPF39,-0.193651842520455
IL27,HEG1,0.193522527614904
IL27,AKR7A2,-0.193003270606662
IL27,DPYD,0.19300090188873
IL27,RHOB,-0.192278029692487
IL27,TUBG2,-0.192256119829851
IL27,PIGA,0.192200469687842
IL27,PRPS2,0.192192229343547
IL27,PRR11,-0.191941718725131
IL27,AGPAT3,0.190879248197574
IL27,ALDH3A2,-0.190427301188559
IL27,APMAP,-0.189512638907682
IL27,TBL1X,-0.189419880782625
IL27,MAN2A1,0.188955416594664
IL27,DUSP1,-0.188190833215126
IL27,CD151,-0.188171765726251
IL27,CYP2R1,-0.187507866884673
IL27,SLC35F6,0.18713132003936
IL27,MRTO4,-0.187114512601116
IL27,MGAT4B,-0.187027922962993
IL27,LRCH1,0.186975366318615
IL27,B4GALT5,0.186752238418212
IL27,CCNB1IP1,-0.1867434558229
IL27,PDPR,-0.18576207525641
IL27,PRDX2,-0.185591433704928
IL27,MBIP,-0.185485264504926
IL27,HSPA5,0.185460067317413
IL27,CTSH,-0.185306965716412
IL27,SIK2,-0.18517325254485
IL27,UAP1,-0.185136575989251
IL27,ATP2B4,-0.185075955867385
IL27,INSIG1,0.184811697287915
IL27,ZFP30,-0.18453662842234
IL27,LARS2,0.184130174071803
IL27,DNAJC1,0.184125425877577
IL27,LMCD1,-0.18346938155766
IL27,LGALSL,-0.183004982827171
IL27,TSPYL4,-0.18293610810948
IL27,GTF2B,0.18279784750621
IL27,CHKA,-0.182498076413192
IL27,STK39,-0.182443172701486
IL27,TOB1,-0.182344618460254
IL27,GSTA4,-0.18229255098278
IL27,SREK1,-0.181674357808952
IL27,LTA4H,-0.181622227396522
IL27,ANKRD36B,-0.181598446900811
IL27,MOSPD1,-0.181362782854822
IL27,ASNSD1,-0.181221120059065
IL27,AGBL5,-0.1811661049817
IL27,LFNG,-0.181005333444614
IL27,B4GALT6,-0.18086690592197
IL27,RCAN3,-0.180460544772584
IL27,CDC20,-0.180237934926116
IL27,PANX1,0.179859884555437
IL27,FKBP14,-0.179749814804196
IL27,SLC16A1,-0.17969629403439
IL27,EIF4B,-0.179665310700575
IL27,RAMP1,-0.179557632944925
IL27,TRIM44,0.179234328276602
IL27,NR1D2,-0.17904019020615
IL27,TMEM161A,-0.179011942265388
IL27,GEMIN4,-0.178945830974385
IL27,KDELR3,-0.178769435762811
IL27,PHC3,0.178602173048414
IL27,SDC4,-0.178586041660542
IL27,COG5,0.178297600772601
IL27,POR,-0.178198924261909
IL27,UXS1,-0.177363064953572
IL27,CDKN1A,0.17671098865344
IL27,AFF1,0.176573444756165
IL27,ARL4C,-0.176512418198422
IL27,SKP2,-0.17617555915923
IL27,ART3,0.176140214061632
IL27,GOLIM4,-0.175821763089818
IL27,USP33,0.175773938591276
IL27,ZNF292,0.17506641129363
IL27,POGLUT1,-0.174529687090736
IL27,C12orf4,0.174050873730859
IL27,ORC6,-0.173798162048267
IL27,SPATS2,-0.173126293175574
IL27,ITGB5,-0.173028583638467
IL27,MTMR12,-0.172880987477531
IL27,GLT8D1,-0.172682843965725
IL27,SETX,0.17250453579099
IL27,ODC1,-0.17240002245158
IL27,SERPINB8,0.172182099871523
IL27,TMED3,-0.17207828135613
IL27,KAT6B,-0.171706840837637
IL27,ANKFY1,0.171625982197374
IL27,CALU,-0.171580057305626
IL27,SFXN3,-0.171551992516573
IL27,RALB,0.171244740293828
IL27,MAMLD1,-0.171003516334012
IL27,KLHDC3,-0.170986685290427
IL27,SELPLG,0.17094745762772
IL27,HLF,-0.170826792486545
IL27,XYLT1,-0.170331568886009
IL27,HMGCS1,0.170200603345432
IL27,TICAM1,0.170047221896883
IL27,ALDH5A1,-0.169926341045839
IL27,PLCG1,-0.169567641697086
IL27,CLN8,-0.169481896338627
IL27,USO1,0.169481532405549
IL27,RGS2,-0.169439136013412
IL27,SRSF6,-0.169418520470964
IL27,DCAKD,-0.169344061429476
IL27,ATF4,-0.169314426005842
IL27,TAX1BP1,0.169279625421049
IL27,VPS54,0.169137589640292
IL27,TNFSF4,-0.168913369405673
IL27,STX12,0.16842865605944
IL27,ICMT,-0.168246336257097
IL27,LSM4,-0.168200639997014
IL27,ITSN1,-0.1681229556711
IL27,C6orf62,0.167807697010002
IL27,RNF115,0.167777026741752
IL27,TSPAN3,-0.167401942660065
IL27,TBK1,0.167204244629515
IL27,SPG11,0.16716385498619
IL27,PSMG2,0.166874315360952
IL27,THBS4,-0.166428161498035
IL27,PRNP,0.166348347239886
IL27,EDEM1,0.166132112504367
IL27,FOXN2,0.165440046158358
IL27,MAGEH1,-0.165360982512894
IL27,TXNL4A,-0.16534784268373
IL27,TRAF5,0.164013806618745
IL27,PLEKHF2,0.164008955231365
IL27,TMEM45A,-0.163853251744456
IL27,PSMA1,0.163706519377755
IL27,PKD2,-0.163618852008004
IL27,UTRN,0.163551128879017
IL27,IER5,-0.163476949031513
IL27,N4BP1,0.163069009790357
IL27,STX2,-0.163060954249383
IL27,TRIP4,0.162657064481878
IL27,NPR2,-0.162475334016686
IL27,LRRC1,-0.162201049033575
IL27,SLC29A3,-0.162009585850604
IL27,SIAH2,0.161281288804585
IL27,FAHD2A,-0.160970052598862
IL27,MDK,0.160773743817539
IL27,VCL,-0.160722114172017
IL27,DLEU1,-0.160525070369799
IL27,TTC13,-0.160145058392685
IL27,KLC2,-0.159703670197592
IL27,MRPS2,-0.159427529541686
IL27,RAPGEF6,-0.159421909800516
IL27,EPB41,0.159383935371692
IL27,LMNA,-0.159159852161809
IL27,RBM4B,-0.159078263061333
IL27,COLGALT1,-0.158820453110596
IL27,PLTP,-0.15866242969297
IL27,NUSAP1,-0.15851756627919
IL27,AIDA,0.15815579278088
IL27,EDEM2,0.158065697935026
IL27,MSL3,0.157417840470206
IL27,LMTK2,0.157355484966971
IL27,THEMIS2,0.157042235702325
IL27,ITPKB,-0.1569092380111
IL27,IFT52,-0.156841509779111
IL27,CDKN2B,-0.156837794591923
IL27,XPO6,0.156506855738606
IL27,UPF3B,-0.156485975812974
IL27,HYOU1,0.156122985347126
IL27,PGM1,-0.1560190865867
IL27,DGKA,-0.155732967011672
IL27,HNRNPH1,-0.155604648002589
IL27,GID8,-0.155518628445368
IL27,ATRN,-0.155441396882592
IL27,RBM7,0.155196614976237
IL27,CAST,0.155135827258965
IL27,PHF10,-0.155093760925717
IL27,EMC8,-0.154715763395205
IL27,MYH10,-0.154699443550688
IL27,ALDH9A1,-0.154586149754881
IL27,AHI1,-0.154543555285183
IL27,HDAC2,-0.154389619604869
IL27,APH1B,-0.154324244464158
IL27,UGGT2,-0.154262967340069
IL27,SNX16,0.153966683859669
IL27,COX7C,-0.153908893551602
IL27,SLC39A7,-0.153762268590455
IL27,MCCC2,0.153732131867065
IL27,TMSB10,0.153462672425849
IL27,PDZD8,-0.153110509466783
IL27,HSDL2,-0.152925261607459
IL27,ADI1,-0.152757528921486
IL27,GPX3,-0.152651598765928
IL27,POLR3D,0.152433564217798
IL27,CKB,-0.152307042829293
IL27,BCL7A,-0.15224728180825
IL27,SMC5,-0.152030542814895
IL27,ZNF767P,-0.151968972160361
IL27,SOS1,0.15178392724551
IL27,NET1,-0.151744562104166
IL27,CDC14A,-0.151482242351395
IL27,DDX23,0.151439389715411
IL27,ACTN1,-0.151180695967766
IL27,ABHD4,-0.15099973281924
IL27,DIAPH2,0.150973622052666
IL27,PIGK,-0.150897106479712
IL27,YIPF1,0.150895308449963
IL27,ANKRD11,-0.150766268085072
IL27,TFDP2,-0.150643300174055
IL27,SLC33A1,0.150637266203173
IL27,MBD5,0.150195952267291
IL27,STK3,0.150192154008611
IL27,FBXO21,-0.150180747201246
IL27,TWF2,0.150012975609199
IL27,SLC12A4,0.149996021450669
IL27,INSR,-0.149978594797322
IL27,CSPP1,-0.149778844967698
IL27,PARP4,0.149704834918341
IL27,HYAL2,-0.149691077223951
IL27,TIMM13,-0.149386145573454
IL27,SCPEP1,0.1493260392431
IL27,ACSL1,-0.14904982355675
IL27,XIAP,0.148824769825436
IL27,ZNF267,0.148815946100528
IL27,TXN,0.148688529010775
IL27,SERTAD2,-0.148475278603755
IL27,SEPHS1,-0.148467168949528
IL27,GPSM2,-0.148410056038946
IL27,LYRM1,0.148317824453093
IL27,ADPRM,0.148282646077641
IL27,DSTN,-0.148126857397983
IL27,ZWINT,-0.148083420476643
IL27,APPL2,-0.148058483462298
IL27,VCPIP1,0.14790991927234
IL27,MRPL34,-0.1478485167777
IL27,COG2,-0.147787313833763
IL27,SLC3A2,-0.147652775540117
IL27,CHD1L,-0.147597248720584
IL27,KCNMB4,-0.14738074448267
IL27,CIAO1,-0.14691672229988
IL27,DNAJC9,-0.14685195899531
IL27,EXO5,-0.146651339493425
IL27,USP22,-0.146545278751801
IL27,CAD,-0.146343106617608
IL27,CEP162,0.145990557375983
IL27,SPCS3,0.145765974863145
IL27,CYFIP2,-0.145707856840298
IL27,TAF1A,0.145674235429447
IL27,PITPNC1,-0.145525428902164
IL27,MAP3K7CL,0.145523255965567
IL27,CSRNP2,0.145515122229879
IL27,FLNA,-0.14534266175229
IL27,IFT74,-0.144934528123861
IL27,NECAP1,0.144881102260174
IL27,GAMT,-0.144859434200399
IL27,CD320,-0.144531213687985
IL27,ABCD3,-0.144271611288155
IL27,PNMA1,-0.144185650817847
IL27,RARA,-0.144143312373257
IL27,SRPRB,-0.144114216192314
MCSF,APOC1,2.80206062238809
MCSF,PLPP3,2.72740676574136
MCSF,CTSD,2.35757019020781
MCSF,MAF,2.24275788145376
MCSF,GPR137B,1.9743389625335
MCSF,CD59,1.95178893971616
MCSF,PFKFB3,1.5544851131972
MCSF,PLA2G15,1.54787152697293
MCSF,CYP27A1,1.5432899286308
MCSF,NTAN1,1.49329651319934
MCSF,TSPAN4,1.3903585697407
MCSF,CTNNAL1,-1.38583666597403
MCSF,VWA5A,1.33711369833833
MCSF,NOP16,-1.31805270664586
MCSF,ODC1,-1.29204986872679
MCSF,FKBP9,1.28369103719257
MCSF,VAT1,1.24896022289419
MCSF,ACP2,1.19930276085404
MCSF,CLIP4,1.1939501678288
MCSF,DDX21,-1.19231952337915
MCSF,MFHAS1,1.17849764734391
MCSF,SDF2L1,-1.16840805068515
MCSF,EPHX1,1.16504614568133
MCSF,DNASE2,1.16404533497678
MCSF,HYOU1,-1.15958875688066
MCSF,SMS,1.06465539356026
MCSF,TPCN1,1.05651402585811
MCSF,SLC35F2,-1.04762832803949
MCSF,PSAP,1.02387068440515
MCSF,ZFYVE26,1.02043511560879
MCSF,CREBL2,1.01747338804656
MCSF,LHFPL2,1.017262965708
MCSF,DAPK1,1.01566970328554
MCSF,PAM,1.01147685584991
MCSF,NOLC1,-1.01009433551518
MCSF,SAT1,1.0060305522725
MCSF,MAFF,-1.00601955453366
MCSF,TSR1,-1.00336881731162
MCSF,STARD13,1.00325297779509
MCSF,MRPL4,-0.9888594423948
MCSF,EHD1,-0.976628059438278
MCSF,GBP2,0.973731632732848
MCSF,HIP1,-0.9705087032906
MCSF,BAZ1A,-0.968805658924731
MCSF,CAPG,0.96633271983809
MCSF,SLC29A3,0.964177203750626
MCSF,TBC1D2,0.955249298615151
MCSF,SNN,0.94995988895403
MCSF,NOL11,-0.940922186443931
MCSF,ABCA1,0.937966045441414
MCSF,EMG1,-0.937817170267428
MCSF,TNFAIP8,-0.9355469607647
MCSF,MPP1,0.935026668130186
MCSF,CTSB,0.929099291356346
MCSF,BANF1,-0.9281096286806
MCSF,TBC1D8,0.927500947364718
MCSF,DYRK4,0.925112788369007
MCSF,RALA,0.918025268453599
MCSF,CEBPZ,-0.91770150345436
MCSF,PRKACB,0.914003153620048
MCSF,TUBA4A,-0.909702417281728
MCSF,PCK2,0.902890927547359
MCSF,SEPHS2,0.897444160403792
MCSF,NUDT15,-0.893812154899091
MCSF,NEMP1,-0.890847753112795
MCSF,HSPA5,-0.889668848294633
MCSF,PHYH,0.885064233155341
MCSF,NXT1,-0.881542889295721
MCSF,HEXB,0.876098429836336
MCSF,FOLR2,0.871609291109581
MCSF,PLTP,0.863498000095138
MCSF,GOT2,-0.863386108129648
MCSF,ITGAV,0.857866793849001
MCSF,MANF,-0.857367461960422
MCSF,MICAL1,0.857092362490368
MCSF,MSRB1,-0.847700899535489
MCSF,CHTOP,-0.847699474321984
MCSF,BYSL,-0.841950829124751
MCSF,MMD,0.840023150619332
MCSF,CYBRD1,0.837767027688798
MCSF,TCF7L2,-0.83744698721404
MCSF,PTPRM,0.824108156795874
MCSF,FCGRT,0.812733470011299
MCSF,TIMP2,0.812363252284481
MCSF,ITGB5,0.811133028452423
MCSF,GRN,0.806813737772099
MCSF,TRAF5,0.805705184838512
MCSF,KIF16B,0.79259733958999
MCSF,PEPD,0.79035189821634
MCSF,CD99,0.79004977031385
MCSF,CTSZ,0.789703380557775
MCSF,RAB9A,0.789276275417022
MCSF,SNRPA,-0.786808880016809
MCSF,PDSS1,-0.785729740057555
MCSF,DRAM1,0.7738724584633
MCSF,LGALS3BP,0.773157659066859
MCSF,FRMD4A,0.771817412852615
MCSF,GTPBP4,-0.762764771033533
MCSF,ALDH3A2,0.761240229637734
MCSF,NETO2,-0.760246947178307
MCSF,CYB5A,0.757410073177566
MCSF,MXI1,0.756409217860373
MCSF,MAP3K2,-0.75549323669039
MCSF,STX7,0.753897659901044
MCSF,NAT10,-0.75014745132987
MCSF,ANXA4,0.743592630678402
MCSF,TCERG1,-0.743294605451411
MCSF,SLTM,-0.740301464664871
MCSF,ARL4C,0.739596795566155
MCSF,IFITM3,0.739288547600221
MCSF,LITAF,0.7355204257785
MCSF,HDGF,-0.734444015796901
MCSF,CHST7,0.7302998859907
MCSF,PSMC3,-0.7290147517856
MCSF,KLHL24,0.728046276477685
MCSF,SDC3,0.726415800519641
MCSF,SLC38A1,-0.71828290748391
MCSF,PPRC1,-0.716801645791741
MCSF,GIPC1,0.716652913929011
MCSF,PSMB6,-0.710949142399699
MCSF,MRTO4,-0.710123981947565
MCSF,ATP8B1,0.709475481352335
MCSF,CHSY1,-0.70852949157528
MCSF,BID,-0.705303568695819
MCSF,KIF13B,0.702266927271407
MCSF,GAA,0.698261976031896
MCSF,EOGT,0.696287897911988
MCSF,COX7B,-0.695215317703957
MCSF,UAP1,-0.693454937812022
MCSF,PON2,0.693386497573905
MCSF,RBM25,-0.692468003263439
MCSF,CBLB,0.690000117501341
MCSF,GRPEL1,-0.689880458096466
MCSF,SEH1L,-0.689794390137179
MCSF,UQCR10,-0.688466910089563
MCSF,MAK16,-0.687773306304932
MCSF,SLC2A8,0.68714338205246
MCSF,KCTD12,0.686950012073128
MCSF,SORBS3,0.6841214168682
MCSF,AMZ2,0.683294154432691
MCSF,DPP4,0.68298707935241
MCSF,VCPKMT,-0.676988134201005
MCSF,SLC25A11,-0.676418986312344
MCSF,OAT,0.675861361769744
MCSF,MIS12,-0.675023133509329
MCSF,USP3,-0.674146936311183
MCSF,SERPINF1,0.67069237474704
MCSF,HBEGF,-0.67058292627444
MCSF,UBA2,-0.6686769845162
MCSF,SLC29A1,0.667866189620749
MCSF,DDX39A,-0.667360894648295
MCSF,SLC35B1,-0.665656619303258
MCSF,ZC2HC1A,0.661504055594149
MCSF,GLUL,0.659681105692298
MCSF,BCCIP,-0.659281072100081
MCSF,MLH1,-0.654820728709701
MCSF,STK17B,-0.652219760241849
MCSF,TPST2,0.649917942561927
MCSF,MOAP1,0.649349306057939
MCSF,TOP2B,-0.64911217352525
MCSF,KANSL2,-0.645965709079494
MCSF,HSP90AB1,-0.643259126598398
MCSF,IVNS1ABP,0.64058808929005
MCSF,DDX18,-0.640186662894992
MCSF,KDSR,0.638766084520461
MCSF,AGPAT5,-0.638308919256455
MCSF,ITM2B,0.636854451785833
MCSF,CCDC59,-0.636340578350616
MCSF,MRPL3,-0.63289393207967
MCSF,PLXDC2,0.631263927384245
MCSF,CTSA,0.63005473119922
MCSF,PSMB8,-0.6290708217589
MCSF,PSMA4,-0.6278861749563
MCSF,CAST,0.627588416424777
MCSF,UCP2,0.627510052505047
MCSF,TPI1,-0.626906815482696
MCSF,TYK2,-0.62395511213159
MCSF,SOAT1,0.621959892330281
MCSF,MCCC1,-0.618657796890609
MCSF,LYRM1,-0.61816363205797
MCSF,LHPP,0.616482685754129
MCSF,RPF1,-0.614933168213905
MCSF,SF3A3,-0.614751391632388
MCSF,EIF5B,-0.613951356379344
MCSF,EFHD2,-0.613869000137651
MCSF,ISG20L2,-0.613852567153469
MCSF,BTG3,-0.613373084139155
MCSF,SLC7A7,0.6131026736411
MCSF,ABCE1,-0.612763381421376
MCSF,SLC12A7,0.611998576838108
MCSF,TAF5,-0.609967192345226
MCSF,AGPAT4,0.608383808319826
MCSF,TAGLN2,-0.607551892403822
MCSF,ALDH2,0.605684849263298
MCSF,MPHOSPH10,-0.600280753080789
MCSF,TMEM208,-0.597179315062501
MCSF,TMCC1,0.59560621673039
MCSF,IL1RAP,-0.59508135939986
MCSF,NHP2,-0.593106808420458
MCSF,SRSF6,-0.592651804167954
MCSF,PER2,-0.591565843287867
MCSF,FARSA,-0.590808246822835
MCSF,DUSP10,0.590599859787441
MCSF,B3GNT2,0.590348804868598
MCSF,ID3,0.59018788383879
MCSF,IDH3B,-0.590008930006812
MCSF,PSMC5,-0.589479533512796
MCSF,NXF1,-0.587508540783493
MCSF,TUBB4B,-0.586430445635099
MCSF,GNA13,0.585624068513289
MCSF,NDUFA6,-0.584519851333784
MCSF,SASH1,0.583271905334709
MCSF,TIMM9,-0.581204022851081
MCSF,ANKRD6,0.579274588584426
MCSF,CYCS,-0.577218109818754
MCSF,PFDN2,-0.576980378217961
MCSF,ARG2,0.574880126982086
MCSF,RIOK2,-0.574215588613989
MCSF,GADD45B,0.573937213157455
MCSF,COX7A2,-0.572582795274915
MCSF,DNAJA3,-0.572289092257815
MCSF,VBP1,-0.571094105071336
MCSF,GAL3ST4,0.570899327851296
MCSF,CTBP1,-0.570526960776085
MCSF,ZPR1,-0.569470982923129
MCSF,PPIF,-0.56926221269717
MCSF,UBL5,-0.568909217412429
MCSF,FKBP1B,0.56844100017568
MCSF,TXNL1,-0.567263294336915
MCSF,TOR1A,-0.56620746642456
MCSF,PSMB5,-0.565819477338602
MCSF,UBE2M,-0.56505060596488
MCSF,DENR,-0.564535076693505
MCSF,PSMA1,-0.563678942353191
MCSF,RBM3,-0.563462320419585
MCSF,ATP10D,-0.56309809584174
MCSF,ESYT1,0.563094286228669
MCSF,PUS1,-0.56298629098716
MCSF,EIF1AX,-0.562508994066654
MCSF,SRM,-0.56150154593986
MCSF,SEC61B,-0.558190702441598
MCSF,ANKRD49,-0.55729474152189
MCSF,NDUFB4,-0.556620048933761
MCSF,IER5,-0.556003816965664
MCSF,HMGA1,-0.555349826440512
MCSF,FNBP1L,0.554734806494194
MCSF,C1QBP,-0.55346048354812
MCSF,HNRNPH1,-0.553139257347689
MCSF,ABI1,0.550948028534499
MCSF,PLEKHM2,0.550730306652502
MCSF,DPP3,-0.550507037517033
MCSF,NDUFB3,-0.55044645231217
MCSF,NFKB1,-0.548339747046213
MCSF,TOMM34,-0.54731022393122
MCSF,CTSL,0.546749511067187
MCSF,SRSF3,-0.54612924353388
MCSF,CD58,-0.545658658930385
MCSF,PARP12,0.54381609006643
MCSF,GAS6,0.54366493700528
MCSF,TFPT,0.543442392586043
MCSF,NCK1,0.543018160248302
MCSF,BZW2,-0.542378950189822
MCSF,GNS,0.541736596083599
MCSF,RRP7A,-0.541153483050946
MCSF,TNIP2,-0.540726080229547
MCSF,PLD3,0.540597107871221
MCSF,CSGALNACT2,-0.540243656610544
MCSF,ACADVL,-0.539819457788915
MCSF,RBM28,-0.538347141446025
MCSF,SEC61G,-0.537182866592998
MCSF,SLC11A2,0.5363551349469
MCSF,BCAT1,0.536118493165441
MCSF,BCLAF1,-0.535659082022966
MCSF,MAP1LC3B,0.535505503657602
MCSF,TOPORS,-0.533832015712021
MCSF,PA2G4,-0.533594493278915
MCSF,PFN1,-0.5332088249703
MCSF,SGSH,0.533186744287528
MCSF,SLC35D2,0.531886034623015
MCSF,HECTD3,0.53113774210717
MCSF,IFIT5,0.530690973781583
MCSF,LSM1,-0.530567939865701
MCSF,ERMAP,0.530425931160279
MCSF,AHNAK2,0.529712779245181
MCSF,SRSF5,-0.529056117532431
MCSF,MFSD10,-0.52833037357415
MCSF,EIF4EBP1,0.527105207842555
MCSF,CTCF,-0.526931866801382
MCSF,PLAGL2,-0.526111731151425
MCSF,GRAMD4,0.525584082394855
MCSF,SRP9,-0.524656907928049
MCSF,BLVRA,0.524632481288302
MCSF,HMGCR,-0.524071079927803
MCSF,ATP6V0E2,0.522968564435425
MCSF,DDX56,-0.522881048913615
MCSF,RRAS,0.52155915644217
MCSF,PTCD3,-0.521119022435885
MCSF,GPI,-0.520016943080961
MCSF,HOMER1,-0.519099912677145
MCSF,IGFBP4,0.518998948411211
MCSF,TUBA1A,0.518863384614399
MCSF,OSBPL3,0.518593446785778
MCSF,IFRD2,-0.517738271041441
MCSF,RAP2B,0.517283316461796
MCSF,PDCD11,-0.516911927497461
MCSF,ZNF146,-0.516602682368372
MCSF,GNL2,-0.514684997589789
MCSF,C9orf16,0.514607361545751
MCSF,DCAF6,0.514135956704741
MCSF,PSMB10,-0.513768674332798
MCSF,SUCO,-0.513334523161497
MCSF,PLEKHA2,0.513153430178634
MCSF,ACOT13,0.51291037283025
MCSF,MRPL34,-0.511064002583369
MCSF,RNGTT,-0.510319525005064
MCSF,YWHAQ,-0.510229553951319
MCSF,RGL1,0.510136199698207
MCSF,NDUFB2,-0.509580837245326
MCSF,ZCCHC24,0.50885908623089
MCSF,PSMD13,-0.507546094207664
MCSF,HEBP1,0.507476239573398
MCSF,TTC27,-0.506519626616812
MCSF,PSMB7,-0.50478267806332
MCSF,DYNLT1,0.503490692557399
MCSF,HSBP1,-0.502804481995661
MCSF,PSMD4,-0.50272381263145
MCSF,IMP3,-0.502674973966335
MCSF,PSMA3,-0.501655428650749
MCSF,KRT10,-0.500737058768864
MCSF,LRRC47,-0.49927149128002
MCSF,GSTM1,0.498637700896784
MCSF,CCSER2,0.498499610612454
MCSF,NECAP2,0.49740228625334
MCSF,TAF2,-0.496120435002396
MCSF,MED1,-0.495441312651562
MCSF,SNRPF,-0.49531247820951
MCSF,TRA2B,-0.49500312240129
MCSF,CNOT8,-0.494435355369796
MCSF,PPA2,-0.494410743013533
MCSF,TULP4,0.494334965352721
MCSF,SLC35A1,-0.493759782471869
MCSF,SLC38A7,0.49313517329058
MCSF,HIPK1,-0.49267030734569
MCSF,WDR46,-0.492274263093489
MCSF,UNC13B,0.49218703214742
MCSF,TPD52L2,0.4919569940137
MCSF,MRPL12,-0.491806380006644
MCSF,ACTN1,-0.491753348983048
MCSF,XRCC5,-0.491289344691804
MCSF,ATP6V1D,0.490891502842265
MCSF,SLC36A1,0.490682397647621
MCSF,PRPF3,-0.490379152458259
MCSF,FTSJ1,-0.489995552065857
MCSF,DEPTOR,0.48910257986783
MCSF,ARHGAP5,0.487449939858681
MCSF,MTMR9,-0.487013467301527
MCSF,CKAP4,-0.485999211641503
MCSF,FECH,0.48596352112423
MCSF,MBNL1,-0.485796243792496
MCSF,SNRPD3,-0.484486836956288
MCSF,TMX4,-0.48408393136733
MCSF,LSG1,-0.48359613263002
MCSF,USF2,0.483396860151261
MCSF,NUP160,-0.482422390775771
MCSF,YIF1A,-0.481848013891391
MCSF,SWAP70,0.481809626596321
MCSF,RRS1,-0.481752321895479
MCSF,POLR1C,-0.481420771119089
MCSF,MOSPD1,0.481249905339819
MCSF,PSMD3,-0.48114159413233
MCSF,USP48,-0.480624592501371
MCSF,NDUFB6,-0.480375481679607
MCSF,MTRR,-0.47934110218137
MCSF,CCT6A,-0.478753282695369
MCSF,SLC31A1,0.47775504020656
MCSF,TDG,-0.477604459682084
MCSF,SNRPB,-0.476954352706301
MCSF,CDC23,-0.47519037086318
MCSF,KANK2,0.473863392391581
MCSF,SRSF10,-0.4735926902658
MCSF,TOB1,-0.472902456843354
MCSF,SCP2,0.472294142500648
MCSF,IFIT3,0.471757856870886
MCSF,TOMM22,-0.4716517928019
MCSF,NMRK1,0.47145080818411
MCSF,OGFOD1,-0.470810550326539
MCSF,FTSJ3,-0.46835603200233
MCSF,FABP3,0.468176460394421
MCSF,EZH2,-0.467786543330067
MCSF,MPDU1,-0.467338504249264
MCSF,OPN3,0.467078444570023
MCSF,AIMP2,-0.466432438711749
MCSF,SETX,-0.46609957342492
MCSF,TNS1,0.465512602476161
MCSF,UAP1L1,0.465103552528924
MCSF,BTAF1,-0.464766580066339
MCSF,ZFHX3,0.464614303974787
MCSF,HDAC1,-0.46425952739259
MCSF,GEMIN4,-0.46362538485185
MCSF,SLC20A1,-0.463382816887382
MCSF,SLC25A32,-0.46321303440693
MCSF,CRELD2,-0.462926845053478
MCSF,RAB11FIP5,0.46242471916493
MCSF,POLR2G,-0.461376794603901
MCSF,LAGE3,-0.461179448660816
MCSF,MSL2,-0.46078372053185
MCSF,TRIM28,-0.46006144145336
MCSF,R3HDM4,-0.459940817718612
MCSF,REPS2,0.459057921161
MCSF,CTSH,0.458728891582944
MCSF,CD2AP,0.457575143693513
MCSF,LSM12,-0.457348304136808
MCSF,FEZ2,0.457114925299241
MCSF,NAA35,-0.456927804965726
MCSF,SCN1B,0.45680503854338
MCSF,SF3B4,-0.456294570043941
MCSF,DBF4,-0.456056273076241
MCSF,SACM1L,-0.456004477073069
MCSF,SENP2,-0.455500676428869
MCSF,STARD7,-0.454770799016219
MCSF,RPS6KA3,-0.454147530298113
MCSF,NDUFAF4,-0.45408269884186
MCSF,MAPK8,-0.453839416398907
MCSF,UQCRC1,-0.453560316479601
MCSF,PSMD1,-0.453191912207879
MCSF,IL10RB,0.453082396581982
MCSF,TJAP1,-0.451995921186492
MCSF,DAZAP1,-0.45048250156538
MCSF,CSE1L,-0.449485807115812
MCSF,ZNHIT6,-0.44941145670138
MCSF,TMEM135,0.449185721690689
MCSF,NOP14,-0.44866044492677
MCSF,DMTF1,-0.44817541258101
MCSF,SNRNP40,-0.448112886934229
MCSF,CCDC92,0.44769556671213
MCSF,TOP1,-0.447366737310705
MCSF,EIF3J,-0.446820807716209
MCSF,ING3,-0.44670792360638
MCSF,ZNF195,-0.446062578116151
MCSF,TRIM32,0.445783530999761
MCSF,SS18L2,-0.445592400150042
MCSF,ZCCHC10,-0.44525959777139
MCSF,SPEN,-0.445216639006987
MCSF,HNRNPM,-0.444735170329541
MCSF,GPATCH1,-0.44449139676981
MCSF,ANGEL1,0.444155477490815
MCSF,TNIP1,-0.443866152338062
MCSF,BRIX1,-0.443701409556801
MCSF,PRPF8,-0.443422628808301
MCSF,VAMP8,0.443253612622246
MCSF,ICE1,-0.442418886801632
MCSF,TBC1D12,0.442092838282459
MCSF,SFXN1,-0.442069776941805
MCSF,SF3B2,-0.441555659675069
MCSF,NIP7,-0.440809272006415
MCSF,DNM1L,-0.44076777437226
MCSF,INPPL1,0.439536457791711
MCSF,ZNF302,-0.439473461520064
MCSF,MAP3K4,-0.438786825927476
MCSF,MRPL52,-0.438663084030159
MCSF,YPEL5,0.437984773583001
MCSF,RCBTB2,0.437113793810143
MCSF,BRD4,-0.437054784970284
MCSF,NCBP1,-0.436705317063406
MCSF,GPX1,0.436322229454522
MCSF,ALAS1,-0.436106930301751
MCSF,LRPPRC,-0.43586852644816
MCSF,NECAP1,-0.435527841215391
MCSF,NUP205,-0.43505475191406
MCSF,CDK2AP2,-0.43404337396776
MCSF,GTF3A,-0.433551958243934
MCSF,MRPL16,-0.433432274817459
MCSF,TRMT13,-0.431914899163926
MCSF,PHIP,-0.431740047840761
MCSF,DDX23,-0.431706528093201
MCSF,SNX24,0.430422280377975
MCSF,MTMR2,0.430113161809375
MCSF,DDAH2,0.428925478514346
MCSF,CCT7,-0.428694158691702
MCSF,HNRNPD,-0.428673363282971
MCSF,MTERF3,-0.428233649051514
MCSF,HEXA,0.424643186765319
MCSF,ZNF24,-0.424375456285572
MCSF,SPCS2,-0.424262882869499
MCSF,VDAC3,-0.424049593409299
MCSF,PER3,0.422736214129276
MCSF,HSD17B4,0.42251437759305
MCSF,METTL3,-0.422306125811961
MCSF,TAF7,-0.422283538301999
MCSF,LAP3,0.421628174319299
MCSF,PXMP2,0.42113542917572
MCSF,RHOG,-0.421076759669502
MCSF,RPA2,-0.42099711876835
MCSF,CLPX,-0.42089334785107
MCSF,SSR1,-0.418670296193397
MCSF,HNRNPK,-0.418652113000698
MCSF,ATIC,-0.418464774613623
MCSF,FJX1,0.418068100096181
MCSF,STAM,0.417871422683569
MCSF,POLR2B,-0.417316846458
IL3,PIM1,2.76
IL3,LGALS1,2.50752275826473
IL3,METTL7A,-2.10259160451466
IL3,PERP,-1.90459571050785
IL3,HBEGF,1.89353851931627
IL3,SDF4,1.89304782064649
IL3,SEC61G,1.84868920185869
IL3,CSTB,1.81835827755776
IL3,STT3A,1.72079953283009
IL3,DUSP5,1.7132284005632
IL3,HDAC4,-1.70756341197164
IL3,CTSL,1.66852405571601
IL3,MBP,1.65816964427516
IL3,HNRNPH1,1.64236858429439
IL3,TAGLN2,1.61472142910453
IL3,IL17RA,1.61344062500564
IL3,MTHFD2,1.61003420539705
IL3,HNRNPL,1.57438874091914
IL3,EIF1,1.54585410575632
IL3,ACTB,1.54267430927095
IL3,DAD1,1.52198672582458
IL3,CDC42SE1,1.51174367246354
IL3,CLIC1,1.50757653549225
IL3,TXN,1.47772151842634
IL3,TMSB10,1.44622063676975
IL3,PFDN1,1.43731272329045
IL3,COX8A,1.42948037366967
IL3,IFIT2,-1.39
IL3,HSPA9,1.37067284009803
IL3,NECAP2,1.36244336382485
IL3,COPE,1.352379089673
IL3,TUBB4B,1.28602251649573
IL3,COX6A1,1.28383368961915
IL3,DDAH2,1.26795197474424
IL3,ACTN1,1.26711012654344
IL3,GMEB1,1.2490945266909
IL3,RABAC1,1.24530332942578
IL3,SOWAHC,1.23486514271577
IL3,ARF5,1.22763775787201
IL3,ISG20L2,1.20702821795453
IL3,CDK2AP2,1.20178855354468
IL3,PDSS1,1.1950147440453
IL3,KLF13,1.16839265305812
IL3,SSH1,1.15926102010801
IL3,NDUFA1,1.15137357427014
IL3,HMGCR,1.15
IL3,IER5,1.14124260397107
IL3,PLSCR1,1.14119251939212
IL3,GAPDH,1.12938866596071
IL3,DMWD,1.12918367873268
IL3,NDUFA13,1.12907151629733
IL3,YES1,1.1132620768265
IL3,EMP3,1.10738791088923
IL3,ATP1B3,1.1
IL3,LSM7,1.08011479786031
IL3,GPN1,1.0719990986738
IL3,MAP2K2,1.07157896555735
IL3,TMED2,1.06357768479935
IL3,DDX17,1.06339738911028
IL3,SSR2,1.05987998097954
IL3,TFG,1.05594140467158
IL3,BET1,1.0555234259191
IL3,PRDX1,1.05354726871026
IL3,RNASEL,-1.05020278793259
IL3,ANXA2,1.04339714313274
IL3,ZSCAN16,-1.03539816850258
IL3,SH3BGRL3,1.03355560896834
IL3,NDUFV2,1.03
IL3,GTF2F1,1.02457877789366
IL3,RBM3,1.02205626447247
IL3,MRPL20,1.01579466673463
IL3,RASA2,1.01
IL3,MAFG,1.00365389130276
IL3,DNASE2,-1.00091813957584
IL3,CYP1B1,1.00068407486872
IL3,GLO1,1.00027584430667
IL3,COX7A2,0.991220992917544
IL3,EMP1,0.98849598998842
IL3,ACTR2,0.983017237196325
IL3,DDIT3,0.98
IL3,FAM8A1,-0.978170548883579
IL3,TIMP1,0.970000000000001
IL3,DNAJB9,0.969159763754646
IL3,CHD1L,0.960000000000001
IL3,KLF6,0.958879317045431
IL3,YWHAZ,0.956598779525304
IL3,KDELR2,0.953635548231471
IL3,BANF1,0.951961245718879
IL3,SLC44A1,0.945122671491268
IL3,SSR4,0.944382243494853
IL3,PGD,0.943886402956828
IL3,CCNE2,0.943286405999052
IL3,TUBA1C,0.942642108075877
IL3,CKAP4,0.940473158159676
IL3,CTNS,0.93961665851326
IL3,S100A6,0.937128176928841
IL3,STX2,0.931036806855586
IL3,VPS9D1,0.929775050054668
IL3,PSMB5,0.92491664964723
IL3,EBP,0.91955815005368
IL3,ARPC1B,0.91909247268944
IL3,PIM2,0.916634948463203
IL3,BARD1,0.91580318263934
IL3,LRP8,0.912774411839223
IL3,PLP2,0.906357541591824
IL3,MAFF,0.904775221798118
IL3,SH3GLB1,0.90476336848721
IL3,NLK,-0.904656813614045
IL3,HYOU1,0.900724444228676
IL3,ATF4,0.898584904128782
IL3,DYNLRB1,0.898497372712393
IL3,LAPTM4B,0.897763345458184
IL3,POLG,0.89091111500902
IL3,CSNK2B,0.890311701242514
IL3,PNPLA6,0.884420958622858
IL3,PHF20L1,0.881382844825025
IL3,FLOT1,0.880086461327268
IL3,TNFRSF12A,0.877693301860431
IL3,N4BP2L1,-0.876989731904649
IL3,NUCKS1,0.872368504397883
IL3,RNF19B,0.87028403628714
IL3,C1orf54,-0.869515603638457
IL3,NT5DC2,0.868721611705125
IL3,TMEM184B,0.867717701109994
IL3,CNPPD1,0.862785525746665
IL3,ATP1B1,0.859732851544971
IL3,FAU,0.856296640034362
IL3,JUNB,0.855565791085351
IL3,SLC3A2,0.853419158165576
IL3,YWHAH,0.852671132676427
IL3,SCAND1,0.841351159430698
IL3,EGR1,0.841179549115104
IL3,TMED10,0.838290285874727
IL3,CSNK1A1,0.835285561702206
IL3,NET1,0.830000000000001
IL3,MBOAT7,0.83
IL3,ACADVL,0.826714157110471
IL3,PAK2,0.826463580359635
IL3,MMD,0.822539463033218
IL3,SLC11A2,0.821158952864234
IL3,EZR,0.819999999999999
IL3,RPN1,0.81852678165987
IL3,NFATC3,0.817740318550441
IL3,EIF4H,0.810127752619193
IL3,EIF4EBP2,0.806935199952765
IL3,FBXW7,0.805531615244968
IL3,NRP1,0.805
IL3,ILF3,0.804853902597099
IL3,ZBTB43,0.804680375103017
IL3,EIF3D,0.798905895726445
IL3,IL1RAP,0.790561055529207
IL3,GTF2H5,0.789788912088183
IL3,PHIP,-0.786531306383729
IL3,AKAP11,0.785320418357912
IL3,UBL5,0.780870669085978
IL3,TMEM258,0.779697025733253
IL3,HINT1,0.778790276507916
IL3,ARMCX6,0.778422058472216
IL3,CAPG,0.776740061950798
IL3,UQCRC1,0.774649261408261
IL3,CABIN1,0.774511971347057
IL3,CITED2,-0.771404289395969
IL3,TUBA4A,0.77
IL3,AKIRIN1,0.766948915473902
IL3,SERPINE2,0.76366208357438
IL3,LAPTM5,0.761471933685595
IL3,EGR2,0.757918063778675
IL3,ZC2HC1A,0.757735952982756
IL3,CAPNS1,0.757719740799603
IL3,KLHL24,-0.75744442102333
IL3,IDH3B,0.756272103788753
IL3,LSM4,0.755716479871989
IL3,EIF4E2,0.7546922765481
IL3,SH2B3,0.752800441424055
IL3,NDUFB3,0.751053719447327
IL3,ATOX1,0.750219797302583
IL3,ERGIC3,0.746636412319454
IL3,BSG,0.744849845817807
IL3,ZER1,0.744404283202535
IL3,MKNK1,0.740678477689708
IL3,STK10,0.74
IL3,TRMT112,0.73349210054166
IL3,IKZF4,0.731386284887905
IL3,CDKN1A,0.730458146882804
IL3,SFXN1,0.73
IL3,SERPINB8,0.72986378564769
IL3,MRPL41,0.729622938000318
IL3,PSMB2,0.727657568776586
IL3,TTLL7,0.72757316627273
IL3,MOGS,0.727101481256688
IL3,C6orf62,0.724786189847453
IL3,CD63,0.721783230118417
IL3,ATP2B4,0.721719266390839
IL3,NSMAF,-0.72109297697688
IL3,NFKBIA,0.719999999999999
IL3,MAD2L1BP,0.719942128103
IL3,CDC123,0.719521065977324
IL3,CALU,0.717634250236391
IL3,CTDSP2,-0.71738710179933
IL3,IER3,0.715223545612192
IL3,UAP1L1,0.714816557517609
IL3,GNAQ,0.713583410650552
IL3,PRKAR2A,0.709216300870302
IL3,GINS2,0.708113823789287
IL3,EIF3I,0.7052752961352
IL3,RHOB,0.704157634831038
IL3,UFC1,0.696180329896343
IL3,CD81,0.695377618590936
IL3,ZNF264,0.694210805324353
IL3,UGP2,0.691687828610131
IL3,UBE2A,0.689644582887608
IL3,SCAF4,0.688911572103007
IL3,COX6B1,0.686135998523991
IL3,TRIM28,0.684653430239079
IL3,DNAJB1,0.684171555100742
IL3,PREP,0.684143408998954
IL3,MYH10,0.684115838235116
IL3,WDR73,0.682022277734155
IL3,DPM1,-0.681274930426607
IL3,ST6GAL1,0.672098059383508
IL3,RAB5C,0.671999792170329
IL3,XBP1,0.671717924181497
IL3,DGKD,0.67130579434097
IL3,PARP4,-0.668737088005733
IL3,SLC7A11,0.668566041201959
IL3,RPS21,0.667857409498757
IL3,TPM4,0.66699046761753
IL3,HNRNPR,0.666294071032793
IL3,DNMT1,0.662998207565719
IL3,ADI1,-0.660109881151831
IL3,THOC2,0.660064452460354
IL3,ANKRA2,-0.66
IL3,EWSR1,0.659855452394982
IL3,ERH,0.659853770126937
IL3,HSPA5,0.659348483245602
IL3,ITGAE,-0.65827639027183
IL3,NAMPT,0.6575
IL3,GSS,0.656906420079134
IL3,CD44,0.656199672917191
IL3,BCAP29,0.656015841699313
IL3,LRPAP1,0.655897123770618
IL3,RYBP,0.654379628033778
IL3,ANGEL2,-0.653737732307166
IL3,MEGF9,-0.652012727592011
IL3,TFAM,0.649091547683439
IL3,S100A4,0.648758320517493
IL3,SRPRB,0.647539191136234
IL3,TOR3A,0.647126196568941
IL3,RAN,0.644397889712508
IL3,FOXO1,-0.643799471981387
IL3,ZNF562,0.643698414845229
IL3,CD82,0.640797168807308
IL3,NUP54,-0.640000000000001
IL3,NISCH,-0.639466204763474
IL3,AP1G1,0.637294838118816
IL3,NR4A2,-0.637007015433724
IL3,VPS33B,0.636718863677615
IL3,B3GALNT1,0.634788243632584
IL3,TMEM106C,0.633011122311211
IL3,REPS2,0.631760351205372
IL3,RPL29,0.630410316521203
IL3,ADCY7,0.630224646640052
IL3,TSG101,0.630081013755914
IL3,PPP6R3,0.630000000000001
IL3,C11orf24,0.63
IL3,GSK3B,0.62927562069301
IL3,HLA-F,0.628815676961724
IL3,BID,0.626132854021311
IL3,CD9,0.6251446205673
IL3,HSP90AB1,0.624277480512163
IL3,SP2,0.624198601351962
IL3,CLN3,0.624127612747159
IL3,USP7,0.622741795369445
IL3,BCL2L1,0.622685464652115
IL3,CDK2,0.622536907477366
IL3,GTF2H4,0.620793795700785
IL3,FOXO4,-0.620348695950286
IL3,SRSF10,0.619999999999997
IL3,MED12,0.617359711690202
IL3,COPZ1,0.617309155499774
IL3,ACO2,0.616637493400125
IL3,OXSR1,-0.615688127507806
IL3,CNIH1,0.615390579036601
IL3,TSPO,0.612847491121496
IL3,VCP,0.612028604189177
IL3,CSRP1,0.610796908061899
IL3,UBE2M,0.610587340902818
IL3,RRBP1,0.609911502695962
IL3,COX6C,0.609506724269703
IL3,ESRRA,0.609276186147813
IL3,BTG2,0.608652866116875
IL3,NOL9,0.607608685847617
IL3,ADORA2B,0.607132670605061
IL3,ATG9A,0.605569663328005
IL3,TXNDC15,0.60475204645773
IL3,EZH2,0.604689873327357
IL3,OS9,0.603656133080959
IL3,RAB1B,0.603330204916282
IL3,LITAF,-0.600332692317869
IL3,SRPK1,-0.6
IL3,NEK7,0.599205225270787
IL3,LAGE3,0.596541644641579
IL3,SOS1,0.595176120737896
IL3,KAT6A,-0.594309806752401
IL3,ACTR6,-0.59368537339731
IL3,HNRNPK,0.593154106743674
IL3,TXNRD1,0.592266669743639
IL3,DAP,0.591738980766785
IL3,ORC6,0.591150846421186
IL3,MYLIP,-0.590000000000002
IL3,AGO4,-0.589856948245618
IL3,SCAMP2,0.589575536791502
IL3,SAR1B,0.589235260565842
IL3,LMF2,0.589219054757267
IL3,MAP6D1,-0.587917934149102
IL3,GTF3C1,0.587618939699805
IL3,SLC10A3,0.586666408840897
IL3,DCPS,0.586197072585961
IL3,CDC34,0.586101810161665
IL3,RABL3,0.585774367743339
IL3,TARBP1,-0.585709709474802
IL3,LMNB2,0.585427259649597
IL3,SHARPIN,0.585414116613425
IL3,PPP1R10,0.585282885108397
IL3,TRIB3,0.584689377371904
IL3,SRP54,0.58360874612494
IL3,DHDDS,0.582738964489253
IL3,USP14,0.582649116028609
IL3,TPM1,0.581753466476188
IL3,PTTG1IP,-0.581587553076336
IL3,WRNIP1,-0.581494796309551
IL3,IDH2,0.580914795560219
IL3,CALR,0.58
IL3,SPTLC1,0.57965602382691
IL3,CLK4,-0.578449618629481
IL3,UGCG,0.578040318150785
IL3,TNFAIP8,0.578000213673227
IL3,CLCN3,-0.577186927957598
IL3,PSMA3,0.577069433313353
IL3,WDR82,0.576047602311341
IL3,ANXA5,0.575698724928176
IL3,UBA1,0.574866978763023
IL3,WDR59,-0.574718666979809
IL3,GPAA1,0.573430901082888
IL3,RGS2,-0.571066392958008
IL3,SPCS2,0.570497098243042
IL3,ADPRH,0.569119542056076
IL3,DAPK1,0.568687292375925
IL3,TRAK2,0.568207013256396
IL3,BYSL,0.567187309759045
IL3,PHTF2,0.565989510110729
IL3,KIF3B,0.564458904782031
IL3,HMGB2,-0.560353412622511
IL3,ASXL2,0.560153664253953
IL3,ACIN1,0.560147316283135
IL3,TOMM22,0.559887155156525
IL3,TMEM50A,0.559475926900094
IL3,ETFB,0.558087048647009
IL3,SSR1,0.556996483120596
IL3,SYPL1,0.555231852656281
IL3,DDX41,0.554699095620954
IL3,OSBPL11,-0.554236085333313
IL3,HAX1,0.554119331454459
IL3,MUS81,0.553610984845173
IL3,RAB5A,0.553434630942107
IL3,CSGALNACT2,0.55313700674439
IL3,RPS15,0.552258520954892
IL3,BCL2L13,0.55020081666169
IL3,TP53BP1,0.550018394848994
IL3,LDHA,0.550000000000001
IL3,CDKN1B,-0.549935577931011
IL3,PPP2R5E,0.549909142453554
IL3,IPO9,0.548388321172934
IL3,RAB27A,0.547682052981442
IL3,MANF,0.547375519471698
IL3,CERS2,0.54661796387256
IL3,ARMT1,0.545698351082528
IL3,POGZ,0.544622500175407
IL3,NFU1,-0.544254053922245
IL3,AHI1,-0.543925680522863
IL3,WTAP,0.542679375205452
IL3,SRP19,0.541444573294211
IL3,XIAP,0.540681011886123
IL3,FLNA,0.54
IL3,KLC1,0.539461409102706
IL3,TAOK1,0.539310096473889
IL3,ENDOG,0.539110324002245
IL3,RBBP5,0.538960930041687
IL3,TMEM259,0.538880896484974
IL3,HSDL2,-0.538244081947095
IL3,ALAS1,0.538163297219162
IL3,NFAT5,0.537075615523639
IL3,CD58,0.535371148688127
IL3,UBB,0.534798227932829
IL3,NSD1,0.533898738687532
IL3,RBM42,0.533761338159172
IL3,ZMYM5,0.533476994071251
IL3,ARF3,0.532999648995552
IL3,POLR1D,-0.532969503060267
IL3,MOSPD1,-0.532786507408006
IL3,SERP1,0.531637740680361
IL3,HIGD1A,0.531410871898981
IL3,POR,0.531408603774379
IL3,ZC3HAV1,0.530617760974062
IL3,GSTO1,0.530524933651173
IL3,CNBP,0.530495207815482
IL3,SLC39A6,0.530293880889897
IL3,SLC35B1,0.530028387752438
IL3,AVPI1,-0.529999999999999
IL3,DDX21,0.529008233120164
IL3,TMCO1,0.528809023711524
IL3,SLC2A1,0.528363333235085
IL3,AKR1C3,0.526980880077375
IL3,DYNC1H1,0.526636005227388
IL3,USP47,-0.526248752314175
IL3,CHMP2A,0.525284833211808
IL3,TPGS2,0.524094451030116
IL3,DUSP1,-0.523749833428148
IL3,ABHD2,-0.523283322858267
IL3,PSMD14,0.522516309047134
IL3,PLXNA1,0.52169449536877
IL3,SENP2,0.521659816922798
IL3,TSPAN13,0.52096096246271
IL3,CTSO,-0.520347046961417
IL3,SUPT5H,0.519381484226409
IL3,MID1IP1,-0.519015333570343
IL3,NABP2,0.518974245831958
IL3,DAXX,0.518089375349449
IL3,TNPO3,0.517463664776019
IL3,IRF1,-0.51693398617061
IL3,RFTN1,-0.516897305193114
IL3,CLIC4,0.51672694653619
IL3,FAM3A,-0.516454034661191
IL3,GLRX3,0.516002975556831
IL3,PPP4R3A,0.515348758212706
IL3,MPDU1,0.515094126675712
IL3,TTLL12,0.51505366858501
IL3,DPP3,0.51401786770299
IL3,EGLN1,0.513501890105372
IL3,ARID4B,0.510808031374294
IL3,MKRN1,-0.510538576119409
IL3,CNOT3,0.509902823426007
IL3,PAK1IP1,0.508237435563469
IL3,TAF7,0.507539740613694
IL3,B4GALT4,0.504341249998792
IL3,CYP20A1,0.50306996342279
IL3,SLC20A1,0.502634854444825
IL3,KRT10,0.502617244123266
IL3,OPN3,0.502411812546287
IL3,MRPL28,0.502127058337707
IL3,TIMM8A,0.502091607871009
IL3,PITRM1,0.501869934774248
IL3,GART,0.501429827299031
IL3,CRK,0.500037117579348
IL3,PRPF40A,0.5
IL3,ZFYVE26,-0.499492233294667
IL3,ZNF254,-0.49946964779663
IL3,MPHOSPH6,0.498808071307601
IL3,ATXN1,-0.498774618395636
IL3,TADA3,0.498446733679073
IL3,DIAPH1,0.498053415914994
IL3,PAICS,0.497500467866105
IL3,ABL2,0.496951931000386
IL3,DYNC1I2,0.495703578831396
IL3,MLEC,0.49448935400984
IL3,PSMD13,0.494226936729014
IL3,MCM4,0.492987758265274
IL3,FAM102A,0.491368475898516
IL3,CD151,0.491197156123253
IL3,RIOK3,0.491121156048537
IL3,IGF2R,-0.491094167460639
IL3,HEXB,-0.490719478717719
IL3,POP7,0.489907452915764
IL3,CHD8,0.489868363146545
IL3,NOP10,0.489858324272964
IL3,MICA,0.48976964696481
IL3,IRS2,-0.489125509103008
IL3,NME6,0.485247908950871
IL3,TOR1A,0.484731726497309
IL3,RNPS1,0.484435496431644
IL3,RPL14,-0.483674133317548
IL3,TWSG1,0.481579393175774
IL3,PKM,0.480980232322487
IL3,GBP2,-0.480956948620228
IL3,CDC42,0.480783400334698
IL3,TERF2IP,0.4801113324162
IL3,NDUFA6,-0.48
IL3,GJC1,0.477914170594319
IL3,PRNP,0.477743907544172
IL3,ZDHHC3,0.477516644289899
IL3,HMG20B,-0.477516250624664
IL3,ZNF654,0.475680556524699
IL3,MFAP3,0.475510668067172
IL3,CREB3L2,0.475480519286531
IL3,ARL2BP,0.475279292209745
IL3,TMEM214,0.474990248730443
IL3,PIP4K2A,0.474250030724083
IL3,NUTF2,0.473318727524146
IL3,TSC22D1,-0.472924935368949
IL3,CCNC,0.472594789476249
TNFA,TNFAIP3,2.54429253914178
TNFA,NFKBIA,1.63264
TNFA,TNFAIP2,1.486615
TNFA,IRF1,1.08634023654987
TNFA,NFKB2,1.06773828994759
TNFA,NFKB1,0.903976244785347
TNFA,DRAM1,0.8932303148844
TNFA,TNIP1,0.807774597311654
TNFA,SDC4,0.723103577
TNFA,DDX58,0.700802520521101
TNFA,IFNGR2,0.688874962762801
TNFA,GBP2,0.674138827445253
TNFA,RIPK2,0.622489389413079
TNFA,IER3,0.604996375319636
TNFA,G0S2,0.604267399402601
TNFA,IFIT3,0.588479417364596
TNFA,JUNB,0.5456098505
TNFA,MAFF,0.532169151407461
TNFA,ETS1,0.516468133421153
TNFA,HIVEP2,0.49410878032827
TNFA,STAT5A,0.475786366143951
TNFA,RNF19B,0.473963148477767
TNFA,TICAM1,0.46437099200084
TNFA,EDN1,0.463500130925219
TNFA,EHD1,0.461767159847424
TNFA,SQSTM1,0.460023968772026
TNFA,IFNGR1,0.4319527975
TNFA,PANX1,0.422865648462281
TNFA,PARP12,0.419176578117515
TNFA,TNFAIP8,0.418725840479056
TNFA,TAPBP,0.416629399705209
TNFA,TNFRSF10B,0.413271321099035
TNFA,IFNAR2,0.411122243361412
TNFA,BIRC2,0.400918945702751
TNFA,PNRC1,0.394419020793545
TNFA,SERPINB8,0.391151208990594
TNFA,BID,0.385722752076918
TNFA,WTAP,0.38191094226787
TNFA,PTGS2,0.380538467750324
TNFA,NFKBIB,0.377368809685545
TNFA,PPP1R15A,0.373426474885327
TNFA,HIVEP1,0.363049116754169
TNFA,NAMPT,0.338907185003535
TNFA,HLA-F,0.330939898125001
TNFA,B4GALT1,0.32945714444496
TNFA,NOCT,0.322318990737655
TNFA,IRF2,0.317371110003871
TNFA,FOSL1,0.310475375912665
TNFA,HBEGF,0.304668090179151
TNFA,REL,0.304593629887708
TNFA,NECAP2,0.30202379906041
TNFA,UGCG,0.298483121392801
TNFA,IRF7,0.296604574737994
TNFA,BTG3,0.29066872307528
TNFA,CLIC4,0.2869564190453
TNFA,IL6ST,0.281976544788805
TNFA,BTN2A2,0.280433033569522
TNFA,NUP153,0.27965326125
TNFA,SLC12A7,0.277232518863565
TNFA,CREB3,0.276153281024374
TNFA,TXNIP,-0.274543711254577
TNFA,IFIT2,0.272717068267259
TNFA,KLF6,0.268137376467503
TNFA,DUSP5,0.268053769527695
TNFA,ARNTL2,0.267771698213912
TNFA,C3orf52,0.266983986
TNFA,B4GALT5,0.257395373436311
TNFA,RELA,0.257124498706268
TNFA,TANK,0.256679088631158
TNFA,ANKLE2,0.25243474270751
TNFA,CD47,0.251993989224228
TNFA,GRINA,0.251933841141598
TNFA,ZNF267,0.249437591442235
TNFA,TNIP2,0.245844616892375
TNFA,SUSD6,0.245705115444957
TNFA,IER5,0.241226987999999
TNFA,RGS2,-0.23969960075017
TNFA,PLA2G4C,0.239413915
TNFA,TRIP10,0.237602937575713
TNFA,RFX5,0.23701829415846
TNFA,PSMB10,0.237004461343324
TNFA,PML,0.235773331329286
TNFA,CEBPD,0.231948927838967
TNFA,CSF1,0.231155053433666
TNFA,OTUD4,0.227573501850535
TNFA,IFNAR1,0.2271700586423
TNFA,SAT1,0.226398691202084
TNFA,SLC25A37,0.224921957574454
TNFA,DNAJB9,0.22159473186047
TNFA,UXS1,0.219590331247475
TNFA,DENND5A,0.218849064299031
TNFA,SLC25A28,0.218584872126021
TNFA,N4BP1,0.216111339
TNFA,JADE1,-0.215661009651249
TNFA,CASP7,0.215519990455399
TNFA,TDRD7,0.21402700376441
TNFA,RCAN1,0.213802809845674
TNFA,RAP2C,0.213782455490612
TNFA,PDCD5,0.212786438836142
TNFA,FGD6,0.212140487444735
TNFA,BTG2,0.211350213212917
TNFA,PSEN1,0.21062006158918
TNFA,DNAJA1,0.210280583821312
TNFA,HMGCS1,0.210092772940438
TNFA,LITAF,0.209617208390734
TNFA,PRDM1,0.2074069002418
TNFA,ALDH3A2,-0.207255727337025
TNFA,NMI,0.207220637096904
TNFA,SQLE,0.206764764526771
TNFA,TP53BP2,0.205134156635846
TNFA,BAZ1A,0.205088323442875
TNFA,SAV1,0.204607781478989
TNFA,RAB9A,0.20442632308124
TNFA,ABHD10,-0.204421284321417
TNFA,CD82,0.203556553887589
TNFA,TNFAIP1,0.203066094258903
TNFA,PSRC1,-0.202223481500001
TNFA,SLC11A2,0.201822193176024
TNFA,CDKN2B,0.200928123963344
TNFA,GTPBP2,0.200226846657613
TNFA,FILIP1L,0.199982722580101
TNFA,ZFP36,0.199722575384329
TNFA,ECE1,0.199057766751023
TNFA,TCFL5,-0.198103464065903
TNFA,UPP1,0.196991377623853
TNFA,GABPB1,0.196960454174457
TNFA,IMPA2,-0.196142953689208
TNFA,PPIF,0.193365947989228
TNFA,DUSP10,0.193289710162178
TNFA,KLF10,0.191406618792604
TNFA,PTPN12,0.191207654583863
TNFA,CD58,0.18920365984035
TNFA,SPHK1,0.189135718719149
TNFA,DLEU1,-0.188390337371982
TNFA,DUSP1,0.187422536763116
TNFA,GSTA4,-0.187274787816306
TNFA,TFE3,0.187031057561583
TNFA,ERAP2,0.186087829092937
TNFA,TAPBPL,0.185596356779992
TNFA,MYLIP,-0.185299379134947
TNFA,FTH1,0.185014030329382
TNFA,JUN,0.184952029443727
TNFA,LRP12,0.183815389225752
TNFA,NFE2L2,0.182569178029196
TNFA,EMP3,0.180318508060278
TNFA,GPD1L,-0.180142112966282
TNFA,PIGA,0.17951472778178
TNFA,TOB1,-0.179404262884418
TNFA,HADH,-0.179103745924177
TNFA,SLC35A1,-0.178938322579301
TNFA,ZNF395,-0.178890782699862
TNFA,CTDSPL,-0.175571815238192
TNFA,ZNF140,0.175327302242136
TNFA,CDK6,0.175102286714839
TNFA,LYN,0.174200649754662
TNFA,SDHAF3,-0.174069828954132
TNFA,NRIP1,0.173990456700809
TNFA,ERMP1,-0.173532804249115
TNFA,THAP11,-0.171796147747571
TNFA,POLG2,-0.170378796632584
TNFA,SOX12,-0.170375647924635
TNFA,TAP2,0.17016994677692
TNFA,SERPINE2,0.170128300664822
TNFA,STX4,0.169403018425419
TNFA,MT2A,0.169171363974394
TNFA,SPATA7,-0.168956377973235
TNFA,ITGAV,0.168397078738627
TNFA,NAB1,0.167679914781449
TNFA,BPGM,0.167505618009232
TNFA,ZBTB10,0.167414745477023
TNFA,RAB8B,0.167056439437435
TNFA,ALAS1,0.166793370749104
TNFA,MMD,0.166141458351611
TNFA,MUC1,0.166004224165978
TNFA,CCDC51,-0.165843508564438
TNFA,ZFP36L1,0.165432602441109
TNFA,LIAS,-0.164786666222862
TNFA,SLC16A5,-0.1646303677989
TNFA,B2M,0.163981480356943
TNFA,MCM6,-0.162382523499999
TNFA,PSMB8,0.162065874730655
TNFA,MAPKAPK5-AS1,-0.161939904426317
TNFA,MFHAS1,0.160911318008233
TNFA,ASB13,-0.160131529533309
TNFA,LPCAT4,-0.159550921401094
TNFA,TMEM80,-0.159398465935605
TNFA,CANT1,0.159168891032947
TNFA,TPST1,0.15896962108058
TNFA,XBP1,0.158876764045389
TNFA,OSGEPL1,-0.158673159375
TNFA,SAC3D1,-0.158468539286709
TNFA,ZNF331,-0.158389511317398
TNFA,GEM,0.15834692912847
TNFA,CD44,0.157432387514743
TNFA,SSBP2,-0.157420504523769
TNFA,HDGF,0.15707923696605
TNFA,CCDC93,0.156454309577112
TNFA,SSX2IP,-0.156268599300142
TNFA,GCNT1,-0.1561783445
TNFA,ADAM17,0.1552861357869
TNFA,AVPI1,-0.15497859092182
TNFA,PAN2,-0.154771154474251
TNFA,USP12,0.15433323744509
TNFA,MAFG,0.153792919235941
TNFA,MCL1,0.153620060124999
TNFA,PARP16,-0.152855971500001
TNFA,FBXO9,-0.15262214325
TNFA,DAXX,0.152494821611624
TNFA,LDLRAP1,-0.152266881988455
TNFA,UAP1L1,-0.152174321182201
TNFA,JAK1,0.152107669
TNFA,EFHD2,0.152046372343785
TNFA,OGFRL1,0.151917438884085
TNFA,ENTPD7,0.15178259026463
TNFA,GPSM2,-0.150818053923828
TNFA,PTPN2,0.149553661243159
TNFA,NDRG3,-0.14914961255426
TNFA,ANKMY2,-0.148891260204797
TNFA,MSH2,-0.148786949784187
TNFA,PEX2,-0.147515737297255
TNFA,GADD45A,0.147039591471651
TNFA,PEX11A,-0.146467864791691
TNFA,CKAP4,0.146011161189233
TNFA,PXMP4,-0.145719867995655
TNFA,RFXAP,-0.145548824161319
TNFA,GPATCH2L,0.145524351294255
TNFA,RFC5,-0.145165514950049
TNFA,TBC1D4,-0.144864117742002
TNFA,ZKSCAN3,-0.144859580160519
TNFA,ENOSF1,-0.144424711128518
TNFA,TSEN2,-0.144350071815091
TNFA,TUBB2A,0.14380263901091
TNFA,PPCS,-0.143779971135356
TNFA,QKI,0.14212471036512
TNFA,PSIP1,-0.141837649
TNFA,RITA1,-0.141813022
TNFA,FAM50B,-0.141796839616314
TNFA,ACAA2,-0.141678292069994
TNFA,INSIG1,0.141634190267777
TNFA,SEPHS1,-0.141296436984065
TNFA,CDKN1A,0.140934608967853
TNFA,FAM216A,-0.140623754421216
TNFA,CHIC2,0.140453895644896
TNFA,PHLDA2,0.1403
TNFA,ADORA2B,-0.140242331368731
TNFA,PTPN13,-0.140170630991646
TNFA,ABHD6,-0.139958066038957
TNFA,ZHX3,-0.139733464629124
TNFA,ORAI3,-0.139674715243831
TNFA,IDH1,-0.139349917363189
TNFA,PRKACB,-0.139210852612204
TNFA,RMI1,-0.139199529244869
TNFA,LUC7L3,-0.139096914964625
TNFA,NEDD4L,0.139037109660769
TNFA,SMURF1,0.138903605871645
TNFA,RHOG,0.138316811638884
TNFA,ASTE1,-0.13816572343046
TNFA,PLSCR1,0.137865959598594
TNFA,ZNF589,-0.137826585478171
TNFA,CDC7,-0.137761712677151
TNFA,MRPS34,-0.137218298588498
TNFA,SNX2,-0.136803939354322
TNFA,TAF4B,0.1364213061035
TNFA,VEGFA,0.136349546735111
TNFA,KCTD12,-0.136338918292588
TNFA,IFI6,0.13621696185588
TNFA,PGM3,0.136125181188283
TNFA,MCM3,-0.136082766378323
TNFA,ADAR,0.135035950171683
TNFA,PCMTD2,-0.134928415343477
TNFA,DPH5,-0.134737316243668
TNFA,COQ10B,0.134410071518471
TNFA,HSDL2,-0.134396071252968
TNFA,EMP1,-0.134266550125722
TNFA,STX10,-0.134235912313975
TNFA,BOLA1,-0.134151487274467
TNFA,ABCB6,-0.1341390959277
TNFA,MPHOSPH9,-0.134034589716805
TNFA,GMPS,-0.133166836479555
TNFA,VPS37C,0.133123669027046
TNFA,THYN1,-0.133053890000001
TNFA,HCFC1R1,-0.132921718627512
TNFA,DUSP3,0.132785963136691
TNFA,ATP6V0E2,-0.132683083094477
TNFA,AP3M2,-0.132679970058438
TNFA,PTCD3,-0.132350760492539
TNFA,CREB1,0.13209022451587
TNFA,SLC20A1,-0.131480455784218
TNFA,ZNF174,-0.131392717634765
TNFA,NCK1,0.131048683964803
TNFA,RBM4B,-0.13088629551949
TNFA,G3BP1,0.130650173105905
TNFA,SLC25A15,-0.130578306873868
TNFA,FERMT2,0.130146476379991
TNFA,PECR,-0.129928576370814
TNFA,THNSL1,-0.129887558295842
TNFA,BDH2,-0.129873329464061
TNFA,ABHD4,-0.129088090031914
TNFA,TAB2,0.128917174994433
TNFA,TAF5,-0.12857997326503
TNFA,XPA,-0.128489806944221
TNFA,SOX4,0.128160641855034
TNFA,TRIM45,-0.1280770085
TNFA,ECI2,-0.12791
TNFA,C9orf40,-0.127633369893275
TNFA,QPCT,0.127491829643476
TNFA,DSN1,-0.12728440588551
TNFA,LRP5,-0.127203897258133
TNFA,ITGAE,-0.127158547309729
TNFA,PIM1,0.127011751768262
TNFA,NFATC3,-0.1265230062358
TNFA,MEGF9,-0.12647569846789
TNFA,SLC50A1,0.125958304403112
TNFA,TMEM187,-0.125810155193543
TNFA,PXMP2,-0.125760781455884
TNFA,IRF9,0.125681237653027
TNFA,PNRC2,0.125671765378293
TNFA,PCYOX1,-0.125607945010105
TNFA,ADH5,-0.125595506275379
TNFA,TBC1D31,-0.12474
TNFA,KDM7A,0.124619622491376
TNFA,ZMIZ2,0.124511278124226
TNFA,PTCD2,-0.124384578247021
TNFA,LRRC20,-0.12420919047262
TNFA,FAN1,-0.1242030950131
TNFA,MGST2,-0.124160968570591
TNFA,HIBCH,-0.124076303111256
TNFA,CAMK2G,-0.123979024931399
TNFA,PPL,-0.123770888981605
TNFA,CBR1,-0.123757641276709
TNFA,FAM13A,-0.123702220143919
TNFA,WDR48,0.123700684548908
TNFA,MYD88,0.123555735226751
TNFA,ACP6,-0.123546542057453
TNFA,ZCCHC24,-0.123430000000002
TNFA,IFIT5,0.123395779163518
TNFA,NXT2,0.123393553165061
TNFA,RHOT1,-0.1233838041602
TNFA,TBC1D2,-0.123366802435646
TNFA,KLF3,0.123360411762442
TNFA,YRDC,0.123119465249126
TNFA,NISCH,-0.122911246959816
TNFA,HSD17B11,-0.122871170908776
TNFA,CUL4B,-0.12281640683016
TNFA,LTA4H,-0.122808661468074
TNFA,CASP4,0.122650415502412
TNFA,CRTAP,-0.122608090925973
TNFA,TM7SF3,-0.122467314667986
TNFA,ARHGEF9,-0.122460288147041
TNFA,A4GALT,0.122343907766208
TNFA,FJX1,0.122315051313189
TNFA,CARD8,-0.122307794999999
TNFA,UEVLD,0.12229498675
TNFA,C1S,0.122189972437767
TNFA,TRAFD1,0.122133330267677
TNFA,NMT2,-0.122115565718165
TNFA,TRAM2,-0.122039407669957
TNFA,CYBRD1,-0.121899747893146
TNFA,BAK1,0.121749366467163
TNFA,AKR7A2,-0.121744410628915
TNFA,RNF24,0.121738160553019
TNFA,PHKB,-0.121666765479452
TNFA,LETMD1,-0.121498373803196
TNFA,TEX2,-0.1213674085937
TNFA,METTL17,-0.121254003964211
TNFA,BACE1,-0.121167456430148
TNFA,MTRF1,-0.120755845142759
TNFA,TCEAL1,-0.120751875875899
TNFA,DCP1A,0.120699465843305
TNFA,TRAPPC2L,-0.1206939375
TNFA,PREPL,-0.120578485083227
TNFA,SCRN3,-0.120559619406696
TNFA,NFYB,-0.12015462428197
TNFA,TBC1D8,-0.120154349224778
TNFA,TBK1,0.120127701919026
TNFA,LHFPL2,0.119612514287399
TNFA,PRMT1,0.119448813858938
TNFA,KANK2,-0.1192364660913
TNFA,RPA1,-0.119070939031843
TNFA,C2orf68,-0.118934715750002
TNFA,ICE2,-0.118881003702114
TNFA,PFKM,-0.118879557573246
TNFA,ZNF24,0.118803901488161
TNFA,GNAQ,-0.118627441201381
TNFA,LMCD1,-0.118581361031185
TNFA,PCYOX1L,-0.118527266553401
TNFA,DCXR,-0.11832831729663
TNFA,MAP3K4,-0.118172301496075
TNFA,TAGLN2,0.118087352649558
TNFA,KNTC1,-0.118069400057876
TNFA,PCTP,-0.117714472427887
TNFA,PLPP1,0.117714159190376
TNFA,PRRC2C,0.117339999999999
TNFA,TRIO,0.11725925264653
TNFA,ZNF185,-0.117046479416938
TNFA,WDHD1,-0.116850012617846
TNFA,IQSEC1,-0.116794910796305
TNFA,SETD6,-0.116711722144884
TNFA,TRMT13,-0.116583775630469
TNFA,ZNF302,-0.11653776874528
TNFA,CITED2,-0.116506744441137
TNFA,CSRNP2,0.116445155576231
TNFA,SCAP,-0.116421372889576
TNFA,ARMC7,-0.116324117967232
TNFA,NAA16,-0.116113400499999
TNFA,GGCT,-0.116089483828199
TNFA,TAF13,0.1160181905
TNFA,LAPTM4B,-0.115863155965023
TNFA,ILK,0.115843372492001
TNFA,SNRNP25,-0.115743441187088
TNFA,PPP3CC,0.11558608083996
TNFA,TP53,0.115516694036008
TNFA,EHD3,-0.1153501195
TNFA,BCKDHB,-0.115219425124078
TNFA,CIRBP,-0.115077411238741
TNFA,ZBTB18,-0.114760029437942
TNFA,PDHB,-0.114718330640118
TNFA,C2CD5,-0.114489148379366
TNFA,SOCS3,0.114441357718669
TNFA,FAM8A1,-0.11441210491226
TNFA,KAT2B,-0.114402849636249
TNFA,RSAD1,-0.114402479250001
TNFA,ZFAND1,-0.11438787406027
TNFA,ZBTB17,0.114387489764966
TNFA,BBS10,-0.114359395508312
TNFA,CDKN2C,-0.113896899032049
TNFA,SMC2,-0.11366001506616
TNFA,PMM1,-0.113568414870361
TNFA,C6orf62,0.113378372117806
TNFA,SDF2L1,0.113266083805877
TNFA,CDK5,-0.113209114999999
TNFA,PITPNB,0.112830098317813
TNFA,MCM4,-0.112768741477542
TNFA,CSTB,0.112666089163653
TNFA,POLR1E,-0.112512188480078
TNFA,JAG2,-0.11224575793035
TNFA,ZMYM3,-0.112092611437433
TNFA,MTSS1,0.11197269553019
TNFA,TUBA4A,-0.111876274497801
TNFA,UBAC1,-0.111836102334472
TNFA,PTGER4,0.111817211831009
TNFA,BPTF,-0.11169901989779
TNFA,BHLHB9,-0.111676807147356
TNFA,ASF1A,-0.111447572369275
TNFA,HPCAL1,-0.111366285217756
TNFA,AMZ2,-0.111316265549799
TNFA,RXRA,-0.111253808121074
TNFA,GGA2,-0.111208192070565
TNFA,RANGAP1,0.111108665
TNFA,PHLDA1,0.110267956231835
TNFA,NUP58,0.110050912462313
TNFA,SMAD9,-0.109947546000001
TNFA,CEP57,-0.10973283619566
TNFA,ALDH7A1,-0.109630834350725
TNFA,ABL2,0.109591229522922
TNFA,UBR7,-0.109407147682833
TNFA,MED13,0.109362510646318
TNFA,RPRD2,-0.109215092034349
TNFA,TDRD3,-0.10907091486547
TNFA,METTL5,-0.108879268608685
TNFA,ZSCAN31,-0.108870549760395
TNFA,SMAGP,-0.108844231908325
TNFA,HSF2,-0.108842322437194
TNFA,CENPQ,-0.10842984451851
TNFA,OGFR,0.108229945274996
TNFA,ATP7A,-0.108157747940917
TNFA,ADNP,-0.108156240227399
TNFA,CCP110,-0.10812885275
TNFA,FKBP2,0.108119373188701
TNFA,CTSO,0.107754188190475
TNFA,NDUFB6,-0.107584488861361
TNFA,NPRL2,-0.107553609729733
TNFA,PHKA2,-0.107399249480777
TNFA,CYP2R1,-0.107367437481809
TNFA,OXA1L,-0.107279331448916
TNFA,ABLIM1,-0.107223490850634
TNFA,ARL3,-0.107194438490142
TNFA,TOP2A,-0.107002187108485
TNFA,FLOT1,-0.107000308187668
TNFA,SLC35A5,-0.106798231258951
TNFA,MAGEF1,-0.106731561548891
TNFA,UPF3A,-0.106570255808959
TNFA,ZFYVE21,-0.106352551627227
TNFA,SRPK1,0.106170949949378
TNFA,ABCD3,-0.106167926865717
TNFA,ANKRA2,-0.106082686262044
TNFA,MRFAP1L1,-0.106042052499999
TNFA,CPSF6,-0.10589841675649
TNFA,JRK,-0.10574665122707
TNFA,TUBG2,-0.10574
TNFA,KAT6B,-0.105682139
TNFA,TCF12,-0.105630729778541
TNFA,AUH,-0.105602149154192
TNFA,TYK2,0.105525416653091
TNFA,WBP2,0.105510618879842
TNFA,UNG,-0.105361887784436
TNFA,MANF,0.105282269968173
TNFA,PIK3C2B,-0.105275263637913
TNFA,DHFR,-0.105242171871902
TNFA,ANXA7,0.105001220906617
IL2,EGR1,2.40776941953619
IL2,PIM1,1.46309075575478
IL2,IER3,1.22785723204068
IL2,LRP8,1.14378318727334
IL2,MAFF,1.04359852059588
IL2,RAB11FIP1,0.94454332240681
IL2,DUSP5,0.9043903122098
IL2,IER2,0.8876291155863
IL2,RGS2,-0.881558181280708
IL2,PLPP1,0.830789996411621
IL2,RGS16,0.81368968059598
IL2,BYSL,0.804445056363041
IL2,MIIP,0.80321372227675
IL2,BCL2L1,0.78451899243042
IL2,RRAS2,0.771958557926348
IL2,SLC1A5,0.749425454126806
IL2,MMD,0.744705
IL2,PTGER2,0.738181278868692
IL2,PHLDA1,0.727818938735331
IL2,HEG1,0.714507545525645
IL2,SCD,0.69873959830317
IL2,CDK6,0.691175971416629
IL2,CBFB,0.687224035527533
IL2,HBEGF,0.687028452512755
IL2,AHR,0.68685531727858
IL2,SEH1L,0.683204506403683
IL2,PFKFB3,0.65814375187496
IL2,RRS1,0.651899226065509
IL2,CDKN1B,-0.639301065293212
IL2,PTGS2,0.626812330958595
IL2,ADAM19,0.625213419038318
IL2,KLHL24,-0.61863661812817
IL2,MRTO4,0.614275791947581
IL2,WDR43,0.6124245316596
IL2,MTHFD2,0.611043460571299
IL2,DDX21,0.599220791307336
IL2,HILPDA,0.593166222056411
IL2,CHSY1,0.58946848918454
IL2,MAK16,0.577844939917249
IL2,TGFBR1,0.57042074591788
IL2,YRDC,0.560551616653385
IL2,DDIT4,0.560012993686698
IL2,PAICS,0.557639999999999
IL2,FOSL1,0.557446154462767
IL2,HIC1,0.554352397218264
IL2,ZNF282,0.551278616628415
IL2,TRIB3,0.54583947722376
IL2,CHAC1,0.54361749229751
IL2,ELOVL6,0.54067983536857
IL2,CLK4,-0.539070000000001
IL2,ALDH1B1,0.538093561558758
IL2,KNOP1,0.529803980997605
IL2,NOP16,0.52657344553628
IL2,NETO2,0.526170098609169
IL2,RRP15,0.525809012925447
IL2,IRS2,-0.524357814283415
IL2,CD3EAP,0.52016374596219
IL2,EIF1,0.519359892647202
IL2,CHST12,-0.519307887568844
IL2,PA2G4,0.517445
IL2,TOMM40,0.513980023050441
IL2,NAMPT,0.512453649455409
IL2,SLC35F2,0.503611389961006
IL2,NR1D2,-0.502897280227231
IL2,TCF7,-0.499084164877974
IL2,IKZF4,0.492437049854864
IL2,KAT2B,0.488911395376166
IL2,STK17B,0.488568913986704
IL2,CTSO,-0.48227456171761
IL2,ARNTL2,0.481281477580741
IL2,SLC25A46,-0.477964028452329
IL2,GRK6,0.477749893302934
IL2,SMIM14,-0.477306214020754
IL2,SLC39A14,0.47677045054173
IL2,METTL1,0.476668939766039
IL2,RGS19,0.473663483908125
IL2,TRIP13,0.470963975358849
IL2,WDHD1,0.468020743251672
IL2,POLR3G,0.465974187805258
IL2,SOX4,-0.462350216323674
IL2,GRPEL1,0.459188097135888
IL2,MBTD1,-0.457335772343068
IL2,CMAHP,0.455714786096605
IL2,RCL1,0.45501974976992
IL2,RORA,-0.454804134166039
IL2,DCAF8,-0.45400640883829
IL2,AP3M2,0.452829446837293
IL2,IFNAR2,-0.451051214201087
IL2,PDCD11,0.447127341183708
IL2,ENO1,0.443696128736303
IL2,ELK1,0.442766670161646
IL2,RRP7A,0.442761824410198
IL2,PNO1,0.442341276426689
IL2,APOLD1,-0.439453143531555
IL2,NOLC1,0.43506545154559
IL2,PBXIP1,-0.433248058639204
IL2,DHCR24,0.4295
IL2,PLEKHB2,0.42865686621694
IL2,BAZ2B,-0.427602701028791
IL2,EBP,0.425403092517186
IL2,PFDN2,0.424501958741684
IL2,IVNS1ABP,0.420232994235737
IL2,SPATS2L,0.417307470378942
IL2,JUNB,0.41534229145706
IL2,BTN3A2,-0.415193797544122
IL2,YPEL1,-0.41472423188529
IL2,SUV39H2,0.413267158712025
IL2,LAPTM4B,0.412660765625295
IL2,SRM,0.411909944860218
IL2,GTPBP4,0.410103537189251
IL2,SLC1A4,-0.4098801699378
IL2,ACTN1,0.409527135330542
IL2,TSR1,0.406238364809659
IL2,ULBP2,0.405120522211305
IL2,SACS,0.40500728153849
IL2,IFRD2,0.4037943749829
IL2,POLR3D,0.401093798643284
IL2,MAT2A,0.399280970402721
IL2,HK1,0.397513573844943
IL2,TUBA4A,0.396949432927212
IL2,CHST11,0.395915567256385
IL2,NOL6,0.395352132512144
IL2,HNRNPAB,0.395266866754701
IL2,RAC2,0.393495179856647
IL2,ARL4C,0.393349393752727
IL2,SNRK,-0.39265680985714
IL2,EIF4G1,0.39242047790545
IL2,IFNGR2,0.392417667429831
IL2,ITGB2,0.390706212864592
IL2,TAF4B,0.390552774359631
IL2,CCDC28A,-0.389848192187962
IL2,SFXN1,0.389318392725785
IL2,SPRED2,0.389056834763683
IL2,ALAS1,0.387396589579442
IL2,UAP1L1,0.386770353554351
IL2,TRADD,0.38662321575638
IL2,RGL1,-0.385007108667939
IL2,LARP4,0.384994280993224
IL2,PSMD14,0.384970696830953
IL2,PDPR,-0.384714198658699
IL2,PIGA,0.384422492204331
IL2,SQLE,0.383069559566269
IL2,SDC4,0.38221496614459
IL2,GADD45G,0.381698163850998
IL2,TNFAIP3,-0.381283848597961
IL2,YES1,0.380865096231219
IL2,VEZF1,-0.379027267727146
IL2,PIM2,0.378979124818699
IL2,PJA1,0.3781113074718
IL2,WSB2,0.376432644698289
IL2,PARP8,-0.375987575598204
IL2,THUMPD2,0.37513627425325
IL2,PIK3R3,-0.37497464862958
IL2,ZFYVE26,-0.37448004607359
IL2,GEMIN4,0.374202930650464
IL2,C2orf68,-0.372052739004725
IL2,TSTA3,0.371952903523356
IL2,PDE4A,0.371731750870892
IL2,CTDSP2,-0.370269720972917
IL2,CHD1L,0.36969123373644
IL2,TNFRSF12A,0.363667886613802
IL2,PYCR1,0.363471019341509
IL2,GPI,0.3626733251161
IL2,TUBB4B,0.362237929706076
IL2,FOXO3,-0.362013529711565
IL2,MANF,0.36176
IL2,CHEK2,0.36161490813415
IL2,DPH2,0.361538893106999
IL2,WIPI2,-0.360506224205061
IL2,NR3C1,-0.360269948550101
IL2,FAM102A,-0.358265069011464
IL2,CDK2,0.357273844843229
IL2,SRF,0.357245845075304
IL2,VAMP4,0.356194683656062
IL2,EGR2,0.356112086870215
IL2,CALU,0.354955577098151
IL2,EXOC1,-0.35262573314424
IL2,MRPL17,0.352468261141469
IL2,SLC35A5,-0.352430000000001
IL2,SLC12A6,-0.350189802224929
IL2,VEGFA,0.349949191099522
IL2,TNRC6B,-0.348914723177966
IL2,EPM2AIP1,-0.348410390530709
IL2,ZFP36L2,-0.3480408562889
IL2,DPP4,0.347750478215781
IL2,ZBTB18,-0.346252693500398
IL2,GART,0.345976161587348
IL2,CLIC1,0.345964092567096
IL2,CRNKL1,-0.344646084926879
IL2,TFDP2,-0.344258082883016
IL2,PPRC1,0.344088204059769
IL2,ERO1A,0.343578217620001
IL2,PNMA1,-0.34353641206965
IL2,METTL7A,-0.341554402597022
IL2,RALB,0.340752798456016
IL2,ZNF322,-0.340179089473184
IL2,DCAF4,0.339387590006462
IL2,ZSCAN16,-0.33926673955574
IL2,SERPINI1,-0.3392
IL2,NUDT15,0.3391518054814
IL2,UTP14A,0.338575329946514
IL2,SRPRB,0.338344377452344
IL2,PAN2,-0.336700768723659
IL2,RBM5,-0.336684990353415
IL2,TSC1,-0.335594593202757
IL2,CPPED1,0.335140661289518
IL2,PFN1,0.3347
IL2,TMEM80,-0.33381732426363
IL2,DCTPP1,0.333190836333047
IL2,CENPN,0.33290405537091
IL2,BTN3A1,-0.33286993223253
IL2,ACAA2,0.332462840539688
IL2,HSPA5,0.332387344471705
IL2,KDELR2,0.332212565196289
IL2,AP5M1,-0.330137739954308
IL2,DDX17,-0.328779731461696
IL2,NXT1,0.328664197586722
IL2,HK2,0.327508679820437
IL2,UBXN7,-0.327360468718636
IL2,HSD17B11,-0.326609109053532
IL2,CLDND1,0.326279568468703
IL2,MCM4,0.32594868213202
IL2,EIF5B,0.32557294027932
IL2,UBE2M,0.324946984593691
IL2,BCCIP,0.324724362450151
IL2,NUCB1,0.324715792743474
IL2,TPM4,0.324677790407902
IL2,ANKRA2,-0.324213621713261
IL2,PHF21A,-0.323840701782705
IL2,CDK4,0.323832017206048
IL2,RABGGTB,0.323177482917005
IL2,CDCA4,0.32251224971975
IL2,ORMDL2,0.322398378598471
IL2,BRD8,-0.322112036119991
IL2,KLF6,0.32192
IL2,FKBP1B,0.321436025007731
IL2,CRBN,-0.320509720510541
IL2,CDKN1A,0.32026607055744
IL2,LYRM1,0.32019967854478
IL2,EP300,-0.32016125774673
IL2,STK38L,-0.31985
IL2,TPI1,0.319571895600202
IL2,EGLN1,0.318746820367731
IL2,NDUFAF4,0.318463504579387
IL2,XBP1,0.318449999999999
IL2,TXN,0.317738514878887
IL2,SOCS3,0.317730364353327
IL2,CASP7,0.31669487028678
IL2,WDYHV1,0.31658757113178
IL2,ZNF451,-0.316343943154409
IL2,SOS1,0.315763984164599
IL2,JUND,0.31575
IL2,C2CD5,-0.3153231166735
IL2,STX1A,0.31513481529282
IL2,RPL39L,0.31469306816282
IL2,DNAJC12,0.314079511296542
IL2,GTF2E2,0.314063427637731
IL2,PRNP,0.313935741109901
IL2,IPO7,0.313911609149972
IL2,PSMG1,0.313563556012259
IL2,HSPBAP1,-0.31318468661483
IL2,NKTR,-0.312109255263575
IL2,PHTF2,0.31210120234728
IL2,FHL1,0.31187051318829
IL2,LY6E,0.31185
IL2,PPID,0.31138575955909
IL2,PCMTD2,-0.311082352986017
IL2,CD47,-0.310871729515131
IL2,WDR12,0.310701141476904
IL2,ZNF211,-0.310622840901131
IL2,RASA2,0.31001430023696
IL2,DGKH,0.30905
IL2,ETF1,0.30896862333752
IL2,NOP10,0.308800000000002
IL2,BPGM,0.307706523177972
IL2,VDAC1,0.307253916173769
IL2,VAMP1,-0.307128653244414
IL2,MPP5,-0.305870851399133
IL2,WDR3,0.305465300330732
IL2,RB1CC1,-0.305323700780361
IL2,C11orf24,0.304830074957924
IL2,SMAGP,0.30450535827336
IL2,PARVB,0.30395
IL2,ATIC,0.303893952462703
IL2,IFFO1,-0.303698873974385
IL2,GFPT1,0.303389999999999
IL2,HPCAL1,0.3031
IL2,SLC50A1,0.3021282441045
IL2,EGR3,0.300330137748281
IL2,CENPC,-0.300091052718562
IL2,VPS4B,-0.299375
IL2,ADI1,-0.299369495080939
IL2,MCM6,0.297808076861622
IL2,DENND4A,-0.297328303096935
IL2,PREPL,-0.297147753903011
IL2,DNAJB4,-0.297041470441424
IL2,PDCD5,0.29681378966366
IL2,MIOS,0.29420628896241
IL2,CEP68,-0.293911887009501
IL2,NOL3,0.293847500000002
IL2,DNAJC9,0.293695524795108
IL2,RNF146,-0.29343669557393
IL2,MRPL3,0.293202473356304
IL2,RAB9A,-0.29295
IL2,AGPAT2,0.292451476904159
IL2,UBE2S,0.2923203972222
IL2,MFSD11,-0.292294194620703
IL2,ZNF473,0.291632200190772
IL2,APOO,0.291414999999999
IL2,ZYX,0.291308925395347
IL2,ARL4A,0.29051887360549
IL2,TWSG1,0.290306527601759
IL2,RAN,0.28988630997803
IL2,CACNB3,0.289766068423789
IL2,PANX1,0.28967158137733
IL2,SDF4,0.289426031011745
IL2,UBL3,-0.28930931173934
IL2,HSPH1,0.28894000574009
IL2,NDUFV2,0.288723059820253
IL2,ARF6,0.287866282251088
IL2,ENO2,0.287237888046079
IL2,NOP14,0.286069659778182
IL2,TRIM68,-0.285612332060491
IL2,GMNN,0.285453317970681
IL2,ABCE1,0.285378129953969
IL2,CCT2,0.285255764906655
IL2,ASF1A,-0.285254999999999
IL2,SUSD6,0.28503849703657
IL2,LITAF,-0.285
IL2,POLR1B,0.28483371532319
IL2,HLF,0.284636845332082
IL2,P4HB,0.284552439033968
IL2,PEA15,0.283951179113018
IL2,UBE2N,0.28391600517107
IL2,STAT1,0.283256827547524
IL2,HEXA,-0.283193263568198
IL2,LRPPRC,0.28277466687404
IL2,COA7,0.28231546269353
IL2,MRPL4,0.282186361849172
IL2,SLC25A32,0.281763538254531
IL2,HUWE1,0.2817171707225
IL2,NEU1,-0.280444179517899
IL2,UBE4B,-0.279506929611221
IL2,PGAP1,0.279296956241089
IL2,FYN,-0.27919462161658
IL2,WDR4,0.278711098469072
IL2,ACTR5,0.278631706772671
IL2,CHKA,0.277197695285393
IL2,WDR77,0.27652337553243
IL2,UGP2,0.276235821220098
IL2,GNE,0.276025817615908
IL2,DEGS1,0.275995498747202
IL2,ATXN3,-0.275939138924408
IL2,CHPT1,-0.275735000000003
IL2,ADD3,-0.275562705834229
IL2,HDAC5,-0.275439454382526
IL2,HSPB1,0.275294953052156
IL2,ZNF266,-0.27529155266539
IL2,C12orf29,0.274721309868162
IL2,PTTG1,0.274078778333869
IL2,GPR157,0.2736
IL2,HEMK1,0.273062680316953
IL2,TMEM214,0.27286706860688
IL2,ZC2HC1A,-0.27227190558818
IL2,PKM,0.2720777540009
IL2,C1QBP,0.271745057774597
IL2,CCT6A,0.271741605657477
IL2,PRDX4,0.271618285237901
IL2,SLC16A1,0.271222391656051
IL2,KAT6B,-0.271048393148386
IL2,ACTN4,0.270819140828802
IL2,RPN1,0.2707
IL2,SMAD4,-0.269668444197099
IL2,PMM2,0.269499959202639
IL2,PRKX,0.269457967444194
IL2,TRIM23,-0.269376567474284
IL2,MRPS17,0.2685
IL2,AKAP13,-0.268133685448571
IL2,MAP2K1,0.26787099325364
IL2,BRPF1,0.267440217357044
IL2,UBE2G2,0.267160789883842
IL2,PIBF1,0.266755476370561
IL2,CDK2AP2,0.266677267944989
IL2,MFHAS1,0.266508199479921
IL2,GOLGA1,-0.266240470313139
IL2,UBE2W,0.266015927297309
IL2,PKIA,-0.26565
IL2,AFAP1,0.26553229190769
IL2,ZFYVE21,0.265408185787032
IL2,MEGF9,-0.265393090647053
IL2,PLXNA1,0.265075
IL2,NSF,-0.2643
IL2,TUBG1,0.264265596367707
IL2,LDHA,0.2641454462357
IL2,LRRC8D,-0.264144965613381
IL2,CEP170B,0.26399084040019
IL2,STX6,0.263780281576889
IL2,KANSL1L,-0.263434468856485
IL2,CCT5,0.263163256761432
IL2,IGFBP3,0.262952215037084
IL2,MYBBP1A,0.262886206264509
IL2,TRIP10,0.262519999999999
IL2,CCNE2,0.26224185895519
IL2,SERINC1,-0.262231172097698
IL2,BRIX1,0.261788162519889
IL2,PSMD12,0.26171638297701
IL2,XPC,-0.261659918198346
IL2,YPEL5,-0.261354178722675
IL2,SEC16A,0.261198563228179
IL2,PSMB6,0.260973292897148
IL2,GGCT,0.260802476040241
IL2,MORC2,0.2597697478038
IL2,TRMO,-0.25959599494474
IL2,EIF5A2,0.25896166471153
IL2,RFX5,-0.25849634970109
IL2,PNISR,-0.258238247603436
IL2,HBP1,-0.25811030203202
IL2,AP5S1,-0.25789537161915
IL2,RUVBL1,0.25733901883002
IL2,GNB2,0.257179592540783
IL2,IFIT2,-0.25714012534991
IL2,IFITM3,0.256633545814299
IL2,GDE1,-0.256365767387949
IL2,TSPYL4,-0.255946975145368
IL2,TFAM,0.25530871250599
IL2,ZNF767P,-0.254518602855594
IL2,E2F4,0.253736278461886
IL2,KIF13B,0.25344559130518
IL2,SKP2,0.253365100550631
IL2,MIA3,-0.253181138365914
IL2,SNRPD1,0.253125342164028
IL2,UAP1,0.253016918887269
IL2,PTTG1IP,-0.25295956174346
IL2,TEX2,0.252951344343151
IL2,SLC25A37,0.25295
IL2,IDH2,0.252347959569281
IL2,SDAD1,0.25183784133603
IL2,ARMCX3,-0.25176488628322
IL2,ZMPSTE24,0.251733958840255
IL2,ANKRD49,-0.251567604508789
IL2,NUFIP1,0.251389507368755
IL2,GOLGB1,-0.251338221403291
IL2,BRD3,-0.251273790342438
IL2,EIF3B,0.250687882638738
IL2,DUSP10,-0.25045
IL2,CSF1,0.250434923062942
IL2,MAFG,0.250425988578048
IL2,PTPN9,0.249894049778138
IL2,AEN,0.249434895289739
IL2,TMX4,-0.24923145255668
IL2,AGK,0.249174776175179
IL2,ZNF277,-0.24905
IL2,GINS3,0.24894054533583
IL2,IPO5,0.248764470494034
IL2,GFM1,0.248593749657118
IL2,RFWD3,0.248487383065511
IL2,SLC20A1,0.248416424822208
IL2,USP12,0.248369746689932
IL2,RBL2,-0.248366638691399
IL2,BBS10,-0.24821270787328
IL2,SNX2,-0.248171833556159
IL2,PCYOX1,-0.248134620098421
IL2,SPCS3,0.248009988918298
IL2,TOP2B,-0.2479
IL2,MSMO1,0.24783154229303
IL2,SH2B3,0.247715177608933
IL2,BARD1,0.24765
IL2,SLC19A2,0.247574521491055
IL2,TAF1B,-0.247066102964669
IL2,FTSJ1,0.247061896764913
IL2,SAMHD1,0.247059582405104
IL2,USB1,0.246496856950364
IL2,CYCS,0.246047993369535
IL2,MTDH,0.245833217145519
IL2,FPGS,0.245554643245561
IL2,ARPC1B,0.245450201245481
IL2,STAM,-0.245142248810917
IL2,MBNL2,-0.24506207910523
IL2,PDE12,0.244814714514064
IL2,AUNIP,0.244804192272195
IL2,PIK3R1,-0.244537407354129
IL2,LAP3,0.244008334136151
IL2,FXN,0.243993740985437
IL2,KIAA0355,-0.243929296234331
IL2,NAT10,0.243670795007979
IL2,SLC35E1,0.243667150239157
IL2,SERBP1,0.243461258453648
IL2,ZNF184,-0.24343835833527
IL2,SIAH2,0.242968268680709
IL2,TUBGCP4,0.242266582092729
IL2,RBM4B,-0.242256621323255
IL2,WBP1L,-0.242232351504711
IL2,ACLY,0.242040202986358
IL2,ESYT1,0.241630455148213
IL2,UCHL3,0.241590114188218
IL2,CSK,0.241488982175735
IL2,THOC6,0.24127
IL2,KCTD5,0.240809069638611
IL2,DCUN1D4,0.240645498038433
IL2,WFS1,0.240553387329433
CD40L,TNFAIP3,2.3015305285
CD40L,NFKBIA,1.35400474050321
CD40L,TNFAIP2,1.196355306
CD40L,G0S2,0.948723724499999
CD40L,EDN1,0.7405979935
CD40L,NFKB2,0.620623569
CD40L,RIPK2,0.613864126000001
CD40L,TNIP1,0.584505655500001
CD40L,NFKB1,0.538387180000001
CD40L,EHD1,0.519530029999999
CD40L,DRAM1,0.507638919999999
CD40L,TXNIP,-0.50081494
CD40L,ETS1,0.437365642250001
CD40L,SDC4,0.433257831500001
CD40L,STAT5A,0.411961221000002
CD40L,RNF19B,0.372353201999999
CD40L,BTG3,0.358659328
CD40L,ID3,-0.341981216403092
CD40L,ITGAV,0.332914880000001
CD40L,IFNGR2,0.331824550000002
CD40L,NOCT,0.329726838000003
CD40L,BTG2,0.318354000000001
CD40L,FTH1,0.312584425000001
CD40L,SQSTM1,0.29890748665535
CD40L,MAFF,0.29680141475
CD40L,GADD45A,0.295419344999999
CD40L,TNC,0.294648959639095
CD40L,NET1,-0.2878228135
CD40L,IFNAR2,0.287760298
CD40L,CANT1,0.286220207448251
CD40L,PPP1R15A,0.285169248804585
CD40L,CDC42EP4,0.27483080476124
CD40L,SLC3A2,-0.274174963438994
CD40L,RGS2,-0.267465663704542
CD40L,ZFP36,0.266639419999999
CD40L,IER3,0.265472315
CD40L,TICAM1,0.264784229750001
CD40L,WTAP,0.263410646555939
CD40L,HBEGF,0.262699826999999
CD40L,PHLDA2,0.258734268400168
CD40L,TUBB2A,0.256418823000001
CD40L,MMD,0.255039005
CD40L,WSB1,0.2524612715
CD40L,IRF7,0.251130077946224
CD40L,TRIB3,-0.248290895000002
CD40L,HMGCS1,0.247196239999999
CD40L,HMGB2,-0.246241911750001
CD40L,ARHGDIB,-0.24612909
CD40L,ODC1,0.242865159999999
CD40L,ALDH3A2,-0.240353871
CD40L,B4GALT5,0.233605585000001
CD40L,SEPHS2,-0.232901870500001
CD40L,ECI1,-0.232404496000001
CD40L,ZMYND8,-0.231109844999999
CD40L,ZNF395,-0.230310952499998
CD40L,SLC16A5,-0.226125195250001
CD40L,CDKN1A,0.225261711
CD40L,SAV1,0.222308651500001
CD40L,FBL,-0.220557789999999
CD40L,PELI1,0.21840870257715
CD40L,CCNB1,-0.216903706345034
CD40L,PLAGL2,0.216627880999999
CD40L,MBP,-0.2160732585
CD40L,TIPARP,-0.21531925
CD40L,UBQLN2,0.213197227499998
CD40L,NCK1,0.210914170000001
CD40L,MPHOSPH6,0.21001366607502
CD40L,MT1X,-0.208257424999999
CD40L,BID,0.206773577000001
CD40L,HIVEP1,0.205383734
CD40L,HADH,-0.202608937000001
CD40L,JUNB,0.202484527500001
CD40L,ACTA2,-0.201633861169651
CD40L,LITAF,0.201146015000001
CD40L,RPUSD2,-0.200990598500001
CD40L,IMPDH2,-0.1993355
CD40L,CDKN2B,0.199286676500002
CD40L,PMVK,-0.199102929999999
CD40L,AQP3,-0.1990811805
CD40L,TNFAIP1,0.198391754999999
CD40L,C1orf112,-0.197468168500002
CD40L,ECI2,-0.197039811
CD40L,KLF10,-0.196697158371597
CD40L,NT5C2,0.196654584000001
CD40L,TRIM68,-0.196275579999999
CD40L,GPSM2,-0.195550809117807
CD40L,PEX7,-0.195027336499997
CD40L,LYN,0.192940715000001
CD40L,AVPI1,-0.19252981
CD40L,ELF4,0.188552593802568
CD40L,ABHD10,-0.188310418999999
CD40L,DCXR,-0.188024005000001
CD40L,SERTAD2,0.187929239586307
CD40L,MUC1,0.1877794
CD40L,RUVBL1,-0.18731210575963
CD40L,KLF6,0.187139654999999
CD40L,GADD45B,0.1862185595
CD40L,RIOK2,-0.186043308999999
CD40L,ABCA1,0.186042904169681
CD40L,PTGS2,0.185477473000002
CD40L,UAP1,0.185373047500001
CD40L,BIRC2,0.185364807000001
CD40L,DPH5,-0.184650169500003
CD40L,VEZF1,-0.184482870499998
CD40L,SERPINB8,0.1841724635
CD40L,NENF,-0.184023015000001
CD40L,CD63,0.183722755
CD40L,GPR68,0.183705867500001
CD40L,CBR1,-0.1836558195
CD40L,RAB9A,0.18330464236937
CD40L,CCNB2,-0.18293368
CD40L,MRPL40,-0.180398310999999
CD40L,IFIT2,-0.179575054999999
CD40L,CDC20,-0.179323699444562
CD40L,ORAI3,-0.179091692999998
CD40L,CYB5A,0.1783794585
CD40L,LHFPL2,0.178158450176071
CD40L,SQLE,0.178013345
CD40L,DUSP5,0.177508455000002
CD40L,ZNF248,-0.177408331
CD40L,COA7,-0.176851978999999
CD40L,STX10,-0.1768023235
CD40L,TNFAIP8,0.176314070499998
CD40L,MED20,-0.17630996755799
CD40L,PANX1,0.176237951499999
CD40L,SLC35A1,-0.176084880458451
CD40L,NEU1,0.175607013
CD40L,RAP2C,0.175583957999999
CD40L,CEP85,-0.1752673545
CD40L,MAPKAPK5-AS1,-0.175245629500001
CD40L,BAZ1A,0.1748413785
CD40L,FILIP1L,0.174582359146283
CD40L,PAK1,-0.174394782999999
CD40L,ALG3,-0.173946601749998
CD40L,KANSL2,-0.1739397905
CD40L,APEX1,-0.173220495000001
CD40L,SPHK1,0.173011143000002
CD40L,ZNF672,-0.172337125
CD40L,FAM53C,-0.1720485
CD40L,TAF12,-0.17193183
CD40L,WDR41,-0.171705730500001
CD40L,CCNB1IP1,-0.171665798000001
CD40L,RELA,0.171348715999999
CD40L,NABP1,0.171136489999999
CD40L,THYN1,-0.170929805
CD40L,CKS1B,-0.17033494
CD40L,ZNF239,-0.1702591755
CD40L,PPIF,0.1697630205
CD40L,NDRG1,0.168122758808327
CD40L,ECH1,-0.168000225
CD40L,GMPS,-0.16793407958188
CD40L,DGCR6L,-0.167569734499999
CD40L,TNFRSF10B,0.167132418500001
CD40L,TIMELESS,-0.1666667335
CD40L,RUVBL2,-0.166377555712701
CD40L,RRS1,-0.166293037500001
CD40L,ZFP36L1,0.166173259999999
CD40L,GSS,-0.166133422279939
CD40L,ZNF219,0.166132
CD40L,NAB1,0.165871999499998
CD40L,TXNL1,0.165501548487307
CD40L,PIEZO1,0.1651445405
CD40L,ZNF277,-0.165061544999999
CD40L,LAMA3,0.164424940749999
CD40L,CCNA2,-0.164176852000001
CD40L,COQ2,-0.163953125000001
CD40L,RPL9,0.163663260000002
CD40L,CLNS1A,-0.163351325000001
CD40L,CLCN7,0.163144315
CD40L,ERLIN1,-0.162872042499998
CD40L,CEP55,-0.162078828648929
CD40L,CCP110,-0.1611671675
CD40L,AP3M2,-0.160962070999998
CD40L,GALK1,-0.1604847
CD40L,TNIP2,0.160461895999999
CD40L,PGRMC1,-0.15998046
CD40L,ACAA2,-0.1596882205
CD40L,TFE3,0.159034693500001
CD40L,RNASET2,-0.158865674999999
CD40L,MYO1B,0.158137460499999
CD40L,TPX2,-0.1578342205
CD40L,MSRB2,-0.157594249999999
CD40L,NFKBIB,0.1569873065
CD40L,RNPEP,-0.156961563499999
CD40L,BOLA1,-0.156727105499999
CD40L,HCFC1R1,-0.156098216500002
CD40L,TOP2A,-0.156087017499999
CD40L,ETFB,-0.155847900000001
CD40L,LGALSL,0.155521146499998
CD40L,VEGFA,0.155517577621287
CD40L,HACD3,-0.154753125000003
CD40L,TP53BP2,0.154412625
CD40L,NR4A2,0.153722376343649
CD40L,MRGBP,-0.153554558499998
CD40L,SNRK,-0.153553902324459
CD40L,FAM216A,-0.153283623500002
CD40L,SCYL2,0.153182952999998
CD40L,ACADM,-0.152324896250001
CD40L,PAAF1,-0.151637253000001
CD40L,GAMT,-0.151261857500002
CD40L,CHEK2,-0.150901354391411
CD40L,CEBPD,0.150567050000001
CD40L,ARPC5,0.150175860000001
CD40L,ARL8B,0.14990684
CD40L,TCEAL4,-0.149761108
CD40L,CCDC85B,-0.149588425999999
CD40L,LHPP,-0.149529998499998
CD40L,CCDC51,-0.1494103725
CD40L,ZSWIM1,-0.1487276815
CD40L,TMEM187,-0.148299063249999
CD40L,UBL4A,-0.147655451000002
CD40L,RAB8B,0.147653297500002
CD40L,IVNS1ABP,-0.147641112500001
CD40L,ITGB5,-0.1473109135
CD40L,OXLD1,-0.147252151500001
CD40L,TRIP10,0.1472040375
CD40L,NDUFB6,-0.147033212499998
CD40L,SSBP2,-0.1469087915
CD40L,PNPO,-0.146640695000002
CD40L,XBP1,0.146335635
CD40L,CRADD,-0.146287894
CD40L,ATRAID,-0.146030909779473
CD40L,TMEM106C,-0.145712197999998
CD40L,SRSF10,0.145480373
CD40L,HSBP1,-0.14506811
CD40L,RNF220,-0.1450377005
CD40L,C3orf52,0.1444406
CD40L,HSD17B8,-0.144316781500002
CD40L,PRDM1,0.144132346249998
CD40L,DNAJC9,-0.144129205
CD40L,GPD1L,-0.143841045521699
CD40L,DDIT3,-0.14364226
CD40L,SNUPN,-0.143242462000003
CD40L,CENPA,-0.1431964285
CD40L,CES2,-0.142808710250002
CD40L,WBP2,0.142287604540399
CD40L,CD320,-0.142113183999999
CD40L,C1S,0.141823366499999
CD40L,PRPS2,-0.141771245249998
CD40L,HIVEP2,0.141769067999999
CD40L,DUT,-0.141758950500002
CD40L,HSF2,-0.141685850000001
CD40L,DYRK2,-0.14155958704472
CD40L,ANKLE2,0.141374186530223
CD40L,NDUFA7,-0.14127478
CD40L,RBM4B,-0.141251475499999
CD40L,PLXNA1,0.1410206725
CD40L,CD151,-0.14074125
CD40L,EXOSC7,-0.140554214999998
CD40L,TYK2,0.140304519000001
CD40L,LBR,-0.140275363
CD40L,PBX3,-0.140215051999999
CD40L,ECHS1,-0.140206774999999
CD40L,PPP2CB,0.140099775
CD40L,TRAFD1,0.139742231
CD40L,IGFBP6,-0.139331805499999
CD40L,RPL39L,-0.13883685025
CD40L,NFE2L2,0.13878941668671
CD40L,SERPINB1,0.138777888011447
CD40L,ACSL1,0.138504030999998
CD40L,LMAN2L,-0.137979427499999
CD40L,LSM2,-0.137840070000001
CD40L,EFNB2,0.137715499999999
CD40L,COG4,-0.137273178499999
CD40L,RAD51AP1,-0.1370958965
CD40L,NIT2,-0.136935831499999
CD40L,QPCT,0.136767612500001
CD40L,RALB,-0.136329085
CD40L,SPATA2,0.136136252500001
CD40L,ASF1A,-0.136115444
CD40L,NIF3L1,-0.135881013499999
CD40L,MRPS34,-0.135619998821939
CD40L,CRBN,-0.135549460250001
CD40L,SNX5,-0.135511724999999
CD40L,TMEM186,-0.135379675999999
CD40L,POLR3C,-0.135020322499999
CD40L,MIS18A,-0.13495415475
CD40L,UIMC1,-0.134697334999998
CD40L,TRMT5,-0.134670936999999
CD40L,MCM6,-0.134641842999999
CD40L,DDX21,0.134624654325936
CD40L,VAMP8,-0.13453745
CD40L,SEMA4C,0.134430059499999
CD40L,CALR,0.134301425
CD40L,RRM1,-0.133938200000001
CD40L,ACBD3,0.133757202999998
CD40L,PDPR,-0.133700133
CD40L,E4F1,-0.133690216569657
CD40L,AUNIP,-0.133404902000001
CD40L,GATB,-0.133301901500001
CD40L,NPLOC4,0.132988170000001
CD40L,LAS1L,-0.132944441499999
CD40L,LDHA,0.13260049
CD40L,ADSL,-0.132409745
CD40L,NHP2,-0.131486834816451
CD40L,SEC61B,0.131343097281107
CD40L,MICU1,-0.131138296
CD40L,DUSP10,0.131095005249999
CD40L,AIP,-0.130830721999999
CD40L,INSIG1,0.130788405999997
CD40L,RAMP1,-0.130694696000001
CD40L,OXCT1,-0.130531563142226
CD40L,FTO,-0.130531563142225
CD40L,BCKDK,-0.130375574999999
CD40L,UCP2,-0.130242427222271
CD40L,REEP5,-0.130027045
CD40L,CCNF,-0.129897637500001
CD40L,DCPS,-0.1297292455
CD40L,ANGEL2,-0.129578425
CD40L,CSE1L,-0.129546572878776
CD40L,ZNF362,-0.129086725
CD40L,TSPAN5,-0.1290769
CD40L,SRSF7,-0.1288621525
CD40L,SEC24D,0.1288557385
CD40L,PPP1R12A,0.128709331500001
CD40L,NUDT1,-0.12861901453507
CD40L,KIAA0586,-0.128596032500001
CD40L,CDCA4,-0.128326829999999
CD40L,TAGLN2,0.128246269465389
CD40L,DCAKD,-0.127903946499998
CD40L,RPLP0,-0.127882039999999
CD40L,FOSL1,0.127871608
CD40L,WSB2,0.127858855500001
CD40L,PTTG1,-0.127661555000001
CD40L,SLC25A36,-0.127415237499999
CD40L,VPS37C,0.127346125000001
CD40L,REL,0.127327304000001
CD40L,RAD54L,-0.127076108000001
CD40L,HILPDA,-0.127054543999998
CD40L,RAB40B,-0.126987586999998
CD40L,YES1,0.126846479999999
CD40L,SLC36A1,0.126829998499999
CD40L,ATP2B4,0.12682861
CD40L,EIF3H,-0.126734765
CD40L,JUN,0.12659631
CD40L,TIMM9,-0.126546381000001
CD40L,PFKFB2,0.126233294
CD40L,PIN1,-0.126191234999999
CD40L,HLA-F,0.1260378125
CD40L,RFWD3,-0.125834853000001
CD40L,C1orf50,-0.125701992500002
CD40L,CIRBP,-0.125615465000003
CD40L,UBIAD1,-0.125442428999998
CD40L,EMG1,-0.125327324999999
CD40L,PROCR,-0.125310445
CD40L,RFC5,-0.1248075
CD40L,RNF113A,-0.124586108000003
CD40L,ZNHIT1,-0.12456025
CD40L,FSTL3,0.124300809999999
CD40L,SF3A3,-0.123964125000002
CD40L,ZNF358,-0.123815832
CD40L,CTSO,0.123782219500001
CD40L,TRAPPC6A,-0.1236925835
CD40L,ANKRD27,0.123560465999999
CD40L,NUP133,-0.123483053435002
CD40L,SERPINH1,-0.12336857753658
CD40L,PALB2,-0.123170014999999
CD40L,DSN1,-0.123072226999998
CD40L,ACAT1,-0.123071475
CD40L,ING2,-0.122909405000001
CD40L,MRPL11,-0.122884444999999
CD40L,ACO2,0.122846668500001
CD40L,MKRN2,-0.122629809999999
CD40L,TK1,-0.122605648
CD40L,OGT,0.122558415499999
CD40L,NUCKS1,-0.122314612
CD40L,SLC41A3,-0.122063130499999
CD40L,KATNB1,-0.1219665155
CD40L,RFTN1,0.121828406000001
CD40L,SFPQ,0.1218125985
CD40L,DHX32,-0.1217962415
CD40L,STOM,-0.121657724999999
CD40L,BAD,0.12164268126745
CD40L,SMARCA5,0.12158
CD40L,PPIH,-0.1215282595
CD40L,NMRK1,-0.121410553499999
CD40L,LSM4,-0.121362484999999
CD40L,ZNF7,-0.121223900711465
CD40L,TUBG2,-0.121216133000001
CD40L,NDC1,-0.121067672500001
CD40L,GSR,-0.120986956938911
CD40L,PDCD2,-0.120919536750002
CD40L,POLR1D,-0.120855400749999
CD40L,AKR7A2,-0.12082582
CD40L,C6orf47,-0.120764377499999
CD40L,HIBCH,-0.12061194
CD40L,CTDSPL,-0.12057132
CD40L,MAP3K7CL,-0.120534594000002
CD40L,G6PC3,-0.120433064500002
CD40L,THAP11,-0.120387035
CD40L,IRF1,0.120302485
CD40L,SLC22A5,-0.120174899
CD40L,ZFP36L2,-0.120115804999997
CD40L,RMI1,-0.1199399005
CD40L,GTF2H3,-0.119934431500003
CD40L,OSGEP,-0.1199038155
CD40L,MRPL2,-0.119815972000001
CD40L,KDSR,-0.119727504749999
CD40L,GINS2,-0.119685996999998
CD40L,ANAPC15,-0.119503155
CD40L,DDX50,-0.119483658501271
CD40L,PUF60,-0.119342105000001
CD40L,SRSF1,0.119265234999998
CD40L,CPNE3,-0.11893135
CD40L,ZNF91,0.1186802015
CD40L,LTA4H,-0.118676560000001
CD40L,AFTPH,0.118586388924372
CD40L,YIF1A,-0.118552455
CD40L,SRP19,0.11840288346661
CD40L,CTCF,-0.118392707
CD40L,RAPGEF2,0.118354343466859
CD40L,SLC25A6,-0.11831965
CD40L,PHC1,-0.118224676500001
CD40L,DCLRE1A,-0.118193068500002
CD40L,PIH1D1,-0.118174
CD40L,SMARCAL1,-0.118161086499999
CD40L,NPM3,-0.11807515504549
CD40L,NBAS,-0.118070044926247
CD40L,GLRX5,-0.118016275
CD40L,NFU1,-0.117950176999999
CD40L,TACO1,-0.117940736000001
CD40L,POLR1E,-0.11793588325
CD40L,TFB1M,-0.117878939499999
CD40L,SMIM14,-0.11781041875
CD40L,PCCB,-0.117764899999997
CD40L,WEE1,-0.117459560999997
CD40L,ROGDI,-0.117422086000001
CD40L,HNRNPA2B1,0.117352345624999
CD40L,PPP1R10,0.117321863000001
CD40L,MRPL41,-0.11709121
CD40L,ZHX3,-0.117061009
CD40L,HIP1,-0.117044759500001
CD40L,BLMH,-0.116929484499998
CD40L,C20orf27,-0.116809119500001
CD40L,PUM2,-0.116544640000001
CD40L,FAM98A,0.116484737
CD40L,RNF167,-0.116472742500001
CD40L,ADK,-0.116458926641355
CD40L,MAN1B1,-0.116059613000001
CD40L,MACROD1,-0.1158674085
CD40L,PHB2,-0.115829184999999
CD40L,GUSB,-0.1157622105
CD40L,RPS3,-0.115449607454499
CD40L,SNRPA,-0.115394587500001
CD40L,GSPT2,-0.115341556999999
CD40L,CHST12,-0.1153222245
CD40L,LRRC47,-0.115260752999999
CD40L,PYROXD1,0.1152509055
CD40L,POLE3,-0.115167984999999
CD40L,TRIM24,-0.1150835415
CD40L,BARD1,-0.114912435500003
CD40L,MRPL24,-0.11490843
CD40L,SH3GL1,0.114549819999999
CD40L,LETMD1,-0.114534289
CD40L,ZNF26,-0.1144944875
CD40L,HEBP1,-0.114484435130109
CD40L,ASXL2,-0.114466718500001
CD40L,MIEF1,-0.114345284500001
CD40L,WDR47,0.114309554951031
CD40L,BEX1,-0.114307823
CD40L,NCAPG,-0.114212131499999
CD40L,NQO2,-0.114194317
CD40L,NUDT2,-0.114069311249999
CD40L,CLIC4,0.113925955000001
CD40L,MAT2B,-0.113925541
CD40L,NEK7,-0.113884719
CD40L,KLHL12,-0.11385941
CD40L,CTSH,-0.11359166025
CD40L,TRIP13,-0.113431624999999
CD40L,TAPBP,0.1133976
CD40L,RIF1,0.113099718750001
CD40L,RPL8,-0.113071120500001
CD40L,SMAD4,-0.113034896999999
CD40L,TPD52L1,-0.112950043000001
CD40L,CCDC6,-0.112940349999999
CD40L,C2orf49,-0.112922050260684
CD40L,TPST1,0.112920432999999
CD40L,ISOC2,-0.112818641000001
CD40L,LMNA,-0.11280280175
CD40L,GTPBP4,0.112610212498337
CD40L,B3GAT3,-0.1125909585
CD40L,ATP1B1,0.112572441000001
CD40L,NECAP2,0.112352336999999
CD40L,COPS7B,-0.112329807
CD40L,AGPAT5,-0.11222540538845
CD40L,RASSF7,-0.112205513999999
CD40L,HDGF,0.112003720999999
CD40L,MRPL17,-0.111979055000001
CD40L,CHD1L,-0.111914474999997
CD40L,HERPUD1,-0.11154101
CD40L,HSDL2,-0.111455999073172
CD40L,CDK4,-0.111384944999997
CD40L,TMEM14B,0.111353479999998
CD40L,GEMIN4,-0.111269302333343
CD40L,ACSL3,-0.111259434000001
CD40L,ZMIZ2,0.111249615749999
CD40L,DDX42,-0.111245877499998
CD40L,PERP,0.111137269999999
CD40L,PCMTD2,-0.110962694000001
CD40L,DCLRE1C,-0.110946613000001
IL36,TNFAIP3,2.21926632034973
IL36,NFKBIA,1.92571920197947
IL36,IER3,1.88777425440911
IL36,PTGS2,1.83983030727975
IL36,ATP1B1,1.80592296656447
IL36,SERPINB1,1.77729768820142
IL36,MT2A,1.7347571746207
IL36,TXNIP,-1.71499738956759
IL36,TNFAIP2,1.63566946275086
IL36,TNC,1.51253977567723
IL36,PRDM1,1.39753890890151
IL36,FOSL1,1.34183403775383
IL36,ID3,-1.31662406302743
IL36,DST,-1.29384922618435
IL36,NFKB2,1.26766771384151
IL36,ARNTL2,1.26399588207124
IL36,PPIF,1.25823171932026
IL36,MAFF,1.20721643601067
IL36,BEX1,-1.19642473700991
IL36,ALDH3A2,-1.18859192860315
IL36,ERO1A,1.14030324331845
IL36,DUSP1,1.12679775355537
IL36,HBEGF,1.12497935803665
IL36,ELK3,1.12397111044309
IL36,SOCS3,1.08926733809709
IL36,SLC11A2,1.07932245266141
IL36,ETS1,1.04952258897082
IL36,TNIP1,1.03253183453791
IL36,QPCT,1.01795909133831
IL36,BLMH,-1.00399086019603
IL36,AHNAK2,-0.972484739919413
IL36,MYO1B,0.970672536388969
IL36,LYN,0.967234889072379
IL36,PIK3C2B,-0.965963676000584
IL36,PLXNA2,-0.961752530643037
IL36,WNK1,-0.954818855887487
IL36,PLAT,0.932493180641724
IL36,CYBRD1,-0.932018669605431
IL36,MTSS1,0.92918628762521
IL36,PHLDA1,0.926431430678615
IL36,CARHSP1,0.916927802329594
IL36,CSTB,0.91037116434348
IL36,EDN1,0.903836591261902
IL36,NAMPT,0.883320035498406
IL36,ACSL1,-0.88269431146645
IL36,NOTCH1,-0.874942520722978
IL36,IFNGR1,0.87415067733635
IL36,HDAC9,0.85643519508588
IL36,FYCO1,-0.852309899426033
IL36,VEGFA,0.845922578317092
IL36,FILIP1L,-0.840024658965293
IL36,CBR1,-0.835082893506057
IL36,PPP1R15A,0.830866995855172
IL36,SKP2,-0.830074998557688
IL36,IMPDH2,-0.82792885637413
IL36,G0S2,0.827163403137784
IL36,STK38L,0.818059622400846
IL36,C1R,0.81677817594423
IL36,METTL7A,-0.816725444898668
IL36,UCP2,-0.804869658668009
IL36,F2R,-0.80288698711191
IL36,DHCR24,-0.801440975521145
IL36,AKR1B1,0.793735312768478
IL36,ITGA2,0.791342604068974
IL36,TRIM2,-0.774560703104689
IL36,ARHGDIB,-0.773967981675629
IL36,WSB1,0.764545970166616
IL36,SMTN,0.764355592197711
IL36,ANKH,-0.76283563810326
IL36,AKIRIN1,0.760243305811114
IL36,N4BP1,0.753644335312838
IL36,XBP1,0.750416139486543
IL36,LFNG,-0.741372455296886
IL36,PTPN12,0.739231653416795
IL36,ORAI3,-0.738332429930112
IL36,ALAS1,0.736842070467266
IL36,SPTBN1,-0.736701823246578
IL36,UGCG,0.732358978982136
IL36,ZKSCAN1,-0.726694446986699
IL36,SAT1,0.721329543546432
IL36,GPC1,-0.718509919214668
IL36,UAP1,0.705532271000934
IL36,KLF4,0.703967670981876
IL36,PTPN21,-0.701918647067005
IL36,HDAC5,-0.701164872738359
IL36,C1orf216,-0.698619282516723
IL36,LDHA,0.698616478638196
IL36,CKAP4,0.695917532507075
IL36,TNFRSF12A,0.689051115626095
IL36,LAMB1,-0.688330818915329
IL36,TMEM165,0.686231611672433
IL36,PFKFB3,0.683327630564133
IL36,KIAA0319L,-0.678071905112637
IL36,RAC2,0.676823358915378
IL36,TCEAL4,-0.67626912627232
IL36,STAT5A,0.672425341971495
IL36,PIM1,0.670146664167894
IL36,GMNN,-0.668794091524627
IL36,UGDH,0.661597352392507
IL36,DUSP4,0.660096830781936
IL36,PXMP4,-0.65435583613883
IL36,NT5C2,0.65199202392416
IL36,DRAM1,0.651338320149376
IL36,JAG2,-0.648104379381724
IL36,MCM3,-0.647069909278993
IL36,BAG1,-0.646695670531654
IL36,MYCBP2,-0.645434697320286
IL36,CLDND1,0.641864891955633
IL36,MEN1,-0.64045761331286
IL36,AHNAK,-0.631298913603296
IL36,TXLNA,-0.62872288624957
IL36,XPC,-0.622398307423479
IL36,ARMCX2,-0.621705852068777
IL36,CD82,0.620717912086629
IL36,ITGA3,-0.61968351132919
IL36,NOL3,-0.617965310182572
IL36,EHD3,-0.617328026386499
IL36,MORC4,-0.616802580153064
IL36,SLC16A5,-0.614975069787596
IL36,XYLT2,-0.610264710826515
IL36,GPX3,-0.607497414538462
IL36,CELSR2,-0.606888128739149
IL36,CASP3,0.606875396545562
IL36,CD47,0.606696793075685
IL36,IL13RA1,0.606154382166988
IL36,CRIP2,-0.601450623509725
IL36,RNF141,-0.601373893254813
IL36,SLC39A14,0.600802414140987
IL36,DLK2,-0.600373522801609
IL36,GOLGB1,-0.598637437618233
IL36,UTRN,-0.597035333021731
IL36,HK2,0.594450204525204
IL36,KRT10,-0.592564071275071
IL36,GPR68,0.592457037268081
IL36,JUNB,0.591525118906657
IL36,P3H4,-0.591475807679831
IL36,IRF7,0.586749120195171
IL36,TSC22D2,0.586388793512451
IL36,NAT10,-0.583292907847757
IL36,COQ10B,0.579424317179726
IL36,TRIT1,-0.576925181655738
IL36,TPD52L1,-0.576925181655738
IL36,ODC1,0.57632018753705
IL36,MPHOSPH6,0.572043227606519
IL36,PPL,-0.569172973323007
IL36,ELOVL6,-0.568859192537238
IL36,DCAKD,-0.568485455179051
IL36,GRAMD4,-0.568283759574526
IL36,FAM50B,-0.567627889715879
IL36,GTPBP2,0.567592049582116
IL36,MAFG,0.566769383955187
IL36,PNPO,-0.565817451454453
IL36,TICAM1,0.565237847210548
IL36,CTSV,-0.564291421683507
IL36,NDST1,-0.563519112778494
IL36,LPXN,0.561747787145406
IL36,SLC29A1,-0.560714954474479
IL36,GAL3ST4,-0.560300446486887
IL36,SDC3,-0.558412339552247
IL36,UPP1,0.557591529205016
IL36,FOXO4,-0.556926347529576
IL36,ITGAV,0.556298742469013
IL36,ASB13,-0.555742361806162
IL36,ALAD,-0.550048603680002
IL36,DGKA,-0.548415104942446
IL36,NQO1,-0.548352357586944
IL36,PIGA,0.548304030142308
IL36,MTMR10,-0.547487795302494
IL36,ECI2,-0.547487795302494
IL36,IGFBP4,-0.546689285923496
IL36,CNPY4,-0.546405700039726
IL36,H6PD,-0.546282032557096
IL36,SCD,-0.546041685065964
IL36,ADORA2B,-0.545968369105294
IL36,MSN,0.544946821873278
IL36,CHST11,0.544678905255808
IL36,KIF13B,0.543284469471286
IL36,LBH,0.542149417182183
IL36,ABLIM1,-0.542087723341491
IL36,NRIP1,0.541512244687759
IL36,CSF1,0.541146268428667
IL36,ARL4A,-0.541074856720156
IL36,DNAJB9,0.541045720485445
IL36,FEM1B,0.540531426610697
IL36,TP53I11,-0.539319835165444
IL36,HEBP1,-0.537218400538597
IL36,SSH3,-0.5361063343794
IL36,PLIN2,-0.535957043289184
IL36,CHMP2B,0.535307018522924
IL36,MEGF8,-0.534776743552939
IL36,PMVK,-0.534565811086555
IL36,MN1,-0.532732541948599
IL36,PHF3,-0.53244345367173
IL36,DDIT4,0.531881528363146
IL36,ARHGEF9,-0.53051471669878
IL36,GLRX,0.529820946528695
IL36,BID,0.527829269532025
IL36,HGH1,-0.526302465411865
IL36,PFN2,-0.525311122091241
IL36,NEDD4L,0.524236270180477
IL36,YOD1,0.523379070205098
IL36,SSBP3,-0.522442749069934
IL36,LITAF,0.522312742796788
IL36,TAF15,-0.522219370178405
IL36,UTP14A,-0.522087226487065
IL36,ZMYM3,-0.521165850140187
IL36,CHIC2,0.520798992941711
IL36,PELI1,0.520771442535384
IL36,QKI,0.520332442118444
IL36,TRAF4,0.520007058880386
IL36,JMJD6,0.519918968815276
IL36,C1RL,0.519621747053838
IL36,UNG,-0.519550600093619
IL36,BZW2,-0.517009472380122
IL36,MAP3K14,-0.516642542117222
IL36,GLG1,-0.516608482418521
IL36,ANKLE2,0.516431119050341
IL36,ACAA2,-0.516067419510088
IL36,SLC20A1,-0.514230286306247
IL36,SLC25A15,-0.5141964408676
IL36,SDHAF3,-0.513638078247456
IL36,ZNF629,-0.513171817653146
IL36,ZNHIT6,-0.512992714346826
IL36,CCDC51,-0.512778651781853
IL36,MRC2,-0.51089751468636
IL36,GSTO1,0.510341828522098
IL36,TBC1D4,-0.509788110264382
IL36,NIPSNAP1,-0.509646491749832
IL36,ISOC1,-0.506648573120667
IL36,KIF16B,-0.506477659458298
IL36,THBS1,0.50542293986836
IL36,TMEM161A,-0.505026004619585
IL36,ERMP1,-0.505011223488643
IL36,CTDSPL,-0.504938469992764
IL36,SLC35F6,-0.504336064203368
IL36,SASH1,-0.504250701461897
IL36,PYGB,-0.503974704430451
IL36,ENTPD7,0.502190850406636
IL36,EXPH5,-0.501477515218075
IL36,RAB11FIP1,0.500942354372492
IL36,RAMP1,-0.500660000364145
IL36,MCM4,-0.500530790679413
IL36,ITM2C,-0.500300103651772
IL36,ARF4,0.500050336299054
IL36,PELP1,-0.498274379698572
IL36,ABL2,0.497393450096095
IL36,DGCR6L,-0.496587427356396
IL36,NID1,-0.496425826119499
IL36,MYH10,-0.495559248901382
IL36,TCEAL1,-0.495356663790583
IL36,ARL4D,-0.494843702403828
IL36,LRP5,-0.494815331284881
IL36,GPD1L,-0.494764691749578
IL36,TPST1,0.493988840673666
IL36,PSAT1,-0.493907057558602
IL36,CELSR1,-0.492697165498825
IL36,MCM6,-0.492640317402817
IL36,SGSM2,-0.491853096329675
IL36,BLVRA,-0.491454428056952
IL36,CTSH,-0.491248065898963
IL36,GAMT,-0.491081690033465
IL36,CANT1,0.489087419654616
IL36,CCDC6,-0.488725045503427
IL36,SLC12A7,0.488237729259435
IL36,NRBF2,0.487366802864923
IL36,WFS1,-0.486837775977949
IL36,IL6ST,0.486574555982477
IL36,OSTM1,0.486494304126742
IL36,THYN1,-0.485426827170242
IL36,LIG1,-0.485426827170242
IL36,OXSR1,0.485271330830267
IL36,UBTF,-0.485231088069353
IL36,MAGEF1,-0.485071745937612
IL36,ATRN,-0.483228713427257
IL36,HSPB1,-0.48233547164242
IL36,ANGEL1,-0.482151695137381
IL36,ADD3,-0.482039554925364
IL36,GSR,-0.481126689736617
IL36,HIGD1A,0.480623951027217
IL36,GLUL,0.479891333445045
IL36,YPEL5,0.477619027939171
IL36,PRSS23,-0.477159211186641
IL36,RXRA,-0.476827258642387
IL36,PNRC1,0.476476315268998
IL36,RAB40B,-0.47598026350415
IL36,FGFR2,-0.475224505353933
IL36,EHD1,0.474768856972415
IL36,CKS2,0.474564969297203
IL36,RNF11,0.47415150674587
IL36,ZNF362,-0.473806544067711
IL36,ZNF395,-0.473035223677238
IL36,G6PC3,-0.472957475208026
IL36,ZNF358,-0.472614774855658
IL36,FAN1,-0.472068444315223
IL36,GSN,-0.471450808184111
IL36,KTN1,-0.471385888692545
IL36,SMS,0.469561505466916
IL36,ABHD6,-0.469380096101227
IL36,LAMA3,0.46917216446312
IL36,NUP58,0.46893545477942
IL36,APEX1,-0.468417495957801
IL36,POLH,-0.467809873705322
IL36,EXTL2,-0.466699619101337
IL36,PRPF19,-0.466188304224326
IL36,SCG5,0.46557705131122
IL36,MSH2,-0.46505303698596
IL36,PDGFA,-0.464467208534596
IL36,C20orf27,-0.464168219392515
IL36,MYLIP,-0.463400520840243
IL36,TSPAN4,-0.463131787479888
IL36,ABCD3,-0.46273424131014
IL36,IER2,0.462384840066433
IL36,CD59,0.46235272212005
IL36,YRDC,0.461859717455984
IL36,BTG3,0.461587328951785
IL36,DCLRE1A,-0.461331151552779
IL36,MPP1,-0.461069234733174
IL36,SOWAHC,0.46105504262262
IL36,RARA,-0.45810622117073
IL36,B2M,0.45804157331955
IL36,SERPINE2,0.457746581373058
IL36,OSGEPL1,-0.457681836687337
IL36,NOL6,-0.45714792646643
IL36,ATRX,-0.456985681276815
IL36,AP1S2,0.455976060001078
IL36,PRAF2,-0.454333058068674
IL36,PRPS1,-0.452753787970806
IL36,METTL8,-0.451321616603621
IL36,TKT,-0.450780080971538
IL36,ATP6V1B2,0.449975925275402
IL36,HACD3,-0.449802917439521
IL36,HERC2,-0.449802917439521
IL36,CTSO,0.449478144607873
IL36,PHLDA2,0.448250441511635
IL36,EHMT2,-0.447812535370464
IL36,NPM3,-0.447412780424975
IL36,ANXA5,0.447290263730237
IL36,PCYT2,-0.447138342445868
IL36,ATP10D,-0.446716085584627
IL36,CCDC134,-0.44418384493836
IL36,ZDHHC13,0.443649685526562
IL36,COA4,-0.443385377344217
IL36,WDR3,-0.442518235700951
IL36,FAM53B,-0.441867766121401
IL36,ATP1B3,-0.440331735354153
IL36,SCAF11,-0.440074050216168
IL36,ARMC7,-0.439174405160354
IL36,NDRG1,0.438928119486865
IL36,STRN3,0.438005060825969
IL36,ZHX3,-0.437560515904984
IL36,MCC,-0.437180190197005
IL36,IVD,-0.436774655536445
IL36,SUOX,-0.436474669941135
IL36,MICALL1,-0.436428699291271
IL36,EGR1,-0.435040376402458
IL36,POLR2A,-0.434874868636895
IL36,CDC7,-0.434352642575972
IL36,DTX4,-0.433967227813695
IL36,GIT1,-0.433875113457842
IL36,COL18A1,-0.433628361369251
IL36,APOBEC3C,-0.433537668511637
IL36,PKD2,-0.432763668175217
IL36,UBE2D3,0.432605501953372
IL36,CAD,-0.432252741649455
IL36,TCFL5,-0.432143403271948
IL36,REXO4,-0.431757662066354
IL36,CRLF3,0.430634354329863
IL36,MIPEP,-0.430346529978264
IL36,ECH1,-0.430007858297397
IL36,THNSL1,-0.429684275243245
IL36,PCK2,-0.429510743290079
IL36,MBOAT7,-0.429482460761116
IL36,MGA,-0.429392792255914
IL36,ENDOG,-0.429325886211247
IL36,LDB1,-0.428021342906289
IL36,NXPE3,-0.427681708531067
IL36,GOLIM4,-0.427110331579419
IL36,CDK4,-0.426833304479265
IL36,TSR2,-0.425979969827711
IL36,GTF3C1,-0.425550725961519
IL36,FGD6,0.425352202022552
IL36,MTHFD1,-0.425305834732671
IL36,PAK1,-0.424649094063135
IL36,FTSJ3,-0.423989100123372
IL36,RIT1,0.423352767490848
IL36,BZW1,0.422967138154449
IL36,FOXN2,0.422919140659546
IL36,ATIC,-0.422358185727242
IL36,PFKM,-0.422202370540248
IL36,TRIP11,-0.422064766172812
IL36,TUBB2A,0.421454296932041
IL36,PCYOX1,-0.419680126103931
IL36,CRISPLD2,0.419324857681942
IL36,CHEK2,-0.419314689013833
IL36,PARP1,-0.418700713369429
IL36,NOCT,0.418694522886932
IL36,FKBP9,-0.418632554816927
IL36,UBAP2L,-0.418468404679118
IL36,GBP2,0.418404350377243
IL36,OXLD1,-0.418404350377243
IL36,TIMELESS,-0.417943230454255
IL36,SLC39A8,0.416734683637224
IL36,ZNF589,-0.416320465162317
IL36,DDX42,-0.415677985434042
IL36,DDX49,-0.415306032558518
IL36,ZSWIM1,-0.415037499278844
IL36,LYST,-0.415037499278844
IL36,HTATSF1,-0.414366946145281
IL36,SART1,-0.41397588874056
IL36,FAM214B,0.413850584328401
IL36,MPHOSPH10,-0.413650855648823
IL36,NOTCH3,-0.413148500226272
IL36,EIF2B1,-0.410737361845219
IL36,RNF19B,0.410499291570377
IL36,ARL6IP5,-0.410300994367844
IL36,ZNF37A,-0.409984271552558
IL36,SLC2A4RG,-0.409906391175693
IL36,PLCG1,-0.409423892815318
IL36,GCNT1,-0.409390936137702
IL36,NXT2,0.408342846704836
IL36,SETD6,-0.408183828237781
IL36,HLA-F,0.408084738637077
IL36,NISCH,-0.40744834426716
IL36,KCTD5,0.404841732172955
IL36,DDA1,0.404685980209178
IL36,GTPBP1,0.404620883333504
IL36,TXNRD1,0.404275887086815
IL36,GPR157,-0.404198266917379
IL36,NFE2L1,-0.404020156418278
IL36,PREPL,-0.403706026922859
IL36,SEMA5A,-0.403468110566707
IL36,FERMT2,0.402964666978269
IL36,NEMF,-0.402204684231277
IL36,PMS2P1,-0.402098443571345
IL36,HSPA13,0.401651335034237
IL36,RASA2,0.401490967440896
IL36,LRRC59,0.401391306766481
IL36,SOX4,0.401362562381766
IL36,SUPT16H,-0.401191373412016
IL36,TSEN2,-0.400879436282184
IL36,KDM7A,0.40074217022407
IL36,ZSCAN31,-0.40062072650997
IL36,RAB8B,0.399072365887264
IL36,NPRL2,-0.398962736420772
IL36,SRM,-0.398493120469021
IL36,DDB2,-0.398281270953266
IL36,SFXN3,-0.398229211592291
IL36,TNS1,-0.398084365997647
IL36,FSTL3,0.398007519191552
IL36,RWDD2B,-0.397683932528576
IL36,NUBP2,-0.397421956361873
IL36,PPFIBP1,-0.397335497545385
IL36,COA7,-0.397335497545385
IL36,ACSL3,-0.39680301736268
IL36,NAV2,-0.396421821111497
IL36,TRIM24,-0.396260292248216
IL36,LAMP1,-0.396192579938385
IL36,ZNF329,-0.395928676331139
IL36,SAV1,0.395267117204155
IL36,PSIP1,-0.395229018198664
IL36,MAF,-0.394688853887042
IL36,TP53BP1,-0.394278939112047
IL36,PER3,-0.394077880643198
IL36,PALB2,-0.394019718009761
IL36,TTLL12,-0.393893758215113
IL36,DNMT1,-0.393342428179525
IL36,VWA5A,-0.393342428179525
IL36,TOP2B,-0.393162026964922
IL36,AGFG2,-0.392959333819779
IL36,NFKBIB,0.392931780000023
IL36,GPRC5A,-0.392691614206323
IL36,ITGB5,-0.392655805573999
IL36,PTPN13,-0.392655805573999
IL36,MFHAS1,0.392203864981001
IL36,TELO2,-0.391767719955997
IL36,RAB5A,0.391169237249879
IL36,NRSN2,-0.391120992821409
IL36,SLC12A6,-0.390848033711773
IL36,ZC3H13,-0.390385723542022
IL36,ANP32A,-0.389836945153701
IL36,HMBS,-0.389461252572827
IL36,ETFDH,-0.389441183411989
IL36,TAF13,0.389440408181491
IL36,GATB,-0.389238029846788
IL36,ARHGEF12,-0.388897361815053
IL36,MOSPD3,-0.388869403434109
IL36,TAF1,-0.388819978542533
IL36,DEGS1,-0.388804840124314
IL36,CHD3,-0.38842857382039
IL36,BOLA1,-0.387023123109248
IL36,TRIB2,0.386182636606659
IL36,MAVS,-0.385918516515911
IL36,GOLGA1,-0.385756072526009
IL36,GAS6,-0.385738774622085
IL36,GADD45A,0.385534455167643
IL36,PRKX,-0.385512886813383
IL36,FAM234B,-0.38539800883897
IL36,INSIG1,0.385183317284314
IL36,TCTN3,-0.384904494477043
IL36,ALDH5A1,-0.384663850235325
OSM,SOCS3,2.14935143795594
OSM,IL1R1,1.43580244016855
OSM,CEBPD,1.18753961529026
OSM,JUNB,1.13993804478712
OSM,TIMP1,1.1204767652226
OSM,IFNGR1,1.09567915296406
OSM,RAB27A,1.03141680643185
OSM,LRP10,0.983496158764838
OSM,GBP2,0.915353403737282
OSM,PLSCR1,0.885363029300022
OSM,ZFP36,0.80511138192568
OSM,CASP4,0.802047107276059
OSM,IRF9,0.798251891883371
OSM,SERPINB1,0.7851366108624
OSM,AQP3,0.755431474210897
OSM,TXNIP,0.748261430344359
OSM,GADD45B,0.744109856097629
OSM,C1R,0.696199203818305
OSM,NMI,0.637470139496554
OSM,ITIH4,0.623483434695614
OSM,C1RL,0.617450717803028
OSM,KDSR,0.614860658382945
OSM,IFITM3,0.6050116577219
OSM,NAMPT,0.589156718708262
OSM,C1S,0.564116337452699
OSM,CARHSP1,0.564022046543258
OSM,STAT1,0.557966574106946
OSM,IER3,0.53774434940592
OSM,HEG1,0.521769102412821
OSM,STOM,0.509798291027532
OSM,NRP1,0.509033350757082
OSM,CPT1A,0.507050180678143
OSM,IRF1,0.499888270267232
OSM,FILIP1L,0.495619037787481
OSM,IL13RA1,0.491048640173094
OSM,GOLM1,0.488653710650744
OSM,IL1RAP,0.47546237243323
OSM,EDN1,0.466129666150169
OSM,XBP1,0.458948045235347
OSM,YBX3,0.440269910122317
OSM,ITGA2,0.436811090891347
OSM,SLC38A4,0.435125047012564
OSM,TRIP10,0.434538926346315
OSM,PIM1,0.434439854206701
OSM,EPAS1,0.431427677727036
OSM,AHR,0.429809414320413
OSM,EHHADH,-0.42168887975313
OSM,B2M,0.41660242991279
OSM,GALNT2,0.405948357516741
OSM,PLIN3,0.405570456567662
OSM,GLRX,0.403073186322985
OSM,MVP,0.402030928633505
OSM,PLPP3,0.399640177011772
OSM,WEE1,-0.397965951300599
OSM,METTL7A,-0.396089257033757
OSM,POLD4,0.39553535807981
OSM,DDX58,0.395533651784767
OSM,KLF10,0.389185781824383
OSM,KRT18,0.3854744004667
OSM,SNAPC1,0.375209559196774
OSM,SUSD6,0.371137744818234
OSM,NAV2,-0.369384009509188
OSM,PECR,-0.368242672976985
OSM,VWA5A,0.36365782229098
OSM,COQ10B,0.360335936214977
OSM,PTS,0.359446794360112
OSM,HK2,0.358053542944178
OSM,MTSS1,-0.357706642658705
OSM,KCNMB4,0.35333845564102
OSM,BEX1,-0.352010970060142
OSM,YIPF1,0.349483210130483
OSM,DPP4,-0.346209610121996
OSM,STAT2,0.34231883977466
OSM,OPN3,0.338173802954189
OSM,ABCC1,0.33771155806223
OSM,DUSP22,0.327651558459721
OSM,FLOT2,0.327280785271054
OSM,ATP2B1,-0.323872589638975
OSM,TOB1,-0.319454981304352
OSM,FRY,-0.319247722042268
OSM,EDEM2,0.316435274300077
OSM,CD47,0.31508266723101
OSM,CALD1,-0.314731706412335
OSM,BAK1,0.31256911545364
OSM,NUCB1,0.311237751050073
OSM,SLC7A11,0.31050203935035
OSM,DHFR,-0.310490417376786
OSM,CTSL,0.308401293809829
OSM,EIF5A2,0.306029786194235
OSM,AGPAT2,0.305817121154966
OSM,CD9,0.303095211164235
OSM,IRAK4,0.301198227325008
OSM,MCL1,0.30087555293636
OSM,DHX32,0.299803947126904
OSM,NABP1,0.298885332648725
OSM,CSF1,0.29332729260046
OSM,MAP4K4,-0.28995279010347
OSM,IFNAR2,0.289017835651205
OSM,MT2A,0.288080996270827
OSM,LONRF1,0.287842711927522
OSM,PXDC1,0.282689021380847
OSM,PUS3,0.282488833595095
OSM,MUC1,0.27826784778799
OSM,CASP7,0.276846785339488
OSM,CAPRIN2,0.274143215404152
OSM,ID3,-0.272978841205835
OSM,TMSB10,0.271911466008376
OSM,PFKFB3,0.270766559200749
OSM,TGIF1,0.269069503775128
OSM,PHYH,-0.2665447032516
OSM,PERP,0.265888413467727
OSM,FAM135A,0.26579924631587
OSM,EGR1,0.264177220407992
OSM,NET1,-0.264095336579596
OSM,IL6ST,0.264034164191397
OSM,RBL1,-0.262987022554855
OSM,RRAGA,0.26216441022383
OSM,NCOA1,0.261758228312041
OSM,WSB1,0.261710462898927
OSM,COX5B,0.261584138481892
OSM,SMPD1,0.259799143729011
OSM,MLX,0.258488612631349
OSM,SOCS6,-0.257854406725452
OSM,DENND5B,-0.257444996965604
OSM,ATP10D,-0.25684990948057
OSM,STMN1,-0.256744335891245
OSM,HK1,0.256687590239938
OSM,TARBP1,-0.256020670455316
OSM,UPP1,0.253371397834135
OSM,DNAJB9,0.25173919299067
OSM,TNFSF4,-0.251664399472369
OSM,ALDH3A2,-0.251100545138805
OSM,ZNF43,-0.250360211361492
OSM,CDK6,-0.249693648816651
OSM,PIK3R3,-0.249489839382158
OSM,CTSB,0.248942138412501
OSM,CHKA,-0.248347682727283
OSM,ALDH7A1,-0.248315635736863
OSM,GIPC2,-0.247717757027195
OSM,KLF4,0.247405698440009
OSM,PHKA2,0.247007486999633
OSM,LSS,-0.24480120143695
OSM,SDC4,0.244050503777054
OSM,HMGCR,-0.243694124556519
OSM,YRDC,0.24247600196697
OSM,PRKAB2,-0.242120183358061
OSM,TGFB3,0.24170440631626
OSM,H6PD,0.241239519489687
OSM,MBNL2,0.240983323798956
OSM,PELI1,0.24084875857188
OSM,TAGLN,-0.24045378870531
OSM,LIG4,0.23811106318863
OSM,JMJD6,0.237993609466015
OSM,SLC20A2,-0.237447097400917
OSM,SLC35F6,0.237300107261045
OSM,HIPK3,0.236299486799965
OSM,HYOU1,0.236208803039561
OSM,SSR4,0.23617280528594
OSM,MAK16,0.235266165341298
OSM,ATP8A1,-0.234474410676868
OSM,NARF,0.233219520928519
OSM,RBMS2,-0.23273826388218
OSM,FOXO4,-0.232371501143787
OSM,HDAC5,-0.231893722617361
OSM,SLC16A5,0.23041015832787
OSM,PLEC,0.229842954439865
OSM,SLC29A1,-0.22969411042522
OSM,NDRG1,0.229264341700011
OSM,N4BP2L1,0.229076168801023
OSM,DAPK1,-0.228936466357479
OSM,MAP3K1,-0.228127205743435
OSM,RIPK1,0.227564639081168
OSM,TUBB6,0.22741679442517
OSM,SEMA4C,0.225466531011303
OSM,CREB3L2,-0.22496915640875
OSM,SLC39A1,0.222513847705206
OSM,IFNGR2,0.222250123964513
OSM,TSPAN7,-0.22122423277642
OSM,PRR13,0.220527598195358
OSM,STK3,0.220083304137479
OSM,HIBCH,-0.2194492768653
OSM,PVR,0.219060500233367
OSM,TP53,-0.218911147417964
OSM,TMEM53,0.218793991698049
OSM,VEGFA,0.217114695593688
OSM,SLC38A2,0.2169889709299
OSM,NKTR,-0.216957822888479
OSM,IGFBP4,0.21612192711963
OSM,PTGER4,-0.215930409933385
OSM,ANXA4,-0.215873017998811
OSM,EIF3I,0.215567441403907
OSM,DRAM1,0.214760828396785
OSM,RHOB,-0.212556528275557
OSM,ASNS,0.21233609484436
OSM,ARID5B,0.210571413963885
OSM,TMEM185B,0.209580594324562
OSM,HBEGF,0.209041767125
OSM,TNS1,0.207853487960873
OSM,CEP112,0.207463897772395
OSM,FOXN3,-0.206762479488672
OSM,TSTA3,0.205695003591834
OSM,TRAF3IP2,-0.205557340434531
OSM,B4GALT5,0.205451102899148
OSM,CHMP1B,0.205040729188718
OSM,HIVEP2,0.204257092337018
OSM,SLC25A40,-0.203427411180085
OSM,DDX21,0.203204233418632
OSM,TMEM126B,0.202985954879387
OSM,ZNF682,-0.202530496895147
OSM,S100A13,0.202213411448188
OSM,SYF2,0.202171485475639
OSM,TNFRSF10D,0.201875353746839
OSM,MTRR,0.201429556638979
OSM,UGCG,0.201160417186436
OSM,ZNF85,-0.200231935991202
OSM,ALAD,-0.20002030435589
OSM,ACVR1B,0.200005706643154
OSM,TUBB2A,0.199732340114745
OSM,HERPUD1,0.199403493792924
OSM,ZNF248,-0.198718531823102
OSM,ZNF93,-0.19854005061815
OSM,MID1IP1,0.198346811361113
OSM,CRELD2,0.198212934516049
OSM,ZSCAN2,-0.197514288791151
OSM,PARP12,0.197261991163256
OSM,WSB2,0.196963723999061
OSM,XRCC1,-0.196871875326539
OSM,PGK1,0.196079618570669
OSM,RCAN1,-0.195573832976828
OSM,UCP2,-0.194230142820176
OSM,ACADVL,0.194193773852016
OSM,CD63,0.194033168521302
OSM,PGAP1,-0.193947316722761
OSM,SDF2L1,0.193410250037783
OSM,IFNAR1,0.193297873264215
OSM,SP4,-0.192442337536513
OSM,MYD88,0.192278904856769
OSM,CHMP2A,0.191988333528536
OSM,DNAJB1,0.191767221244649
OSM,FAM111A,-0.191602262262413
OSM,PITPNC1,0.191552513150953
OSM,SERPINB8,0.19121366778619
OSM,IGFBP3,0.190424621266851
OSM,GPKOW,0.190049076203529
OSM,MALT1,0.190022903640375
OSM,LPXN,-0.18941231160834
OSM,CCSER2,-0.188915767142546
OSM,GPI,0.188591370868601
OSM,ANKMY2,-0.187970961877107
OSM,KLF6,0.187568710743591
OSM,AZIN1,-0.186946899024391
OSM,MEGF9,-0.186460261838615
OSM,ORMDL2,0.186369810474972
OSM,SCN1B,0.185334957204753
OSM,SOX4,-0.185059521222007
OSM,MOCOS,0.185048797058965
OSM,MPHOSPH10,-0.184581163166667
OSM,CBX4,0.184531089789627
OSM,FAU,0.18441702311638
OSM,ENO1,0.184211106471416
OSM,PHLDA3,-0.184041537007261
OSM,PLCXD1,-0.182771513739733
OSM,TMEM135,-0.182725321885751
OSM,RMI1,-0.182439763873065
OSM,CHML,0.18206796831483
OSM,USP6NL,-0.181709376229299
OSM,EAPP,0.181577732616089
OSM,TOR1A,0.181241587346228
OSM,N6AMT1,-0.180745885925677
OSM,KLF12,-0.180568450068375
OSM,USB1,0.178921560097117
OSM,RBM4B,-0.178453512225495
OSM,CTSH,-0.178324913599339
OSM,SLC1A5,0.178243058049221
OSM,RNF38,-0.1779528589742
OSM,GADD45A,-0.177613636813564
OSM,CDKN3,-0.177515292594668
OSM,CERS6,-0.17724072758025
OSM,PRKCA,-0.177182233948135
OSM,B3GNT2,0.176532566146829
OSM,HMGCS1,-0.176426135678776
OSM,PSMB8,0.17635827735213
OSM,LRP8,0.176281368544385
OSM,CCNG1,-0.176218603562399
OSM,HAX1,0.175896324144384
OSM,PKD2,-0.175771121223567
OSM,DDX49,0.175513304477243
OSM,ZKSCAN3,-0.174781525956778
OSM,RECK,-0.174460205310115
OSM,UTP3,0.174419913060975
OSM,DSE,-0.174099850732401
OSM,OSBPL3,-0.17405982366447
OSM,TXLNA,0.173905962042415
OSM,SPDL1,-0.173706133193154
OSM,SLC25A12,0.173702896277405
OSM,ALDH1B1,-0.17340316678602
OSM,ZNF426,-0.173385078938554
OSM,WWTR1,0.173065089583085
OSM,ZNF45,-0.172833293667959
OSM,HIGD1A,0.1726191043914
OSM,EPHX1,-0.172517812875
OSM,MRAS,-0.17251532426638
OSM,ETS1,0.172431322219138
OSM,MT1X,0.171338747315033
OSM,RGS12,-0.171005548419317
OSM,ABCC4,0.170716812957714
OSM,HPCAL1,0.170304873294497
OSM,TSPYL4,-0.170147784252016
OSM,GDI1,0.169878263326845
OSM,ALAS1,0.169803536519519
OSM,PHLPP1,-0.169310296734923
OSM,LPIN2,0.169149795116199
OSM,ZNF184,-0.168730689385534
OSM,CREB1,-0.16813401642069
OSM,BARD1,-0.167932115923208
OSM,PTTG1IP,0.167911151363045
OSM,BCKDHB,-0.167113868972275
OSM,ZNF211,-0.16709623408246
OSM,RAPGEF6,-0.166917375590229
OSM,HIPK1,-0.166867537585568
OSM,MAGED2,-0.165772417579141
OSM,COPE,0.165518290539016
OSM,UBL3,-0.165456005540562
OSM,AGA,0.165325765576871
OSM,MTMR10,-0.165244119893486
OSM,SLC50A1,0.164476159045363
OSM,ALDH5A1,-0.164245822086151
OSM,TUFT1,-0.163816249142758
OSM,LSG1,0.163789298550515
OSM,CDC42SE1,0.163722008641369
OSM,DENND4A,0.163577558133117
OSM,SLC25A37,0.163127555892095
OSM,AVPI1,0.163059562685945
OSM,DLG3,-0.162527087371986
OSM,TRIM24,-0.162525696706
OSM,PCYT2,-0.162457890076248
OSM,BECN1,0.162328880242923
OSM,VAMP5,0.16229979502008
OSM,LPCAT1,0.161999009200168
OSM,SAV1,0.161698348299513
OSM,MRS2,-0.161170405041648
OSM,INPP5F,0.161102642756884
OSM,MANF,0.16075465585058
OSM,TFDP2,-0.160440601853371
OSM,FCHSD2,-0.16042749596897
OSM,IRF2,0.160324861996146
OSM,HMMR,-0.160311255733252
OSM,ASXL1,0.160256876804973
OSM,PHKB,-0.159384953543535
OSM,NT5DC3,-0.159221045434243
OSM,NCOA3,-0.159162481140435
OSM,SRD5A3,-0.159111702523893
OSM,CHSY1,0.159082963951355
OSM,FAM118A,-0.158953825336666
OSM,RRP7A,0.15885793773884
OSM,MTR,-0.15872927917925
OSM,SLC39A6,0.158587245423162
OSM,HELLS,-0.1585269814921
OSM,EVI5,-0.15833588051846
OSM,DEGS1,0.158061345836632
OSM,PNMA1,0.158033882025392
OSM,IGSF3,0.157563997141196
OSM,CCNB2,-0.157501246702574
OSM,RBM41,-0.157269080157789
OSM,PDE4DIP,0.15721756860737
OSM,MPP5,-0.156806274410799
OSM,POGZ,-0.156716140736807
OSM,TMED9,0.156646472554993
OSM,AP3M2,-0.156309113836718
OSM,NECAP1,0.156289436505091
OSM,FAM234B,0.156257488837684
OSM,TNIP2,0.156062475990169
OSM,LUC7L3,-0.15595406093893
OSM,MTMR4,-0.155828874514053
OSM,AGPAT3,-0.15570825705357
OSM,ARHGAP10,-0.1554659327264
OSM,HDAC4,0.155407754166196
OSM,NASP,-0.155147365112335
OSM,MYH10,-0.154610166005919
OSM,LYST,-0.154557631229237
OSM,ZKSCAN1,-0.15423889690857
OSM,DECR2,0.154231231999391
OSM,MANSC1,0.154144776624415
OSM,MAFF,0.15402379683713
OSM,GPSM2,-0.153827615688263
OSM,USE1,0.153656564934657
OSM,PLPP1,0.153398124638725
OSM,DSN1,-0.15291389180823
OSM,YOD1,0.152870456057308
OSM,DZIP3,-0.152585820322842
OSM,USP3,-0.152519166940516
OSM,SLC25A28,0.151805341132586
OSM,CSRP1,-0.151630086160651
OSM,RASSF4,-0.151392090827633
OSM,ZSCAN12,-0.151181196050467
OSM,MYO1D,-0.15112809051881
OSM,CLIP1,0.150805184712519
OSM,PNPLA6,0.150784259833152
OSM,SLC11A2,-0.150568978016113
OSM,KIAA0930,0.150520514542153
OSM,DHRS1,-0.150372119020385
OSM,LMCD1,0.150221743437777
OSM,SLC33A1,0.149870128871942
OSM,CLASP2,-0.149607034281169
OSM,TULP4,-0.149581782488641
OSM,RAB23,-0.149342130751827
OSM,RNF19B,0.148608056031059
OSM,BCAT1,-0.148322623295821
OSM,DIS3,0.148172327169609
OSM,LRRC8D,-0.147927839152935
OSM,OTUD3,-0.147789559220096
OSM,NPC1,0.147691129737201
OSM,PTBP2,-0.1472364026409
OSM,PIP4K2B,-0.147235623443511
OSM,LDHA,0.146883718252676
OSM,PKIA,-0.146692965030636
OSM,APPL2,-0.146522358772405
OSM,PAFAH1B3,0.146349823039201
OSM,LMAN2,0.146208338794103
OSM,PDLIM1,-0.146167322668177
OSM,QPCT,-0.146037058182885
OSM,DEPDC1,-0.145960614675159
OSM,NOTCH1,0.14573202162727
OSM,SNN,-0.145694960030375
OSM,ZNF614,-0.145641822525771
OSM,DDIT3,0.145629367874327
OSM,FOXO3,-0.14538786339832
OSM,MBIP,-0.145298035650325
OSM,IL10RB,0.145217593035719
OSM,CDIPT,0.145135760944148
OSM,FRS2,-0.1448135314539
OSM,IFIT5,0.144718046784566
OSM,HHAT,-0.144464312543632
OSM,SNRK,0.144026948787803
OSM,FOXRED2,-0.143966194926271
OSM,KHDRBS3,-0.143913779006362
OSM,GCNT1,0.143745997681943
OSM,ZMYM5,-0.143632829567225
OSM,PHLDA2,0.1432673165
OSM,SLC12A6,-0.143264487209866
OSM,MMD,0.143182408192051
OSM,ANXA7,0.14310260323647
OSM,EDEM1,0.143100176977373
OSM,MIS18A,-0.143082232873747
OSM,PPP2R3A,-0.14302869877874
OSM,SSBP3,-0.142964207047702
OSM,TNNC2,-0.142892434676061
OSM,DGCR2,-0.142783440396551
OSM,MKI67,-0.142601235165451
OSM,PREB,0.142506841385091
OSM,ADORA2B,0.142297833239636
OSM,STX8,0.14188167164317
OSM,CDC25B,0.141422709195971
OSM,KAT7,-0.14090172666933
OSM,MAP2K1,0.140752213298065
OSM,CBX1,-0.140687004536213
OSM,EHMT2,-0.140652945539025
OSM,GSTA4,-0.14053293790276
OSM,MKKS,-0.14035230919058
OSM,MDM2,-0.140347081513658
OSM,MTRF1L,0.140271884507751
OSM,CEP350,-0.140137277932795
OSM,TLN2,-0.140115311283338
OSM,ADD3,-0.140036265497775
OSM,AFF4,0.139976661680467
OSM,UBXN2B,-0.13991295518856
OSM,SLC16A4,-0.13987312139276
OSM,DAZAP2,0.139809104588903
OSM,GATM,-0.13978874535754
OSM,ASTE1,-0.13965748659392
OSM,CAST,0.139433965168704
OSM,ZDHHC13,0.139371656531347
OSM,S100A4,0.139284418021605
OSM,PFDN5,0.139229730308326
OSM,GPRC5A,0.139137392786652
OSM,PRRC1,-0.13909357105315
OSM,GIPC1,0.13907341603446
OSM,PAPSS2,0.13902692051823
OSM,TRIM5,-0.138879927908798
OSM,PIH1D1,0.138618603558348
OSM,CYP1B1,0.1385658005761
OSM,MPC1,0.138471196624204
OSM,CTNNAL1,-0.138300989828505
OSM,CTSO,0.138188563096879
OSM,EPM2AIP1,-0.138172075837569
OSM,CSGALNACT2,0.137980027600789
OSM,FGFR4,-0.137926283006004
OSM,A4GALT,0.137793080190056
OSM,SKP2,-0.13778156903445
OSM,CENPC,-0.137235740624999
OSM,ABAT,-0.13720937967171
OSM,LANCL1,-0.137190526232165
OSM,GRPEL1,0.136951442125866
OSM,PDE8A,-0.136853287791821
OSM,DBF4,-0.136743279722432
OSM,ZNF428,-0.13648707855837
OSM,CD59,0.136029264158175
OSM,VWA8,-0.135751848420231
OSM,UBR7,-0.135727457331753
OSM,DDRGK1,0.135624922301954
GMCSF,EGR2,2.03320556568611
GMCSF,CDKN1A,1.3833424232137
GMCSF,DUSP5,1.3189709568463
GMCSF,MAFF,1.30275992588352
GMCSF,PIM1,1.27623228662201
GMCSF,SLC7A11,1.05541027849454
GMCSF,IMPA2,-1.043657180388
GMCSF,RGS2,-1.03730424870108
GMCSF,GCLM,0.989532800363782
GMCSF,HBEGF,0.966935344758206
GMCSF,PPIF,0.884459105425244
GMCSF,CTNS,0.87465021105958
GMCSF,ABL2,0.85847680715516
GMCSF,CD44,0.835213755412272
GMCSF,WSB2,0.793176663269896
GMCSF,CXCR4,-0.771735013809705
GMCSF,TXNIP,-0.760241160245523
GMCSF,ZNF185,-0.757847493856914
GMCSF,PELI2,-0.74804668446683
GMCSF,KLHL24,-0.741523274434665
GMCSF,IRS2,-0.713835046512362
GMCSF,SLC20A1,0.703575827580664
GMCSF,MXI1,-0.685848236687269
GMCSF,NABP1,0.681599684009014
GMCSF,CNPY3,-0.679287103501424
GMCSF,REPS2,-0.675634036939246
GMCSF,LRP8,0.67520134124327
GMCSF,TPM4,0.673060364782368
GMCSF,ADD3,-0.668047690856184
GMCSF,CDKN1B,-0.662543550103124
GMCSF,IER3,0.657885838200464
GMCSF,PCMTD2,-0.643346287722603
GMCSF,TWSG1,0.64036929243097
GMCSF,ATP1B3,0.629144843874585
GMCSF,DNAJB9,0.613772930513149
GMCSF,MEGF9,-0.612708172651859
GMCSF,SPHK1,0.612287062052258
GMCSF,DTX4,-0.604071323668861
GMCSF,FOSL1,0.603334872273696
GMCSF,FOXO3,-0.595868480814365
GMCSF,RNASET2,-0.592252126564004
GMCSF,ORAI3,-0.589799423605945
GMCSF,BTN3A2,-0.587763159601762
GMCSF,FAM8A1,-0.580022751426444
GMCSF,IL1RAP,0.57964387485899
GMCSF,BTN3A1,-0.579548548333776
GMCSF,NR1D2,-0.577248735704325
GMCSF,CAMSAP2,0.571478396730476
GMCSF,ATXN1,0.564774947677197
GMCSF,HSPBAP1,-0.562085443521896
GMCSF,UPP1,0.559698106118645
GMCSF,HSP90AB1,0.554211148337986
GMCSF,DCTN5,0.553502427025317
GMCSF,ENO1,0.551065403552546
GMCSF,STX10,-0.545327302651121
GMCSF,PEA15,0.543025081543717
GMCSF,ULK1,-0.542822753002693
GMCSF,INSR,-0.537432264226902
GMCSF,FSCN1,0.537332362003653
GMCSF,MTHFD2,0.537061577036043
GMCSF,GLA,0.531080845432225
GMCSF,MPPE1,-0.525228463498829
GMCSF,YRDC,0.52357003236915
GMCSF,TNRC6B,-0.517633578602319
GMCSF,XPC,-0.510646041863855
GMCSF,ANKRA2,-0.51046161291445
GMCSF,PBXIP1,-0.508484629496539
GMCSF,PSMD14,0.50820735238441
GMCSF,SIGIRR,-0.502798658896859
GMCSF,CYP1B1,0.498045193297263
GMCSF,ARNTL2,0.49724854710533
GMCSF,SLC25A28,-0.495912380206391
GMCSF,IFNAR2,-0.495205127468338
GMCSF,HMGB2,-0.493411446227367
GMCSF,CASP8,-0.49146090962561
GMCSF,CD58,0.491354189765533
GMCSF,CCDC28A,-0.488148809787556
GMCSF,HSPH1,0.484323893637241
GMCSF,GOLPH3L,-0.48387624762438
GMCSF,TAPBPL,-0.483278767451418
GMCSF,RNF113A,-0.482904359219886
GMCSF,STAT5B,-0.482331889974273
GMCSF,DHX40,-0.481646010834464
GMCSF,EAPP,-0.480697544874116
GMCSF,CTDSP2,-0.480469964728647
GMCSF,EPOR,-0.4762764662702
GMCSF,DAXX,0.473114564651129
GMCSF,HBP1,-0.472310897616635
GMCSF,BRD3,-0.471430077067073
GMCSF,LTA4H,-0.470537666437463
GMCSF,KATNB1,-0.470379304051751
GMCSF,MICAL1,-0.46957321975905
GMCSF,CDKN2C,-0.467310912066883
GMCSF,CALCOCO1,-0.46553527645832
GMCSF,HMGCR,0.463313419279133
GMCSF,MKNK2,-0.461362515061892
GMCSF,NRP1,0.459944630024437
GMCSF,HEBP2,-0.457279502868428
GMCSF,AKR1C3,0.45724511209715
GMCSF,ZSCAN16,-0.456314753699453
GMCSF,MSRB2,-0.454010691163849
GMCSF,XBP1,0.450168050186535
GMCSF,JADE1,-0.449777868117474
GMCSF,SNRNP25,-0.445174620394831
GMCSF,ING4,-0.442824500027665
GMCSF,FOXO1,-0.440867839897094
GMCSF,PARP8,-0.437136638878649
GMCSF,CTNNAL1,0.434923731924414
GMCSF,ARL8B,0.43432530752801
GMCSF,CNOT8,-0.432918150510843
GMCSF,DHTKD1,-0.432400011209191
GMCSF,STAT5A,-0.430952865519124
GMCSF,SLC44A1,0.430940617715362
GMCSF,YPEL5,-0.429812076655926
GMCSF,MAP3K1,-0.4293262187073
GMCSF,NLRX1,-0.428844764133154
GMCSF,METTL7A,-0.426087581898469
GMCSF,PSMD1,0.424924278094948
GMCSF,VPS28,-0.424551266071834
GMCSF,ZCCHC24,-0.424545351515117
GMCSF,TMEM185B,0.42244889392907
GMCSF,GPR68,0.422348506928489
GMCSF,DAPK1,-0.420022145398995
GMCSF,MCM7,-0.419511292323703
GMCSF,CYBRD1,-0.419502237723061
GMCSF,ALAS1,0.419464265479187
GMCSF,SLC3A2,0.415425418495356
GMCSF,SARAF,-0.414080605646803
GMCSF,C2orf68,-0.412668772430574
GMCSF,FCGRT,-0.411744318513208
GMCSF,BYSL,0.411654647233229
GMCSF,CCS,-0.411352653335473
GMCSF,IER5,0.411190335844599
GMCSF,PDSS1,0.408712599915405
GMCSF,THEMIS2,-0.40839060356666
GMCSF,PPP1CC,-0.407592022221
GMCSF,ZBTB18,-0.407260272783665
GMCSF,HDAC5,-0.406162846795046
GMCSF,TSPO,-0.403642923918986
GMCSF,DUS2,-0.40336709773322
GMCSF,CHMP1B,-0.403331707731357
GMCSF,LPCAT4,-0.401841326209872
GMCSF,UBE2W,0.401715761292159
GMCSF,PSMD11,0.398764859856096
GMCSF,ING1,-0.393310623739315
GMCSF,PPOX,-0.39311954175561
GMCSF,EDN1,0.39193677277788
GMCSF,EMC9,-0.390877628485227
GMCSF,MANF,0.39068613939378
GMCSF,HSD17B11,-0.390364691686152
GMCSF,PNPLA2,-0.389553274175058
GMCSF,VCP,0.389502447588027
GMCSF,PLEKHG3,-0.388912846244716
GMCSF,YY1,-0.38865548248623
GMCSF,MAPK3,-0.388013509519754
GMCSF,ACSL1,0.387095573644172
GMCSF,CTSD,-0.386304555516272
GMCSF,FECH,-0.384563002921626
GMCSF,MTM1,-0.381543469011387
GMCSF,TTLL1,-0.380898311383535
GMCSF,ALAD,-0.380843389326472
GMCSF,PSRC1,-0.380030422982114
GMCSF,OAT,-0.379270699573524
GMCSF,BCL2L1,0.379160684558523
GMCSF,MSMO1,0.378593616268691
GMCSF,CD63,0.378456548502141
GMCSF,PAN2,-0.377952181866468
GMCSF,MAT2A,0.3775322570687
GMCSF,PSMB5,0.376384714677383
GMCSF,TANK,0.375948422522367
GMCSF,UBE2S,0.375790933230668
GMCSF,ARF4,0.375439778694114
GMCSF,AGO4,-0.375090837017378
GMCSF,KCTD12,-0.374417545271189
GMCSF,IFFO1,-0.374282467005809
GMCSF,SDF2L1,0.374097197726849
GMCSF,TIPARP,0.373976199767177
GMCSF,THBS3,-0.373934394893734
GMCSF,CPPED1,-0.372153003792962
GMCSF,GAA,-0.371912010668631
GMCSF,RNPEP,-0.371478133574325
GMCSF,CRTAP,-0.370024886238623
GMCSF,SSH3,-0.368118975891451
GMCSF,UNC119,-0.367563105624976
GMCSF,NAMPT,0.365016501176759
GMCSF,ATP6V1B2,0.363686732608582
GMCSF,CRK,0.363305211325311
GMCSF,GTF3A,-0.36273391524044
GMCSF,EMP1,0.362722459368033
GMCSF,KLF3,-0.3609721505885
GMCSF,NADK,-0.360636372897235
GMCSF,RBL2,-0.359754989414808
GMCSF,OXA1L,-0.359569331160644
GMCSF,CAMKK2,-0.359309891242778
GMCSF,NOLC1,0.358213584482986
GMCSF,PHKG2,-0.357749283799825
GMCSF,HSPA5,0.357707081426219
GMCSF,JAK1,-0.357493690814216
GMCSF,NRIP3,0.357077345665594
GMCSF,THYN1,-0.355209894648592
GMCSF,GLT8D1,-0.354604471100792
GMCSF,OGT,-0.354003881202216
GMCSF,DNAJA1,0.353667556031604
GMCSF,EIF2S1,0.352733423869922
GMCSF,MID1IP1,-0.352720352512867
GMCSF,COL18A1,-0.351525
GMCSF,HCCS,0.351467112078569
GMCSF,C1RL,-0.350453804266862
GMCSF,SYF2,-0.350369509052016
GMCSF,RERE,-0.349373967933324
GMCSF,HOMER1,0.349170372402359
GMCSF,EGLN1,-0.348086527709207
GMCSF,TMX4,-0.348021055665446
GMCSF,MOAP1,-0.347590813354468
GMCSF,HDAC4,-0.347499068839645
GMCSF,SCAP,-0.346734315886918
GMCSF,SLBP,-0.3463101770861
GMCSF,CDKN1C,-0.345794684853693
GMCSF,TRAPPC6A,-0.345412865270255
GMCSF,RCN3,-0.344805083524146
GMCSF,ORMDL2,0.342916951185362
GMCSF,MFSD12,0.341721387205429
GMCSF,C1GALT1,-0.341086496502393
GMCSF,CORO1B,-0.340474867811631
GMCSF,TMED9,0.34031781711531
GMCSF,PNRC1,-0.340243267887465
GMCSF,NARF,-0.340127760811565
GMCSF,CRBN,-0.339891042901553
GMCSF,UCP2,-0.339531533040478
GMCSF,LPCAT1,-0.339308855829932
GMCSF,CLASRP,-0.33911949903363
GMCSF,PHKA2,-0.338810409396625
GMCSF,CDIPT,-0.33833216504687
GMCSF,AEN,0.33822668715542
GMCSF,EDEM1,0.338151742227595
GMCSF,CD46,-0.337737042148429
GMCSF,RAB14,0.337581958316402
GMCSF,ANP32A,-0.337371899616086
GMCSF,CLK4,-0.337360177911326
GMCSF,ALDH2,-0.336761331080314
GMCSF,NIP7,0.336611053062985
GMCSF,ARGLU1,-0.336027806816576
GMCSF,HSPA13,0.33567992067556
GMCSF,SLC16A5,-0.335587329137895
GMCSF,DDIT4,-0.335528579113442
GMCSF,APOBEC3C,-0.335467834723934
GMCSF,PDE12,0.335289855032461
GMCSF,DEF8,-0.333332947663768
GMCSF,PARP16,-0.333102801610348
GMCSF,NOP16,0.333023983198355
GMCSF,CTSA,-0.332999408153919
GMCSF,USP20,-0.332360043452125
GMCSF,ABAT,-0.331027565920724
GMCSF,TFDP2,-0.33019245339259
GMCSF,MKRN1,-0.329974629433639
GMCSF,FIG4,-0.329632850699976
GMCSF,FAM53B,-0.329600073205609
GMCSF,TOM1L2,-0.329224776681813
GMCSF,MRPL40,-0.328856183509072
GMCSF,MAFG,0.328708012314514
GMCSF,ITPKB,-0.328664294496159
GMCSF,TDG,0.328226046333702
GMCSF,CBX6,0.32766246535387
GMCSF,BDH2,-0.32738938810506
GMCSF,RMND5A,-0.326482793813101
GMCSF,PHF3,-0.326481010842511
GMCSF,EIF1B,0.326458779339493
GMCSF,TUBB6,0.326038275311131
GMCSF,CDADC1,-0.325880483713125
GMCSF,ADAM9,0.325791941488148
GMCSF,FLOT2,-0.325359284550988
GMCSF,RHOT1,-0.325352515798484
GMCSF,NISCH,-0.32514903358536
GMCSF,KRBOX4,-0.325057925720952
GMCSF,CBX4,-0.324730076320489
GMCSF,CTSO,-0.32466856063906
GMCSF,C7orf26,-0.323730900451994
GMCSF,SOS2,-0.323605518093553
GMCSF,NADSYN1,-0.323075325298998
GMCSF,SEC61A1,0.322978242680634
GMCSF,DNMT1,0.32247836878568
GMCSF,DNAJA4,0.321218286964794
GMCSF,C12orf49,0.320873370315901
GMCSF,GTPBP4,0.320668143570048
GMCSF,SMIM14,-0.319922109138366
GMCSF,EMC1,0.319588710823917
GMCSF,PPP1R15A,0.319561623446039
GMCSF,CTPS2,-0.319558391048261
GMCSF,SOCS3,0.319517353269858
GMCSF,EHD1,0.319110808179164
GMCSF,LARP4,0.319052489188779
GMCSF,RMDN1,-0.318694598230254
GMCSF,CLIC4,0.318604656974743
GMCSF,DGCR2,-0.318558099458411
GMCSF,WIPI2,-0.318508550239802
GMCSF,EIF4B,-0.318081212970064
GMCSF,TXN,0.317781804033288
GMCSF,STX7,-0.316744941528155
GMCSF,TBC1D8,-0.316187927483293
GMCSF,PIK3R1,-0.315333031671824
GMCSF,ERLIN2,-0.315247727668674
GMCSF,RNF19B,0.313992788629724
GMCSF,NFAT5,0.313667583798043
GMCSF,MSL3,-0.313574534011174
GMCSF,ARHGEF6,-0.312846607623755
GMCSF,WDR48,-0.312109791908194
GMCSF,ERMAP,-0.31150711351833
GMCSF,MAPRE1,0.311074381229003
GMCSF,GABPB1,0.3110076758233
GMCSF,ZBTB44,-0.310143265819706
GMCSF,MAK16,0.31012131935023
GMCSF,ZCCHC10,0.309821433142774
GMCSF,AMZ2,-0.309424405996628
GMCSF,TGFBR1,0.309149951566144
GMCSF,RFC1,-0.307979752428356
GMCSF,MNT,-0.307553179506859
GMCSF,LHPP,-0.306889162929855
GMCSF,FAM76A,-0.306878910558005
GMCSF,AHR,0.306806467353372
GMCSF,PER2,0.306755731888214
GMCSF,MLXIP,-0.306587190367363
GMCSF,COG4,-0.306306302651665
GMCSF,MKNK1,0.305877444668899
GMCSF,SFPQ,0.30556777043185
GMCSF,TRIM62,-0.305460060043651
GMCSF,BLVRB,-0.305083278634413
GMCSF,ITM2B,-0.305074098662604
GMCSF,SGSH,-0.304962628965022
GMCSF,NFE2L2,0.304461045338448
GMCSF,ZNF354A,-0.304130053944331
GMCSF,JMJD1C,-0.304014136472099
GMCSF,GSTP1,-0.303781622671144
GMCSF,PLEKHA2,-0.303441313430767
GMCSF,DHRS1,-0.303322537144008
GMCSF,LRRC59,0.30294041067945
GMCSF,HSPA4,0.302062966721692
GMCSF,ETF1,0.302000191585918
GMCSF,RETSAT,-0.301550022422328
GMCSF,MAPK6,0.301373959492802
GMCSF,CYFIP2,-0.300874965023914
GMCSF,PCYOX1,-0.30043127542145
GMCSF,AAMDC,-0.300363858639752
GMCSF,VCL,-0.300304888763719
GMCSF,CIRBP,-0.300152732328846
GMCSF,AKR7A2,-0.300057489615116
GMCSF,CUL4B,-0.299998464233099
GMCSF,ZNF200,0.299024282211419
GMCSF,TAF13,0.298762803575982
GMCSF,INPP4A,-0.298670107563057
GMCSF,SRSF8,-0.298367975456285
GMCSF,NUP58,0.29737015119152
GMCSF,SF3A1,-0.296483756796731
GMCSF,SLC25A37,-0.296399660060785
GMCSF,RAI14,0.29602165815526
GMCSF,PROCR,0.295853810412835
GMCSF,RPL29,-0.295624661311296
GMCSF,ARF5,-0.29546903576985
GMCSF,FAM111A,-0.294505108841451
GMCSF,PKN2,-0.294159614110591
GMCSF,CBX1,-0.29336436800699
GMCSF,LIMK1,0.293354415264509
GMCSF,KLHL2,0.293194719873134
GMCSF,SETD2,-0.292557184338276
GMCSF,VEZF1,-0.292286038397997
GMCSF,SPTLC2,-0.291989944770065
GMCSF,TSR1,0.291308838565106
GMCSF,YES1,0.291047432715055
GMCSF,CPNE3,-0.290867729416336
GMCSF,TUBB4B,0.290128854340458
GMCSF,ZNF211,-0.289885027311474
GMCSF,DNAJC2,0.288724474653023
GMCSF,C9orf16,-0.288103348476684
GMCSF,BAD,-0.287931805763085
GMCSF,DGKD,-0.287888339501347
GMCSF,EIF4G1,0.287820760724488
GMCSF,EOGT,0.287536921546557
GMCSF,RPL31,-0.287471080184514
GMCSF,SLC25A36,-0.287249836346605
GMCSF,DAPK2,-0.286881147788161
GMCSF,PLSCR1,0.28679606169574
GMCSF,AGTPBP1,-0.286658855894144
GMCSF,GPD1L,-0.285526241186952
GMCSF,PSMB10,-0.284859936676633
GMCSF,CYCS,0.284805445346109
GMCSF,SCPEP1,-0.284722111817976
GMCSF,RABL3,0.284630269165311
GMCSF,ZNF106,-0.284559632512552
GMCSF,CNOT7,-0.284489448677629
GMCSF,KCTD5,0.28443306044705
GMCSF,CD82,0.284226752922551
GMCSF,TMCC1,-0.284129826961219
GMCSF,EIF4A3,0.283882386515212
GMCSF,HEATR3,-0.283759315521705
GMCSF,TIGAR,0.28329300526697
GMCSF,NINJ2,-0.283278132360279
GMCSF,CLPX,-0.283086543685663
GMCSF,LIG4,0.282533803849322
GMCSF,NQO1,0.282199029761726
GMCSF,UVRAG,-0.281460129252012
GMCSF,PRPS2,-0.281434027909232
GMCSF,LZTFL1,-0.280939540747049
GMCSF,PNPLA6,0.280877286175374
GMCSF,CTNNA1,0.279974074358272
GMCSF,VDAC1,0.279938993196997
GMCSF,DDX21,0.279862131562748
GMCSF,PNISR,-0.279625063907737
GMCSF,TRAPPC9,-0.278613229004223
GMCSF,MCOLN1,0.278443064582794
GMCSF,FAM118A,-0.278037334675926
GMCSF,FBXO9,-0.27787717358405
GMCSF,SLC1A4,0.277730678757335
GMCSF,RPRD2,-0.277560387228802
GMCSF,UBAC1,-0.277020630946753
GMCSF,KPNA4,0.276851756780958
GMCSF,TNFRSF12A,0.276709929544031
GMCSF,PAFAH1B1,0.2765711407989
GMCSF,VPS35,-0.275368525321235
GMCSF,ZNF267,0.275176843164501
GMCSF,ISCA1,-0.275010746804396
GMCSF,METTL1,0.27484970377931
GMCSF,POLI,-0.274524665333619
GMCSF,ZNF586,-0.274520272642818
GMCSF,BZW1,0.274383267696936
GMCSF,EIF4EBP2,-0.2742093759337
GMCSF,SF3B1,-0.273640943565522
GMCSF,RNF167,-0.272878314427616
GMCSF,PTPN18,-0.272764802620175
GMCSF,OGFR,-0.272616859667983
GMCSF,ODC1,-0.272116679234542
GMCSF,NPRL2,-0.271928624799289
GMCSF,TTC13,-0.271475601426435
GMCSF,VAMP8,-0.271095873070877
GMCSF,ADI1,-0.270997318415477
GMCSF,BTG3,0.270946687385282
GMCSF,PSMD12,0.270682609975751
GMCSF,UIMC1,-0.270441466819902
GMCSF,ALDH3B1,-0.270337445664834
GMCSF,CCNG1,-0.2701290235675
GMCSF,EHD4,0.270003820206392
GMCSF,SSX2IP,-0.2689661093409
GMCSF,PALLD,0.268615991397593
GMCSF,TM7SF3,-0.268282941625555
GMCSF,PTP4A2,-0.268161689797001
GMCSF,DGKA,-0.267873429482379
GMCSF,APEH,-0.267424459971136
GMCSF,VPS9D1,0.2671420475
GMCSF,TCTN3,0.267082944795355
GMCSF,GOT1,0.265723920915109
GMCSF,ZCWPW1,-0.264969706176112
GMCSF,MIA3,-0.264918084704551
GMCSF,CASP4,0.26467081125
GMCSF,GOLGA1,-0.264429808578567
GMCSF,HMGN2,-0.264246869743353
GMCSF,CHPT1,-0.264239110202348
GMCSF,DDIT3,0.263804313569261
GMCSF,NKTR,-0.263773965694033
GMCSF,CDK5RAP3,-0.263528880977998
GMCSF,NDUFV2,0.263523107578837
GMCSF,GIT2,-0.263170749566691
GMCSF,TCFL5,-0.262730722874999
GMCSF,CHORDC1,0.26262912819575
GMCSF,NCOA4,-0.262228163117615
GMCSF,SLC12A4,-0.262075941078269
GMCSF,ACD,-0.262042279643401
GMCSF,PUS3,0.262013632221659
GMCSF,WDR77,0.261935296151771
GMCSF,XPA,-0.261909413476062
GMCSF,TIA1,-0.261750470424997
GMCSF,KPNA1,0.260655214671899
GMCSF,TNK2,-0.260294097261403
GMCSF,MED25,-0.260269635789568
GMCSF,PKM,0.260121677462679
GMCSF,GSPT1,0.260105296758599
GMCSF,PPP1R10,0.259911444364201
GMCSF,PDPR,-0.259829449373225
GMCSF,FAM98A,0.259703922089825
GMCSF,MYCBP2,-0.259469092746112
GMCSF,ZNF33B,-0.259322667457757
GMCSF,DCAF13,0.259137224160037
GMCSF,DUT,-0.258757971894868
GMCSF,ZFAND1,-0.258699695471794
GMCSF,NCOA2,-0.258509797148981
GMCSF,ARHGEF18,-0.258310070881563
GMCSF,PDP1,-0.258003689998476
GMCSF,RGL2,-0.25799882101809
GMCSF,HK2,0.257635138882805
GMCSF,S100PBP,-0.257549492730607
GMCSF,THAP11,-0.25751313077184
GMCSF,SPRED2,0.257504714453648
GMCSF,NPLOC4,0.257291750765697
GMCSF,MADD,-0.257245464709357
GMCSF,SEC16A,0.257140400637897
GMCSF,SOX4,-0.257050033793234
GMCSF,ABCD4,-0.256627037497265
GMCSF,SLC7A7,-0.256605319457602
GMCSF,TSPYL4,-0.256084439525528
GMCSF,RBM4B,-0.255727383807259
GMCSF,YKT6,0.255552824464342
GMCSF,GUSB,-0.255309424822308
GMCSF,HSDL2,-0.255225535699222
IL1A,NFKBIA,1.94285584282756
IL1A,TNFAIP3,1.14051554
IL1A,MAFF,0.733628995743443
IL1A,NFKB2,0.7288498745
IL1A,IER3,0.457584929999999
IL1A,IRF1,0.457161059499999
IL1A,NAMPT,0.443573081371609
IL1A,EDN1,0.422414223750001
IL1A,HBEGF,0.411569583999999
IL1A,TNFAIP2,0.40643481
IL1A,REL,0.365393787787945
IL1A,RCAN1,0.322186952
IL1A,B2M,0.322016858059322
IL1A,SAT1,0.308512624444681
IL1A,DDX58,0.297993758311432
IL1A,SDC4,0.294303258194034
IL1A,TNIP1,0.284333911564705
IL1A,CD47,0.2810509875
IL1A,SLC11A2,0.27487343125
IL1A,NAP1L3,-0.2695945
IL1A,NFKB1,0.267510205945467
IL1A,SMAP1,-0.2674225
IL1A,MT2A,0.256015859743605
IL1A,TNFRSF10B,0.249906142285415
IL1A,STAT5A,0.242390073294939
IL1A,TAPBP,0.235305792700614
IL1A,DUSP5,0.2344
IL1A,ARL4C,-0.22757978
IL1A,ALAS1,0.2274850265
IL1A,PPP1R15A,0.225027670637144
IL1A,IFNGR1,0.224182985750001
IL1A,G0S2,0.221361010454692
IL1A,TNFAIP8,0.219056923651968
IL1A,TICAM1,0.218037592064719
IL1A,ISG20L2,0.214189790554323
IL1A,EGR1,0.213796524229728
IL1A,NRIP1,0.209392685937176
IL1A,EFHD2,0.206803548456052
IL1A,SERPINB1,0.20496662
IL1A,PNRC1,0.199669618741424
IL1A,PTGS2,0.197727190307557
IL1A,FGD6,0.194601755999213
IL1A,CYFIP2,-0.193115214875
IL1A,IFT74,-0.19201617179042
IL1A,IFNGR2,0.191583836317025
IL1A,TIPARP,0.191068941249633
IL1A,BACH1,0.187754005750001
IL1A,ATP1B1,0.185362675
IL1A,NOCT,0.184710003711222
IL1A,VASH2,-0.184246718786573
IL1A,BTG2,0.1827030095
IL1A,C1S,0.1740974135
IL1A,SERPINE2,0.170708021170048
IL1A,EGR2,0.170184754260195
IL1A,TNFAIP1,0.1654870025
IL1A,PLPP3,0.164733336459758
IL1A,FGFR2,0.164656636197588
IL1A,NR4A2,0.163893
IL1A,OGFRL1,0.1605457035
IL1A,PLAT,0.15835
IL1A,HERPUD1,0.157545
IL1A,CELSR2,-0.156689045249999
IL1A,TNC,0.15662020775
IL1A,SERTAD2,0.155637371999999
IL1A,PTGER4,0.1555422125
IL1A,MCL1,0.15546838175
IL1A,BID,0.155312778375001
IL1A,SAV1,0.1551838545
IL1A,LPXN,0.154692347972123
IL1A,MAN2B1,0.15240806772603
IL1A,XBP1,0.147419366413836
IL1A,MAP9,-0.147319871875
IL1A,LRP8,-0.145078265447955
IL1A,USB1,0.14498871341876
IL1A,SNAPC1,0.141171535
IL1A,GADD45A,0.14102364
IL1A,MTHFD2,0.139477884875
IL1A,ANKLE2,0.139317731071535
IL1A,BIRC2,0.139074878550677
IL1A,TMEM184B,0.138659315000001
IL1A,PARP12,0.138472326749997
IL1A,KLF6,0.138274
IL1A,SQSTM1,0.137954450000001
IL1A,AKR1B1,0.13739583871041
IL1A,MATN3,-0.137087399279
IL1A,RC3H1,0.136594218432559
IL1A,NFKBIB,0.132747800862654
IL1A,KBTBD2,0.132179380000001
IL1A,ALDH3A2,-0.131339229330148
IL1A,CDKN2B,0.13100625
IL1A,FOSL1,0.1295375
IL1A,EHD3,-0.129370096
IL1A,CEBPD,0.128415048007908
IL1A,PTPN12,0.12751311304175
IL1A,KANK2,-0.127064383582063
IL1A,CLN8,-0.1266811755
IL1A,HPS5,-0.125566148
IL1A,ZFP36,0.125433877795852
IL1A,OPN3,-0.125352414
IL1A,EHD1,0.1248545595
IL1A,BTG3,0.1232201265
IL1A,SUSD6,0.122909516201227
IL1A,PAK3,-0.1227199945
IL1A,ARL4A,-0.122381854887164
IL1A,CIR1,0.12188778819969
IL1A,HLA-F,0.12153388272834
IL1A,EPS15,-0.12109875
IL1A,EMP3,0.120852650000001
IL1A,HDAC9,0.120495367465162
IL1A,TMEM165,0.11929121325
IL1A,STK39,-0.1189338395
IL1A,ZC3HAV1,0.11795581
IL1A,ARMC7,-0.117704
IL1A,FAM222B,-0.11705
IL1A,FBXO9,-0.116775877926416
IL1A,PCSK5,-0.11607655775
IL1A,BTN2A2,0.115879556925809
IL1A,PCOLCE,-0.115475528769692
IL1A,MT1X,0.113862000000001
IL1A,PAX8,0.111936139024581
IL1A,FIG4,-0.11135555675
IL1A,FNBP1L,-0.108984445360892
IL1A,BRCC3,-0.108238232107226
IL1A,CCDC88A,-0.108171150993471
IL1A,TACC1,-0.107468574846818
IL1A,SPATA7,-0.107439367771423
IL1A,HLF,-0.107095
IL1A,TXNIP,-0.10642242
IL1A,PPL,-0.104316742416499
IL1A,GAL3ST4,-0.1042
IL1A,RBM4B,-0.104111839446273
IL1A,SLCO3A1,0.102903473375
IL1A,DSE,0.1022024
IL1A,DNAJB9,0.102109283802396
IL1A,KLF10,0.101875583224232
IL1A,GSPT2,-0.101710715531525
IL1A,RGS16,0.1016681005
IL1A,PDSS2,-0.101523949381317
IL1A,UBL4A,-0.101307753208517
IL1A,RAB9A,0.101299500000001
IL1A,RAP1B,0.100907017140888
IL1A,ZNF354A,-0.100803929
IL1A,COL6A2,0.100767944539242
IL1A,THEMIS2,0.100269289249999
IL1A,GDE1,-0.0997686814253593
IL1A,LPCAT4,-0.0995749312031925
IL1A,MSN,0.0993502160000003
IL1A,OSBPL8,-0.0991041949999997
IL1A,ADPRH,-0.099
IL1A,TNK2,-0.0989727709816752
IL1A,ZC4H2,-0.0989416090403332
IL1A,ATP6V0D1,-0.0987997299999996
IL1A,MUC1,0.0987775897535554
IL1A,RNF19B,0.0984552500000002
IL1A,CRIP2,-0.0981016329999997
IL1A,RTN4,-0.0980995533026491
IL1A,NEDD4L,0.0980363083482914
IL1A,GRB10,0.0978199999999999
IL1A,SOX12,-0.0972919227500002
IL1A,QKI,0.0970325
IL1A,C1orf54,0.0964011610525803
IL1A,QPCT,0.0959175807886925
IL1A,LIMK1,-0.0956242959999995
IL1A,NAGK,0.0953963970028262
IL1A,PDLIM5,0.0953660430000005
IL1A,GGCT,-0.0952746625664826
IL1A,OSBPL11,-0.0952147760000006
IL1A,FOXRED2,-0.0951090154073549
IL1A,PDGFA,-0.0950749999999999
IL1A,VEGFA,0.0948621273750012
IL1A,TOPBP1,-0.0941211770000003
IL1A,ZNF623,-0.0940939724999992
IL1A,TMEM50A,0.0940143927720997
IL1A,ZNF395,-0.0935626374999998
IL1A,NT5E,0.0932249952500007
IL1A,IFIT5,0.09317889878937
IL1A,ARMC1,-0.0928662787705079
IL1A,B4GALT1,0.0928251990000012
IL1A,COQ10B,0.092575
IL1A,PIK3R3,0.0923499999999999
IL1A,KANSL1L,-0.0923492719999998
IL1A,KIAA0319L,-0.0922775675093874
IL1A,PDLIM2,-0.0922320192707524
IL1A,SENP7,-0.0922183427836526
IL1A,AQP1,-0.0920945519999991
IL1A,FBXO41,-0.0920563652500003
IL1A,PNRC2,0.0919994999999991
IL1A,MAP3K5,0.0919170226250003
IL1A,ZKSCAN3,-0.0919046059999997
IL1A,ZW10,-0.0918442725000003
IL1A,ADTRP,0.0917544300991601
IL1A,MTSS1,0.09174025
IL1A,C11orf49,-0.0916967941238651
IL1A,CAMSAP1,-0.0914515000000005
IL1A,LBH,-0.0913432041132521
IL1A,PRPH2,-0.0908744439999997
IL1A,PRDM1,0.0908364564999999
IL1A,RALGPS2,-0.0905447983442522
IL1A,ADAM17,0.0903273295000004
IL1A,ATP8A1,-0.0900204555000002
IL1A,HEBP2,-0.0898916740763082
IL1A,NT5DC3,-0.0895302659968424
IL1A,ALDH3B1,-0.089313802607875
IL1A,EXD2,-0.0892897275000006
IL1A,PDE5A,-0.0892011047499999
IL1A,SPATA5L1,0.0891970710000002
IL1A,ABCD3,-0.0887618863605016
IL1A,PKP2,-0.0887029682499997
IL1A,NUDT11,-0.0885807624999995
IL1A,CDKN1A,0.0883960097747902
IL1A,RRAGB,-0.088196416652765
IL1A,HGH1,-0.0880535799999995
IL1A,SAC3D1,-0.0879916999999999
IL1A,ZFAND5,0.0877380850000006
IL1A,TMEM135,-0.0874104875000006
IL1A,LGALS3BP,0.0872075379929553
IL1A,ELK3,0.0866150999999998
IL1A,PKD2,-0.0865451361331751
IL1A,CHMP1B,0.0864844385780448
IL1A,NDST1,-0.0863097073193968
IL1A,CLIC4,0.0861454424972418
IL1A,PSRC1,-0.0860575379737177
IL1A,ASB13,-0.0858873130618904
IL1A,BAIAP2,-0.085730379545251
IL1A,SOBP,-0.0856399755000008
IL1A,CD44,0.0855864446250009
IL1A,MRC2,-0.0854
IL1A,IFI6,0.0851706473647344
IL1A,SNX24,-0.0850363620846549
IL1A,IKZF4,-0.0848558939489019
IL1A,ECE1,0.0847445001867526
IL1A,TMEM260,-0.0839131189999999
IL1A,ZNF185,-0.0837970270000001
IL1A,ATXN10,-0.0835957500000001
IL1A,LRCH1,0.0832218704965724
IL1A,MRAS,-0.0829625513866523
IL1A,ANKRD12,0.0829269507408475
IL1A,BNIP1,0.0826967409999994
IL1A,TRIP10,0.0821523199999996
IL1A,GBP2,0.0820803047846654
IL1A,NFIC,-0.0820719835258247
IL1A,TGFB3,0.0819001499999987
IL1A,HMGCS1,0.0816643599999996
IL1A,EXPH5,-0.081645
IL1A,GCNT1,-0.08158
IL1A,DDIT4,-0.0815725000000004
IL1A,XIAP,0.0813460690000003
IL1A,NNT,-0.0812886412441078
IL1A,SORD,0.0810392649999999
IL1A,ERAP2,0.0810380985601473
IL1A,PIGA,0.0809798962499996
IL1A,ANKMY2,-0.080956530874312
IL1A,LGALSL,0.0807380007499994
IL1A,CTNNB1,0.0805655232902848
IL1A,ALDH7A1,-0.0804346182500004
IL1A,PURA,-0.0803253193399947
IL1A,PLXNA2,-0.0799730055
IL1A,GFM1,-0.0798293124999994
IL1A,NAV2,0.0797767291249993
IL1A,PITPNC1,-0.0797480497500004
IL1A,THBS4,-0.078875
IL1A,PHKG1,-0.078778626
IL1A,RASSF7,-0.078732699500001
IL1A,ENO2,-0.07863697575
IL1A,GALNT2,-0.0785742499999992
IL1A,TGIF1,0.0781204249999995
IL1A,ADGRA2,-0.0780432307500005
IL1A,SERPINB8,0.0778355691414152
IL1A,ATG16L1,-0.0773452481250007
IL1A,RFTN1,0.077199670902567
IL1A,PSIP1,-0.0771793702075541
IL1A,CTDSPL,-0.0771358174999999
IL1A,KDM7A,0.0770953243271148
IL1A,TP53BP2,0.077088459
IL1A,KLHL24,0.0766429434999999
IL1A,SEMA6A,0.076525
IL1A,PHF2,-0.0764698301932325
IL1A,CEBPG,0.0760073400000004
IL1A,NABP1,0.0759229510840449
IL1A,AKAP12,0.0758666278316776
IL1A,UBTF,-0.075722961249999
IL1A,CDCA3,-0.0756568697499998
IL1A,ZNF75D,-0.0756375
IL1A,BICC1,-0.0756117451731685
IL1A,ERO1A,0.0753430000000002
IL1A,TRAF4,0.075164986029845
IL1A,ZNF813,-0.0750947155000004
IL1A,ARMCX6,-0.0750938950000001
IL1A,E2F3,0.0749204031447148
IL1A,LRRC20,-0.0744672499999994
IL1A,APEX2,0.07444191823446
IL1A,DLEU1,-0.0741466537500009
IL1A,ARSD,-0.0740458019999996
IL1A,ZNF184,-0.0740444104648199
IL1A,CENPA,-0.0738492500000004
IL1A,THAP11,-0.0735826889529149
IL1A,HIVEP2,0.0734068474999997
IL1A,SMAGP,-0.0733943621166841
IL1A,ZNF211,-0.0729126602500005
IL1A,GADD45B,0.0727750239051989
IL1A,MYD88,0.0725266282500003
IL1A,IL17RA,-0.0725207255572764
IL1A,PRMT1,0.0722565499999998
IL1A,SLC38A2,0.0721874237644435
IL1A,IFITM3,0.0719590714999998
IL1A,TCF7L2,0.0719074999999999
IL1A,CREB3,0.0715754275
IL1A,PXMP4,-0.0714650405000001
IL1A,ABI2,-0.0710839622499999
IL1A,HABP4,-0.0710374330788599
IL1A,CYB5R3,-0.070784038131423
IL1A,ITGA3,-0.0707380980759544
IL1A,CHKA,-0.0706949948966757
IL1A,SLTM,0.0706434673445052
IL1A,HMMR,-0.0704473599999999
IL1A,KCNQ4,-0.0703454601292542
IL1A,RARB,-0.0701
IL1A,ZNF76,-0.0699579825000001
IL1A,RGS12,-0.0692924999999999
IL1A,CABYR,0.0692739257723167
IL1A,PLA2G4C,-0.069215
IL1A,HNRNPAB,-0.0692119793747254
IL1A,WNK1,-0.0691061974999995
IL1A,BTN3A1,0.0688404191707721
IL1A,MOSPD1,0.0686488135000005
IL1A,ZFP37,-0.0681898042500001
IL1A,LIMA1,0.0681028475000005
IL1A,TCF20,0.0680907635000001
IL1A,JUN,0.06805
IL1A,MAP1B,-0.0678491072540699
IL1A,SHMT2,0.0676851925000006
IL1A,SP4,-0.0675502891731549
IL1A,SLC2A8,-0.0675238604999999
IL1A,PXMP2,-0.0675186375000011
IL1A,SLC2A1,0.067375
IL1A,CSNK1A1,0.0670695292500005
IL1A,GOLGA2,-0.066962109316482
IL1A,MBD5,-0.0669568382499998
IL1A,PBX3,-0.0669248749999997
IL1A,ZNF589,-0.0665936917499992
IL1A,MDM4,0.0665621615334067
IL1A,PANX1,0.066475
IL1A,AFG3L2,-0.0664259814999999
IL1A,PXDC1,0.066150125
IL1A,SLC6A8,-0.0659782427499995
IL1A,MIIP,-0.0657232269699602
IL1A,STK26,-0.0656841329506727
IL1A,DCAF16,-0.0656649385000003
IL1A,GPRC5A,0.065625
IL1A,DNAJB4,-0.0655119045038952
IL1A,STXBP3,0.0654346872136273
IL1A,GPX1,0.0652466986904279
IL1A,ACTN4,-0.0652277538750305
IL1A,ADAM23,-0.0651180768909074
IL1A,C3orf52,0.0649584275712724
IL1A,PREP,-0.0649497299999996
IL1A,STX7,0.0649167567598874
IL1A,MFHAS1,0.0647995000000004
IL1A,MAP2K7,-0.0646584674999992
IL1A,LRP5,-0.0645111955676371
IL1A,FCER1G,-0.0644467874999997
IL1A,SMG9,-0.0643699999999999
IL1A,TNIP2,0.0641939353637766
IL1A,ACVR1B,-0.0641370033806836
IL1A,ZMIZ1,0.064126834125
IL1A,ITGB1BP2,0.0641019590000003
IL1A,ANGPTL2,-0.0640900115000004
IL1A,PRKX,-0.0640634234690875
IL1A,MAZ,-0.0640138334284259
IL1A,SH2B3,0.0638872037499995
IL1A,XPC,-0.0636527980000003
IL1A,RAE1,-0.0636180249999998
IL1A,TPST1,0.0635999999999999
IL1A,FKBPL,-0.0635827670000002
IL1A,FOXO4,0.06335
IL1A,MSANTD2,-0.0633249999999999
IL1A,TSR2,-0.0633028500000002
IL1A,HSDL2,-0.0631761035
IL1A,CDC14A,0.0631704499999998
IL1A,FAM169A,-0.0631430102500009
IL1A,PELI1,0.0631267500000001
IL1A,SASH1,-0.0631037719999998
IL1A,ZBTB44,-0.0627315954125717
IL1A,NMI,0.0626635499999998
IL1A,MVP,0.0625456499999996
IL1A,NRIP3,0.0624979895000006
IL1A,KDM6A,0.0624590000000005
IL1A,MAP1LC3B,0.062424615
IL1A,HERC2,-0.0624215491795429
IL1A,ZNF79,-0.0623476676221021
IL1A,FBXL18,-0.0621283375000009
IL1A,BARD1,-0.0620990151371501
IL1A,TRIM2,-0.0620938176671255
IL1A,LAMA3,0.0619425
IL1A,ARNTL2,0.0618499999999999
IL1A,ITPKB,-0.06182362075
IL1A,TLN2,-0.0616629491774767
IL1A,ANKRD11,0.06155
IL1A,ETAA1,-0.0615496054999989
IL1A,PPP1R26,-0.0614922349999996
IL1A,TAF1A,-0.06145
IL1A,TMEM80,-0.0614150024999999
IL1A,NPRL3,0.0613421037175849
IL1A,VDAC1,-0.0612283455000008
IL1A,SCML1,0.0612249999999999
IL1A,NOTCH3,-0.0609888755000001
IL1A,PHLDA1,0.0608749999999999
IL1A,BBS10,-0.0607481299999997
IL1A,BEX1,-0.0606569749999999
IL1A,FYN,-0.0606443150000011
IL1A,BRF2,-0.06055
IL1A,CERS6,-0.060451554469818
IL1A,PPFIA4,0.0604030468147198
IL1A,ITGB5,-0.0601879213675001
IL1A,IFNAR2,0.0601825
IL1A,ZNF280B,0.0601762499999996
IL1A,EIF4EBP2,-0.0600752891714233
IL1A,ZNF91,-0.0600622646977154
IL1A,KIF1C,-0.0600235187499999
IL1A,WDR6,0.0599912700000002
IL1A,WDR60,-0.0599664860000009
IL1A,PYGB,-0.0599622700000002
IL1A,HDGF,0.0598249999999999
IL1A,ZNF227,-0.05955
IL1A,FYCO1,-0.0595404075000002
IL1A,DEK,-0.0595240400000001
IL1A,MSMO1,0.0595012499999999
IL1A,IKZF2,-0.059499566487565
IL1A,TRIM26,0.0594969775078817
IL1A,NRP1,0.0594407340000011
IL1A,CASP6,-0.0593859999999999
IL1A,RHOT1,-0.0593565519999999
IL1A,MKI67,-0.0593031009999998
IL1A,PIEZO1,0.0592450249999998
IL1A,CITED2,0.0591172526858753
IL1A,DBNDD1,-0.0590898088499825
IL1A,KCNB1,0.0589976769999998
IL1A,PTPN13,-0.0589792136197973
IL1A,LEF1,-0.0588494125000002
IL1A,IGFBP4,-0.0587828083754727
IL1A,CACNB3,-0.058780101249999
IL1A,CDK7,0.0587793004635418
IL1A,ETV1,-0.0585796654167624
IL1A,RIPK2,0.058508790068692
IL1A,CHORDC1,-0.0584147749999998
IL1A,NDUFC1,-0.0583175191431384
IL1A,TRAF3IP2,0.0581125
IL1A,RAB14,-0.05806775
IL1A,MELK,-0.0579900500000005
IL1A,HNRNPA0,-0.057911702536944
IL1A,TSC22D1,0.0578408935000007
IL1A,SRSF8,-0.0576211727499999
IL1A,PREPL,-0.0575425945463357
IL1A,STAT1,0.0574773332499998
IL1A,SIK2,-0.0574016364999996
IL1A,PARP16,-0.0571826454999998
IL1A,SOAT1,0.0571798080633727
IL1A,EHHADH,-0.057120486500001
IL1A,MBTD1,0.0570470609999998
IL1A,PHIP,-0.0570320717240613
IL1A,NDRG1,0.0569582351436502
IL1A,YRDC,0.0569439410642051
IL1A,PPP2R3C,0.0569311774999996
IL1A,DHCR24,-0.0569247655477607
IL1A,ZWINT,-0.0568821000000003
IL1A,ABI1,0.0567678124999998
IL1A,AGTPBP1,-0.05676625
IL1A,ATP6V0E2,-0.0567499999999999
IL1A,C9orf78,-0.0566398552887498
IL1A,OGT,0.0565883595000003
IL1A,PLXDC2,-0.056541617499999
IL1A,CHIC2,0.05648687919245
IL1A,SPTBN1,-0.0563576834870445
IL1A,ZHX3,-0.0561939214294561
IL1A,IRAK4,-0.0561891069999996
IL1A,COG4,-0.0561361256424335
IL1A,JUNB,0.05613375
IL1A,PPIF,0.0560790106785997
IL1A,SMARCE1,-0.0560376899999992
IL1A,TEAD1,-0.0560270972950522
IL1A,LETMD1,-0.05593
IL1A,RYBP,-0.0559147877499999
IL1A,ZNF473,-0.0558347625000001
IL1A,KCTD2,-0.0558295579779017
IL1A,GORASP1,-0.055725
IL1A,FEM1B,0.0557
IL1A,KRT18,-0.0556778212499997
IL1A,UBE2E1,-0.0556318792465719
IL1A,RECQL5,-0.0556192702500002
IL1A,ZMYM3,-0.0555750440000006
IL1A,BDH2,-0.0555399999999999
IL1A,FBXO5,-0.0555
IL1A,ITGA2,0.0553618642499999
IL1A,USF2,-0.0553263750000003
IL1A,ZNF45,-0.0552851927500005
IL1A,GSTO1,0.0552752175000001
IL1A,PYROXD1,0.0552014557500005
IL1A,TNKS,-0.0551559353762023
IL1A,NCOA1,-0.0551076235
IL1A,FAR2,0.0550528710000002
IL21,SOCS3,1.92362475127611
IL21,PIM2,1.08245671023581
IL21,FLOT1,0.987860332867236
IL21,JUNB,0.915252029524363
IL21,GBP2,0.819740384918713
IL21,PIM1,0.775670852205225
IL21,PLSCR1,0.719448724899054
IL21,VWA5A,0.714806263230626
IL21,CEBPD,0.700232397664042
IL21,STAT1,0.635906479235724
IL21,STOM,0.621780981298731
IL21,MCL1,0.594351160100114
IL21,TPST2,0.594081687666825
IL21,KDSR,0.532286345040956
IL21,MVP,0.529040432970554
IL21,SERPINB1,0.524423234895484
IL21,TNFAIP3,-0.476550782949627
IL21,IRF7,0.46262119609335
IL21,TXNIP,-0.445872866589091
IL21,TRAFD1,0.430344832783673
IL21,DPP4,0.429954979240039
IL21,R3HDM4,0.423182617424201
IL21,PTPN1,0.420688082178872
IL21,NARF,0.417269316423651
IL21,TPM4,0.411309761335335
IL21,RAB29,0.411283849183885
IL21,TRIB2,0.405831494623792
IL21,CMAHP,0.405144786877302
IL21,TNIP2,0.405096527799758
IL21,THEMIS2,0.399969092701342
IL21,PFKFB3,0.397948953035482
IL21,XBP1,0.396702975364134
IL21,NOTCH1,0.396244735919589
IL21,SH2B3,-0.391627752743334
IL21,RGS10,-0.384718757576582
IL21,NAB2,-0.380355230374913
IL21,ARL4D,-0.374965986831247
IL21,PRDM1,0.373762781083473
IL21,ATP10D,-0.366045812855575
IL21,TANK,0.364645587674096
IL21,DUSP5,0.349471310700724
IL21,ZNF267,0.343099419282908
IL21,BCAT1,-0.342326580944318
IL21,FOXO1,0.33951507025578
IL21,PDE4D,0.339179918069499
IL21,IFITM3,0.338785368106552
IL21,ANP32B,-0.338479441951406
IL21,CIC,0.332349361974342
IL21,ARID5B,0.326118794154545
IL21,LBH,-0.323497513189205
IL21,KLF10,0.323233264379959
IL21,REL,-0.323071340917404
IL21,HK1,0.322042290811975
IL21,STK10,-0.320951566148508
IL21,CSTF2T,0.320351148058117
IL21,JUN,0.318229731150688
IL21,ITPKB,-0.317761062233967
IL21,CIB1,0.317307267330158
IL21,RASSF2,-0.316738011831668
IL21,DGKD,-0.31665804567195
IL21,ZNF74,-0.313528691649519
IL21,DLGAP5,0.311350346133892
IL21,TBC1D15,0.309443661325776
IL21,RAB8B,-0.308991149682186
IL21,FAM89B,0.308572352777418
IL21,FAM118A,-0.308477446709058
IL21,AHR,0.304550764145538
IL21,ANXA5,-0.304474720925062
IL21,SP4,-0.304221478197167
IL21,IRF1,0.304062566861737
IL21,PLCG1,-0.298629082627775
IL21,YBX3,0.29490761870994
IL21,NR3C1,-0.293168563638392
IL21,CNP,0.29144542733412
IL21,PRKX,0.290780877160328
IL21,TOX,0.290691932170958
IL21,DDIT3,-0.284359850721629
IL21,ZNF589,-0.28380032237148
IL21,NPTX1,-0.283466372437192
IL21,TNFRSF12A,0.282791266185456
IL21,DNMT3A,-0.282664044608104
IL21,SERTAD2,-0.2815958415
IL21,KCTD17,0.280904991147951
IL21,CANT1,0.2804965973331
IL21,SERPINI1,-0.279104600215212
IL21,PUS3,0.277682371050803
IL21,FOXN3,-0.277319947674182
IL21,TCF7,-0.276972516902393
IL21,CHST11,0.276605988345142
IL21,PAFAH1B3,0.27643347777385
IL21,HIVEP2,0.276328184795824
IL21,HSPB1,-0.276067615350595
IL21,C12orf4,0.274617096025402
IL21,RAB27A,0.274273368382193
IL21,THOC6,0.271917108259662
IL21,ZNF787,0.271802636130811
IL21,CKS1B,0.269355792023292
IL21,MT1F,0.269025108268212
IL21,PSAT1,-0.268640817653559
IL21,RAB30,-0.266006441027941
IL21,ITGAE,0.265341057218124
IL21,CXCR4,-0.265128352771708
IL21,GALK1,0.263913913592602
IL21,CDKN1A,0.263613949747104
IL21,PSMB8,0.262982399910481
IL21,SAT1,0.262913853641533
IL21,DUSP10,-0.262195413746098
IL21,HIVEP1,0.261730303445275
IL21,GABPB1,0.261247120437741
IL21,TAF4B,0.260015671445226
IL21,VPS54,0.257733878070432
IL21,WDR59,0.255370319214233
IL21,MOB1A,0.251196982665983
IL21,COQ2,-0.247894507264542
IL21,CHSY1,0.245740631028216
IL21,MIIP,0.243648282541931
IL21,VAV2,-0.242128781143411
IL21,B9D2,0.242019445653584
IL21,ARHGEF6,0.241061524753302
IL21,ATP6V0B,0.240542831048793
IL21,VWA8,-0.240503964767241
IL21,GNAZ,-0.238045793521094
IL21,TIMP1,0.237852844669103
IL21,HERC1,-0.23766557823018
IL21,CDC16,-0.23636414605984
IL21,INPP5F,-0.236070982657287
IL21,MICAL1,-0.236006775875206
IL21,TRAF4,-0.235368804832063
IL21,KBTBD4,0.234281248863043
IL21,AQP3,0.234003293750876
IL21,GRK6,0.233140802257253
IL21,ZNF395,0.232560596596055
IL21,EMC6,0.232232932591988
IL21,CD320,0.232088093675969
IL21,CREB3L2,-0.231881772965211
IL21,TNIP1,-0.231760927884121
IL21,LRRFIP1,-0.230755077737349
IL21,RXRA,-0.229893955382649
IL21,ATOX1,-0.227492213571672
IL21,ABHD6,-0.227469450679716
IL21,MED16,0.227138938038815
IL21,PSMB10,0.226971867416096
IL21,RCAN3,-0.226660866679955
IL21,GALNT11,-0.226056886408894
IL21,DDAH2,0.226025853693905
IL21,HDAC4,0.225786846005121
IL21,PER2,-0.225432772253761
IL21,NMT2,-0.225207911497346
IL21,CDC14A,-0.22485306991638
IL21,TGFBR1,-0.224726493703628
IL21,CD82,-0.224684424077732
IL21,RAD51AP1,0.224066277931529
IL21,GSTM1,0.223250432975667
IL21,FAM53B,-0.223187875648312
IL21,CTSD,0.222876597815544
IL21,IFNGR1,0.222805230489168
IL21,PLIN3,0.222600700504465
IL21,SLC9A1,-0.221204786790373
IL21,MBTD1,-0.220849537478788
IL21,SLC25A15,0.220643681240079
IL21,AHNAK,-0.220407614779174
IL21,DERL1,0.219666135966472
IL21,DYRK4,0.2188115625
IL21,ZWILCH,0.218603085528943
IL21,HNRNPF,0.218580365587549
IL21,CDKN2C,-0.218473999259795
IL21,KDM3A,-0.217827860174973
IL21,MTMR4,-0.217657567558211
IL21,PDGFRB,0.2165030017934
IL21,YIPF1,0.216205730079731
IL21,ZSCAN2,-0.215515986696835
IL21,RAC2,0.215487040030697
IL21,UBTF,-0.213552351372118
IL21,CARD8,-0.213500505659135
IL21,ZC3H7A,-0.212835994765655
IL21,PSEN2,0.212699330879142
IL21,ASF1A,-0.211527484488137
IL21,MYH10,-0.211435235291979
IL21,PSME4,-0.211219493593832
IL21,RASA3,0.21088460962285
IL21,SLC35F2,-0.210850380964732
IL21,PAIP1,0.209984907039685
IL21,ALCAM,-0.208703881268832
IL21,RAB11FIP5,0.208262962749983
IL21,SEC61G,0.207636648858501
IL21,TXLNA,0.206497775459169
IL21,RYBP,0.205463771658332
IL21,SSH1,-0.204443278408799
IL21,THBS1,-0.20406564703107
IL21,IQCB1,-0.203703679896879
IL21,CAPNS1,0.20342409358019
IL21,BIN1,-0.203308522530001
IL21,TNFRSF10B,-0.202970002164273
IL21,SPCS3,0.202963170555663
IL21,LDLRAP1,-0.202734827776164
IL21,ATP11B,-0.202181163653895
IL21,FOXO3,-0.2018831535
IL21,RPS17,0.201313840163028
IL21,SMNDC1,-0.200962890140389
IL21,AKAP11,-0.200245055629061
IL21,FNBP1,-0.19915165293999
IL21,C1RL,0.199037405334152
IL21,CLOCK,-0.19841493810053
IL21,GLA,0.198340373401047
IL21,KDELR2,0.198026668783087
IL21,ANGEL1,-0.198024202730464
IL21,GGA2,-0.198023207183462
IL21,SMIM14,-0.197923908375643
IL21,PLEC,-0.197364807775896
IL21,TMEM123,0.196945898280374
IL21,TTC1,0.196833740890592
IL21,MT1X,0.19670811720247
IL21,BCAR3,-0.19650468412485
IL21,ERO1A,0.196151953813289
IL21,ZNHIT1,0.195925519972542
IL21,S100A10,0.195770528817706
IL21,KLF12,-0.19564495709972
IL21,NDUFC1,0.195638652426208
IL21,BIRC2,0.195593900638317
IL21,PRPS1,0.195499429672239
IL21,LINS1,0.194947066619582
IL21,STK3,0.194902937224911
IL21,PLXNC1,-0.194881520517598
IL21,ELOVL5,0.194719459072403
IL21,NDUFA7,0.194696921744287
IL21,GAS6,0.193963914905072
IL21,CLIC4,-0.192809861837258
IL21,RRAS,0.192631215062254
IL21,CDKL1,-0.19225755773862
IL21,IKZF2,-0.192208076547418
IL21,SLC25A12,0.191934892911727
IL21,AURKAIP1,0.191328594387767
IL21,YPEL1,-0.190990531561205
IL21,ARSB,0.190594741012026
IL21,BTN2A2,-0.189660767430604
IL21,MAP3K1,-0.189146474592346
IL21,ACAA2,0.189022105748379
IL21,C11orf24,0.18900233764382
IL21,ASAP1,-0.188992268354963
IL21,FAF1,-0.188929638118888
IL21,TMEM258,0.188530530899029
IL21,WDR48,-0.188449770019244
IL21,KDM7A,-0.188146631116128
IL21,RGS19,0.187977488499999
IL21,RGS2,-0.187874170089578
IL21,ATXN10,-0.187778394574118
IL21,RAPGEF6,0.187625956817081
IL21,ZFP36L1,-0.187387449401002
IL21,VASH1,-0.187247233653887
IL21,SMURF2,-0.187008545788636
IL21,EIF1B,0.186805461266996
IL21,RBCK1,0.186647234394009
IL21,SPTAN1,-0.18535252692874
IL21,PGK1,0.185231041525459
IL21,PRR14,0.185164954721221
IL21,NFKB1,-0.185042624944632
IL21,ENO2,-0.1849205765
IL21,YAF2,-0.184552786091752
IL21,PRDX4,0.184403062935079
IL21,SRM,-0.183765274461283
IL21,RPL26L1,0.183688644678782
IL21,REEP5,-0.183673512419357
IL21,NDUFA1,0.183432243801751
IL21,TRIM32,-0.183021217935476
IL21,TUBB6,0.182967382159625
IL21,CCT7,0.182683257222907
IL21,CETN3,-0.182451043900037
IL21,MAPK1IP1L,0.182121155560637
IL21,EGR1,-0.181874893527982
IL21,ADAM19,0.181858566921364
IL21,DAG1,-0.180733483234857
IL21,TRPC4AP,0.180524506130987
IL21,CHD3,-0.179802521576406
IL21,RELA,0.179542864052123
IL21,RBPJ,-0.179522144633167
IL21,TOB1,-0.179036378907352
IL21,FSCN1,-0.178964124504203
IL21,ZFC3H1,-0.178634037676917
IL21,METTL7A,-0.178492462455596
IL21,RMI1,-0.178455530687591
IL21,NAGK,-0.178069472012854
IL21,CUL4A,-0.177511344
IL21,DNM2,0.177282289447075
IL21,TARBP2,0.176970327999999
IL21,ATXN2,-0.17665910485423
IL21,NDUFV2,0.176613599453914
IL21,RABAC1,0.17653901326876
IL21,PHF20,-0.176411605894745
IL21,MAZ,-0.176396928976192
IL21,CAPN7,-0.176089726288004
IL21,WDYHV1,0.175721230154446
IL21,CDK5R1,-0.175713930040456
IL21,BRD3,-0.175567190922406
IL21,NFAT5,-0.175184500774755
IL21,CDKN1B,-0.175182436643047
IL21,POLH,-0.174798853297341
IL21,TRIM33,-0.17465123489883
IL21,NET1,0.174526844196853
IL21,PGS1,0.174464989481426
IL21,PAK2,-0.17428900425128
IL21,FYCO1,0.174146315436782
IL21,CCDC93,-0.173963422754904
IL21,MAGEF1,0.173763369708715
IL21,ZC2HC1A,-0.173555115326771
IL21,HDAC11,-0.173248286339527
IL21,AP2S1,0.173219863571513
IL21,HCFC1R1,0.173098146605042
IL21,TMX1,-0.173015792244658
IL21,SRRM1,-0.172995668324444
IL21,FAM120A,-0.17295671995669
IL21,QPRT,-0.172942201850058
IL21,PDZD8,-0.172901786217504
IL21,XPA,-0.171833185824001
IL21,NCOA6,-0.17138008473847
IL21,SNRPB,0.171334068689338
IL21,DHCR24,-0.171307573674545
IL21,LSM2,0.17118871
IL21,SFXN3,-0.171160034504896
IL21,ANKRD36B,-0.170936516556634
IL21,METTL18,0.170525218221812
IL21,RFXAP,-0.17027719551587
IL21,ADARB1,-0.170188457550569
IL21,COLGALT1,-0.170179355330004
IL21,ACP2,0.169595156834522
IL21,UGP2,0.169582533910011
IL21,GNE,0.169508022291564
IL21,EDEM1,-0.169324808392281
IL21,RTN4,0.169252840494926
IL21,AKAP12,-0.168981619105871
IL21,PDSS1,-0.168811978793295
IL21,NSMAF,-0.168536296117923
IL21,POLRMT,-0.168501397642976
IL21,E2F3,-0.168497953410306
IL21,JARID2,-0.168451910251985
IL21,SUMO1,0.168161389758847
IL21,NAMPT,0.168112736659419
IL21,CKS2,0.168061455129723
IL21,TAPBPL,0.167871541751401
IL21,BAK1,0.16785720003804
IL21,CCT5,0.167517063844423
IL21,TARDBP,-0.16736275144844
IL21,TRMT13,-0.167264822139954
IL21,INTS7,-0.167214816240056
IL21,SEC61A2,-0.166858055664919
IL21,RNF138,0.166730662502113
IL21,EPS15L1,-0.166450644900575
IL21,DERA,0.166369871754158
IL21,GDI2,0.166135283517785
IL21,RB1CC1,0.166024896169719
IL21,CNPY3,-0.16528328130033
IL21,ASCC1,0.165258395305019
IL21,MAN2B1,-0.1651729594594
IL21,COX7A2,0.165006410477337
IL21,TXNDC15,0.164868488429124
IL21,ORC5,-0.164844759353307
IL21,CBL,-0.164822434575336
IL21,PTS,0.164686403235863
IL21,GPX3,-0.16463603125118
IL21,ZNF248,-0.1646015652362
IL21,HELZ,-0.164541910431017
IL21,RAP2B,-0.164395579472583
IL21,AKT2,0.16428900168074
IL21,EMC2,0.16388562323881
IL21,PARP8,-0.163834470425512
IL21,MBOAT7,0.16381911435566
IL21,TMED1,0.163810953808635
IL21,SUSD6,0.163741217832631
IL21,TMEM53,-0.163263138820519
IL21,YES1,-0.163223285595753
IL21,PEAK1,-0.162549180070795
IL21,ATP8A1,-0.162517853496697
IL21,MFHAS1,0.162455211078977
IL21,TMEM39B,-0.16244069982458
IL21,SKP2,-0.162151422925781
IL21,RNMT,-0.162096603263836
IL21,PDLIM7,-0.162073618624901
IL21,NAGLU,-0.162060202905664
IL21,PELP1,-0.161861665168283
IL21,ADK,-0.161774123731945
IL21,ATP6V1A,-0.16164093402113
IL21,MPP6,-0.161257158248811
IL21,LAPTM4B,-0.161244490198336
IL21,TBC1D31,0.161148618366134
IL21,CREBBP,-0.160401043756037
IL21,CD99,-0.16019811635701
IL21,COA4,0.159577620803536
IL21,SEMA4C,-0.159546977681917
IL21,POLR2I,0.159515236908327
IL21,EPB41,-0.159452465779908
IL21,SNRNP27,0.159048095808745
IL21,MCMBP,0.158990234367935
IL21,AP5S1,0.158290982283129
IL21,TRIP10,0.158172492189789
IL21,CLASRP,0.1576296905
IL21,C1QBP,0.157625160076568
IL21,NUP153,-0.157596977952531
IL21,CD59,-0.157368461988238
IL21,SPATS2L,0.15714719251235
IL21,PSMC3,0.157018784010394
IL21,LPCAT3,0.156834646690267
IL21,UGDH,-0.15546425963833
IL21,CD44,-0.1554408567792
IL21,PLCD1,-0.155308324482819
IL21,ENO1,0.155142985540684
IL21,UBL3,-0.155088038523512
IL21,PRDX2,0.154861391573214
IL21,RALB,0.154766909386889
IL21,LRRC8D,-0.154633587074098
IL21,TTC27,-0.154207890272184
IL21,SDC4,-0.154181130803012
IL21,ATP1B3,-0.154097583549895
IL21,ZMYND8,-0.154064949136141
IL21,TFB1M,-0.154048442839996
IL21,SYTL2,0.153889833741294
IL21,ANKH,-0.153755295282462
IL21,MAP3K5,0.153754815811297
IL21,TRAK1,-0.153592450451081
IL21,ORAI2,-0.153588106559747
IL21,COX5B,0.152936175202425
IL21,LRP10,0.152746665025965
IL21,FBXO41,-0.152696822313825
IL21,INPP4A,-0.152367951635561
IL21,RPS6KA4,0.15226960061514
IL21,MSL3,0.152111543721535
IL21,THAP11,0.15196263
IL21,SCRN3,-0.151878661380471
IL21,TTLL1,-0.151857958480737
IL21,MANF,0.151412004850535
IL21,MYCBP2,-0.151365809913547
IL21,DDX17,-0.151348259895675
IL21,GID4,-0.15089922411498
IL21,DCTN3,0.150857596865959
IL21,LUC7L,-0.150779159935681
IL21,ZNF33B,-0.150745111373007
IL21,SETD6,-0.150732814485317
IL21,PPP1R12B,-0.15065271853013
IL21,ARID1A,-0.150570841858901
IL21,SLC38A1,-0.150567340299209
IL21,DDIT4,0.150457936086643
IL21,EIF4EBP1,-0.15044549653245
IL21,TAF1B,0.150301312738054
IL21,MRPL20,0.150196357032617
IL21,TM9SF2,0.15008998783678
IL21,DNMT1,-0.149859483554211
IL21,ABAT,-0.149614240236725
IL21,NDUFB11,0.149507845179783
IL21,B4GALT2,-0.14938524423168
IL21,SELPLG,0.149250589298766
IL21,ARF6,0.149072620909545
IL21,GINS2,-0.149068638589765
IL21,COQ3,0.148969296493767
IL21,PRR11,0.1489253029505
IL21,TMEM186,-0.148670012139701
IL21,GSK3B,-0.148608037866421
IL21,SMUG1,0.148519421568871
IL21,IL6ST,0.148451060665247
IL21,FAM102A,-0.148373631420483
IL21,TMEM50A,0.148282759137953
IL21,RPS6KB1,0.148125258932049
IL21,ALAS1,-0.148014800951728
IL21,TMEM208,0.147992423454926
IL21,KANSL1L,-0.147593363306112
IL21,AKT3,-0.147587186903043
IL21,CSNK1D,0.147450969669331
IL21,WWC3,0.147276168536574
IL21,PRDX3,0.147112740735879
IL21,CRIP2,-0.146729685463361
IL21,PRPF8,-0.146607337407725
IL21,DAP,-0.146416453894617
IL21,CEP350,-0.14637253613952
IL21,PLEKHA2,-0.14620112904085
IL21,MT2A,0.146177358550744
IL21,FARSA,0.146097525076355
IL21,MRPL28,0.146047480038972
IL21,NUDT15,-0.145753834640308
IL21,HIGD1A,0.145393054768793
IL21,MKNK2,-0.145354098091691
IL21,SMARCC2,-0.145325941290882
IL21,CAPZA2,0.144940206627234
IL21,APEX1,-0.144873848832738
IL21,ENO3,-0.144863439263307
IL21,FLCN,-0.144735423869602
IL21,ZNF217,-0.144657278354239
IL21,CRLF1,-0.144654252698269
IL21,PARP6,-0.144649824232351
IL21,DSTN,0.144467277197578
IL21,MRPS2,-0.144285997777094
IL21,MRPL41,0.144186793681147
IL21,HAT1,0.144066329015336
IL21,RBX1,0.144001674633735
IL21,EHD4,-0.143850304222075
IL21,DOCK5,-0.143823276868647
IL21,FECH,-0.143798593851771
IL21,AVPI1,-0.143629666279852
IL21,FKBP1B,0.143484791567974
IL21,TOPORS,-0.143477624674745
IL21,ATP2A1,-0.143461504723957
IL21,LSS,-0.142995170491054
IL21,MAP3K7CL,-0.142989047639127
IL21,SETD2,-0.142899485731588
FGF2,PHLDA1,1.92242710285005
FGF2,DUSP5,1.87356184289247
FGF2,DUSP4,1.68698424199871
FGF2,PTGS2,1.1583675007033
FGF2,MAFF,1.08602118553824
FGF2,PTGER2,1.0198676571959
FGF2,DDIT4,0.997649414301698
FGF2,SDC4,0.947339804087694
FGF2,AQP3,0.88364571573996
FGF2,PPP1R15A,0.872543905384567
FGF2,PHLDA2,0.856780284209922
FGF2,SMC2,-0.840173843429762
FGF2,ZFP36,0.826692233758257
FGF2,NRP1,0.822780000416107
FGF2,ZYX,0.818731514827896
FGF2,LZTS1,-0.817879520045759
FGF2,EPAS1,0.806988910843189
FGF2,GEM,0.799619013675418
FGF2,CDKN1A,0.777432652474668
FGF2,CRIP2,-0.768840456804167
FGF2,KCTD12,0.760447675708555
FGF2,VWA5A,0.728634769868834
FGF2,S100A6,0.721871030534704
FGF2,IER3,0.704877416186488
FGF2,EFNA4,-0.695304696943719
FGF2,TNS1,-0.685156287375577
FGF2,LMO7,-0.682760766780459
FGF2,CEP55,-0.681890195097881
FGF2,DAPK1,-0.679972273666862
FGF2,ID3,-0.677173429653196
FGF2,FOSL1,0.671703911148907
FGF2,PDE5A,-0.670910308363681
FGF2,KIF23,-0.663299204085312
FGF2,NCAPG,-0.656284934507781
FGF2,DDIT3,0.646312889555443
FGF2,G0S2,-0.634951014497235
FGF2,MAF,-0.626810292898404
FGF2,SKP2,-0.626398812020341
FGF2,MTMR11,0.625908426984793
FGF2,DUSP1,0.623760703231235
FGF2,SMTN,-0.620104511565757
FGF2,GSN,0.619518788048649
FGF2,CCNA2,-0.614951841046189
FGF2,SQSTM1,0.611895697297615
FGF2,SOWAHC,0.611492118243858
FGF2,GADD45B,0.610164677628389
FGF2,SPDL1,-0.608948327519257
FGF2,TPX2,-0.606408036628279
FGF2,NDC80,-0.600994026039974
FGF2,THBS3,-0.596993235631166
FGF2,CDK6,0.596889808880493
FGF2,MYLIP,0.596735950956614
FGF2,ARHGDIB,0.594899083973868
FGF2,NQO1,0.594862315767727
FGF2,DIAPH3,-0.590196408559188
FGF2,PPFIA4,-0.590004793868234
FGF2,MAP3K5,0.573468739797368
FGF2,CBX4,0.572118403734271
FGF2,IGFBP6,0.568131498863025
FGF2,SMAD9,-0.567693265906849
FGF2,MCM6,-0.557617587843909
FGF2,ZWINT,-0.556408818162391
FGF2,CHAC1,0.548389217238045
FGF2,PRSS23,0.54293191636436
FGF2,CITED2,0.542526272129244
FGF2,PLTP,0.541048983312946
FGF2,RAD51AP1,-0.539909538576942
FGF2,SACS,-0.537608692787368
FGF2,B3GALNT1,0.535230606421625
FGF2,GMNN,-0.535097636278169
FGF2,TGIF1,0.526305299491253
FGF2,TGFBR2,0.524881023565739
FGF2,BEX1,0.523355666687319
FGF2,MKI67,-0.522617420053696
FGF2,PRC1,-0.520481439921931
FGF2,MEGF9,0.519780638723196
FGF2,PITPNC1,0.518440032850573
FGF2,RCN3,-0.518305302024382
FGF2,SLC29A1,-0.515338080016051
FGF2,GPC1,-0.513926847487814
FGF2,RMI1,-0.512631723641544
FGF2,SPAG5,-0.509177011582169
FGF2,SLC3A2,0.50809502091037
FGF2,IGFBP4,-0.505458855354854
FGF2,UGDH,0.505191360478396
FGF2,HMMR,-0.503541142801022
FGF2,TBL1X,0.499919393856635
FGF2,DNMT1,-0.494632309360884
FGF2,CDC42EP4,-0.494074294312487
FGF2,CAPG,0.493851205752075
FGF2,KIF18B,-0.491387648956842
FGF2,DNAJC12,0.485739197159269
FGF2,KLF6,0.482289869860195
FGF2,SLC35G2,0.480411202398505
FGF2,IRS2,0.480131337589596
FGF2,CDK14,-0.479080940724864
FGF2,FSTL3,-0.478226767839244
FGF2,CRYZ,0.47777441576762
FGF2,TMOD1,0.477533126395636
FGF2,BARD1,-0.476175861410136
FGF2,F2R,0.471016391479245
FGF2,RAD54L,-0.47096317165326
FGF2,KDM7A,0.470296907306558
FGF2,ABAT,-0.469621724398432
FGF2,MELK,-0.469454896433031
FGF2,JUN,0.468641104304161
FGF2,EGR3,0.465336793766726
FGF2,MID1IP1,0.464826342773887
FGF2,PIM1,0.46406632395299
FGF2,CDKN3,-0.463769493568385
FGF2,GNAZ,-0.463690512340082
FGF2,CLIP4,0.462685507331248
FGF2,MCM3,-0.461119083111378
FGF2,CDC20,-0.46053845306257
FGF2,KPNA2,-0.460425862728118
FGF2,PPL,0.458023459660381
FGF2,HOMER1,0.45597830961238
FGF2,PXMP4,-0.4552946719689
FGF2,TRIB3,0.454413738824842
FGF2,CCNE2,-0.45395132905647
FGF2,AP3M2,-0.453724112686193
FGF2,PELI2,0.452766549534867
FGF2,FKBP2,0.450874163597898
FGF2,AKR1C3,0.450676760120286
FGF2,SERPINB8,0.44705969116469
FGF2,IGF1R,-0.445218071026744
FGF2,ERLIN1,0.445180427447408
FGF2,EGR1,0.443550680393988
FGF2,KRT18,0.441995067644005
FGF2,EHD1,-0.441483524519324
FGF2,CBX1,-0.437604707161727
FGF2,SLC7A11,0.435265115797761
FGF2,TFDP2,-0.435095718019069
FGF2,CNPY4,-0.431611070279006
FGF2,CDCA4,-0.431315808498409
FGF2,LRRC20,-0.430138579365874
FGF2,CDK2,-0.427739107347036
FGF2,PLXDC2,-0.42773225107628
FGF2,MYL12A,0.427295878875481
FGF2,CHEK2,-0.426380951264051
FGF2,COQ10B,0.424968489446726
FGF2,PDCD5,-0.424741864723639
FGF2,CHIC2,-0.424271988990656
FGF2,SLC50A1,0.42372233939068
FGF2,TUBB6,-0.422727455508026
FGF2,FAM110B,-0.421796519905775
FGF2,TNFSF4,0.421768867490425
FGF2,PRPS2,-0.417901874216587
FGF2,IER5,-0.416229256643225
FGF2,ELK3,0.416016626719109
FGF2,AKAP13,-0.415583362839146
FGF2,DIXDC1,-0.412503230425408
FGF2,GGH,-0.411763901697587
FGF2,CHD7,-0.410513055006726
FGF2,SAC3D1,-0.407219421961595
FGF2,ALDOC,0.406769341625735
FGF2,CENPA,-0.405931081789674
FGF2,BTN3A1,0.405330929792035
FGF2,S100A2,0.404454750607233
FGF2,YRDC,0.404411253180863
FGF2,LPIN1,0.403928193955887
FGF2,YWHAH,-0.403680442642538
FGF2,KIF14,-0.403205714207304
FGF2,LRP8,0.401847895141587
FGF2,KNTC1,-0.401062844058053
FGF2,B3GALT2,0.398471338656131
FGF2,GINS1,-0.396765010689221
FGF2,STMN1,-0.396206620531629
FGF2,ARL4C,0.394614722152414
FGF2,RAP2B,-0.394125640364774
FGF2,IDH2,-0.390719417584373
FGF2,RAB30,0.390085046365687
FGF2,PLXNA2,0.389947528928049
FGF2,C1GALT1,0.387300751263383
FGF2,ACP6,0.386968075695226
FGF2,GINS3,-0.386444039925061
FGF2,PLEKHA2,0.386076123273898
FGF2,NOL3,0.383418184631789
FGF2,ORC6,-0.382933997280443
FGF2,POLD4,0.382814106200872
FGF2,ATP10D,-0.38270533512336
FGF2,GYG1,0.380340931281177
FGF2,OGFRL1,-0.379284098924593
FGF2,MYH10,-0.37895869535782
FGF2,GRK6,-0.378632082986681
FGF2,CSTB,0.377177911605532
FGF2,RAN,-0.376629043381751
FGF2,ENPP1,0.375724686713307
FGF2,CCNB1,-0.375360056559873
FGF2,NT5E,-0.375149525604901
FGF2,GINS2,-0.372779657790899
FGF2,SMC3,-0.370807563009823
FGF2,SLC7A7,-0.369840464434405
FGF2,HNRNPAB,-0.369673380310007
FGF2,DOCK4,0.369371551757137
FGF2,PROCR,0.366100372905932
FGF2,UAP1,-0.366025938485395
FGF2,MGST2,0.36479569224138
FGF2,ENC1,0.364068998929632
FGF2,PRKCA,0.363551234341538
FGF2,RRM1,-0.362983139109302
FGF2,PRKD3,-0.361857285334176
FGF2,POLH,-0.36116679320761
FGF2,ACTN4,-0.360478824753538
FGF2,MCM4,-0.359897370276385
FGF2,ARMCX3,0.35984965382424
FGF2,TXNIP,-0.358154908669055
FGF2,PSMB10,0.35791864087669
FGF2,TUBB2A,0.357711564131039
FGF2,SOBP,0.357520661994915
FGF2,RPA1,-0.357067437203431
FGF2,PSMB8,0.355871155240236
FGF2,FRY,0.355869913559615
FGF2,TUBB4B,-0.355681782953368
FGF2,ODC1,-0.355237862578968
FGF2,PLXNA1,-0.354923890841055
FGF2,HIVEP2,0.352557369297413
FGF2,RAB23,-0.352273826572772
FGF2,IL6ST,0.350301397406958
FGF2,GALE,0.350231994253359
FGF2,TRAM2,0.349602984313805
FGF2,BIN1,0.348707368106473
FGF2,GCNT1,-0.347739793084229
FGF2,PSRC1,-0.347667108029518
FGF2,ZHX3,-0.347067706368353
FGF2,PRPS1,-0.346878836888398
FGF2,UGCG,0.345511344383688
FGF2,YPEL1,-0.344998282850561
FGF2,EEF2,0.344526710597435
FGF2,MCM7,-0.344329209679438
FGF2,LIMA1,-0.344081332767484
FGF2,CLCN3,0.343861550927958
FGF2,CDKN2C,-0.343681068399786
FGF2,DCLRE1B,-0.343588036510293
FGF2,BICC1,-0.343521029308595
FGF2,TK1,-0.341477815514609
FGF2,NUSAP1,-0.340702126187537
FGF2,SLC1A5,0.340086422281272
FGF2,SLC12A6,-0.339615918666885
FGF2,STK17B,0.339590185385911
FGF2,MIPEP,-0.339160851628608
FGF2,SLC35D2,0.338949780924017
FGF2,SSX2IP,-0.338925265189183
FGF2,DEK,-0.338435573923585
FGF2,HELLS,-0.338025507899783
FGF2,CENPO,-0.337473625607615
FGF2,NAV2,0.337388413744858
FGF2,AUNIP,-0.331540365343594
FGF2,UNG,-0.331533550819313
FGF2,SNX5,-0.330961377194548
FGF2,MGAT5,-0.330622372445426
FGF2,GGCT,-0.330117181220181
FGF2,SLC25A6,0.330055785842612
FGF2,SLC1A4,0.329621617343784
FGF2,VASH2,-0.329537991807136
FGF2,CDC7,-0.329358664441563
FGF2,RNF126,-0.329268323248752
FGF2,AHR,0.329079426904882
FGF2,CDCA3,-0.328908321196408
FGF2,WDR45,0.327484504986951
FGF2,TBC1D4,-0.327395549895084
FGF2,FGD6,-0.327200776164353
FGF2,EZR,0.3269103676536
FGF2,ROGDI,-0.32573957432057
FGF2,TOP2A,-0.325096124957331
FGF2,C2orf68,-0.324495231527993
FGF2,BCL7A,-0.324374622827723
FGF2,RGS12,-0.323834058985832
FGF2,LFNG,-0.323753992549053
FGF2,DBR1,-0.321626073590755
FGF2,NCAM1,-0.321325265436964
FGF2,MED25,-0.320799673692537
FGF2,MTERF3,-0.320758537235888
FGF2,GPR161,-0.320223716671025
FGF2,CDKN2B,0.319999313975235
FGF2,ECH1,0.318568171348625
FGF2,CCNF,-0.318194486666274
FGF2,UBR7,-0.31776966992358
FGF2,ACTL6A,-0.317531694877944
FGF2,SMC1A,-0.31750110815087
FGF2,PCYOX1L,-0.317272656378721
FGF2,ETS1,-0.317245155086223
FGF2,PLK4,-0.316991814501893
FGF2,EIF2AK3,0.31698826568033
FGF2,MAP1LC3B,0.314871676668919
FGF2,HBEGF,0.314851526716061
FGF2,COL18A1,-0.314712720496759
FGF2,INSIG1,0.313615069388524
FGF2,SLC20A2,0.312776487327415
FGF2,DHFR,-0.312093466188282
FGF2,GSTP1,0.311276023169623
FGF2,ECI1,-0.310565320896704
FGF2,PIK3R3,-0.309205902199848
FGF2,IGBP1,0.309146478793642
FGF2,NUP155,-0.309040866192048
FGF2,POU2F1,-0.308785725484001
FGF2,RGS16,0.308147853762974
FGF2,AFAP1,-0.307647760425732
FGF2,TAGLN,-0.307489566987439
FGF2,FAM3C,0.305689141448921
FGF2,GOLPH3L,0.305185671339071
FGF2,SNX24,-0.304595258480999
FGF2,COLGALT1,-0.304329979456189
FGF2,STK26,0.304019750220847
FGF2,SSH1,-0.303917756686996
FGF2,NET1,-0.303565734073444
FGF2,MPV17,0.303396589744682
FGF2,LRP10,0.303004389948954
FGF2,SERPINI1,0.302483334339074
FGF2,MPP6,-0.302325126771085
FGF2,ERF,0.302188175219545
FGF2,MSRB1,-0.301806883603196
FGF2,PPIF,-0.301621875364462
FGF2,SLC30A1,0.301588717821071
FGF2,GOLGA2,0.301535313958947
FGF2,USP32,0.301478875446684
FGF2,ITPR3,0.301041698558909
FGF2,PRNP,0.300559110840148
FGF2,RECQL,-0.300519668606209
FGF2,HMGN1,-0.300519501014316
FGF2,SASH1,0.300513909260853
FGF2,PLXNC1,-0.300394339873688
FGF2,PIGA,-0.300366510903134
FGF2,FAM111A,-0.300239108111149
FGF2,DCHS1,0.298632670717857
FGF2,RFC2,-0.298463659077251
FGF2,DNAJC9,-0.29608908736472
FGF2,NASP,-0.295407956941375
FGF2,LMNA,0.294498898069982
FGF2,AVPI1,0.294251600939152
FGF2,RBFOX2,-0.294149856047848
FGF2,ERMP1,0.29348105816643
FGF2,C2CD2L,0.293350423805052
FGF2,SH2B3,0.292853003385413
FGF2,RPA2,-0.292094288753143
FGF2,RAD51C,-0.291016999688758
FGF2,HAX1,0.290530165387169
FGF2,MSH6,-0.29018279523798
FGF2,ABHD6,0.289842716953133
FGF2,SUPT16H,-0.289760673226723
FGF2,NAB2,0.289534136979534
FGF2,CRMP1,-0.288998407617542
FGF2,WASF1,-0.288666761644842
FGF2,FOXM1,-0.288407483862781
FGF2,NFKB2,0.287950577377208
FGF2,REEP5,0.287351333951527
FGF2,DUT,-0.287325723206912
FGF2,EXOSC2,-0.286917775689065
FGF2,ARG2,0.286740023328557
FGF2,TGFBR1,-0.286623490908021
FGF2,ENOSF1,-0.286589382583176
FGF2,CASP4,0.28648265464964
FGF2,HERPUD1,0.286397452300345
FGF2,DCLK2,-0.286314283096935
FGF2,TMEM135,0.286176002522195
FGF2,AGGF1,-0.285204074360002
FGF2,NEU1,0.285028651932868
FGF2,DHTKD1,-0.284597445394699
FGF2,CENPN,-0.28443985990181
FGF2,TSPAN13,0.2843413170099
FGF2,STAT1,-0.284055264890484
FGF2,TRAF4,0.283978264281934
FGF2,HADH,-0.283918061509015
FGF2,POLR2A,-0.282799362622116
FGF2,MTMR4,-0.282774038468909
FGF2,DAG1,-0.282679498612236
FGF2,TUBA1B,-0.282560439029815
FGF2,KPNB1,-0.282442233976975
FGF2,EZH2,-0.281952670215383
FGF2,C6orf120,0.281257535006344
FGF2,WDHD1,-0.280292689828365
FGF2,TUBG1,-0.280114557024303
FGF2,TWSG1,-0.280038178342292
FGF2,CEP162,-0.279496267223089
FGF2,POLA1,-0.279111722317654
FGF2,SNN,-0.279094177077408
FGF2,SRSF10,-0.278701897285927
FGF2,PTTG1,-0.278393505572039
FGF2,TAF5,-0.278330648852788
FGF2,TOR3A,-0.278201814736897
FGF2,CEP250,-0.27816399294316
FGF2,PHLPP1,-0.278132640572294
FGF2,EHD3,0.27807669738114
FGF2,LUC7L3,-0.277945158622426
FGF2,CENPT,-0.27781488229189
FGF2,CSGALNACT2,0.277383763529935
FGF2,CDC14A,0.277329870278815
FGF2,REXO2,-0.27637159090001
FGF2,FAIM,-0.275853816039106
FGF2,UPF3B,-0.275781966387196
FGF2,NT5DC2,-0.275493818594519
FGF2,ARHGAP10,-0.275407139154656
FGF2,GNAI2,-0.275362196809006
FGF2,ANKRD6,-0.275053771845287
FGF2,AHNAK2,-0.274784297092981
FGF2,PAQR4,-0.274619860027876
FGF2,HMGB1,-0.274119147267142
FGF2,CDC23,-0.273652295710805
FGF2,MBTD1,-0.272893095696268
FGF2,DPYSL4,-0.272396992714498
FGF2,WSB1,-0.272251702566558
FGF2,KLF10,0.271462596553313
FGF2,NDC1,-0.271057393540515
FGF2,ITPR1,0.270003647528124
FGF2,CTSD,0.269790154610327
FGF2,TPST2,0.269740895121372
FGF2,HEATR3,-0.269676122241724
FGF2,CLK4,-0.269434356615334
FGF2,XBP1,0.269422957987115
FGF2,GADD45A,0.26930245224534
FGF2,ZNF33B,-0.269169015481669
FGF2,SYNM,-0.268705933498999
FGF2,CCP110,-0.268397307039527
FGF2,TSPYL4,-0.268153999439986
FGF2,MTSS1,0.267210182008908
FGF2,ANXA4,-0.266909863381545
FGF2,CD63,0.266592458409763
FGF2,DENND4A,0.26469470784718
FGF2,STIL,-0.26460997439708
FGF2,SCCPDH,-0.264577107646946
FGF2,C1orf112,-0.264369544305238
FGF2,TPM4,-0.264342337077237
FGF2,BTG2,0.264215565036641
FGF2,PHF3,-0.263888397448711
FGF2,EIF1,0.263770548213528
FGF2,PACS2,-0.263472690573426
FGF2,TRIM37,-0.263429414266865
FGF2,LRRC40,-0.26312441669252
FGF2,ACTR3B,-0.262974432009053
FGF2,RBM17,-0.262586298867758
FGF2,WDR41,-0.261837507279482
FGF2,ZFP36L1,0.26162945034799
FGF2,TNFRSF10B,0.260622288923033
FGF2,RORA,0.26049635625324
FGF2,FBXO5,-0.260430328644989
FGF2,KLC1,-0.260126695507698
FGF2,ELP4,-0.259374996786418
FGF2,FKBPL,-0.259203365719272
FGF2,RAD51,-0.258514884376313
FGF2,STX5,0.258507353081353
FGF2,CCNG1,-0.258188903260993
FGF2,SLBP,-0.258034315198569
FGF2,ANK2,-0.25796810104663
FGF2,RIF1,-0.257940353598614
FGF2,APOC1,0.256917399943806
FGF2,KDM1A,-0.256705430705366
FGF2,RFC1,-0.2566411953479
FGF2,MPRIP,-0.255898962501661
FGF2,NDRG1,-0.254553116950587
FGF2,MAPK6,0.254267910929785
FGF2,TOM1L2,-0.254080360192397
FGF2,ICMT,-0.253974705834124
FGF2,SPRED2,0.253972170716872
FGF2,MPC1,0.253815861296761
FGF2,ALAD,-0.253264347723776
FGF2,ZFAND1,0.252609743555166
FGF2,DLGAP5,-0.25240914563018
FGF2,MLH1,-0.252361676984285
FGF2,CHPT1,-0.252345412982004
FGF2,PPFIBP1,0.25229777098059
FGF2,ENPP4,0.252278394933714
FGF2,ARMCX2,0.251603272535038
FGF2,HSPA13,0.251469210839032
FGF2,PLEKHM2,-0.250774450820968
FGF2,GCC2,0.250763686494348
FGF2,PDPR,-0.249939038130099
FGF2,CHMP6,-0.249937171069733
FGF2,TNFAIP2,0.249200047238535
FGF2,B9D1,0.249034057168295
FGF2,MBD4,-0.248912358463687
FGF2,MNT,0.24890894276788
FGF2,GIPC1,-0.248832854590213
FGF2,TRAPPC2L,-0.248658672741466
FGF2,GSG1,-0.248298564459231
FGF2,MYO1C,0.248003617001796
FGF2,SLC38A1,0.247946027466497
FGF2,FLNB,-0.247333635742927
FGF2,LMNB2,-0.246771775302283
FGF2,DNM1L,-0.246397732226451
FGF2,ZFYVE21,-0.24608815095148
FGF2,POLR2I,-0.245969866662464
FGF2,MCL1,0.245507530643198
FGF2,NTAN1,-0.245407801812485
FGF2,NUDT15,-0.245243378381854
FGF2,SIRT7,-0.243664027356494
FGF2,HILPDA,-0.243662793734691
FGF2,PAPOLA,-0.243645484853527
FGF2,C1RL,0.243594803592156
FGF2,BCL2L1,-0.243503590057491
FGF2,GABPB1,-0.242921204893038
FGF2,ING2,-0.242703525339466
FGF2,MACROD1,-0.242702831530119
FGF2,FKBP14,0.242537747162754
FGF2,SLC4A2,0.242027483221424
FGF2,PNPO,-0.241744008074204
FGF2,NOTCH1,-0.241691196173397
FGF2,ZMIZ2,-0.241688538128775
FGF2,MT1X,-0.241269624443314
FGF2,NPAT,-0.24120819650619
FGF2,PYGB,0.24084090016212
IL15,PIM1,1.90798187978024
IL15,DUSP5,1.73543466018547
IL15,PTGER2,1.33369991292369
IL15,RGS2,-1.25731411335728
IL15,NR1D2,-1.25289456166728
IL15,CHAC1,1.1288631298299
IL15,RGS16,1.10901945535627
IL15,CXCR4,-1.09990179027443
IL15,PIM2,1.06906198349097
IL15,BCAT1,1.03869029746713
IL15,UXS1,1.01105115351693
IL15,SOCS3,1.00053887431633
IL15,MAMLD1,0.967768825987484
IL15,ZFP36L2,-0.965193487856172
IL15,CTSL,0.955257662591902
IL15,TXN,0.953070620667732
IL15,MXI1,-0.947761808638063
IL15,TRIT1,-0.936085565017234
IL15,HSPA13,0.931205478742933
IL15,TPM4,0.856010105196116
IL15,ADAM19,0.854827169188398
IL15,METTL1,0.842576915497544
IL15,PPIF,0.842146512498413
IL15,CMTM6,0.841785597397445
IL15,TGFBR2,-0.832110971659196
IL15,AGPAT4,0.828295654606694
IL15,CRTAP,-0.825918199933113
IL15,MT2A,0.796891937523093
IL15,SLC7A11,0.79219693541047
IL15,SLC39A8,0.785583279495012
IL15,PANX1,0.757790899705785
IL15,CCNB1IP1,-0.753423585229028
IL15,YRDC,0.747113517478111
IL15,RIPK2,0.743933781894155
IL15,RAC2,0.743150257987761
IL15,NIP7,0.742047710264287
IL15,XBP1,0.737257785378413
IL15,DNAJA4,0.729902133608467
IL15,NAB1,0.728725186706048
IL15,MPHOSPH9,-0.722514191659608
IL15,VAMP4,0.720102159106913
IL15,MBTD1,-0.717635560527552
IL15,TRAM2,-0.707843982901015
IL15,PLAGL2,0.704211856451807
IL15,KLHL24,-0.701534685285518
IL15,ITGAE,-0.696211847215667
IL15,YES1,0.690404846209364
IL15,EHD4,0.686150500063445
IL15,KAT2B,0.682681407511411
IL15,PLD3,-0.679785512779898
IL15,PSAT1,0.677126071414967
IL15,MANF,0.66890641002329
IL15,TCEAL1,-0.668350236267958
IL15,HMGN3,-0.667601651360708
IL15,GSR,0.663086127732792
IL15,DNAJB9,0.659067779854297
IL15,IER3,0.657528801633203
IL15,CYBRD1,-0.657086759983414
IL15,ARF4,0.656915231378497
IL15,SUSD6,0.653235086864775
IL15,CALCOCO1,-0.652760217182223
IL15,IER5,0.648847661227967
IL15,PHYH,-0.648731225460364
IL15,IFFO1,-0.647514812089782
IL15,TNFAIP3,-0.642047315137905
IL15,ATF4,0.636160893149925
IL15,SOS1,0.636059857297449
IL15,WWP1,-0.626200277852955
IL15,MRPL52,0.625170442076259
IL15,ADD3,-0.622740492953025
IL15,GPR137B,0.621825511312261
IL15,HIGD1A,0.621755433695726
IL15,HSD17B11,-0.621671460291173
IL15,SEC61B,0.619467521962913
IL15,DDIT4,0.616683918238373
IL15,SMIM14,-0.615829021500365
IL15,ADO,0.611772591311681
IL15,PDE4DIP,0.610649842865723
IL15,INSIG1,-0.607421903951615
IL15,NFKB2,0.605001935804167
IL15,PPP2R5C,-0.602477004819215
IL15,CD59,0.601382554172545
IL15,NAMPT,0.597613062271467
IL15,DGKD,-0.597029791102144
IL15,UVRAG,-0.595954104442911
IL15,GCNT1,-0.594575173817028
IL15,PLPP1,0.592177553196038
IL15,B3GNT2,0.5898305454613
IL15,TANK,0.58973464186503
IL15,B4GALT5,0.588036992272554
IL15,TUBB4B,0.583711113823294
IL15,ABCC1,0.579495654557567
IL15,POLR3D,0.577951733868677
IL15,DDX21,0.571662032898137
IL15,HDAC5,-0.569038781739338
IL15,GRPEL1,0.567518930532149
IL15,XPC,-0.56733115504159
IL15,ECI2,-0.566339784373662
IL15,TMLHE,-0.56495081513898
IL15,PBX3,-0.563188297896726
IL15,VDAC1,0.561237598869055
IL15,BLVRB,-0.560895541318462
IL15,PAN2,-0.560389471957963
IL15,WBP1L,-0.55961928954455
IL15,ZRSR2,-0.559493358049345
IL15,HIVEP2,0.558723019698285
IL15,EGR2,0.556921685844547
IL15,PCYOX1,-0.551250148235424
IL15,TMX4,-0.548884171886648
IL15,BDH2,-0.546680014218768
IL15,ODC1,0.543726663305463
IL15,CDKN3,0.543711454051566
IL15,NOLC1,0.542799764986552
IL15,HMGB1,-0.542200355746955
IL15,HMGB2,-0.538952003572912
IL15,HIVEP1,0.538183590751158
IL15,HSD17B8,-0.538120175305966
IL15,TRIB3,0.531852764345049
IL15,PARP4,-0.530947152931968
IL15,HEG1,0.53082794336894
IL15,CALU,0.530089431960523
IL15,SLC38A6,-0.526531594190156
IL15,GRN,-0.525241612262993
IL15,UPP1,0.52523602070775
IL15,ADK,-0.52302317830599
IL15,PDSS1,0.522910651454984
IL15,ACSL1,0.520580587542992
IL15,EGR3,0.517957984168284
IL15,DYRK2,-0.517760674262974
IL15,DRAM1,0.517038172139293
IL15,MTHFD2,0.515884120936726
IL15,SEC61A1,0.515363736244814
IL15,HSP90AB1,0.515331306526693
IL15,DPH2,0.514962846127725
IL15,TDRD7,0.513785105641775
IL15,NQO2,-0.507909522371972
IL15,GCLM,0.507555067372903
IL15,AGTPBP1,-0.505608551968246
IL15,DNAJA1,0.504160558127724
IL15,SLC39A6,0.503939287935606
IL15,SHMT2,0.50361497519219
IL15,POMP,0.503119260798637
IL15,SEC24D,0.500118746716759
IL15,NUP85,-0.499137485021346
IL15,AHR,0.497837776638035
IL15,HSPB1,0.49694124335436
IL15,PGAP1,0.493956182415075
IL15,SLC29A3,-0.492790230618944
IL15,DCP1A,0.490298132550052
IL15,CLIC4,0.48912315881655
IL15,C11orf1,-0.487044717884567
IL15,PIK3R1,-0.486305080055364
IL15,WDR43,0.486073896921482
IL15,IGF1R,-0.484865126819361
IL15,TNRC6B,-0.482410494213379
IL15,SDC4,0.481936616313094
IL15,TNFAIP8,0.479743809084505
IL15,BRD3,-0.478462890335234
IL15,PEX11B,-0.478432066962187
IL15,CNPY3,-0.47744828999364
IL15,GGA2,-0.47659815102202
IL15,NAA40,-0.475314819378613
IL15,TAF13,0.473182111539021
IL15,PCK2,0.472897152090692
IL15,NNT,-0.469946232248999
IL15,AP4S1,0.468525660062872
IL15,LAPTM4B,0.466575137162753
IL15,BBS10,-0.464727646969925
IL15,TUBB,0.46435482213355
IL15,MSMO1,0.463479013045746
IL15,NFKB1,0.462451905310538
IL15,TAF1A,0.458774696673868
IL15,SLC1A5,0.458728298851583
IL15,PARP8,-0.457491642705524
IL15,EAPP,-0.455760577406008
IL15,BTN3A1,-0.454480398435954
IL15,UTRN,-0.453550239417609
IL15,ARSB,0.452156851920652
IL15,ORMDL2,0.451772950971606
IL15,BTD,-0.451647642934278
IL15,MCL1,0.450858280766276
IL15,ITGB3BP,-0.450624750894939
IL15,FAM216A,-0.450575541448053
IL15,SEC61G,0.449927752393175
IL15,CSTB,0.449858807093938
IL15,SLC3A2,0.449850189147737
IL15,MBIP,-0.449594479237
IL15,TBC1D4,-0.44932468127645
IL15,MAPKAPK5-AS1,-0.449113200960711
IL15,TSPYL1,-0.448644878953433
IL15,TSPAN13,0.448010894122771
IL15,CDKN2C,-0.447692662971223
IL15,ARHGEF6,-0.447663930572714
IL15,UAP1,0.447599311896882
IL15,PTCD3,-0.446774597230666
IL15,MYL12A,0.446083222325471
IL15,IRF1,0.445125408021484
IL15,TMEM19,-0.444764883772754
IL15,CHEK2,-0.444599671225859
IL15,FOXO1,-0.444055562785339
IL15,ABCC4,0.44278235211049
IL15,ACP2,0.442452544616873
IL15,BTN2A2,-0.44123637535894
IL15,CASP4,0.441211453267885
IL15,CBFB,0.441128439977392
IL15,CEP68,-0.44011379902709
IL15,NFKBIA,0.439241519351255
IL15,RRP15,0.4390587055271
IL15,SSBP2,-0.43902644099346
IL15,ALAD,-0.438787235321277
IL15,ATG9A,-0.437327117454467
IL15,ATP1B3,0.43730652298112
IL15,AAMDC,-0.436079308692616
IL15,SPCS3,0.435267310645575
IL15,PPA1,0.435120447758944
IL15,RRAS2,0.434954384395416
IL15,EIF4G3,0.434894725684441
IL15,PDCD11,0.434456465046581
IL15,PUS1,0.433771641381932
IL15,BOLA1,-0.433732341225475
IL15,TPCN1,-0.433229093619147
IL15,CSF1,0.432500028095826
IL15,SIGIRR,-0.432274308037186
IL15,NEMP1,0.431500782296065
IL15,ZNF83,-0.431399901871741
IL15,RBM3,0.4313003323595
IL15,ATP10D,-0.430562751531377
IL15,TP53BP2,0.429607578141735
IL15,KIF3A,0.429025045239628
IL15,CDK4,0.428504475020194
IL15,RAB8B,0.427224724093625
IL15,MT1X,0.426674087274954
IL15,TMED2,0.426650933463825
IL15,COX7A2,0.425707436696348
IL15,HSPH1,0.42449436321301
IL15,WIPI2,-0.424397492579486
IL15,MAP2K5,-0.424304595692114
IL15,IFIT2,-0.42398818678612
IL15,PDPR,-0.42343825836644
IL15,BTG3,0.423395155036056
IL15,HADH,-0.423056797290469
IL15,P4HB,0.42233540059799
IL15,OXCT1,-0.421404483221555
IL15,PCMTD2,-0.421206086689334
IL15,BET1,0.42099322648424
IL15,RECK,-0.420286584344928
IL15,C1GALT1,-0.419907696935768
IL15,APMAP,-0.419385084271872
IL15,PAICS,0.419369739388775
IL15,CDIPT,-0.418573964552152
IL15,JMJD1C,-0.418176174182294
IL15,VPS45,-0.417157375956594
IL15,UBE2S,0.417097492525578
IL15,PGM1,-0.416814806229925
IL15,NRAS,0.416713083600071
IL15,TFDP2,-0.416693423022918
IL15,KLF12,-0.415239349404032
IL15,ZNF354A,-0.414917157630735
IL15,LYRM4,0.414589466681534
IL15,DEPTOR,-0.414035651275572
IL15,COG4,-0.413060490473578
IL15,BAG4,-0.412950553426778
IL15,MAP4K4,0.412433875800172
IL15,PRKX,0.411754959624029
IL15,CHST12,-0.411492563423064
IL15,NXT2,0.411116915066684
IL15,AKAP10,-0.409871778449898
IL15,C2orf68,-0.40964898078678
IL15,YPEL5,-0.409535142910789
IL15,UBE2N,0.408313477165253
IL15,OSBPL11,-0.407754351069165
IL15,DLD,0.407509521828754
IL15,SMC2,-0.406072561379792
IL15,CITED2,-0.40538214761954
IL15,MKRN1,-0.404781377510372
IL15,RCBTB2,-0.404694065409632
IL15,INTS7,-0.404141125183483
IL15,ULK1,-0.404073536402524
IL15,THYN1,-0.402684824001511
IL15,GNA12,0.401666837810343
IL15,WSB2,0.400813755092101
IL15,TBC1D15,-0.400564853544101
IL15,NFKBIB,0.399791614596312
IL15,SYTL2,-0.399443672826709
IL15,GTF2E2,0.399387718271556
IL15,ATP8B2,0.39804389946585
IL15,ZNF43,-0.397194510160547
IL15,PDGFA,0.397180499947957
IL15,NDUFAF4,0.397126263065227
IL15,NOP16,0.396526589862945
IL15,PHKA2,-0.396304525572618
IL15,ZNF33B,-0.395796964350333
IL15,PSIP1,-0.394548442201248
IL15,ZNF266,-0.394362787890831
IL15,SUOX,-0.39431353847733
IL15,UBA3,-0.394273408029328
IL15,PFDN2,0.394191038016042
IL15,OSGEPL1,-0.393528818554443
IL15,AGK,0.393223265658219
IL15,B4GALT2,0.393156370862985
IL15,MLX,0.39282583433077
IL15,GLS,0.392708589805457
IL15,NQO1,0.392643605920535
IL15,SRP19,0.392536256859
IL15,HMGN2,-0.390750139654767
IL15,ISCA1,-0.389103727364392
IL15,EI24,0.387740388945276
IL15,XYLT1,-0.387526935541706
IL15,KDELR2,0.38486385928429
IL15,GTF2H3,0.384756412511537
IL15,RASSF2,-0.38445298173917
IL15,JADE1,-0.383780809037464
IL15,TNIP1,0.383295588332285
IL15,ATP2B4,-0.383266090493861
IL15,LGALS1,0.383020175058161
IL15,ECE1,0.382978426768715
IL15,MRPS17,0.382618500406117
IL15,SNRPB,0.382129601081195
IL15,USP32,0.382027204858387
IL15,CDC25B,-0.381667916886445
IL15,PIGV,0.380514636181105
IL15,EIF1,0.37974467896009
IL15,ASTE1,-0.37914898642856
IL15,NPC1,-0.378964446719985
IL15,FBXO9,-0.378452398412835
IL15,PSMB7,0.378388698639019
IL15,S100A6,0.377957011337342
IL15,RSL24D1,0.37701554535841
IL15,ABAT,-0.376748217594218
IL15,CASP8,-0.375141551817379
IL15,RASA2,0.374628108156625
IL15,ZKSCAN1,-0.373991385792936
IL15,CRBN,-0.373192720314187
IL15,EIF2S2,0.373034661852787
IL15,RMND5B,0.372616667398493
IL15,ORAI3,-0.372303073543721
IL15,CSNK1G2,-0.371938218003886
IL15,DMWD,0.371913956672963
IL15,SFXN3,-0.371204248199517
IL15,TXNDC9,0.371126674704791
IL15,DNAAF2,-0.370626954607866
IL15,ING4,-0.369759202094553
IL15,CCDC28A,-0.369683162776848
IL15,RBM41,-0.36916397597552
IL15,LRRC8D,-0.36899724759616
IL15,MMD,0.368913838339098
IL15,KIAA0556,-0.368416961962077
IL15,CDK5,-0.36789718003075
IL15,LUC7L3,-0.366063111047252
IL15,VCL,-0.365419672364662
IL15,BPGM,0.364910547450695
IL15,NFE2L1,0.364851485093981
IL15,ERP44,0.363391124070694
IL15,PPRC1,0.363293110781193
IL15,NPM3,0.362483380104037
IL15,ABHD10,-0.362205778010918
IL15,HSD17B4,-0.361823273978467
IL15,ACTN4,-0.361668687844027
IL15,TWF2,0.361160071630741
IL15,COLGALT1,0.361002783476369
IL15,LMAN1,0.360988347523195
IL15,SNRPD1,0.360268757910317
IL15,MYBBP1A,0.359651316996057
IL15,TIMM44,0.359052034955635
IL15,SLC29A1,0.358856924406481
IL15,MBNL2,-0.358759077739456
IL15,CYFIP2,0.35809017030846
IL15,RTCA,0.357919452319161
IL15,TSPO,-0.357726162309293
IL15,ARMCX2,-0.357335875946522
IL15,UBE2J1,0.356464439074839
IL15,MTERF3,-0.356199552445092
IL15,SH3BGRL,-0.355463429747183
IL15,PALB2,-0.35530884865862
IL15,NUSAP1,-0.354802278542203
IL15,CCT4,0.354563621832808
IL15,MAK16,0.354227677921992
IL15,APEX1,0.353932520245575
IL15,STT3A,0.353299483679337
IL15,PSMC3,0.35287357188452
IL15,SAR1B,0.352620107326158
IL15,GABPB1,0.351790628729155
IL15,TAF4B,0.351677987023392
IL15,UGCG,0.351237343594864
IL15,P4HTM,-0.350381296059448
IL15,ADAM17,0.349982428446052
IL15,BMPR2,-0.349975634557351
IL15,BTG2,0.349880379490271
IL15,SLC4A7,-0.349328647287044
IL15,IKZF4,0.348760252976846
IL15,RAB5A,0.347626366002762
IL15,FAM118A,-0.347522250568879
IL15,ELK1,0.347323650609992
IL15,ALMS1,-0.347231936815891
IL15,ANKRA2,-0.346765188781768
IL15,AKIP1,-0.346685288944877
IL15,MTMR2,0.346594293977143
IL15,PSMD14,0.34633060590724
IL15,SLC35E1,0.34543907046183
IL15,TIMM9,-0.345281474330836
IL15,GRK6,0.344789290303393
IL15,CTSB,-0.344749431687685
IL15,IFT74,-0.344531557058471
IL15,C9orf16,-0.344268242809681
IL15,TFG,0.343971065783382
IL15,CDKN1B,-0.34378341032258
IL15,SRSF8,-0.343770379542721
IL15,BTN3A2,-0.343562050972015
IL15,ANKH,-0.343476106913076
IL15,SRSF11,-0.343464974888851
IL15,ILF3,0.342982603533075
IL15,ZNHIT6,-0.342619519768983
IL15,TTC37,-0.342530735770231
IL15,TAF1B,0.342262390790913
IL15,CEBPD,-0.342157971357872
IL15,NARF,-0.342104150941254
IL15,TDRD3,-0.341281864518985
IL15,C1RL,0.340406238718867
IL15,LYST,-0.340341919066794
IL15,EZH1,-0.340095936934397
IL15,AUH,-0.340034367658556
IL15,PFN1,0.339744760415324
IL15,SLC24A1,-0.339576415103175
IL15,ZBTB18,-0.339055894111164
IL15,SFPQ,0.338759114045447
IL15,PFDN1,0.33873979250005
IL15,ADARB1,0.3384886317311
IL15,SACS,0.338471169183451
IL15,ACYP2,-0.338231113697805
IL15,PNISR,-0.338143363564377
IL15,NMT2,-0.338080982472413
IL15,SFXN1,0.33788097624418
IL15,MAPRE1,0.337729724243007
IL15,SRM,0.337615506362613
IL15,IGF2R,0.336993754516458
IL15,KDM3A,-0.336703898216299
IL15,MTR,-0.335300779360376
IL15,EIF5A2,0.334889070963305
IL15,APPL2,-0.334740727553918
IL15,KIF3B,0.334680815716832
IL15,CENPT,-0.334457492346815
IL15,GOT1,0.333791530144587
IL15,OSBP,0.33311526161185
IL15,PLA2G15,-0.333027892534557
IL15,LRP12,0.332925344363677
IL15,XIAP,0.332754245247615
IL15,ZNF224,-0.332519169466723
IL15,STK39,-0.332021844024137
IL15,ATP2B1,-0.331729211418902
IL15,ZNF747,-0.331403099437749
IL15,VCP,0.330596024585936
IL15,CD47,0.330588277617077
IL15,SAMHD1,0.330529899390447
IL15,USP19,-0.33050586886108
IL15,DSN1,-0.330473968036167
IL15,ASF1A,-0.330063601476691
IL15,NUP58,0.329768974535675
IL15,HK1,0.329227004383057
IL15,OXLD1,-0.329137460173945
IL15,PIGF,-0.328852747339945
IL15,TIA1,-0.328688058079572
IL15,AP1B1,-0.328462174144412
IL15,INSR,-0.328342862826388
IL15,CCT2,0.32824591343451
IL15,RBL2,-0.328237025736889
IL15,NMI,0.32816819755319
IL15,NAA16,-0.328159060268393
IL15,ALG8,-0.327800579797164
IL15,AVPI1,-0.325675740239855
IL15,PSMD11,0.325633274457175
IL15,SMG9,0.325469379014681
IL15,TMEM39B,-0.324989316560375
IL15,SCPEP1,-0.32488723524276
IL15,AP1S2,0.324812544054672
IL15,IGBP1,-0.324666333440541
IL15,ADPRH,0.32466551860706
IL15,SLC33A1,0.324245590319217
IL15,TUBGCP4,-0.323912379449061
IL15,MPZL1,0.323109382071759
IL15,ETF1,0.323002496809787
IL15,PMM2,0.32288633297264
IL15,MAFG,0.322801351340619
IL15,GLRX5,-0.322765795934529
IL15,ARCN1,0.322536742485799
IL15,TGIF1,-0.322533594087631
IL15,HEXA,-0.322164255712141
IL15,HSPA9,0.321613183140873
IL15,CLPX,-0.321585295852232
IL15,LDLRAP1,-0.321204750476762
IL15,ZBTB44,-0.320659947745044
IL15,TARDBP,-0.320310896042797
IL15,LIMA1,0.320306068870598
IL15,TRIB2,0.320114399663984
IL15,GID4,-0.320031158926736
IL15,RBMS1,0.319554495477115
IL15,PER2,0.319279642794776
IL15,ANKRD36B,-0.319079239802674
IL15,SEC23B,0.318937319457977
IL15,REXO2,0.318433816592754
IL15,STX10,-0.318361615364146
LTA,PEA15,1.71767556631917
LTA,IMPA2,-1.54010993551797
LTA,MPPE1,-1.40395555271981
LTA,LGALS1,1.38761060141338
LTA,SLBP,-1.36793609043993
LTA,THBS1,1.32929705066268
LTA,CSK,1.30075860717009
LTA,MED20,1.24748242925018
LTA,CYP27A1,1.24450062389537
LTA,ELK1,1.20113221514637
LTA,PLAGL2,1.20090048836927
LTA,RAB5C,1.18888309800986
LTA,TJAP1,1.18489406057427
LTA,UBE2E1,1.1763723357471
LTA,RNASET2,-1.16579347499948
LTA,MRAS,1.15901898108287
LTA,DMXL2,1.15616892158023
LTA,IGF2R,-1.14652982431084
LTA,XPO6,-1.14476163844914
LTA,DIAPH2,1.14266872082074
LTA,TNIP1,1.13231499139185
LTA,HIVEP2,1.12864368231862
LTA,KIF3B,1.11457673009065
LTA,SLC11A2,1.11140209956592
LTA,UNC119,1.10575110236572
LTA,TPMT,1.10442937590655
LTA,MGST2,-1.09772374415437
LTA,ACTN1,-1.09218750957057
LTA,IFNAR1,1.0799950271893
LTA,IER5,1.06906695896386
LTA,CARHSP1,-1.06493952698812
LTA,FBXW7,1.06170613484114
LTA,SASH1,1.05196224488593
LTA,C2CD5,1.04813537743567
LTA,CYP1B1,1.01409729137629
LTA,TAF4,-1.0103049550313
LTA,PECR,-0.995768600400486
LTA,BCKDK,0.994564000687676
LTA,SLC7A7,0.990758008963827
LTA,AZIN1,0.986271058832248
LTA,E2F4,0.980163923170266
LTA,ARMT1,0.977514160735287
LTA,HK1,0.976012086781421
LTA,NT5DC2,0.972903679347912
LTA,NUP214,-0.967197403158974
LTA,FUS,0.966048614524904
LTA,EIF4E2,0.958090351798233
LTA,XKR8,-0.954372327848722
LTA,TMX4,-0.946390724999243
LTA,USP7,-0.945928846369208
LTA,GNS,0.942660850146532
LTA,SCAP,-0.939171782828532
LTA,PFN1,0.921584908379182
LTA,MFAP1,0.918747984978302
LTA,HDGF,0.913536439132502
LTA,GNB1,0.912691921250708
LTA,PSMB6,0.907452058660615
LTA,CD58,0.901256425122182
LTA,STX10,-0.89454930220631
LTA,YIPF1,-0.894052604702752
LTA,SELPLG,-0.892825701126671
LTA,EMP3,0.884257967576154
LTA,SNN,0.883319395321906
LTA,ATP2C1,0.881051800006323
LTA,SHTN1,0.879658808716858
LTA,BID,0.878991127208132
LTA,VPS37C,0.878831067565465
LTA,ATP6AP1,0.878018628316067
LTA,TNFRSF10B,-0.874908476154061
LTA,TRAK1,0.874529364926972
LTA,FNBP1,0.867447465100608
LTA,SWAP70,0.865659228997879
LTA,PVR,-0.864864964021155
LTA,B9D2,0.863922251292958
LTA,PDLIM5,0.862476838194669
LTA,PLEKHG3,-0.862253115695934
LTA,ZSCAN16,0.861742671810321
LTA,CCDC6,-0.859746259509251
LTA,KDELR2,0.858364627151014
LTA,SPAG7,0.854654791729134
LTA,KIF5B,0.854518118773098
LTA,CALR,0.854333221303894
LTA,PGK1,0.849530197492332
LTA,MAN2B1,0.848178728714732
LTA,STAT5B,-0.847932170781991
LTA,THAP3,-0.846760139139196
LTA,CHST7,0.845971871001373
LTA,FIG4,-0.843923813809247
LTA,ANXA2,0.841019732111954
LTA,CYBRD1,-0.839734441355655
LTA,SCPEP1,-0.839545391971754
LTA,DAP,0.839310373609965
LTA,EHD1,0.837954450968906
LTA,SPCS3,0.833188114543627
LTA,C20orf27,-0.829709822566315
LTA,PSAP,0.827828611472624
LTA,C1S,-0.827827453998862
LTA,CTNNA1,0.823691934120742
LTA,AUH,-0.822102888771518
LTA,CANX,0.818306110262257
LTA,TKT,-0.813844486550693
LTA,RAB5A,0.80985721626058
LTA,HIC1,0.809157949801277
LTA,ADAM9,0.808506612306061
LTA,RHOB,-0.807499482971665
LTA,LYN,0.803771080922245
LTA,RNF114,-0.801224239171171
LTA,NRIP1,0.800135093120053
LTA,AGTPBP1,-0.798141578272538
LTA,AAGAB,0.794857985635769
LTA,GPSM2,-0.794481596377662
LTA,PCSK5,-0.793985832747226
LTA,DAPK2,-0.793838784359428
LTA,DUSP22,-0.793183533074146
LTA,B3GNTL1,-0.792398392022842
LTA,SLC4A1AP,0.790233685043565
LTA,HNRNPM,0.789163022918197
LTA,CD82,0.786454532845991
LTA,SQSTM1,0.783403658302281
LTA,SMCHD1,-0.783167038888627
LTA,PLTP,0.782026056583572
LTA,MIOS,0.780528579178805
LTA,UBXN2B,-0.780245418483129
LTA,HSPA5,0.775015500360045
LTA,IFNGR2,0.774436587818781
LTA,HDAC2,0.772578857004322
LTA,NAGK,0.77224737071948
LTA,CD46,-0.771439070337374
LTA,NDRG3,-0.77133289493217
LTA,SLC35B1,0.770201857537137
LTA,TOR1AIP2,0.770088583214993
LTA,CASP2,-0.76991401415635
LTA,FLOT1,0.769825289101446
LTA,ACSL1,0.769000890330731
LTA,CDK5RAP3,-0.766734069637919
LTA,CAMK2G,-0.764133118404836
LTA,ADA,0.761536227716119
LTA,SLC39A1,0.760190202553237
LTA,SNX27,-0.759477921583341
LTA,COX7A2,0.758084929447225
LTA,CDC42,0.756761368519425
LTA,TMLHE,-0.755406945055722
LTA,ATP2B4,-0.754223473970766
LTA,CAPZA2,0.754037161965225
LTA,RFC2,-0.751776170576085
LTA,CEP63,-0.750074160611446
LTA,CKAP4,0.749145811976311
LTA,RB1,0.745106869497476
LTA,CELF2,-0.744770014094937
LTA,ECHDC1,-0.738837711746723
LTA,PHKA2,-0.738787239303089
LTA,LRPAP1,-0.737792956482004
LTA,UBE2A,0.735077343856685
LTA,TBC1D8,0.735038443936172
LTA,AGO3,0.734836628556275
LTA,FBXO28,0.732018350941809
LTA,NANS,0.73080612357223
LTA,FOXN3,-0.728803632660487
LTA,ATP2A3,-0.728254767913815
LTA,SIRPA,0.727724714411119
LTA,GALK1,-0.72670698424786
LTA,PTPN9,0.72299422760903
LTA,SH2B3,0.718081002643016
LTA,GPATCH2L,0.717862856304933
LTA,ANXA5,0.717646861126172
LTA,QPCT,0.716886623587164
LTA,CD44,0.716039857209419
LTA,PNPLA2,-0.71365382490331
LTA,BTG2,0.711783406815413
LTA,GABARAPL2,0.710984400727225
LTA,MUL1,0.710066960582444
LTA,SQLE,0.709715514870397
LTA,CD2BP2,0.70942594433868
LTA,ZNF767P,-0.706080947380525
LTA,TIMP1,0.705472696181697
LTA,TIPARP,0.705166129155124
LTA,FCER1G,0.705114342108004
LTA,DAPK1,0.705104472479376
LTA,ACYP2,-0.703216084711634
LTA,YPEL1,-0.701617103584804
LTA,NRAS,0.701245763360655
LTA,PKM,0.699543137407961
LTA,CDK5R1,-0.698900720259861
LTA,GRINA,0.697845754955525
LTA,NXF1,0.696631944380748
LTA,SH3GL1,0.696243027351454
LTA,HSD17B11,-0.694689528489502
LTA,TMEM208,0.693083119489488
LTA,FCGRT,-0.692079524835302
LTA,HEXB,-0.691685493507334
LTA,NAAA,-0.68881815534289
LTA,RNPEPL1,-0.688465347451251
LTA,TBC1D22A,0.68769537904721
LTA,RAB8B,0.687031951383187
LTA,SC5D,0.686948620788338
LTA,ACTR1A,0.686493944153426
LTA,MAP2K1,0.683949066601485
LTA,BPTF,-0.683793825677656
LTA,RRAS,0.682888472109749
LTA,NOTCH1,-0.682528992558854
LTA,RPS7,0.681697874674281
LTA,MOB1A,0.6802967247479
LTA,RETSAT,-0.677408910935422
LTA,NFKBIA,0.676931880603106
LTA,HERC1,-0.676779078284692
LTA,EMD,0.676466380770368
LTA,PELI2,-0.676435170584443
LTA,SUMO3,0.675029331786536
LTA,USB1,0.674314403453143
LTA,AKT1,-0.673118455730814
LTA,ARL6IP1,-0.672639344679122
LTA,PRDX1,0.672406987994148
LTA,PGLS,-0.6719190079729
LTA,NLRX1,-0.671918171771877
LTA,TMEM43,-0.671917401361724
LTA,SCD,0.671485861127021
LTA,RNF25,0.671058073862547
LTA,PIM2,0.670170020771464
LTA,P4HB,0.668394280998024
LTA,DCTN3,-0.668061420482045
LTA,CTDSP2,-0.667635810195921
LTA,CETN2,-0.666600777076528
LTA,ZNF254,-0.664388437005499
LTA,PLEKHM2,0.663989535045652
LTA,ANXA7,0.663953307052137
LTA,ZEB2,0.662460912263196
LTA,MAP4K5,-0.659983684816428
LTA,COX7B,0.65878707625341
LTA,TIMP2,-0.657973795259308
LTA,ENO3,0.656659020091593
LTA,MIPEP,-0.656233326163472
LTA,RABAC1,-0.656204271353601
LTA,ATP1B3,0.653512457473404
LTA,PAK3,-0.65200604470347
LTA,NUSAP1,-0.649790721263253
LTA,NFKB2,0.649519370112064
LTA,ENO1,0.649102938677682
LTA,UBQLN4,0.649000138525725
LTA,IRAK4,-0.648194634551041
LTA,ARHGEF6,-0.648173858371767
LTA,MSRB2,-0.646340144547587
LTA,PSIP1,-0.646256043292734
LTA,MLH1,0.645951544438831
LTA,HEBP1,-0.645820619636101
LTA,BTN3A1,-0.645240845309162
LTA,PSMD4,0.64506283671485
LTA,HIVEP1,0.644188776861908
LTA,SPRED2,0.643959118202819
LTA,ATP6V1F,0.642375330180591
LTA,BRD3,-0.641455149403646
LTA,FTH1,0.640784771541471
LTA,MAPK1,-0.640492066627732
LTA,ITM2B,-0.639216965355754
LTA,MED25,-0.63699101461459
LTA,SPATA7,-0.636416078425036
LTA,PTGER2,0.636122752566985
LTA,HSDL2,-0.63467010494313
LTA,LPGAT1,-0.63331577829754
LTA,ARF4,0.632948540845822
LTA,PDLIM7,0.632739178846053
LTA,TMED1,0.632350152069161
LTA,TMF1,0.6317533517826
LTA,PSMA1,0.631670242463443
LTA,AP1B1,0.630241723871821
LTA,IVNS1ABP,0.629347516134694
LTA,ARFGEF2,0.627873449267956
LTA,RABL3,0.626983329517429
LTA,GRPEL1,0.626226209690708
LTA,SSH3,-0.625853920664177
LTA,ZNF701,0.625523572444621
LTA,HNRNPAB,0.62452681905245
LTA,MPRIP,-0.623367451134856
LTA,LPXN,0.623267933826816
LTA,PAM,-0.623071788952333
LTA,EXD2,-0.622891132963735
LTA,NXT1,0.622718065020896
LTA,KNTC1,-0.62128621858343
LTA,PHB,0.621283415030611
LTA,ALDOC,0.620793761833755
LTA,MRPL52,0.62037978657348
LTA,WWC3,-0.619281161499958
LTA,PHLDA1,0.619152744643018
LTA,SEC23B,0.617836900918519
LTA,TUBA1A,-0.617666396442619
LTA,ATP6V1B2,0.616655264750481
LTA,IGF1R,-0.616024576770067
LTA,NDST1,-0.616000871063164
LTA,UEVLD,0.615706346024904
LTA,RFC5,-0.61550088268805
LTA,RERE,-0.615395591167316
LTA,VAMP1,-0.614972627875703
LTA,TRAPPC3,0.614004786705874
LTA,TIMM17B,0.613431799472905
LTA,ZSCAN9,0.612936912693116
LTA,KLHL24,-0.612882737713065
LTA,DPYD,-0.612011059523867
LTA,ROGDI,-0.610848554539759
LTA,MTMR12,-0.610242763667989
LTA,EPM2A,-0.609907033161167
LTA,DUS2,-0.608214503609996
LTA,LMAN2,-0.607385790651636
LTA,MAN1B1,-0.607071168857182
LTA,ZNF282,-0.606918871383123
LTA,NCBP1,0.606886844369516
LTA,PLIN3,0.606649450177851
LTA,CSNK1A1,0.605743946782945
LTA,CRTAP,-0.605686937322095
LTA,KLF13,-0.605198395422546
LTA,KIF1C,0.605107422646708
LTA,ASCC1,0.604687777782492
LTA,SNRPG,0.604310461304559
LTA,LDHA,0.602837818858259
LTA,ATP6V1C1,0.602738887102039
LTA,STX4,0.602559010756218
LTA,TOB1,-0.601989360465278
LTA,RALBP1,-0.60174118179922
LTA,LPCAT4,-0.601216658711471
LTA,CYP20A1,0.600727126160634
LTA,RASSF7,-0.600713898295661
LTA,ABCD3,-0.600652370405015
LTA,GGA1,0.598698673065509
LTA,SSR2,0.597840612512282
LTA,PTPN18,-0.596956953010444
LTA,SRF,0.596350739167589
LTA,MAPRE1,0.595651111532353
LTA,STARD13,-0.594809358532297
LTA,PHF3,-0.593990091854519
LTA,FEM1B,0.592613492838498
LTA,TMED9,0.592360404325938
LTA,NINJ2,0.591772564448096
LTA,ERICH1,-0.591454657299079
LTA,HSF1,0.590988775837928
LTA,MKRN2,-0.589524912418927
LTA,MORC4,-0.58950037657186
LTA,MANSC1,-0.588990290688231
LTA,ECH1,-0.588744926336201
LTA,CDK19,-0.587951502736048
LTA,CCDC28A,-0.587096568247229
LTA,CTCF,-0.585786828268761
LTA,AKR1B1,-0.585468729139892
LTA,SMG9,0.585310232699838
LTA,NFRKB,-0.584409882515108
LTA,PERP,-0.583653954638154
LTA,NCOA4,-0.583279113935639
LTA,SNUPN,0.581650193050104
LTA,TMEM165,0.581441022912943
LTA,MAPK7,0.58134941226598
LTA,SNTB2,-0.580913311818529
LTA,FSCN1,0.579901461422956
LTA,FLNA,0.577979435893844
LTA,TDG,0.5771976393649
LTA,BAZ2B,-0.57718698712779
LTA,NAB1,0.576034529962878
LTA,PLXNC1,0.575639454584422
LTA,PDE6D,0.575409361855075
LTA,PLXNB2,0.575315557996938
LTA,KAT8,-0.575005346763325
LTA,LAMTOR3,0.574855072558528
LTA,CS,0.574658167604253
LTA,MAPKAPK2,0.573640654251567
LTA,PIGF,-0.572787928065366
LTA,APPL2,-0.572163523075185
LTA,VCP,0.5714542743796
LTA,TLN1,0.571344743183331
LTA,SCYL2,0.571307384146863
LTA,TUBA4A,-0.570809012502181
LTA,DDIT4,0.570595123113768
LTA,INTS3,-0.570238762578761
LTA,MKKS,0.570095423782393
LTA,PPOX,-0.56953068412563
LTA,A4GALT,0.567944517029443
LTA,TOP3A,-0.567666179117463
LTA,VPS28,-0.567644838547315
LTA,CDKN1C,-0.567091946369992
LTA,GDE1,-0.566739676145277
LTA,ATOX1,0.566184158537664
LTA,ATP2A2,0.565759816182255
LTA,ULK1,-0.565343043796429
LTA,REEP5,-0.565304844642716
LTA,ZFP36L2,-0.563659809080647
LTA,ADAM17,0.563636578470013
LTA,ZRSR2,-0.563271578576774
LTA,ZC2HC1A,-0.562790574279345
LTA,TUFT1,-0.562075264889757
LTA,FOXN2,-0.561979163935652
LTA,ZMIZ2,0.561861522963673
LTA,GNAI3,0.561714868297719
LTA,RPGR,0.560844795198865
LTA,CEP70,0.560381462936663
LTA,GNA12,0.559420219086555
LTA,TMEM127,0.558644551194817
LTA,S100PBP,-0.557899649470299
LTA,ZBTB7A,0.555855479302142
LTA,ALDH3A2,-0.55407099054129
LTA,SEC61B,0.553666838806113
LTA,AKR7A2,-0.552924146071749
LTA,SSBP2,-0.552873405361323
LTA,AKR7A3,-0.551927364486535
LTA,MRPS18B,-0.551514709866016
LTA,SMG8,0.551323053685184
LTA,PDE12,0.551258357242036
LTA,SIRT5,-0.551239575910067
LTA,GTF2F2,0.550132539159851
LTA,DHRS7,-0.549451814679621
LTA,RHOT1,-0.549450543431617
LTA,IKZF2,0.549325952488785
LTA,PHKG1,0.548767407966086
LTA,ZSCAN12,-0.547574081511004
LTA,EIF4H,0.547485961895302
LTA,STT3A,0.545798148298198
LTA,SUGP1,-0.545519281519915
LTA,LETMD1,-0.543814866565653
LTA,KPNA1,0.542692633819635
LTA,TK2,-0.541788173437683
LTA,UBAC1,0.541219687635215
LTA,B4GALT4,0.540910528997343
LTA,PPP6C,0.540614143174801
LTA,INSR,-0.540551460403562
LTA,LYRM4,0.540467970633902
LTA,SEC61G,0.539995649209066
LTA,BHLHB9,-0.539501130836499
LTA,HEBP2,-0.538598373580403
LTA,TMEM258,0.538121476881808
LTA,PLEC,-0.537922924087243
LTA,SRPK2,-0.537218239561186
LTA,CMTM6,0.536212265502164
LTA,LGALS3,0.535220272181336
LTA,SLC20A1,0.53511995473018
LTA,ASH2L,-0.534852664215782
LTA,COG4,-0.534740146030771
LTA,AFTPH,0.534522897171283
LTA,AHNAK,-0.534088731494026
LTA,PGM1,-0.533789621150106
LTA,DSE,0.533043437129555
LTA,BORCS6,-0.532500342673752
LTA,IP6K1,-0.532137155438628
LTA,PSD3,0.5310761070747
LTA,SNRK,-0.530684512061839
LTA,HTR2B,0.529515895524041
LTA,DGCR2,-0.529460022272252
LTA,TCFL5,0.528980543691947
LTA,PSMC2,0.528797317853643
LTA,TMED5,0.528506142914066
LTA,CNIH1,-0.528099417133419
LTA,IBTK,0.527819693795557
LTA,PKD2,0.526847819940319
LTA,HSPBAP1,-0.526128880871339
LTA,SLC35A1,-0.525815081525541
LTA,HPS5,0.52577658470905
LTA,SYNCRIP,0.524455079801057
LTA,PTPN12,0.524192595580846
LTA,ACBD3,0.524144316419534
LTA,SNRPD1,0.523957010223698
LTA,UBE2B,-0.523315113228615
LTA,CDC5L,0.523001833509848
LTA,TM9SF3,0.522579485261074
LTA,BTN3A2,-0.522536216969684
LTA,ARMCX3,0.521410844545657
LTA,SLC38A10,0.521329914596839
LTA,MSMO1,0.520285879884733
LTA,RAP2C,0.519977599138102
LTA,ARPC5,0.519954503413787
LTA,TBL2,0.519783869629336
LTA,PSRC1,-0.519559541171713
LTA,ZFP36L1,0.519201807158022
LTA,CRBN,-0.51794085991467
LTA,SMYD2,-0.517526506496179
LTA,AQP1,-0.517456526525556
LTA,SOX4,-0.517395824427389
LTA,RXRB,-0.51660421725646
LTA,PXN,-0.516550063535756
LTA,CLN3,0.515299250086617
LTA,RCAN3,-0.514932282023982
LTA,NGLY1,-0.51477613375572
LTA,TNRC6B,0.514536033783726
LTA,OPN3,-0.514105172317107
LTA,SERP1,0.51400596803433
LTA,MAEA,0.513762817378574
LTA,CSTF2T,0.513737012866075
LTA,RFC1,-0.513355853992865
LTA,IER3,0.512676197716588
LTA,PPP1R10,0.511051185822442
LTA,TANK,0.510944617983399
LTA,BRD8,-0.510521384108174
LTA,N4BP2L1,-0.510278175010586
LTA,CAPG,0.510153805677547
LTA,WDR82,-0.509968111530896
LTA,ARIH1,0.509865796253405
LTA,BCL7A,-0.509137238316642
LTA,KATNB1,-0.509031159281669
LTA,NECAP2,0.508780511463784
LTA,NARF,-0.50808896387656
LTA,PTPRJ,0.508068607000384
LTA,RPGRIP1L,0.507140011753513
LTA,S100A10,0.50693300668344
LTA,KPNA2,0.50690659503845
LTA,WDR5B,0.506321688736702
LTA,GNE,0.505908550914052
LTA,BBS1,-0.505750277207358
LTA,MTHFD2,0.505028427922404
TWEAK,TNFAIP3,1.62386701491639
TWEAK,BTN2A2,1.0721721869042
TWEAK,TNFAIP2,0.937526455122004
TWEAK,EHD1,0.852512040602329
TWEAK,NFKB2,0.797467429737488
TWEAK,NUP153,0.795586304894228
TWEAK,ETS1,0.782899061053009
TWEAK,NFKBIA,0.773358876534257
TWEAK,ZNF267,0.76648829160516
TWEAK,JUNB,0.7643927429549
TWEAK,BIRC2,0.757180381251002
TWEAK,MAP3K14,0.743949113183506
TWEAK,CD82,0.738707682793827
TWEAK,GADD45A,0.735963206904199
TWEAK,IRF1,0.732341469641453
TWEAK,FGD6,0.67593454242627
TWEAK,NFKB1,0.671195008304618
TWEAK,DRAM1,0.644523986972062
TWEAK,SDC4,0.598549616581659
TWEAK,G0S2,0.59597730788701
TWEAK,DUSP10,0.59565713865366
TWEAK,PANX1,0.578861857772646
TWEAK,HBEGF,0.578139742738832
TWEAK,TNIP2,0.565494363232919
TWEAK,IFNGR2,0.5615858359886
TWEAK,FOSL1,0.5114416015346
TWEAK,MN1,-0.494811241120601
TWEAK,PPIF,0.486472389583412
TWEAK,DDX58,0.45914549710669
TWEAK,RNF19B,0.452044188667377
TWEAK,STAT5A,0.446375452542238
TWEAK,PARP12,0.444039934229028
TWEAK,ZMIZ2,0.419999615285995
TWEAK,AHNAK2,-0.409455976740002
TWEAK,CLK4,0.408946200300391
TWEAK,EFHD2,0.402292918574315
TWEAK,NAP1L3,-0.395428947978349
TWEAK,CDC42EP4,0.392084818203641
TWEAK,TNIP1,0.388313030720366
TWEAK,OXTR,0.38324940966773
TWEAK,TNFRSF10B,0.369874370564615
TWEAK,ARNTL2,0.369394430425063
TWEAK,TAF4B,0.368193334893183
TWEAK,IL6ST,0.368158004315049
TWEAK,OTUD4,0.367633899792359
TWEAK,GCNT1,-0.355753211922901
TWEAK,PLA2G4C,0.353098739882618
TWEAK,PSMB10,0.344316932108745
TWEAK,ANKLE2,0.34366683812965
TWEAK,HIVEP1,0.336073571235612
TWEAK,DTX4,0.332496032915009
TWEAK,RAB9A,0.3307847647253
TWEAK,SLC12A7,0.330256819317292
TWEAK,GPRC5A,-0.3299929779929
TWEAK,RGS16,0.328017793704242
TWEAK,RFX5,0.326477195425465
TWEAK,SPHK1,0.325347253957739
TWEAK,SYTL2,-0.319706809802149
TWEAK,ARL6IP5,0.318444925544625
TWEAK,IER5,0.311074801241601
TWEAK,TAPBPL,0.310892027575462
TWEAK,PAPSS2,0.30946203764533
TWEAK,NECAP2,0.302798065952505
TWEAK,NOCT,0.300514205770153
TWEAK,PLEC,0.299948674495826
TWEAK,IFNAR1,0.294187836400567
TWEAK,CD44,0.293941856367976
TWEAK,PLEKHG3,0.293186984756369
TWEAK,CDK6,0.292183353135019
TWEAK,CREB3,0.2921306820824
TWEAK,TAP2,0.290247105652011
TWEAK,TRAF4,0.289925242894416
TWEAK,RAC2,0.287494937167175
TWEAK,CDKN2C,-0.287243968314455
TWEAK,EMP1,-0.286183836731972
TWEAK,RRS1,0.285514088919999
TWEAK,HIVEP2,0.27525597785823
TWEAK,SLC20A1,-0.273991209178689
TWEAK,RANGAP1,0.273452713193501
TWEAK,NXT1,0.270133401966978
TWEAK,TICAM1,0.26990991128109
TWEAK,TCF7L2,-0.267988716650489
TWEAK,JADE1,-0.267277005215831
TWEAK,EDN1,0.262794318588505
TWEAK,BAZ1A,0.262688225364403
TWEAK,GJC1,0.26146702093701
TWEAK,SLC25A37,0.260190517155287
TWEAK,LBH,-0.259446331594099
TWEAK,RGS2,-0.25856991576623
TWEAK,TXNIP,-0.257455579918199
TWEAK,CBLB,-0.256704298513419
TWEAK,CSRP1,0.254777181747201
TWEAK,GSTA4,-0.254123089068249
TWEAK,UAP1,0.2540520531334
TWEAK,CD47,0.25175451835733
TWEAK,SLC30A1,-0.249049469056062
TWEAK,SQSTM1,0.245339994710935
TWEAK,MAF,-0.241795428618516
TWEAK,TYK2,0.24115104510088
TWEAK,PPRC1,0.240464176978438
TWEAK,STX4,0.239639481306799
TWEAK,ITGA2,0.239570482656458
TWEAK,CDKN1B,-0.238827167003951
TWEAK,METTL1,0.237907439689769
TWEAK,ZCCHC24,-0.236353669975632
TWEAK,REL,0.235977084618626
TWEAK,ARMCX2,-0.235960506396225
TWEAK,C3orf52,0.235744872767175
TWEAK,ARL4C,-0.234412449260622
TWEAK,MAFF,0.233849764707063
TWEAK,NMI,0.231836492537953
TWEAK,HLA-F,0.231526766901188
TWEAK,FJX1,0.231326638698859
TWEAK,CHST11,0.230304571974961
TWEAK,PFDN1,0.227029765119325
TWEAK,PTGS2,0.226556690048095
TWEAK,GADD45B,-0.217549641045434
TWEAK,SPATA2,0.215872126682541
TWEAK,SLC35A1,-0.215775555894005
TWEAK,POGLUT1,0.215422115856631
TWEAK,MFHAS1,0.214829227482577
TWEAK,PAN2,-0.214271755348151
TWEAK,PML,0.214259950532726
TWEAK,SH2B3,0.21387367271714
TWEAK,PLEKHA2,-0.213111449516521
TWEAK,KLF6,0.207200291249141
TWEAK,F2R,-0.20648901130498
TWEAK,TAPBP,0.206460395125808
TWEAK,FCHSD2,0.20597573852046
TWEAK,ANKRD27,0.205127576958954
TWEAK,RELA,0.204918793106616
TWEAK,PRDM1,0.20407995581313
TWEAK,MSRB2,-0.203460552212593
TWEAK,PHF10,0.203399217858204
TWEAK,NFKBIB,0.20273194977826
TWEAK,BBS10,-0.202648242744656
TWEAK,PRKACB,-0.202541600199096
TWEAK,DUS4L,0.202484369548776
TWEAK,CELSR2,-0.201319831642367
TWEAK,ZMYM5,-0.200252539050636
TWEAK,HNRNPD,-0.19981489867253
TWEAK,ITGAV,0.199215762825499
TWEAK,CD58,0.198589884839899
TWEAK,ZSCAN31,-0.19829241539462
TWEAK,BTN3A1,0.197319309417988
TWEAK,IRF2,0.19698666283465
TWEAK,GPR157,0.196208698788135
TWEAK,NOLC1,0.196007393722336
TWEAK,PCTP,-0.195581743486699
TWEAK,MAP7D1,0.195411933385142
TWEAK,MBD5,-0.193036104531735
TWEAK,JMJD1C,-0.19281014992271
TWEAK,GEM,0.19220904895863
TWEAK,DPH2,0.192083348122661
TWEAK,TBC1D4,0.191333779330027
TWEAK,PITPNB,0.191288439273601
TWEAK,ASF1A,-0.191169057371066
TWEAK,NRAS,0.191097684821843
TWEAK,IFNAR2,0.190921625660339
TWEAK,PSMB8,0.190094864691201
TWEAK,PAK1IP1,0.189176453625201
TWEAK,NRIP1,0.188474584610347
TWEAK,LHFPL2,0.1867263907665
TWEAK,TOMM34,0.185809466971282
TWEAK,PDP1,-0.185659060439518
TWEAK,CITED2,-0.185040798308971
TWEAK,MAK16,0.184700390264755
TWEAK,SACS,0.183629569121392
TWEAK,PDCD5,0.183494019576011
TWEAK,TAB2,0.182595366645661
TWEAK,VPS37C,0.182299501834045
TWEAK,TIMP2,-0.181791009461156
TWEAK,PPM1B,-0.181174615016671
TWEAK,SRPK1,0.180978429575989
TWEAK,BBOF1,-0.18096406058668
TWEAK,WFS1,-0.180117056529955
TWEAK,BID,0.180068127198309
TWEAK,SQLE,0.177052111468594
TWEAK,PLEKHF2,-0.176850987145369
TWEAK,PRRC2C,0.176468749792647
TWEAK,TRIM45,-0.176162559862109
TWEAK,EMP3,0.176038063736141
TWEAK,TNFAIP8,0.175928923764193
TWEAK,MMD,0.175557871417592
TWEAK,C11orf68,0.175057194712259
TWEAK,SPATA7,-0.173801194407595
TWEAK,VASH2,0.173560620488222
TWEAK,RAB30,-0.172898276900239
TWEAK,PCYOX1,-0.172856074964626
TWEAK,GABPB1,0.17269797039695
TWEAK,IMPA2,-0.172597975317565
TWEAK,GRPEL1,0.172492656864284
TWEAK,TSPAN13,-0.172247392316036
TWEAK,STK10,0.172078023839449
TWEAK,TRAM2,-0.16981605491222
TWEAK,SOX12,-0.169595624535082
TWEAK,PXMP4,-0.169533899403682
TWEAK,UFL1,-0.169327223375515
TWEAK,WBP2,0.169201473111761
TWEAK,ELF4,0.169047594247314
TWEAK,EGR2,0.168941287799652
TWEAK,LRRC8B,0.168866060678909
TWEAK,ARMCX3,-0.167237313302264
TWEAK,S1PR2,0.166690011025234
TWEAK,ZNF623,-0.16655856505232
TWEAK,TTC30A,-0.1659131226361
TWEAK,MAP3K5,0.16591277673979
TWEAK,PNMA1,-0.165757006891699
TWEAK,GNA12,0.1656160358463
TWEAK,AZIN1,0.165002132993784
TWEAK,DENND5B,-0.16474621741127
TWEAK,SMIM14,-0.164477921859788
TWEAK,NAMPT,0.163891314379296
TWEAK,ANKMY2,-0.163722966060901
TWEAK,HSD17B11,-0.163619201983014
TWEAK,PPP1R15A,0.163455036431165
TWEAK,EHHADH,-0.163418149082973
TWEAK,VEZT,0.162324082614306
TWEAK,GRINA,0.161685914064819
TWEAK,ICMT,-0.16161691550543
TWEAK,RBM6,-0.161454791591654
TWEAK,CYB5A,0.161418792155577
TWEAK,DIS3,0.16131348869154
TWEAK,IQSEC1,0.160614841949705
TWEAK,IDH1,-0.160207424726
TWEAK,VWA5A,-0.160062169481245
TWEAK,EGR3,0.1596762139872
TWEAK,DNAJB4,-0.158019036106554
TWEAK,SLCO3A1,0.15792630165398
TWEAK,NAV2,0.157360973759603
TWEAK,PSRC1,-0.156843259461951
TWEAK,TRADD,0.156724950375326
TWEAK,DDIT4,-0.156501971321561
TWEAK,GPATCH2L,0.156395116122083
TWEAK,SOCS5,-0.15618117683646
TWEAK,BAZ2B,-0.156032672902246
TWEAK,WDR48,0.155869276023406
TWEAK,TCEAL1,-0.155714129399129
TWEAK,ACTN1,0.155692344575405
TWEAK,PTPN13,-0.155390459214075
TWEAK,PARP16,-0.154969451601906
TWEAK,UGCG,0.15495426588326
TWEAK,ZNF184,-0.154894035781719
TWEAK,ORAI3,-0.154245539962405
TWEAK,FKBP1B,-0.154154240094339
TWEAK,POLR3D,0.153918598654075
TWEAK,SMURF1,0.15384503073327
TWEAK,CAMKK2,0.153071113421103
TWEAK,LAMB1,-0.152826818202202
TWEAK,RNF114,0.152700022459971
TWEAK,APEX2,0.152698423649468
TWEAK,PIGP,-0.152695365524545
TWEAK,AVPI1,-0.152599992572654
TWEAK,TXLNG,0.152407524452419
TWEAK,DCK,-0.152158033876329
TWEAK,RIT1,-0.152100814180101
TWEAK,KLHL12,-0.151984175898374
TWEAK,ATP7A,-0.151070098415693
TWEAK,TRIM2,-0.150940807349512
TWEAK,PPL,-0.149393195428031
TWEAK,ZNF211,-0.14812519525523
TWEAK,TANK,0.147177263186498
TWEAK,SLC2A1,-0.146791794444485
TWEAK,DDX21,0.146458892818803
TWEAK,AP1AR,0.145886968931839
TWEAK,TSPYL4,-0.145473177227698
TWEAK,YRDC,0.14546916725519
TWEAK,BRD8,-0.14517944497071
TWEAK,AZI2,-0.145164598726283
TWEAK,GSE1,-0.14512739370328
TWEAK,FNBP1L,-0.14493771635944
TWEAK,NFYB,-0.144799868367434
TWEAK,BPTF,-0.1442879569264
TWEAK,BHLHB9,-0.14417111055541
TWEAK,WDR4,0.143761639652763
TWEAK,ADTRP,0.143263347350236
TWEAK,STAT1,0.142986597996996
TWEAK,DDX42,0.14294924605798
TWEAK,EAPP,-0.142890697993588
TWEAK,HCFC2,-0.142105198093376
TWEAK,CETN3,-0.141272947678399
TWEAK,TUBA4A,-0.141077496760202
TWEAK,PARP8,0.140964340613315
TWEAK,YARS2,0.14086062047768
TWEAK,PEX11A,-0.140596012538951
TWEAK,ERMP1,-0.140173073004826
TWEAK,LIN7B,-0.139715396427407
TWEAK,FAM114A2,-0.139146016814918
TWEAK,UGP2,-0.138963208486634
TWEAK,NEDD4L,0.138832224319101
TWEAK,TSPO,0.138730794630551
TWEAK,TTC27,0.138471306529116
TWEAK,EPM2AIP1,-0.13824224767148
TWEAK,FANCL,-0.138221870305699
TWEAK,ATP8B1,-0.138160257000099
TWEAK,PSME4,0.138146550643561
TWEAK,TFE3,0.137742323331908
TWEAK,TRIP10,0.137669859484112
TWEAK,ERAP2,0.13762935882339
TWEAK,NFE2L2,0.137539666105728
TWEAK,CAPN7,-0.137523172872829
TWEAK,UAP1L1,-0.137491839534638
TWEAK,GCDH,0.137404867065486
TWEAK,HSPBAP1,-0.13736513798295
TWEAK,STOML1,0.13692193258111
TWEAK,SPATA5L1,0.136218250605202
TWEAK,SLC38A2,-0.135532938289547
TWEAK,ZBTB18,-0.135236649665297
TWEAK,SCAF4,-0.135203471982321
TWEAK,TRIB2,-0.134936117644676
TWEAK,FAM8A1,-0.134481500767981
TWEAK,SEPHS1,-0.134477184147459
TWEAK,GPSM2,-0.134419525002592
TWEAK,POLR1C,0.134367895585539
TWEAK,TDRD7,0.134196486383999
TWEAK,TMEM53,-0.134133207249339
TWEAK,DDA1,0.133565134460401
TWEAK,SLC39A6,0.133458920429471
TWEAK,GRWD1,0.133253153993421
TWEAK,CNOT3,-0.13298247254075
TWEAK,MRPL4,0.132962589850633
TWEAK,B4GALT5,0.132819144579411
TWEAK,HIVEP3,0.132623612835021
TWEAK,GTF2IRD1,-0.132194444731519
TWEAK,PHYH,-0.132059531045419
TWEAK,ZNF185,-0.131369164111794
TWEAK,RFXAP,-0.131194655897276
TWEAK,ZMYM3,-0.1308299612998
TWEAK,KBTBD2,0.130814431405369
TWEAK,TP53BP2,0.130797166306696
TWEAK,CDC7,-0.130605816952089
TWEAK,RBBP6,-0.130411611816946
TWEAK,METTL2B,0.130301988529689
TWEAK,SPDL1,-0.129771326947569
TWEAK,CEP162,-0.129636816070725
TWEAK,LPIN1,-0.12955209504975
TWEAK,C1GALT1,-0.129513161251511
TWEAK,SARAF,-0.128792341295836
TWEAK,SPEN,0.128776531567048
TWEAK,AKR1C3,-0.128742891955058
TWEAK,SGSM2,-0.128691176652309
TWEAK,PXDC1,-0.128603378398957
TWEAK,NPR2,-0.128457374990289
TWEAK,PFN1,0.128446556611001
TWEAK,TAF15,-0.128009010891702
TWEAK,SECISBP2L,-0.128005438418718
TWEAK,FAIM,-0.12768869749193
TWEAK,UBL3,-0.127647585971276
TWEAK,TNS1,-0.12762494125827
TWEAK,SLC4A7,0.12753710093819
TWEAK,CNOT8,-0.126984454435302
TWEAK,MAX,0.126789045099486
TWEAK,ZNF532,-0.12661274585847
TWEAK,C6orf62,0.12641531085524
TWEAK,KLHL36,0.126258566434419
TWEAK,IFNGR1,0.126150198715782
TWEAK,LGALS3,0.126057342097409
TWEAK,ZNF354A,0.126039460266702
TWEAK,ADORA2B,-0.125948421050532
TWEAK,ANKRD28,-0.12586540448338
TWEAK,POGZ,-0.125451559883642
TWEAK,TUBA1A,-0.125037652864298
TWEAK,DDX19A,0.12500436695724
TWEAK,ALDH1B1,0.124986694988692
TWEAK,OSBPL8,-0.124858396381457
TWEAK,IFT74,-0.124593446368271
TWEAK,HELZ,-0.124553859497064
TWEAK,TNRC6B,-0.124347399946201
TWEAK,ARHGEF17,-0.12427405044059
TWEAK,TRO,-0.123956781172657
TWEAK,CASP6,-0.123884956175161
TWEAK,LTBP3,-0.12382681335912
TWEAK,RNFT1,-0.12377320504334
TWEAK,NABP1,0.123585547740972
TWEAK,EGLN1,0.123554802633032
TWEAK,FBXO31,0.123356032844562
TWEAK,G3BP1,0.122594871409758
TWEAK,SORT1,-0.122503069085911
TWEAK,EDEM2,-0.122484643497868
TWEAK,DSN1,-0.122373348574351
TWEAK,WDFY3,-0.122310860728016
TWEAK,UTP14A,0.122195180466595
TWEAK,CTDSPL,-0.122116658714646
TWEAK,RAP1B,0.122064311043584
TWEAK,LRRC8D,0.121636270615701
TWEAK,CLN5,0.121495809058891
TWEAK,SLC52A2,0.121226010502585
TWEAK,CUL4B,-0.121124506736853
TWEAK,TBC1D19,-0.12108705804053
TWEAK,TMEM19,-0.121057747490955
TWEAK,DEPTOR,-0.120992531562974
TWEAK,GTPBP8,-0.120809420160315
TWEAK,POLI,-0.120559286968838
TWEAK,OTUD3,-0.120508544941172
TWEAK,ACP6,-0.120190415950661
TWEAK,DAXX,0.120033504734893
TWEAK,KAT2B,-0.119686704531908
TWEAK,BUD31,0.1195906143143
TWEAK,RNF146,-0.119539756733989
TWEAK,USP47,-0.11947043165433
TWEAK,STRN3,-0.119351395543111
TWEAK,CTSL,-0.1187688667135
TWEAK,NIP7,0.118682760117524
TWEAK,GTPBP4,0.118643126393531
TWEAK,RRNAD1,-0.118642782493642
TWEAK,ERMAP,-0.11848276032189
TWEAK,RHOG,0.118448063816279
TWEAK,GTF3C4,0.118406239988179
TWEAK,KLF4,0.118260120762784
TWEAK,FAM13B,-0.118257069922061
TWEAK,RNF11,-0.118046622044298
TWEAK,ATF7IP2,-0.118040107031121
TWEAK,PJA2,-0.117361604787479
TWEAK,ROGDI,-0.11733586349994
TWEAK,BICC1,-0.117329192368068
TWEAK,PKM,0.11702555370319
TWEAK,NDUFC1,-0.116991545092404
TWEAK,ELP4,-0.116836144261502
TWEAK,SACM1L,-0.116778945190401
TWEAK,NOP16,0.11670083416684
TWEAK,RIPK2,0.11666829187755
TWEAK,VAMP4,-0.11609941628365
TWEAK,HBP1,-0.116052504951293
TWEAK,COL5A1,-0.115758700436615
TWEAK,BBS9,-0.11573666266072
TWEAK,PEX2,-0.115627487930362
TWEAK,AGGF1,-0.115353168811396
TWEAK,PRR14,0.11523651663992
TWEAK,SCG5,-0.114942228245131
TWEAK,MED20,-0.114904294482246
TWEAK,JAG2,-0.114555279940301
TWEAK,PKIA,-0.114346480819854
TWEAK,SHMT2,0.114253507632299
TWEAK,KATNBL1,-0.114233660721791
TWEAK,TRIM5,-0.11421166537856
TWEAK,MRTO4,0.114127063016491
TWEAK,SUPT7L,-0.114078550135662
TWEAK,CLPX,-0.113941791431209
TWEAK,BET1,-0.113933313665401
TWEAK,SERPINI1,-0.113713725101429
TWEAK,PHACTR4,-0.113712259935717
TWEAK,DNAAF2,0.11370438741408
TWEAK,SNX16,-0.113699194722968
TWEAK,STX6,0.113693354125548
TWEAK,BDH2,-0.113219302798058
TWEAK,PAFAH1B3,-0.1130540317245
TWEAK,PPP2R1B,0.112715057152469
TWEAK,TNPO2,0.112528634858059
TWEAK,ZNF451,-0.112364145167447
TWEAK,MYO9A,-0.11220455408501
TWEAK,PKD2,-0.11191526329106
TWEAK,SCAMP3,0.11188262412332
TWEAK,FAM102A,-0.111872328197406
TWEAK,TELO2,0.111852420257184
TWEAK,SLC35A5,-0.111764682533561
TWEAK,TGFBR2,-0.111747040042061
TWEAK,TNFSF4,0.111638770327381
TWEAK,AASS,-0.111633704220225
TWEAK,TCFL5,-0.111204420881107
TWEAK,CEP104,-0.110935947713809
TWEAK,HSF2,-0.110881563044014
TWEAK,NOTCH3,-0.110867326232284
TWEAK,GNA13,0.110719166209005
TWEAK,FAM131A,-0.1106839501743
TWEAK,MOSPD1,-0.110655989782052
TWEAK,ZNF322,-0.110643535953292
TWEAK,DLD,0.110570550225777
TWEAK,HMMR,-0.110204242623853
TWEAK,RALGPS2,-0.110201925994271
TWEAK,PHKB,-0.11007812940224
TWEAK,MAGEH1,-0.1098292088245
TWEAK,SMS,-0.109816218600704
TWEAK,FAR2,0.109664064550921
TWEAK,UBE2G2,0.109598112583377
TWEAK,MYO1C,0.109578139030409
TWEAK,PPFIA4,-0.10955066172685
TWEAK,MCCC1,-0.10952024732681
TWEAK,PDE8A,0.10924918995693
TWEAK,MYLIP,-0.10919153060279
TWEAK,REXO4,0.109017018488881
TWEAK,OPA3,0.10891045589708
TWEAK,ISG20L2,0.10884173638191
TWEAK,TRAFD1,0.108625297468166
TWEAK,TM2D1,-0.10855614327877
TWEAK,TNFAIP1,0.108516056693992
TWEAK,PLXNA1,0.108417008398309
TWEAK,FBXO21,-0.10834921143468
TWEAK,NEK1,-0.108316174492533
TWEAK,KLHL29,0.108140847053505
TWEAK,MCCC2,0.108065267056809
TWEAK,MEGF9,-0.107961110993591
TWEAK,ARMT1,-0.107824875843126
TWEAK,MBIP,-0.107797732904421
TWEAK,ZFP37,-0.107684910365398
TWEAK,ABHD6,-0.107674109837279
TWEAK,PMM1,-0.10761617747093
TWEAK,CLIP4,-0.107373118930526
TWEAK,TCF12,-0.10735236915001
TWEAK,ING4,-0.10721635843305
TWEAK,SLC9A6,-0.107198110885298
VEGFA,RCAN1,1.385721972231
VEGFA,DUSP5,1.15720307361158
VEGFA,PTGS2,1.13016224231743
VEGFA,HBEGF,0.943672980456798
VEGFA,NR4A2,0.894376403667262
VEGFA,TXNIP,-0.877562065370657
VEGFA,ZFP36,0.865370761483431
VEGFA,EGR1,0.852624866020646
VEGFA,DUSP1,0.767152537055563
VEGFA,GEM,0.650560165671246
VEGFA,CITED2,0.6090579763982
VEGFA,EGR3,0.577670055025511
VEGFA,RGS2,0.575373112167064
VEGFA,NDRG1,0.529626364680982
VEGFA,RGL1,0.483415511275788
VEGFA,DDIT4,-0.480239719070636
VEGFA,EGR2,0.414809022733806
VEGFA,SYNM,0.406583694945085
VEGFA,UBE2J1,0.40656706355726
VEGFA,DNAJB9,0.395379619435092
VEGFA,YRDC,0.3942581057243
VEGFA,PLAT,0.381484778220724
VEGFA,INSIG1,0.353255025307867
VEGFA,NT5E,0.342749045166758
VEGFA,MAFF,0.333080728901807
VEGFA,AKAP12,0.33292505980318
VEGFA,JUNB,0.328287161286811
VEGFA,PRDM1,0.320587193371391
VEGFA,GADD45A,-0.316963391157159
VEGFA,SLC4A7,0.316615394677289
VEGFA,EMP1,0.314992900482165
VEGFA,HSPA5,0.312961102414054
VEGFA,MN1,-0.309947353532039
VEGFA,ETS1,0.305287231337337
VEGFA,TNFAIP3,0.305011336949252
VEGFA,ENC1,-0.29934323834011
VEGFA,TIPARP,0.298212729592113
VEGFA,APOLD1,0.290351460901048
VEGFA,HERPUD1,0.288340134508078
VEGFA,DDIT3,0.286680266871748
VEGFA,KLF4,0.280217179161084
VEGFA,PLPP3,0.273048072442654
VEGFA,FAM3C,0.268294476557217
VEGFA,NISCH,-0.261508900127527
VEGFA,IER2,0.260267418833677
VEGFA,SDF2L1,0.258452823835339
VEGFA,EDN1,-0.257350702924259
VEGFA,ULBP2,0.252045021497009
VEGFA,ARL4A,-0.249384999999997
VEGFA,MCL1,0.24909044826643
VEGFA,IDI1,0.248718441420002
VEGFA,ARL4C,0.244293797747083
VEGFA,MIS12,0.238872232539149
VEGFA,SLC35G2,0.238829115128374
VEGFA,LBH,0.236996490326966
VEGFA,CRY1,0.232508959505959
VEGFA,LRRC8B,0.230329868588409
VEGFA,DUSP4,0.229384223434582
VEGFA,HMGCS1,0.228703167334531
VEGFA,IVNS1ABP,0.227295671190894
VEGFA,ID3,0.225562895575496
VEGFA,ITGAV,0.224174780002379
VEGFA,XBP1,0.222863608062967
VEGFA,EIF2AK3,0.222709983075383
VEGFA,MBNL1,0.222470812124057
VEGFA,COQ10B,0.221117091640894
VEGFA,KBTBD2,0.218345578007613
VEGFA,ATP8B1,0.217411385164047
VEGFA,SQLE,0.215404185960689
VEGFA,ATP2B1,0.213079499999999
VEGFA,RRP15,0.207870463711896
VEGFA,SLC39A14,0.207299499999998
VEGFA,MAP1LC3B,0.205897145385137
VEGFA,UGCG,0.205145271041725
VEGFA,CEP68,-0.204970680739779
VEGFA,TRIB3,0.204822723062105
VEGFA,HIVEP2,0.203675405946034
VEGFA,SUSD6,0.202416765704737
VEGFA,AMD1,0.20185828347108
VEGFA,ZCCHC14,0.201383553014385
VEGFA,DDX18,0.20013679606244
VEGFA,UGDH,0.200125686963004
VEGFA,MTHFD2,0.195882864531503
VEGFA,TNFAIP1,0.19449920686286
VEGFA,IGFBP3,0.192315062129142
VEGFA,MANF,0.191684009793145
VEGFA,UGGT2,0.19150311803177
VEGFA,EDEM1,0.191475762258101
VEGFA,EPHB4,-0.189541564801019
VEGFA,ZNF281,0.189082633871029
VEGFA,IER3,0.189004791103456
VEGFA,B3GNT2,0.187878391382214
VEGFA,CASP3,0.187723305445444
VEGFA,HDAC11,-0.187656267159343
VEGFA,NEDD4L,0.187540764421365
VEGFA,CHD8,-0.1869718475421
VEGFA,GOLPH3,0.186359462899054
VEGFA,KDM7A,0.186037234207132
VEGFA,PNO1,0.184532014736957
VEGFA,ZMYND8,-0.184321901022238
VEGFA,ZNF395,-0.183844245619599
VEGFA,TRIM2,0.180335344241574
VEGFA,SLC30A1,0.179883245975064
VEGFA,YPEL1,-0.178702402269006
VEGFA,MED12,-0.17784230202589
VEGFA,HYOU1,0.177398478765719
VEGFA,BTG3,0.17541747269337
VEGFA,NRIP1,0.174741112980239
VEGFA,UAP1L1,-0.173627544207902
VEGFA,MOSPD1,0.171400841076139
VEGFA,TRIP10,-0.170940242689164
VEGFA,ETF1,0.170340795652157
VEGFA,NFE2L2,0.170219545079834
VEGFA,TMEM187,-0.170074588677351
VEGFA,KCTD12,-0.169625693039562
VEGFA,CDKN1C,-0.169330465406334
VEGFA,HMGCR,0.169283167609444
VEGFA,SSBP3,-0.1692026942655
VEGFA,CYCS,0.168399517544963
VEGFA,KLF10,0.168192733545165
VEGFA,ADGRA2,-0.167781110645317
VEGFA,BNIP2,0.166777103502825
VEGFA,CCNH,0.165955406118155
VEGFA,DDX21,0.164396722705439
VEGFA,TNFSF4,0.164230608323607
VEGFA,ACIN1,-0.164087430257479
VEGFA,SOWAHC,0.163161817883385
VEGFA,MFSD6,0.16311775
VEGFA,CYFIP2,-0.163097749999999
VEGFA,DUSP10,0.162910727428362
VEGFA,TRIB2,0.16277267962434
VEGFA,B4GALT5,0.162290694615512
VEGFA,CCNJ,-0.161072850014546
VEGFA,NAB2,0.161038939239115
VEGFA,PEX11A,-0.160773760988963
VEGFA,PLXNA2,0.160571500000001
VEGFA,MEPCE,-0.160210632967476
VEGFA,CDKN1B,-0.16004448674571
VEGFA,TMED5,0.159918935456902
VEGFA,SSH1,0.159185832612027
VEGFA,PLPP1,0.158591841094286
VEGFA,ZNF614,0.15761976467202
VEGFA,PDLIM7,-0.157438686270374
VEGFA,SMIM14,0.156235129054687
VEGFA,SMARCA5,0.155674947554097
VEGFA,PTS,0.15562408155245
VEGFA,KRT10,0.154759231817224
VEGFA,NMRK1,-0.154295543842373
VEGFA,APEH,-0.154113103284733
VEGFA,TAGLN,-0.153116865084557
VEGFA,TFB2M,0.152045125
VEGFA,TRAF4,0.151762281682815
VEGFA,SLC2A4RG,-0.15109294129029
VEGFA,FILIP1L,0.150959873102688
VEGFA,CDK2AP2,0.150731607579624
VEGFA,SAT1,0.150655409552241
VEGFA,PPP1R15A,0.15061848396146
VEGFA,ING4,-0.150395313472182
VEGFA,NRBF2,0.150378466173103
VEGFA,CD9,0.150016386746657
VEGFA,GBP2,-0.149574084688215
VEGFA,MOAP1,0.149349153213516
VEGFA,GPS1,-0.149132665923043
VEGFA,MTSS1,0.149028886463564
VEGFA,EIF1,0.148972479037326
VEGFA,NFAT5,-0.148822924437353
VEGFA,GTPBP4,0.148422749999999
VEGFA,NUP214,-0.147587821073933
VEGFA,BRIX1,0.146316742209517
VEGFA,SLC25A37,0.14626535455963
VEGFA,MAK16,0.144865053217063
VEGFA,DIS3,0.144694721672462
VEGFA,ZBTB10,0.144498138507861
VEGFA,WASF2,-0.143937713929546
VEGFA,DDAH2,-0.143751531675414
VEGFA,PXN,-0.143365119764558
VEGFA,ELOVL5,0.14238142001243
VEGFA,TMEM41B,0.142246999999999
VEGFA,BRD3,-0.141818134345845
VEGFA,FKBP14,0.141731001256348
VEGFA,IP6K1,-0.141627196738062
VEGFA,DNAJB4,-0.141567430618418
VEGFA,MDK,-0.141179249666299
VEGFA,TLN1,-0.140977219068036
VEGFA,C11orf68,-0.140767280837851
VEGFA,GFPT1,0.140666788005644
VEGFA,SOCS6,0.140349058163901
VEGFA,HAT1,0.140235000000001
VEGFA,PRMT2,-0.139569826628194
VEGFA,MTDH,0.139399772079881
VEGFA,EDEM3,0.139290941966427
VEGFA,KLF3,0.139182563910419
VEGFA,SLC7A6,0.139106996402137
VEGFA,WASF3,-0.139024305
VEGFA,RANGAP1,-0.139009697612678
VEGFA,ECH1,-0.138812
VEGFA,RAB11FIP5,-0.138694617430637
VEGFA,RAP1B,0.138287356304751
VEGFA,NOCT,0.138272439493386
VEGFA,UBTF,-0.138233582651819
VEGFA,SEC24D,0.1377284779947
VEGFA,SPOP,-0.137481002006745
VEGFA,CCDC47,0.137456878641048
VEGFA,ZCCHC24,-0.137381499052933
VEGFA,EFNA4,-0.137183110576736
VEGFA,NUDT15,0.1369566852141
VEGFA,CDK16,-0.136750400291945
VEGFA,RB1,0.136425580086383
VEGFA,ANKRD28,0.136300724499514
VEGFA,PI4KB,-0.136161374398255
VEGFA,NAB1,0.135899728666807
VEGFA,RYBP,0.135769282685807
VEGFA,TMEM87A,0.135646839814678
VEGFA,RHOB,-0.135527217829077
VEGFA,SLC19A2,0.135471548793708
VEGFA,SDC4,0.135211802485271
VEGFA,NEK7,0.135156112060079
VEGFA,KHNYN,-0.134990000000002
VEGFA,FJX1,0.134554373707747
VEGFA,MAF,-0.134526644014621
VEGFA,EFEMP2,-0.13438906358837
VEGFA,PRKAB1,-0.133910461754696
VEGFA,SRR,-0.133779269180275
VEGFA,CHMP2B,0.133591095039526
VEGFA,NDEL1,0.133522770437413
VEGFA,TSC22D2,0.133232753778033
VEGFA,CKS2,0.132887908149222
VEGFA,PNRC1,0.132525382807563
VEGFA,MAP4K3,0.132463290595087
VEGFA,DERL2,0.132369506889645
VEGFA,PLEKHF2,0.132356378399352
VEGFA,ACBD3,0.132302443905498
VEGFA,CBLB,-0.1322506976275
VEGFA,DBF4,0.132176691080765
VEGFA,MBOAT2,-0.13125521761001
VEGFA,SEMA6C,-0.130889457853056
VEGFA,GCNT1,-0.130880102816634
VEGFA,TRAF6,0.130635519331396
VEGFA,OGT,0.1305996200919
VEGFA,SERPINB8,0.130553044211045
VEGFA,WTAP,0.130511597397042
VEGFA,CDC20,-0.130433307473814
VEGFA,AHNAK2,-0.130191673276719
VEGFA,CHSY1,0.130058664182581
VEGFA,PORCN,-0.129988745226204
VEGFA,AHI1,0.129889051724187
VEGFA,ATP1B1,0.129703007470523
VEGFA,GGA3,-0.129214742546658
VEGFA,ANKMY2,-0.129143438591815
VEGFA,FYN,-0.128863625693296
VEGFA,STAT1,-0.128641060044043
VEGFA,CCDC88A,-0.128631600500492
VEGFA,EFNB2,0.128510025757083
VEGFA,SERTAD2,0.128311827642944
VEGFA,ZFP36L2,0.127938358722038
VEGFA,TRIM68,-0.127935201686054
VEGFA,CACNB3,-0.127817237788161
VEGFA,SRPRB,0.127756787525147
VEGFA,FKBPL,-0.127719252169883
VEGFA,NLK,0.127676858679989
VEGFA,FAM50B,-0.127489123521245
VEGFA,SLC52A2,0.12747225487002
VEGFA,DOLK,-0.127415785299185
VEGFA,REXO4,-0.127282722000707
VEGFA,KLF6,0.127079333738488
VEGFA,CSGALNACT2,0.127010373164855
VEGFA,GNA13,0.126791254770641
VEGFA,FBXL2,-0.126700675348266
VEGFA,NPR2,-0.12660834824016
VEGFA,POLL,-0.126370741724655
VEGFA,SETX,0.126364871532245
VEGFA,GCLM,0.126337680584795
VEGFA,GRN,-0.126194888749999
VEGFA,MYH10,-0.126170293122111
VEGFA,SF3A2,-0.126167489295915
VEGFA,TPMT,0.126120611735783
VEGFA,DEK,0.125938532746312
VEGFA,ADAM10,0.125915514890427
VEGFA,ZNF211,-0.125906921519471
VEGFA,SEC23B,0.125852647147687
VEGFA,ATP1B3,0.125490211265083
VEGFA,ZNF267,0.125265178476053
VEGFA,POLD4,-0.125091517077141
VEGFA,FLII,-0.124947402499999
VEGFA,RBM7,0.124920778047712
VEGFA,IL6ST,0.124708558321349
VEGFA,FOSL1,0.12460248031765
VEGFA,SAV1,0.124599230926276
VEGFA,CBFB,0.124379663660527
VEGFA,RNF138,0.124312219461915
VEGFA,MAPK6,0.123466692456053
VEGFA,SAC3D1,-0.123381333421634
VEGFA,ARF4,0.12323085441236
VEGFA,LZTFL1,0.122930930213419
VEGFA,GRPEL1,0.122838230514053
VEGFA,RAB3B,-0.122661467410153
VEGFA,AKAP13,0.1225345
VEGFA,NDST1,0.12236473989709
VEGFA,SLC30A5,0.122343707249525
VEGFA,JOSD1,0.12177918642128
VEGFA,COG4,-0.12146121425
VEGFA,C2orf68,-0.12128875
VEGFA,ACADM,0.121252890850014
VEGFA,GNL2,0.121224154884789
VEGFA,HCFC1R1,-0.120806186449395
VEGFA,MYL6B,-0.120709494336573
VEGFA,EOGT,0.120577565310139
VEGFA,SEH1L,0.120461061180998
VEGFA,BRD8,-0.120439500000001
VEGFA,RAD51AP1,0.120408510116804
VEGFA,ZFP36L1,-0.120332016240848
VEGFA,MMS19,-0.120278143246013
VEGFA,TTLL1,-0.120120031958744
VEGFA,MSL1,-0.120020455923475
VEGFA,THBS3,-0.119959489687632
VEGFA,NIPSNAP1,-0.119817586370056
VEGFA,FRMD4A,-0.119556137401383
VEGFA,ZSCAN16,-0.119302557390745
VEGFA,ZNF175,-0.119076484733255
VEGFA,NPC1,0.118976775635841
VEGFA,SNRPD1,0.118861324797687
VEGFA,METTL1,0.118826863639887
VEGFA,COL5A1,-0.118643761326056
VEGFA,BCAR3,-0.118560698985382
VEGFA,SPATA20,-0.118421214387487
VEGFA,BLVRB,-0.118207774540693
VEGFA,VAT1,-0.118161145121188
VEGFA,LRRFIP1,0.118122553445836
VEGFA,CD46,0.117998030604251
VEGFA,TM7SF3,-0.117921575788757
VEGFA,ZEB1,0.117872902836241
VEGFA,MPST,-0.117703775743222
VEGFA,RAC2,-0.117691853515948
VEGFA,ACAA2,-0.117664501407062
VEGFA,PPFIBP1,-0.117560991665337
VEGFA,SOX12,-0.117158491982519
VEGFA,NAMPT,0.117155683035441
VEGFA,AKAP8L,-0.117040010278949
VEGFA,SERP1,0.116829300266399
VEGFA,NR2F6,-0.116671898507579
VEGFA,PELI2,-0.116606968163771
VEGFA,ANKRA2,-0.116501930374244
VEGFA,MAFG,0.116455653343948
VEGFA,UPP1,0.11629308451559
VEGFA,KLHL2,0.116211204590047
VEGFA,TRIM45,-0.116121399699399
VEGFA,MVP,-0.11608152131965
VEGFA,TMEM208,0.115884879715025
VEGFA,CLASP2,0.115880707579599
VEGFA,ACOT13,-0.115877688767843
VEGFA,PDE4D,0.11582008853288
VEGFA,TOB1,0.115609683110651
VEGFA,NXT1,0.115480024147814
VEGFA,ZMYM3,-0.1153895
VEGFA,VPS28,-0.115315004317731
VEGFA,KLF13,0.115259750000001
VEGFA,CABIN1,-0.115206355321936
VEGFA,PLCD1,-0.115103419459125
VEGFA,OXLD1,-0.114938000000002
VEGFA,CREB3L2,0.114618810417532
VEGFA,ASMTL,-0.114604540917714
VEGFA,DCAF11,-0.114558225757356
VEGFA,PFKFB3,0.11429030807723
VEGFA,YTHDF3,0.114182753086606
VEGFA,EIF1AX,0.114101249999999
VEGFA,FBXO42,-0.1139836786089
VEGFA,XPO1,-0.11397744203664
VEGFA,CXXC1,-0.113647111176872
VEGFA,RPAP2,-0.113624832671712
VEGFA,LRRC59,0.113288496743352
VEGFA,SNX17,-0.113268885442549
VEGFA,ATF4,0.113220772510019
VEGFA,ZC2HC1A,-0.113185683499999
VEGFA,FAM193A,-0.113102613412884
VEGFA,IER5,0.112908560427367
VEGFA,ARMC7,-0.112766466321325
VEGFA,FASTK,-0.112747129273074
VEGFA,PSMB8,-0.112739559714091
VEGFA,VIPAS39,-0.112706227809299
VEGFA,ENTPD7,0.11261442695389
VEGFA,C6orf62,0.11261355986765
VEGFA,ZKSCAN1,-0.112216888256349
VEGFA,MSRB2,-0.112188876885554
VEGFA,RAD23B,0.11214392444114
VEGFA,POLR2L,-0.111801130939395
VEGFA,RASSF7,-0.11174146858034
VEGFA,OPA1,0.111741177446281
VEGFA,STK11,-0.111579140461933
VEGFA,THAP3,-0.111445804197433
VEGFA,NFIB,-0.11141308894222
VEGFA,PRR14,-0.111355507744842
VEGFA,EHD3,0.11134746891426
VEGFA,MKNK2,-0.111234170653876
VEGFA,PNPLA6,-0.111186415398188
VEGFA,MYLIP,-0.111006980426365
VEGFA,SLC38A1,0.110887196875
VEGFA,BOLA1,-0.110721521744483
VEGFA,HACD2,0.110678319616904
VEGFA,RFXANK,-0.110663892184128
VEGFA,TMF1,0.110255387237086
VEGFA,TAF13,0.110228985337719
VEGFA,ALDH7A1,-0.110214052861975
VEGFA,PSMD12,0.11005142928405
VEGFA,SPR,-0.109983163080467
VEGFA,PHKA2,-0.109890690757131
VEGFA,AP1B1,-0.10961136825687
VEGFA,MEN1,-0.109559502260363
VEGFA,ARCN1,0.109523484527838
VEGFA,SRRM1,-0.109177451489549
VEGFA,GALNT1,0.108961862940049
VEGFA,MSMO1,0.108954039262227
VEGFA,PSRC1,-0.108859862716677
VEGFA,GLG1,-0.108794110002496
VEGFA,WEE1,-0.10872861056415
VEGFA,SEC61B,0.108650914088126
VEGFA,TFB1M,-0.108605535417558
VEGFA,ZNF337,-0.108541913048045
VEGFA,SMURF2,0.108463549707139
VEGFA,POLR2I,-0.108227965398495
VEGFA,RC3H1,0.108131115788543
VEGFA,RPGR,0.107889910954028
VEGFA,GFM1,0.107602342670199
VEGFA,FLOT2,-0.107169287308001
VEGFA,OGFR,-0.107141885711731
VEGFA,EHD4,0.107092257209542
VEGFA,CPT1A,-0.107088883337573
VEGFA,GBE1,0.107031863443072
VEGFA,SLC2A1,0.107020258633744
VEGFA,PALLD,-0.106756203446807
VEGFA,SLC25A36,-0.106651328888316
VEGFA,ACP6,-0.106609030175371
VEGFA,ETNK1,0.106604855174429
VEGFA,EHMT2,-0.106520901754348
VEGFA,SPATA7,-0.1064758516203
VEGFA,RPAP1,-0.105937282896102
VEGFA,SARAF,0.10576104242302
VEGFA,OSBPL3,0.105612793699152
VEGFA,RABGGTB,0.105596874999999
VEGFA,POLR2A,-0.10551637958897
VEGFA,ITPKB,0.105431152918033
VEGFA,AP3M2,0.105418405295686
VEGFA,SSH3,-0.10539410176103
VEGFA,ZNF358,-0.105387820089705
VEGFA,MEIS1,-0.105312644470017
VEGFA,ASH2L,-0.105286645574694
VEGFA,CSNK2A2,-0.105227220693737
VEGFA,TSPAN13,0.10498406368327
VEGFA,WASL,0.104756433335553
VEGFA,GTF3C5,-0.104723729500534
VEGFA,LETMD1,-0.104612278913575
VEGFA,E2F3,0.104514611841862
VEGFA,KPNA4,0.104500101751282
VEGFA,ZNF589,-0.104450734676804
VEGFA,PAK2,-0.10422593230497
VEGFA,ETV1,0.103931972813483
VEGFA,KIAA0930,-0.103787686901899
VEGFA,UBE2W,0.103645350010519
VEGFA,EIF4B,-0.103598509832743
VEGFA,NIP7,0.103511609226145
VEGFA,ARHGAP10,0.103485987132148
VEGFA,IRF9,-0.103415021101658
VEGFA,PCYOX1,-0.103167370417558
VEGFA,NDRG4,-0.103068504103433
VEGFA,RIPK2,0.102980721560733
VEGFA,SORBS3,-0.102956146403682
VEGFA,CBX6,-0.102816582634821
VEGFA,ADA,-0.102740842248161
VEGFA,CCNF,-0.102690859638122
VEGFA,DDX51,-0.102563397795443
VEGFA,TDG,0.102447599554157
VEGFA,A4GALT,-0.102361116501572
VEGFA,CRELD2,0.102359499496645
VEGFA,CCNE2,0.102121618268422
VEGFA,PACS2,-0.102073500000001
VEGFA,SACS,0.101513051284316
VEGFA,RBM38,-0.101450745837102
VEGFA,PPDPF,-0.101220366030074
VEGFA,TRAPPC9,-0.101135039799677
VEGFA,ACO1,-0.100964749999999
VEGFA,ZNF83,-0.100616204300084
VEGFA,TUBB6,0.100569517210301
VEGFA,CEP295,-0.100568869136231
VEGFA,AFF4,0.10032871501205
VEGFA,TRO,-0.100238402865254
VEGFA,HOMER1,0.100172467919808
VEGFA,USP20,-0.1001525
VEGFA,JUND,0.100147915468956
VEGFA,KCTD2,-0.100078822459743
VEGFA,CDK13,-0.0999862293136142
VEGFA,MED22,-0.0999634579670405
VEGFA,TAF4,-0.0999303997604126
VEGFA,NFKBIA,0.099860981681866
VEGFA,MLLT11,0.0997627570154691
VEGFA,DNAL4,-0.0997503922575604
VEGFA,ZSCAN9,0.0996945
VEGFA,C9orf40,-0.0994485558990323
VEGFA,MAPK3,-0.0994098163375611
VEGFA,MTMR12,0.0994060535598011
VEGFA,RFC3,0.0994046803177064
VEGFA,ARG2,0.0993910667930524
LIF,SOCS3,1.31115275
LIF,SLC39A8,0.93429985725
LIF,IL1R1,0.70094367425
LIF,JUNB,0.505798946500001
LIF,SERPINB8,0.491606665999999
LIF,ZFP36,0.467792825
LIF,ABCA1,0.44011625
LIF,SLC39A14,0.39640935
LIF,TNC,0.37041985
LIF,NPC1,0.365061200000003
LIF,AKR1C3,0.355509015000001
LIF,MAP3K5,0.339882333499999
LIF,IRF7,0.338118513192709
LIF,UTP14A,0.337679999999999
LIF,SLC2A1,0.334787075000001
LIF,PAX8,-0.329232225
LIF,TP53I11,0.328312907249998
LIF,PGK1,0.323805
LIF,COL4A4,0.321955
LIF,EDN1,-0.321321500249997
LIF,ABHD5,0.320089059999999
LIF,ALDH3A2,0.313271992500001
LIF,TXNIP,-0.310675000000001
LIF,GADD45G,0.309035
LIF,ATP8B1,-0.303854505
LIF,FPGS,0.303141987
LIF,PROCR,0.300983845000001
LIF,HS6ST1,0.295972089999999
LIF,TNFAIP2,0.294672909999999
LIF,TJAP1,0.289470999999999
LIF,PAPPA,0.284853555000002
LIF,SLCO3A1,0.28379808875
LIF,IFI6,0.28357703
LIF,TARBP2,0.282750307000001
LIF,SMC3,-0.280710430999999
LIF,PPP3CC,0.2806915
LIF,C1R,0.279255369253019
LIF,GBP2,0.279215492500001
LIF,VEGFA,0.278501142639758
LIF,CREG1,0.27681988
LIF,DUSP5,0.275933000000002
LIF,PHKB,-0.275924528944969
LIF,STOM,0.274923670000002
LIF,ZNF14,-0.274585
LIF,KIF14,-0.271632345184441
LIF,PPIF,0.270084999999999
LIF,PKIA,-0.26814
LIF,AP2B1,-0.267878539999998
LIF,PDK1,0.264694999999999
LIF,KIAA0232,-0.262
LIF,GPI,0.261855994999999
LIF,SIN3B,0.260965000000001
LIF,BACH1,0.26025014694159
LIF,DUSP10,0.259718336862911
LIF,CTSO,0.259602415
LIF,MAMLD1,-0.259110492249999
LIF,SACS,-0.259037342558349
LIF,KDM3A,0.258316386500001
LIF,TBC1D2,0.25655924
LIF,PCBP3,0.255975
LIF,ADAM12,0.2555166855
LIF,DDX31,0.254045
LIF,NAMPT,0.2535836385
LIF,HERC4,0.24918
LIF,NOLC1,0.24909
LIF,IRF9,0.249056755000002
LIF,MT1X,0.248264743250001
LIF,HMMR,-0.247055
LIF,CDCA3,-0.246565
LIF,IER3,0.2461525
LIF,SOWAHC,0.244231885000001
LIF,IFIT3,0.2439313235
LIF,PANX1,0.242305
LIF,DDAH2,-0.240605
LIF,RCL1,0.239866037999999
LIF,MMP24,0.2373124
LIF,PIM1,0.236165494340169
LIF,TRAF4,-0.235317958250001
LIF,MGAT4B,-0.234705
LIF,RGS16,0.234704092250001
LIF,IL13RA1,0.234305000000001
LIF,PRPS1,0.232330000000001
LIF,CSGALNACT2,0.2310057795
LIF,CMAHP,0.23015595
LIF,SEC24D,0.22789359011283
LIF,SYTL2,0.226655816030839
LIF,ITGA2,-0.226089012
LIF,MCL1,0.225551250000001
LIF,LPCAT3,0.224915000000001
LIF,CENPA,-0.224455
LIF,DHX32,0.22438
LIF,TRAF3IP2,0.224305604000001
LIF,DDIT4,-0.223740915
LIF,SLC4A1AP,0.223269905000002
LIF,HMGA1,-0.22273
LIF,IDI2-AS1,0.221732933
LIF,B4GALT5,0.22138994
LIF,CSF1,0.221069999999999
LIF,SUSD6,0.219168516946751
LIF,SMCHD1,-0.219039563472945
LIF,ADTRP,0.218946547294945
LIF,LMCD1,0.218771515
LIF,STAT1,0.218711835588421
LIF,UGCG,0.218685
LIF,SLC30A1,0.2157573665
LIF,DUSP4,0.21575
LIF,WNT2B,-0.21524575
LIF,MYD88,0.212435399999999
LIF,PTTG1,-0.211615
LIF,C1S,0.2116115
LIF,C1GALT1,0.210453289500002
LIF,SLC35F6,0.21027
LIF,CASP4,0.2101703
LIF,TAF4B,0.209595000000001
LIF,CRIP2,-0.209517304999999
LIF,BCOR,0.208445000000001
LIF,NFKB1,0.207845949999999
LIF,SLC7A7,0.2054110845
LIF,POLG2,-0.204855648719281
LIF,RPS6KA4,0.20449
LIF,IFNGR1,0.204420644999999
LIF,CEBPD,0.204300894999999
LIF,CEMIP,0.203645
LIF,RAD51C,-0.202895
LIF,BMP8B,-0.20281371525
LIF,STARD13,0.202790253
LIF,HCFC2,-0.20243729169861
LIF,MAF,0.201925964999999
LIF,FBLN5,0.201704725
LIF,RRBP1,0.201540000000001
LIF,PARP8,0.20132589
LIF,SERPINB1,0.199886014983696
LIF,CTSZ,-0.199769
LIF,ID3,0.199588500000001
LIF,GADD45B,0.199243415000002
LIF,SERTAD2,0.1986224045
LIF,ATP2A2,0.198422692000001
LIF,MPZL1,0.1980760025
LIF,FBXL2,-0.19749858036851
LIF,DCAF4,0.197421499999999
LIF,IL18BP,0.19721
LIF,UCP2,-0.1968827195
LIF,VASH1,-0.196190349999999
LIF,PGD,0.19247
LIF,FTL,0.192395855000001
LIF,YY1,-0.192257655000002
LIF,MT1F,0.1915265
LIF,NABP1,0.190732400000001
LIF,VWA5A,0.18975
LIF,CCDC28A,-0.189495
LIF,IL17RC,-0.188946499999998
LIF,CD59,0.188760025000001
LIF,RAB27A,0.1886449295
LIF,WSB1,0.188436999999999
LIF,TMEM106C,-0.188093009999999
LIF,MAP3K12,0.188015383000002
LIF,SLC12A6,0.187989425
LIF,OPN3,0.18705821
LIF,YBX3,0.18688
LIF,GSPT2,0.186810754086071
LIF,ZXDC,0.186615627999998
LIF,EGR3,0.184590536
LIF,EVC,-0.184522225
LIF,ARHGAP26,0.184459080750003
LIF,MXRA8,-0.184311275000001
LIF,GATM,-0.182745250000002
LIF,B9D2,0.182609080000001
LIF,CYP1B1,0.182588067334448
LIF,LRRC20,-0.181524671147938
LIF,DPP4,-0.181298351264209
LIF,GPATCH8,0.181071023000001
LIF,GPSM2,-0.181
LIF,CTSB,0.180975595
LIF,ALDOC,0.180639269
LIF,CREB3L2,-0.18048
LIF,TDRD7,-0.180195
LIF,MACROD1,-0.179910500000002
LIF,BORCS6,-0.17973229175
LIF,NOP14,0.1795883
LIF,QPRT,0.17925223724189
LIF,MCC,0.179002442
LIF,FBXL14,-0.178726152
LIF,PFKFB3,0.17853
LIF,CYP2R1,-0.178492500000001
LIF,TK1,-0.178462000000001
LIF,PAK3,0.17843483
LIF,PMM2,0.178105585000001
LIF,HK2,0.17783
LIF,APAF1,0.177645249999999
LIF,CSNK1G3,-0.17735168075
LIF,GTF2F2,-0.176642420812069
LIF,CKB,-0.176082478000001
LIF,RBM28,0.174890999999999
LIF,F2R,-0.17478
LIF,ADCY7,0.1743650285
LIF,MLX,0.174363780750001
LIF,PTPN2,0.174338259750001
LIF,TMED9,-0.173222355
LIF,ZBTB17,0.17291
LIF,A4GALT,0.172277014442499
LIF,RAB3B,-0.172069665
LIF,STAT5A,0.171883606000001
LIF,BHLHB9,0.17139842
LIF,TUBG1,-0.1710375605
LIF,CDC7,0.1708738885
LIF,SAC3D1,-0.169976679999998
LIF,ADPGK,0.169904999999999
LIF,POR,0.1693225
LIF,AQP1,0.16907
LIF,ZNF529,0.169029564797811
LIF,FYCO1,-0.168939881173704
LIF,DCLK2,0.16768848435663
LIF,AFF1,0.167284999999999
LIF,ARID5B,0.16652998066996
LIF,MED13,0.1664927
LIF,CDC42EP4,0.16574692
LIF,EOGT,0.165519999999999
LIF,VCPKMT,0.165509679000001
LIF,ZNF24,0.16517662925
LIF,EHD3,0.165124799999999
LIF,PTEN,0.164823619499998
LIF,SAR1B,-0.16444
LIF,NRDE2,0.164422125
LIF,PPP1R26,-0.164305
LIF,IFNAR2,0.164255383499999
LIF,UGDH,0.164215
LIF,PRPF3,0.1639
LIF,NOTCH1,0.163561979520652
LIF,MYCBP2,0.16355
LIF,COLGALT1,-0.1633731105
LIF,DCAF11,-0.162628444000001
LIF,TRAPPC8,0.16261
LIF,TGFBR1,0.162606479500001
LIF,TNFAIP8,-0.162299291881678
LIF,EFNA4,0.162034499999999
LIF,CD44,0.162000000000001
LIF,TPST1,0.161855
LIF,MYH11,-0.16099787425
LIF,ME3,0.160905
LIF,SH3GL1,-0.160766375
LIF,SH3GLB1,0.160765
LIF,MTM1,0.160694999999997
LIF,WRNIP1,0.160616152832635
LIF,MRPL19,-0.16057
LIF,AFG3L2,0.160155
LIF,PRDM1,0.15986787025
LIF,ELP3,0.159766576999999
LIF,VEZF1,-0.159158181185159
LIF,BCCIP,0.159116942000001
LIF,ING3,0.15911
LIF,CDC20,-0.15865
LIF,ZNF428,-0.15842
LIF,IVD,-0.157914095500001
LIF,COX10,0.157635
LIF,DDX3X,0.15719275
LIF,CBX1,-0.157175749999999
LIF,EDRF1,0.1571005
LIF,LARP4,0.157069921750001
LIF,MAFF,0.15699
LIF,WBP2,0.15695275898434
LIF,ULBP2,-0.1569428295
LIF,RBM4B,0.1567585
LIF,ARFGEF2,0.156374203
LIF,EGR2,-0.155892360000001
LIF,HPRT1,0.155185
LIF,PLA2G4C,-0.155081174999999
LIF,FOXO4,-0.1547529105
LIF,BACE1,-0.154554749999999
LIF,MAK16,0.154285999999999
LIF,SPAG16,-0.15399328925
LIF,PPFIA4,0.153866009000002
LIF,GMEB2,0.153339956
LIF,XBP1,0.15322
LIF,DGKA,-0.153014969999997
LIF,AP3M2,-0.152955509
LIF,PSMB8,0.152225969999998
LIF,NUDT11,0.152214387000001
LIF,SYNM,0.151586029000001
LIF,TRAFD1,0.151075
LIF,TMEM19,-0.15055624
LIF,ABHD17B,0.149514885578668
LIF,MED27,0.14929600706226
LIF,DDX21,0.149211750000001
LIF,PML,0.149173681675064
LIF,HTATSF1,-0.149052718730463
LIF,HIBCH,-0.14887
LIF,VAMP5,0.148858700000002
LIF,LAMTOR2,-0.148846499999998
LIF,CDKN2AIP,0.148688993499999
LIF,PREB,0.148486054999999
LIF,MANSC1,-0.148435
LIF,CDK2AP2,-0.14840467
LIF,RIF1,0.14839675
LIF,DCAF8,0.148366301000001
LIF,ITGB1BP2,0.14782642754838
LIF,AKT3,-0.147569021499999
LIF,ALCAM,-0.147147485000001
LIF,MUC1,0.146633648260281
LIF,ABL2,0.14659168775
LIF,TM2D3,0.146487225000001
LIF,DPYD,0.14645280092026
LIF,FAM50B,-0.146420857319829
LIF,ZFP30,-0.14619955
LIF,TNIP2,0.145951029999999
LIF,CRISPLD2,0.145903563999998
LIF,ATP2A3,0.145604497749999
LIF,RBBP5,0.14527312875
LIF,IFNGR2,0.145265499999999
LIF,TES,-0.14512014
LIF,KLHL18,0.145067808861359
LIF,JRKL,-0.144872474298254
LIF,GOLPH3L,-0.14474188695239
LIF,SPHK1,0.144725699999999
LIF,MIIP,0.144565
LIF,ATP7A,-0.144524971999999
LIF,EXOC3,-0.144315
LIF,GLRX,0.144307210000001
LIF,DALRD3,-0.144199728627063
LIF,UAP1,0.144136
LIF,PRR14,-0.144127202970649
LIF,AGGF1,-0.143990000000002
LIF,EIF2B4,0.143955
LIF,FABP3,-0.14377
LIF,TNFRSF12A,-0.1436645
LIF,NDUFB11,-0.143635000000001
LIF,RASSF2,-0.143412152
LIF,AUP1,-0.143094999999999
LIF,WDR46,0.143023898000001
LIF,B3GNT2,-0.142954250000001
LIF,MED25,-0.142931250000002
LIF,RAD51,-0.142646324499999
LIF,SLC25A28,0.142605
LIF,HBS1L,0.142177104749999
LIF,KANK1,-0.142105000000001
LIF,EIF4A3,0.141665354999999
LIF,PELP1,-0.14164244267236
LIF,TMCO3,-0.141629444659511
LIF,ASB8,0.141607357
LIF,GIPC1,-0.141443724999998
LIF,EHD4,-0.14143949
LIF,METTL7A,-0.141364600000001
LIF,TIPARP,0.141298227
LIF,KLF12,-0.141210124999998
LIF,ETFB,-0.141136031997696
LIF,GLRX5,-0.141060701168199
LIF,MAX,-0.140985
LIF,UBE2Q1,0.140941123999999
LIF,PLPP3,0.140887814999999
LIF,C9orf16,-0.140632999999999
LIF,SMC1A,0.140617781
LIF,UBE2O,0.140558349999999
LIF,GSPT1,0.14048
LIF,SAT1,0.140387891686
LIF,POLR3C,0.140195
LIF,RRAS,-0.140155374999999
LIF,ARHGAP10,0.140133132080932
LIF,NADK,-0.140066822499998
LIF,NAP1L3,-0.1399759345
LIF,EZR,-0.139950000000001
LIF,LAMB1,-0.139914650000001
LIF,CHD1L,0.13988957025
LIF,TTC30A,-0.139595
LIF,AMD1,0.139259931749999
LIF,KPNA4,0.139076457430901
LIF,KLF6,0.139074927000001
LIF,FOXO3,0.139005000000001
LIF,CAMK2N1,-0.138901380560251
LIF,SEMA5A,0.13889969089589
LIF,HYAL2,-0.138440000000001
LIF,DBNDD1,-0.138259999999999
LIF,NPM3,-0.138019204999999
LIF,EPOR,-0.137475000000001
LIF,ZNF222,-0.1374
LIF,FER,0.1373976875
LIF,PIK3R4,0.13726
LIF,LRCH1,0.137241431499999
LIF,SERPINI1,0.1372284255
LIF,ITM2C,0.13718810020949
LIF,PAQR4,-0.136828296772039
LIF,PIK3R3,0.1365113
LIF,IVNS1ABP,-0.13649637975
LIF,ACADSB,-0.136458377657706
LIF,ZNF140,0.1364111885
LIF,PNO1,0.136275511500001
LIF,NPEPPS,-0.136275
LIF,NOC2L,0.136164749999999
LIF,PCYOX1,-0.1361520325
LIF,SLC38A4,0.136045
LIF,BTG2,0.13577385
LIF,CRY2,0.1356575
LIF,CTBP2,0.135646365000001
LIF,PNRC1,0.13559944
LIF,IGF2R,-0.135481155000001
LIF,CLCN5,0.135477303304791
LIF,NEMP1,-0.135389268999999
LIF,COL1A1,0.13531
LIF,SLC12A7,0.135188870750001
LIF,NPTX1,-0.135102524999999
LIF,KLHL36,-0.13502
LIF,RAPGEF2,0.134840941250001
LIF,NPLOC4,0.13475654975
LIF,DHX8,0.134685
LIF,CLASRP,0.134320500000001
LIF,ALKBH1,0.134312047
LIF,ZSCAN16,-0.134264499999999
LIF,NABP2,-0.134179547976499
LIF,CSTF2T,-0.134170000000001
LIF,PSAP,0.134145712500001
LIF,AZI2,0.133777554249999
LIF,PALLD,-0.133749524976574
LIF,MFSD6,-0.133744999999999
LIF,TRIT1,0.133728999999999
LIF,TK2,-0.133721202245353
LIF,C12orf49,0.133484499999998
LIF,RHEB,-0.133427171250002
LIF,IFITM3,0.13342
LIF,PDLIM2,-0.133325689499999
LIF,ZNF696,-0.133
LIF,ZNF174,0.132939570617179
LIF,WDR47,-0.132860702784351
LIF,OXTR,-0.1327994778301
LIF,SMS,-0.13268
LIF,ZMYND11,-0.13242019069645
LIF,CDK8,0.132397507499999
LIF,EWSR1,0.132238841292592
LIF,PCYT2,-0.132225
LIF,SIGMAR1,-0.131725
LIF,ZNF354A,-0.131630766999999
LIF,GPATCH1,0.131612433999999
LIF,NUDCD3,0.131546250000001
LIF,WDR4,0.131347307
LIF,CTDSPL,-0.131292030000001
LIF,ASB13,0.131162902750001
LIF,IRF1,0.1311307455
LIF,SAMHD1,0.131066835499998
LIF,PLXNC1,-0.13073971479826
LIF,CCSER2,-0.1306313975
LIF,USPL1,0.130493185500001
LIF,AASS,-0.130303887542774
LIF,USP3,-0.130250000000001
LIF,EDC3,0.130145
LIF,PIN4,-0.130103223161623
LIF,GALNT2,0.130085455000001
LIF,GINS3,0.1297731
LIF,P4HB,0.129605750000003
LIF,ZNF248,-0.129577202358981
LIF,GLG1,-0.129480000000001
LIF,FAU,-0.129454500000001
LIF,DCK,-0.129398399000001
LIF,DDX23,0.129385535000001
LIF,FOLR2,0.12936773110737
LIF,DEPTOR,0.129355
LIF,LAMA3,0.1292722095
LIF,CHORDC1,0.129157147999999
LIF,DDX28,0.1290505
LIF,CASP3,0.128855
LIF,PSMD12,0.128775755999999
LIF,SMUG1,-0.1287601745
LIF,LMTK2,0.128735
LIF,MANEA,-0.128638233250001
LIF,MGAT5,-0.1286196595
LIF,LANCL2,0.128617785499999
LIF,WASF1,0.128515027250002
LIF,MKNK2,-0.128465717503026
LIF,PTBP1,0.12845
LIF,CEP68,-0.128184154909391
LIF,PTDSS2,-0.128073010000001
LIF,ZMYM1,-0.127930053000002
LIF,TFG,0.127831367368788
LIF,COX5B,-0.127623
LIF,TSTA3,-0.127550656999997
LIF,TRIP11,0.127466158227461
LIF,TIMM44,0.127440499999999
LIF,B4GALT4,-0.12744
LIF,YPEL1,-0.127437936000002
LIF,MYLIP,0.127340050000001
LIF,XPC,0.127193549000001
LIF,HECTD4,-0.127142249999999
LIF,C1orf50,-0.127075
LIF,PPP1R15A,0.126653249999999
LIF,BLZF1,0.12663
LIF,NAV2,0.126615880499999
LIF,POLR3D,0.12631
LIF,PRPF4,0.12614799
LIF,CHST12,-0.126037479999999
LIF,SLTM,0.12601150675
LIF,NOCT,0.125924089000001
LIF,TXLNA,0.125912575
LIF,AKR7A2,-0.125869999999999
LIF,SLC11A2,0.125735
LIF,STK16,-0.125643496
LIF,DHRS1,-0.125616473000001
LIF,LSG1,0.125384797000001
LIF,INTS5,0.12534695
LIF,UBL3,-0.125345
LIF,SIK2,-0.125324999999999
LIF,GART,0.12521
LIF,ACSL3,0.125102425000001
LIF,ZNF362,0.125085
LIF,ABCC4,0.125070621000001
BMP4,ID3,1.30481168441775
BMP4,ATP2B4,1.14345994762202
BMP4,SMAD9,1.11255453942207
BMP4,LY6E,0.980634276882589
BMP4,PDGFRB,0.95004440742225
BMP4,POLR3G,-0.938333548022416
BMP4,LRIG1,-0.912309963627383
BMP4,BMPR2,0.905929032233615
BMP4,CCDC92,0.871373081455647
BMP4,PIM2,-0.843690642068755
BMP4,EFEMP2,0.825272291763444
BMP4,BTG2,0.784836572838929
BMP4,HSD17B11,0.758370696119796
BMP4,COL5A1,0.758358154496635
BMP4,LBH,0.754116019117694
BMP4,RARB,0.7455
BMP4,PKP2,0.726263139384595
BMP4,STOM,0.688318795173221
BMP4,SMPD1,0.67694482685374
BMP4,B2M,0.676101215035813
BMP4,SLC29A1,-0.665022180366056
BMP4,TUBA4A,-0.663752911639082
BMP4,VAMP8,0.662729778038539
BMP4,PHC1,-0.659220786901564
BMP4,NRP1,0.653167824528077
BMP4,BCAT1,-0.651718674750508
BMP4,SACS,-0.650240902229005
BMP4,HEG1,0.647310165506865
BMP4,ITGAV,0.646324606857189
BMP4,GLRX,0.646293519323687
BMP4,SEMA5A,0.641875334805367
BMP4,DNAJC1,0.641427491036245
BMP4,AASS,-0.633186425412637
BMP4,FAM110B,0.623313883980175
BMP4,YPEL5,0.622305320975618
BMP4,SLC16A5,0.622301756626713
BMP4,GADD45B,0.620372781633991
BMP4,CRMP1,-0.610414032686347
BMP4,MBNL2,0.607895969731986
BMP4,POLR1B,-0.600810616045638
BMP4,CD3EAP,-0.596391356769662
BMP4,LRP8,-0.590525580705958
BMP4,RRP1B,-0.590054924837817
BMP4,RNF138,-0.586046405439006
BMP4,PLXNA2,0.58544905412606
BMP4,JADE1,-0.572387325361721
BMP4,ENC1,0.572312771473952
BMP4,MYBBP1A,-0.572098778741044
BMP4,TIPARP,0.570538023702359
BMP4,AHNAK,0.568086645447264
BMP4,IGFBP3,0.567341296504859
BMP4,LEF1,0.567155426272295
BMP4,CEBPZ,-0.559418819631882
BMP4,WDR43,-0.558796591029721
BMP4,NOP16,-0.554651178024488
BMP4,CYP1B1,0.552157985620197
BMP4,ETV1,-0.550386633464368
BMP4,HK2,-0.549950324308003
BMP4,IVNS1ABP,0.549330777415624
BMP4,FAM114A1,0.547881042682552
BMP4,TXLNG,-0.547267715435814
BMP4,KAT2B,0.546580508085205
BMP4,MRC2,0.545181570519046
BMP4,DNAJC15,0.543055685193605
BMP4,FAM216A,-0.542822588323369
BMP4,B4GALT1,0.542815828510031
BMP4,TSR1,-0.542618740683787
BMP4,CALCOCO1,0.542283309728931
BMP4,LRRC17,-0.54209927243543
BMP4,SERPINB1,0.535767126197814
BMP4,CTSZ,0.535189956560825
BMP4,PRKAR1B,-0.534445633044065
BMP4,ALDH1B1,-0.534144087275571
BMP4,GSTO1,0.533864750793419
BMP4,KCNMB4,0.532509430245119
BMP4,PNRC1,0.532001162081229
BMP4,DCAF6,0.531526489413779
BMP4,SAT1,0.530915280819253
BMP4,CXCR4,-0.526134639938492
BMP4,MEIS1,0.525062668814435
BMP4,NRIP3,-0.524776532357474
BMP4,TRIP13,-0.524719914339478
BMP4,CYP27A1,0.522467885654102
BMP4,HECA,0.522449608454261
BMP4,ZFHX3,0.52202565707249
BMP4,ZNF239,-0.521000432843572
BMP4,PLSCR1,0.519829242107388
BMP4,PAK1IP1,-0.519730560825408
BMP4,SENP7,0.51806853151167
BMP4,NFKBIA,0.515181009585619
BMP4,NAT10,-0.514455180082042
BMP4,RBBP8,-0.514275535069807
BMP4,SRM,-0.513326055272344
BMP4,BEX1,-0.510287470533243
BMP4,PTBP2,-0.509432874762144
BMP4,TTLL12,-0.509404308250181
BMP4,ADAM9,0.502970794663761
BMP4,CDKN1A,0.502811056656594
BMP4,NAV2,0.500967984337297
BMP4,DDX21,-0.500137119678827
BMP4,PTPRM,0.499192743397049
BMP4,CYCS,-0.495240954103995
BMP4,AMD1,-0.494174452754879
BMP4,ANKRD6,0.493584660732619
BMP4,TLN2,0.490424877915002
BMP4,TOX,-0.489295082382462
BMP4,EPAS1,0.489049374746381
BMP4,IGFBP6,-0.484911947290783
BMP4,PPRC1,-0.483674722765415
BMP4,BACE1,0.483584302451094
BMP4,RRP15,-0.479583595536585
BMP4,DPYSL4,-0.479560317316874
BMP4,JMJD1C,-0.479527291028465
BMP4,MRTO4,-0.476922888179227
BMP4,COA7,-0.473618496716363
BMP4,OXCT1,-0.473414824260722
BMP4,PDE8A,0.471301737556591
BMP4,BRIX1,-0.471098133932973
BMP4,GPX7,0.470025992669111
BMP4,MAK16,-0.467127498027832
BMP4,RRS1,-0.466883675527684
BMP4,PMM1,0.465750843537967
BMP4,ALAD,0.465240505824236
BMP4,FILIP1L,0.462084943558698
BMP4,EIF1AX,-0.461154367398238
BMP4,SPHK1,0.460227499507594
BMP4,KDELR3,0.459219962488131
BMP4,MAN2B2,0.45895504596544
BMP4,PLPP1,0.458731545711682
BMP4,PRPF19,-0.457029994579336
BMP4,CTSL,0.455847392701958
BMP4,PBXIP1,0.455285449526495
BMP4,AGPAT5,-0.454110451516078
BMP4,ADAM10,0.453741339461393
BMP4,MAP3K1,0.452735760365696
BMP4,CHD3,0.450956092697518
BMP4,RMI1,-0.450860196941002
BMP4,NOL11,-0.448481099420937
BMP4,ATP6AP1,0.448171744578144
BMP4,TIMP2,0.448160537102636
BMP4,OAT,0.4464092374007
BMP4,RIF1,-0.446156157151624
BMP4,DNAAF2,-0.444376449563118
BMP4,NEK7,0.443685459541091
BMP4,GSN,0.441803260086146
BMP4,NOL6,-0.441225283348682
BMP4,DDIT3,0.440436170451563
BMP4,NUDT11,-0.440254483322512
BMP4,WDR3,-0.44006675944038
BMP4,KRT18,0.439579239174001
BMP4,NIP7,-0.436303842013926
BMP4,POP7,-0.435565457196678
BMP4,MAT2A,-0.435209085612799
BMP4,SMYD2,0.435130455748869
BMP4,ADSL,-0.435001283010365
BMP4,GSE1,0.434534017296337
BMP4,RRAGB,0.433627379425397
BMP4,SLC35F6,0.433120883114374
BMP4,ZNF83,0.432434052409036
BMP4,FZD7,-0.42969499291116
BMP4,CRISPLD2,0.426860095542476
BMP4,TAF4B,-0.426299514601506
BMP4,KDM7A,0.424492511632195
BMP4,MPP1,0.424177191167026
BMP4,ITM2B,0.422359273729913
BMP4,ZMIZ1,0.421550197464313
BMP4,GADD45G,0.42082040748287
BMP4,TOM1L2,0.419439964699455
BMP4,PES1,-0.417959167118298
BMP4,GRN,0.416677375714312
BMP4,PDSS1,-0.416191103009221
BMP4,COMMD8,0.415838844099758
BMP4,MCCC1,0.415775405889323
BMP4,TEAD1,0.415194350022638
BMP4,SIL1,0.414896648091328
BMP4,LIN7B,0.414609902073143
BMP4,ATP10D,0.412805500036877
BMP4,DBF4,-0.412394473199422
BMP4,SERINC1,0.411985235492602
BMP4,CHCHD3,-0.411954845820387
BMP4,SLC39A14,-0.41084634121777
BMP4,TERF1,-0.410340963488487
BMP4,METTL8,-0.40970720600966
BMP4,CTSV,0.409486391885378
BMP4,RCL1,-0.406904128032406
BMP4,NOLC1,-0.406466001743217
BMP4,SORD,-0.406204683687433
BMP4,TOMM40,-0.405053891996243
BMP4,SLC12A4,0.405023710650824
BMP4,UNG,-0.40410134543983
BMP4,DAZAP2,0.403821336433587
BMP4,WBP1L,0.403424408362243
BMP4,ABCE1,-0.402545012912729
BMP4,DAG1,0.402345002528428
BMP4,NDRG1,0.401690271664105
BMP4,IL13RA1,0.400341555367929
BMP4,BUB3,-0.399716386647381
BMP4,MPC2,0.398594228712804
BMP4,SNRPD1,-0.396759172970816
BMP4,IL6ST,0.39662167729787
BMP4,LIMA1,0.396582423972532
BMP4,PKIA,-0.396229967055689
BMP4,STX5,0.395629610994136
BMP4,SUPV3L1,-0.395521141018097
BMP4,PERP,0.394972916866851
BMP4,ABCA1,0.394932532903169
BMP4,LHFPL2,0.393478680553366
BMP4,DNAJC2,-0.392769719837411
BMP4,SDAD1,-0.391582522044049
BMP4,GART,-0.391377015128096
BMP4,CDC7,-0.389152019397336
BMP4,FAM102A,0.388161066074128
BMP4,HPRT1,-0.386449868954172
BMP4,SEMA6A,0.38504233810264
BMP4,DPH2,-0.38475742782629
BMP4,LRP10,0.384447080384258
BMP4,LFNG,-0.383902218487304
BMP4,KANK1,0.383385004873555
BMP4,METTL1,-0.38335159064265
BMP4,PNO1,-0.383289552975101
BMP4,GOLGA2,0.383109943747742
BMP4,DERA,0.38299558024975
BMP4,ADAM19,0.382712858787964
BMP4,AGPAT3,0.382389171146146
BMP4,NPTX1,-0.382208383703831
BMP4,ARID5B,0.38136160649602
BMP4,NCOA4,0.381355263953619
BMP4,CASP3,-0.379842149750827
BMP4,VCL,-0.379581983326069
BMP4,SOCS3,0.37938409272239
BMP4,SNX2,0.379275738664571
BMP4,NUFIP1,-0.37891236968138
BMP4,CREB3L2,0.378761305886158
BMP4,NMRK1,0.378470231630072
BMP4,GINS3,-0.378281608821224
BMP4,RAI1,0.378243653092965
BMP4,HSPA9,-0.378087288547885
BMP4,ZWILCH,-0.378016955906852
BMP4,PTPN21,0.377993822785359
BMP4,CRELD1,0.377590485781368
BMP4,SEH1L,-0.377468699179163
BMP4,CDC42EP4,0.376524401632035
BMP4,CTSB,0.376345515601754
BMP4,RUVBL1,-0.375700368098706
BMP4,NRIP1,0.375048962675077
BMP4,CSE1L,-0.374724788233437
BMP4,ANKRA2,0.374200403441264
BMP4,TIMM8A,-0.374128533778555
BMP4,USP9X,-0.37412591241165
BMP4,SUPT16H,-0.373921918342629
BMP4,TTC27,-0.373757043425215
BMP4,NLE1,-0.37334238880938
BMP4,WWC3,0.372812739031805
BMP4,ELF4,0.371484696358121
BMP4,DCAKD,0.371304363622699
BMP4,OSBPL2,0.371143545232416
BMP4,MPHOSPH6,-0.370932632166125
BMP4,YIPF5,0.369649132683991
BMP4,CACNB3,0.369066007535346
BMP4,SERTAD2,0.368477462073705
BMP4,TPM1,0.367961223581299
BMP4,CD99,0.3676189773272
BMP4,DNASE2,0.36736791781743
BMP4,SAMHD1,-0.36721728701702
BMP4,MSH2,-0.366945832504175
BMP4,C1QBP,-0.36643898979985
BMP4,TRIB2,-0.365191872829223
BMP4,SLC20A1,-0.364712457299362
BMP4,ZNF589,-0.364295021340913
BMP4,KIFAP3,0.363866011229457
BMP4,UBL3,0.363777628510298
BMP4,SDC3,0.363460677408358
BMP4,ARG2,-0.363177040549156
BMP4,ARHGEF17,0.362577206437958
BMP4,XPO6,-0.362346879711621
BMP4,GPI,-0.361281474843967
BMP4,NOC4L,-0.361209152122275
BMP4,MPZL1,0.361090164853875
BMP4,HBP1,0.360876198298834
BMP4,PSAT1,-0.360409077452716
BMP4,OPN3,0.360185036140769
BMP4,TRIT1,-0.359904643360231
BMP4,CRIP2,0.359603802042959
BMP4,RWDD2A,0.359553418341803
BMP4,STAT2,0.359459165304507
BMP4,PPFIBP1,0.35931723656607
BMP4,RHOB,0.357945481464613
BMP4,FARSA,-0.357870191546632
BMP4,SYNJ1,0.357484709281414
BMP4,MTRR,-0.35674273202118
BMP4,CANT1,0.356217931527501
BMP4,SMARCD3,0.356103109955935
BMP4,KNOP1,-0.356053019621488
BMP4,PA2G4,-0.355515519762154
BMP4,DSCC1,-0.355430409683647
BMP4,GDAP1,-0.355196606507922
BMP4,TRAF3IP2,0.354764247859893
BMP4,SC5D,0.353686747447711
BMP4,POLR1E,-0.353407684958692
BMP4,OS9,0.353403902080616
BMP4,TSPAN7,-0.353055482033929
BMP4,GMNN,-0.35263412894524
BMP4,PUS1,-0.352404144479506
BMP4,MTHFD2,-0.352368396270077
BMP4,FKBP9,0.351959235602533
BMP4,NDC1,-0.351610990203714
BMP4,SH2B3,-0.350945212480953
BMP4,HABP4,0.35085596750697
BMP4,CSTF2T,-0.34964106275456
BMP4,FOSL1,-0.34840591267578
BMP4,CDK19,0.348371760520929
BMP4,SYNM,0.348074337587103
BMP4,ISG20L2,-0.346926944779112
BMP4,TBC1D4,-0.34684225571781
BMP4,ANKMY2,0.34649871634745
BMP4,PLPP3,0.346151576543057
BMP4,MTMR11,0.345782905740206
BMP4,RFC3,-0.345270358349209
BMP4,NFYB,-0.344775231380154
BMP4,MOCOS,-0.34477328811314
BMP4,DUSP3,0.344729110105941
BMP4,LPGAT1,0.344471770709217
BMP4,UBE2J1,0.344401251227244
BMP4,AIMP2,-0.344356991791787
BMP4,RRBP1,0.344043128462288
BMP4,ULK1,0.343832708391476
BMP4,GRPEL1,-0.343720359949566
BMP4,FEZ2,0.343288413124403
BMP4,CCT6A,-0.342504302411974
BMP4,FGFR4,-0.342107565321508
BMP4,MXRA8,0.341583539568848
BMP4,PJA2,0.341467220024058
BMP4,DHX35,-0.341131030360715
BMP4,MYLIP,0.341061353432244
BMP4,SERBP1,-0.341036711301061
BMP4,NCSTN,0.340194193822466
BMP4,ATP7A,0.339523392515526
BMP4,HGSNAT,0.33934110429039
BMP4,ACTR3B,-0.338449093277488
BMP4,HOMER1,-0.337866877326692
BMP4,TPST1,0.33764619354648
BMP4,EIF2S1,-0.337603191167551
BMP4,PHB,-0.337498158106649
BMP4,TP53,-0.337380880947257
BMP4,FAM131B,-0.337158527581656
BMP4,STX8,0.337096928687342
BMP4,URB1,-0.337005785574173
BMP4,PGM3,0.336463216779849
BMP4,TEX10,-0.336201637542274
BMP4,KLHL24,0.335318345037308
BMP4,HSPA4,-0.335144094262931
BMP4,CKB,-0.334864917841495
BMP4,ARL6IP5,0.334594610670133
BMP4,NUDT21,-0.334330150376657
BMP4,PSMD12,-0.333882797414299
BMP4,PLIN3,0.333788461001768
BMP4,IDH2,0.333575691696094
BMP4,CCDC88A,-0.333514410385273
BMP4,CAPG,0.332947846305276
BMP4,HEXA,0.332824883156507
BMP4,DDAH2,0.332708301470429
BMP4,ANKRD28,-0.332327745579655
BMP4,HELLS,-0.332213782612264
BMP4,NEDD4L,-0.332136665449027
BMP4,SNU13,-0.331311848151161
BMP4,GNS,0.331036702104806
BMP4,RBPJ,-0.330207971122958
BMP4,GBE1,-0.329812795627917
BMP4,ARMCX6,0.329655674184971
BMP4,EXOSC9,-0.329135849296776
BMP4,EIF4A3,-0.32894888594015
BMP4,EIF3B,-0.328456116815568
BMP4,AGTPBP1,-0.32816240691051
BMP4,TSEN2,-0.328162163160399
BMP4,SUV39H2,-0.32794943081382
BMP4,MRPL11,-0.32788101711306
BMP4,DUSP1,0.327809813772164
BMP4,TMEM62,0.32731863068002
BMP4,JARID2,-0.327242704691665
BMP4,ATXN1,0.32708175381496
BMP4,SMC3,-0.326015071370843
BMP4,NCL,-0.323721129625951
BMP4,R3HDM2,0.323383979417599
BMP4,DCUN1D4,-0.323354162322355
BMP4,PRPS1,-0.323204240377498
BMP4,PARP1,-0.323138108826086
BMP4,RIOK2,-0.322906573114733
BMP4,SECISBP2L,0.322742908728646
BMP4,B3GNT2,0.322668324968062
BMP4,SLC7A7,0.3224969493696
BMP4,NUCB1,0.32241116186886
BMP4,SMIM14,0.322224404087193
BMP4,ARHGDIB,0.32172780997073
BMP4,NIT1,0.321723745185631
BMP4,G3BP1,-0.321470812820439
BMP4,SERINC3,0.320963202995949
BMP4,ADAM23,-0.320962112764819
BMP4,RCAN3,0.319881952894715
BMP4,DNAJB9,0.319762011364655
BMP4,SHTN1,0.319444198708101
BMP4,DAXX,-0.318987178283475
BMP4,ASXL1,0.318770144837818
BMP4,PUS7L,-0.318664048540895
BMP4,THBS3,0.318638958494752
BMP4,SNRPB,-0.318383918861175
BMP4,VPS28,0.318229114843347
BMP4,EIF5,-0.318173880318817
BMP4,NDUFAF4,-0.317914398563466
BMP4,SRSF10,-0.317702456976161
BMP4,LSG1,-0.317505212033538
BMP4,ARMCX3,0.317332347586002
BMP4,RFWD3,-0.317011059717831
BMP4,RIT1,0.31597936996841
BMP4,EHD3,0.315957540924298
BMP4,TMLHE,0.315595205048182
BMP4,CLTB,0.315252398406037
BMP4,TBC1D31,-0.314096305290797
BMP4,TRIP10,0.31389271067999
BMP4,PCMTD2,0.313868946474971
BMP4,LAMB1,0.313739731121635
BMP4,NEU1,0.313327965095638
BMP4,SLCO3A1,-0.313101212454791
BMP4,NOCT,-0.313044811714521
BMP4,IGSF3,0.312818528992096
BMP4,CHST7,-0.31281288148713
BMP4,ECI2,-0.312702011040488
BMP4,UBIAD1,-0.312139720502201
BMP4,MED14,-0.31173623442416
BMP4,BAG1,-0.311640138190739
BMP4,MRPL15,-0.311518203151699
BMP4,CTDSP2,0.311431705978111
BMP4,RND2,-0.311268502409846
BMP4,TMF1,0.310990340285149
BMP4,SLC1A5,-0.310802396532972
BMP4,DIMT1,-0.310484273317565
BMP4,KATNB1,-0.309928700096748
BMP4,ARSA,0.309790362001875
BMP4,NAE1,-0.309729761123251
BMP4,FER,0.309708591842244
BMP4,WDHD1,-0.30930441457487
BMP4,RFC2,-0.309048658038643
BMP4,SF3A3,-0.308916328348535
BMP4,SCAF4,-0.308843878858799
BMP4,ZFP36,0.308707769441327
BMP4,PITPNC1,-0.308666666448465
BMP4,MAPKAP1,-0.308664513041122
BMP4,C11orf49,0.308381676854498
BMP4,ECHDC2,0.308370940759606
BMP4,HMGA1,-0.308003539433616
BMP4,MCM7,-0.30759399513165
BMP4,SSH3,0.307571774506665
BMP4,GTPBP4,-0.30680790578641
BMP4,BAG5,-0.306104987724861
BMP4,USP10,-0.305710513617351
BMP4,DHX15,-0.305607492659683
BMP4,PTPN2,-0.305499062275623
BMP4,ZMYND8,-0.30479201877903
BMP4,TRAP1,-0.304112490227801
BMP4,ZNF195,-0.304093208208404
BMP4,CNBP,-0.303998542970072
BMP4,MTHFD1,-0.303869549324404
BMP4,AP1S2,-0.303745828737545
BMP4,RNASEL,0.303543387072535
BMP4,DPY19L1,0.303477706280209
BMP4,SOS2,0.303181541105235
BMP4,MYO1E,-0.30305776579584
BMP4,ZNF33B,-0.302681745190396
BMP4,ABHD4,0.302538242702217
BMP4,EIF5B,-0.302428921967949
BMP4,ITFG1,0.302153710751361
BMP4,H6PD,0.301967023259353
BMP4,VPS54,0.301862878131649
BMP4,SMAGP,0.30186152435856
BMP4,IQGAP1,0.301701076805733
BMP4,LMF1,0.301686623970669
BMP4,DHX9,-0.301142792961919
BMP4,HERC1,0.300556985232921
BMP4,MRPL35,-0.300527806512472
BMP4,WDR12,-0.300369513672868
BMP4,KDM1A,-0.30029229705196
BMP4,ANKH,0.299934776490566
BMP4,ILF3,-0.299897375907965
BMP4,BMPR1A,0.299718142900375
BMP4,PPCS,0.299711103728354
BMP4,DCTN3,0.299548764230891
BMP4,MAGED2,0.299376350853773
BMP4,TCOF1,-0.299322859999459
BMP4,SHMT2,-0.298864391022563
BMP4,GYS1,0.298841448377895
BMP4,SLC38A10,0.298819531367173
BMP4,THBS4,-0.298675367048876
BMP4,USP7,-0.298431343986
BMP4,SYNCRIP,-0.29838148757052
BMP4,RPF1,-0.29822925957027
BMP4,NUP155,-0.298062551030821
BMP4,HMGB1,-0.297804708558363
BMP4,KLHL9,0.297496495318788
BMP4,QPRT,0.297456343015238
BMP4,PHLDA2,-0.297184073533637
BMP4,CNIH4,-0.297095780335167
TRAIL,TNFAIP3,1.27564282703933
TRAIL,NFKBIA,0.996418316709584
TRAIL,PPP1R15A,0.786661317143793
TRAIL,IER3,0.752562169911612
TRAIL,IRF1,0.738750831049331
TRAIL,SERPINB8,0.623071288926461
TRAIL,SDC4,0.548026848196225
TRAIL,ZNF267,0.487568611131234
TRAIL,BACH1,0.477201787641095
TRAIL,BAZ1A,0.437146091547766
TRAIL,JUNB,0.428167984523658
TRAIL,XYLT1,-0.41057523168617
TRAIL,HIVEP1,0.400522428935754
TRAIL,ZFP36,0.395292030244158
TRAIL,TNIP1,0.392730961564746
TRAIL,STAT5A,0.373218891270112
TRAIL,DEPTOR,-0.364532526270372
TRAIL,TNFAIP8,0.361454700324723
TRAIL,OXTR,0.359884279776918
TRAIL,MAFF,0.359737203042449
TRAIL,TAF4B,0.359440948352817
TRAIL,NDC1,-0.351572959662072
TRAIL,EHD1,0.350530098788298
TRAIL,BIRC2,0.344962175220146
TRAIL,TUBB2A,0.338989763331384
TRAIL,UBE3B,-0.338300901052649
TRAIL,MAP3K14,0.336762582468855
TRAIL,CD82,0.332090236789607
TRAIL,ARFGEF1,0.328660812232245
TRAIL,LRRFIP1,0.321334385088754
TRAIL,UGGT2,0.319076466490701
TRAIL,KDM7A,0.314231462531549
TRAIL,CCNA2,-0.313548116602869
TRAIL,HBEGF,0.305351837629858
TRAIL,HAUS2,0.304990945476666
TRAIL,PHYH,-0.304977181322769
TRAIL,JUN,0.303236695432535
TRAIL,TAP2,0.303137985829866
TRAIL,PREPL,-0.29963050586078
TRAIL,SUCO,0.299289657084493
TRAIL,COQ2,-0.298333513433231
TRAIL,BCL2L1,0.296950416225518
TRAIL,METTL7A,0.296223409667361
TRAIL,TMEM135,-0.295667258888729
TRAIL,MSMO1,-0.2956320324286
TRAIL,RIOK3,0.29396330101922
TRAIL,IFNGR2,0.292985661607197
TRAIL,CXCR4,0.292750214665225
TRAIL,TRAP1,-0.28343129722884
TRAIL,B4GALT5,0.283279468694199
TRAIL,DNMT1,-0.283161713834587
TRAIL,ANKRD36B,0.28133045704247
TRAIL,TNFAIP2,0.281129457209565
TRAIL,TOP1,0.279247207594197
TRAIL,MPHOSPH10,0.277435432357023
TRAIL,KBTBD2,0.277276928821256
TRAIL,CDKN3,-0.276707209179388
TRAIL,UBQLN4,0.276287161122407
TRAIL,SLC25A37,0.275660025391306
TRAIL,MORC3,0.273542602484645
TRAIL,PSMD10,-0.27235460314329
TRAIL,WDR48,0.270876825426021
TRAIL,XBP1,0.269922831196715
TRAIL,FLNB,-0.269796846211745
TRAIL,NFKB2,0.269774454150036
TRAIL,DUSP5,0.268017597221447
TRAIL,ZNF14,0.267039227804865
TRAIL,DCBLD2,0.264939803212136
TRAIL,PITRM1,-0.262295515620139
TRAIL,PSRC1,-0.2612055537894
TRAIL,RHOB,0.261135681663264
TRAIL,FBXW7,0.26081673442576
TRAIL,IFNAR2,0.25735988226007
TRAIL,NFKB1,0.256864255943976
TRAIL,APEH,-0.256579369238346
TRAIL,REL,0.256527825636823
TRAIL,DUSP1,0.2547012405276
TRAIL,NQO1,-0.253178843368859
TRAIL,FDFT1,-0.252108979411049
TRAIL,RIT1,-0.248004917879829
TRAIL,UGCG,0.24759517773473
TRAIL,ZNF12,0.247257459619653
TRAIL,IDI1,-0.247078352909628
TRAIL,JUND,0.246035659437626
TRAIL,PPIF,0.245164707152996
TRAIL,EPHX1,-0.244485620918057
TRAIL,PRPF40A,0.243875011188059
TRAIL,MZF1,0.242982461215866
TRAIL,KLHL28,0.242355124264695
TRAIL,PNPO,-0.2417319178202
TRAIL,PLEKHG3,0.239167604976053
TRAIL,NT5DC2,-0.23915726176741
TRAIL,LITAF,0.236764601388832
TRAIL,IMPA2,-0.236489529322129
TRAIL,SETX,0.236225471046648
TRAIL,FAM53B,-0.23581070226581
TRAIL,EXOC5,0.235011927220913
TRAIL,GEM,0.232993930885481
TRAIL,CCNK,0.232973866411144
TRAIL,TRA2B,-0.23273612921023
TRAIL,MMD,0.230642358215102
TRAIL,SMYD3,-0.230229283937831
TRAIL,ECI2,-0.229867791237776
TRAIL,NUP155,-0.228423375532031
TRAIL,DIXDC1,-0.227671153431646
TRAIL,MCL1,0.227360820866672
TRAIL,GADD45B,0.226961055621363
TRAIL,PTBP1,-0.226485314238118
TRAIL,ELK3,0.22529507473212
TRAIL,KPNA4,0.222584537382287
TRAIL,MTHFD2,-0.221261487893585
TRAIL,ATAT1,0.2212544677417
TRAIL,SLC38A2,0.221034507731182
TRAIL,UBE2S,-0.220981039754379
TRAIL,CDC42SE1,0.220810285104703
TRAIL,KLF6,0.219812223280585
TRAIL,SS18,0.219727321129228
TRAIL,MAN2B2,-0.219547850207824
TRAIL,IFNGR1,0.219404287549532
TRAIL,SLC2A8,-0.219228547854585
TRAIL,TTLL12,-0.21867416378882
TRAIL,SQSTM1,0.21788226854116
TRAIL,YLPM1,-0.217236377348303
TRAIL,GLO1,-0.217152052705943
TRAIL,CSRNP2,0.217094619222525
TRAIL,MAPK8,0.216916372607487
TRAIL,UBA1,-0.216191746419281
TRAIL,ITGAV,0.216048761472501
TRAIL,OXCT1,-0.215976271602415
TRAIL,PSAT1,-0.215174210053899
TRAIL,PCID2,-0.213897943517581
TRAIL,AFF1,0.213401052209178
TRAIL,SUPV3L1,-0.212658848364999
TRAIL,GPI,-0.212584185943052
TRAIL,CHD1L,-0.212199356236741
TRAIL,CAMSAP2,0.211994129163549
TRAIL,HPS5,-0.21148967286516
TRAIL,MUC1,0.211414059383241
TRAIL,ILF3,-0.2113689946348
TRAIL,LONP1,-0.211354956585871
TRAIL,ERGIC3,0.210554488076909
TRAIL,ATIC,-0.210503494002999
TRAIL,PPRC1,0.209500338050027
TRAIL,DUT,-0.209448726473239
TRAIL,DDX21,0.209245798904899
TRAIL,CHMP1B,0.20883361989131
TRAIL,SOX12,-0.208759219659555
TRAIL,S100A4,0.207855566295238
TRAIL,RNF19B,0.206877483213949
TRAIL,GSPT1,-0.206768584128381
TRAIL,VEZT,0.206604682372471
TRAIL,RBMS1,0.206536646974486
TRAIL,PLEKHM1,0.206401942154014
TRAIL,ETFA,-0.206204808774869
TRAIL,GLOD4,-0.206183885115252
TRAIL,EMP1,0.206125283857117
TRAIL,APBB2,-0.206029428631472
TRAIL,NDUFAF1,-0.205711083003098
TRAIL,ARL4C,0.205393347186333
TRAIL,HEBP2,-0.205265751120985
TRAIL,IFIT3,0.20500549041114
TRAIL,CSF1,0.20471697677856
TRAIL,SKP2,-0.203944363412093
TRAIL,AHR,0.203681720624981
TRAIL,SAC3D1,-0.203556107545244
TRAIL,TRIM68,-0.20354259143322
TRAIL,ERAP2,0.20274250506492
TRAIL,KLHL36,-0.202296938304291
TRAIL,CD58,0.202073900557929
TRAIL,NFU1,-0.20196319743292
TRAIL,ZEB1,0.201466546179016
TRAIL,RBM41,0.201113750632046
TRAIL,PITPNB,0.201073121834496
TRAIL,ETS1,0.20077774934257
TRAIL,YOD1,0.200346562679156
TRAIL,SLC9A6,-0.20019968116655
TRAIL,IRF2,0.200175547623051
TRAIL,CANX,0.2000408976967
TRAIL,METRN,-0.199402793625612
TRAIL,BZW1,0.198537289601318
TRAIL,ZBTB11,0.198396735823138
TRAIL,ANP32A,-0.198190810307292
TRAIL,IDH1,-0.197773228637504
TRAIL,ZNF217,0.197487579711345
TRAIL,C6orf62,0.197426693840924
TRAIL,PHACTR4,0.197373961721383
TRAIL,KIF18B,-0.196588489671251
TRAIL,ZC3H15,0.19617210937715
TRAIL,NRBF2,0.195976143531518
TRAIL,ZBTB10,0.195622031044664
TRAIL,ZNF264,0.195554465671686
TRAIL,MCTS1,-0.195336174471075
TRAIL,NDUFA1,0.195262969686869
TRAIL,MFSD10,-0.19481869001521
TRAIL,TACO1,-0.194230622918635
TRAIL,DNAJB9,0.193970062779118
TRAIL,GNB5,-0.193469047048516
TRAIL,EZR,0.192759646077675
TRAIL,NUP43,-0.192639587445139
TRAIL,ZNHIT6,0.192184264528854
TRAIL,PHF21A,-0.191694847196597
TRAIL,NQO2,-0.191411972719805
TRAIL,NRP1,-0.191302107129857
TRAIL,ZNF408,0.190709077439816
TRAIL,MORC2,-0.190138766870378
TRAIL,ZC2HC1A,0.18988797279067
TRAIL,OFD1,0.188655757286064
TRAIL,KLF4,0.187816978993135
TRAIL,TOP2A,-0.187601962412298
TRAIL,ALCAM,0.187105778023336
TRAIL,KLHL26,-0.187073857855934
TRAIL,COQ10B,0.187012123897825
TRAIL,C3orf52,0.186547263624739
TRAIL,KAT8,0.186082617640955
TRAIL,RPL39L,-0.185602689607779
TRAIL,ANKFY1,0.18550427704358
TRAIL,TRIT1,-0.18492162827443
TRAIL,RAD51C,-0.18463016993299
TRAIL,CKB,0.184442381493929
TRAIL,DHCR24,-0.183930768686371
TRAIL,TIMM44,-0.183755264182392
TRAIL,HMGCR,-0.183658503081652
TRAIL,POLR1B,0.18331379212204
TRAIL,ESRRA,0.183166810710913
TRAIL,PNRC2,0.183016322974972
TRAIL,HNRNPH1,0.182735620158827
TRAIL,CASP4,0.182594661181166
TRAIL,ZFAND5,0.182570319926921
TRAIL,SUB1,0.182434740258701
TRAIL,GPATCH1,-0.181660493770037
TRAIL,TAOK1,0.18137426616833
TRAIL,DMTF1,0.181251693089932
TRAIL,PRDM1,0.181218045568173
TRAIL,NAB1,0.181164504804937
TRAIL,FBXO21,-0.180841299738756
TRAIL,SCD,-0.180764947597752
TRAIL,FILIP1L,0.180737958362769
TRAIL,MCM4,-0.180613442430102
TRAIL,STX17,0.180305707218611
TRAIL,B2M,0.180249557632522
TRAIL,ILK,0.18014657439608
TRAIL,GOSR2,0.179990362120405
TRAIL,RPLP2,0.17982015036969
TRAIL,POMT2,0.179811314523474
TRAIL,LAP3,-0.179415751213889
TRAIL,PRPF4B,0.178476119907697
TRAIL,ADAM19,0.178365615906488
TRAIL,MZT2B,0.178084910967652
TRAIL,UBR5,-0.177861063439051
TRAIL,ATP2B4,0.177335169739036
TRAIL,RECQL,0.17721512889646
TRAIL,RER1,-0.177141888639099
TRAIL,TAF13,0.17690095099985
TRAIL,OSGEPL1,-0.176546635721652
TRAIL,RAB9A,0.176421649267391
TRAIL,NIPSNAP1,-0.176212923021565
TRAIL,DSE,-0.176020892553729
TRAIL,NUP58,0.175807592276334
TRAIL,COL10A1,0.175579194043483
TRAIL,SPCS3,0.174933230066948
TRAIL,TUFT1,-0.17489057473613
TRAIL,ABCB6,-0.174774479510802
TRAIL,PUM2,0.174036174320666
TRAIL,PTGER4,0.174028988779706
TRAIL,TMEM185B,0.173644000514802
TRAIL,CLK4,0.173638418191364
TRAIL,ASNSD1,-0.1736287368366
TRAIL,MAPK6,0.173433885096736
TRAIL,NDUFA9,-0.173311594043397
TRAIL,SCRN3,-0.17306327099362
TRAIL,STXBP1,-0.172818131060684
TRAIL,HCFC2,-0.172060923762655
TRAIL,CTSO,0.171944780584285
TRAIL,MRPS10,-0.171709818052382
TRAIL,RBM25,0.171642832381246
TRAIL,PELI1,0.171311710074739
TRAIL,PLEKHA5,0.171114260686253
TRAIL,PIGB,-0.17099744578361
TRAIL,GNE,-0.17088162339448
TRAIL,TOP2B,0.170814038381739
TRAIL,TEX10,-0.170629959557068
TRAIL,HADH,-0.17007780185274
TRAIL,DCTN6,0.169861504696731
TRAIL,CNPPD1,-0.169826305017299
TRAIL,MRPS18B,-0.169734910920516
TRAIL,NMRK1,-0.169597275981871
TRAIL,KPNA1,-0.169540127569628
TRAIL,ADCY9,-0.169381858004619
TRAIL,TRMT13,0.169340071591125
TRAIL,KIAA0100,-0.168940380225164
TRAIL,ZNF26,0.168790885317965
TRAIL,FJX1,0.168586716010342
TRAIL,TMEM187,-0.168289554445645
TRAIL,TCFL5,-0.168092537398204
TRAIL,TAX1BP1,0.167798746806134
TRAIL,IER5,0.167738269630323
TRAIL,AQP3,0.167708665304138
TRAIL,TOMM22,-0.167677847214149
TRAIL,RYBP,0.167476064836353
TRAIL,RAB35,0.167169971687972
TRAIL,MFGE8,0.167067534722945
TRAIL,SIRT2,0.16647996759739
TRAIL,PHLPP2,0.166391033565569
TRAIL,CHCHD2,-0.1663850974988
TRAIL,ANKRD12,0.166318527087421
TRAIL,RPL27A,0.166236050129991
TRAIL,LPCAT1,-0.16605538755337
TRAIL,FAM216A,-0.166032981886893
TRAIL,TNFAIP1,0.166025868374829
TRAIL,ARHGEF12,0.165821248605182
TRAIL,TRIP10,0.165572348096899
TRAIL,CEP63,0.165557315250562
TRAIL,CDC25B,0.165499129533505
TRAIL,RPA1,-0.165188116627507
TRAIL,MRPL57,0.164941717846049
TRAIL,EIF3B,-0.164800352765119
TRAIL,MICAL3,0.16430733265086
TRAIL,DDX3X,0.164231787833176
TRAIL,ZNF222,0.163901848219455
TRAIL,SLC39A1,0.163771983184389
TRAIL,ADPRM,0.163376880148141
TRAIL,MED24,0.163039397761479
TRAIL,SHMT2,-0.163000901348154
TRAIL,MAFG,0.162635461977037
TRAIL,SSR3,0.162584326975165
TRAIL,NUP153,0.162447766323822
TRAIL,KPNA2,-0.162334551370477
TRAIL,SPAG16,-0.162197132922421
TRAIL,PTPN12,0.162136611470195
TRAIL,EXOSC8,-0.162097382297185
TRAIL,AKR7A2,-0.162066540675792
TRAIL,GCLM,-0.161947794792729
TRAIL,ZNF195,0.161833548341436
TRAIL,GBP2,0.161820096178067
TRAIL,ATP2A2,-0.161780518401219
TRAIL,TTC27,-0.161728783839743
TRAIL,UROS,-0.161472049613446
TRAIL,ASF1A,-0.161419129969416
TRAIL,ECHS1,-0.161041542653433
TRAIL,MRPS27,-0.16075444056637
TRAIL,TTLL5,0.160415348241983
TRAIL,CEBPZ,0.160353785165358
TRAIL,NRIP1,0.159979980837928
TRAIL,SUSD6,0.159953060906655
TRAIL,ANKMY2,-0.159894911468742
TRAIL,PCYOX1,-0.159693231498629
TRAIL,MIS18A,-0.159627493001585
TRAIL,COG4,-0.15930582518259
TRAIL,MIPEP,-0.159127066544924
TRAIL,SACM1L,-0.158969353993165
TRAIL,APAF1,0.158960148285505
TRAIL,PLXNA2,-0.158933088495789
TRAIL,RFNG,-0.158581080308737
TRAIL,ASNS,-0.158552287664147
TRAIL,APOO,-0.158441293016024
TRAIL,DEF8,-0.158336585535039
TRAIL,FASTKD2,0.158290486711953
TRAIL,LUC7L3,0.15824034643437
TRAIL,PCCB,-0.158167380492788
TRAIL,TRAK2,-0.158073016996717
TRAIL,TPX2,-0.157831465559333
TRAIL,OXSM,-0.157778185346881
TRAIL,ACTR8,0.15731696317219
TRAIL,ZNF654,0.157045001541754
TRAIL,DFFB,-0.156959851902321
TRAIL,FBL,-0.15684253658735
TRAIL,ZFP36L1,0.156776234560812
TRAIL,NEK7,0.156592771699593
TRAIL,AEN,0.156555035619798
TRAIL,GALNT2,-0.15637603260322
TRAIL,PPP4R3B,-0.156235365911598
TRAIL,LARP1,-0.156170872315832
TRAIL,MTX2,-0.156162317164446
TRAIL,FLNA,-0.15616166920047
TRAIL,PCTP,-0.156153223683384
TRAIL,ZNF197,0.15613226241906
TRAIL,THAP11,-0.15565337333881
TRAIL,TICAM1,0.155511588283829
TRAIL,ITGB1BP1,-0.155303319694667
TRAIL,IL17RC,0.15517870963064
TRAIL,ASXL2,0.155100115656274
TRAIL,IKBKB,0.155098077310559
TRAIL,DDX19A,-0.154677086408152
TRAIL,PDP1,0.154419230255444
TRAIL,NLRX1,-0.154399241385677
TRAIL,RGS2,0.15435787648152
TRAIL,ELAVL1,-0.154290875481805
TRAIL,TALDO1,-0.154053395312119
TRAIL,TCF7,0.154050935823749
TRAIL,KANSL1L,0.15404952715617
TRAIL,SLC25A1,-0.15395260093244
TRAIL,ODC1,-0.153802474001094
TRAIL,SOD1,-0.153716217670637
TRAIL,GTF2H3,0.1536992676646
TRAIL,AIMP2,-0.153689322094251
TRAIL,HPCAL1,-0.153588956612432
TRAIL,TSTA3,-0.153364130191109
TRAIL,ACOT13,-0.153353298618371
TRAIL,MAGT1,0.153306430556551
TRAIL,PMPCA,-0.153140985873034
TRAIL,MAP4K3,0.153071833838661
TRAIL,ASCC1,-0.153037698191609
TRAIL,DXO,0.152986596332957
TRAIL,YAF2,0.152960116685778
TRAIL,TK2,-0.15294722884524
TRAIL,WDR12,-0.152921433191261
TRAIL,TUBG1,-0.152697141246979
TRAIL,WDR41,-0.152605581255346
TRAIL,CNIH4,-0.152514476564898
TRAIL,MTX1,-0.152512434857333
TRAIL,TANK,0.152324396592979
TRAIL,IER2,0.152024533930737
TRAIL,N4BP2L2,0.152008632342553
TRAIL,LFNG,-0.15193614934155
TRAIL,DCAF4,0.151397954897214
TRAIL,SLC10A3,-0.151336057775849
TRAIL,BAZ1B,0.15119965182995
TRAIL,PSMD13,-0.150644585729145
TRAIL,NIF3L1,-0.15053238902634
TRAIL,RHOG,0.150406333844518
TRAIL,GYG1,-0.150204541914865
TRAIL,ISCA1,-0.150142921712676
TRAIL,VPS28,0.150065996131861
TRAIL,LRCH1,0.149885108247212
TRAIL,MFHAS1,0.149741006332137
TRAIL,POMP,-0.149363407240879
TRAIL,NEDD4L,0.148945962204618
TRAIL,MRPL22,-0.148895379997797
TRAIL,ZNF324,0.148791070145531
TRAIL,DDX41,-0.148595039242355
TRAIL,KRIT1,0.14846766416683
TRAIL,EBP,-0.148181686590635
TRAIL,RBM17,0.147964668561975
TRAIL,MCAT,-0.1479625615141
TRAIL,CLIP1,0.147928721751005
TRAIL,ARNTL2,0.147772504895459
TRAIL,CAPRIN2,0.14757332831484
TRAIL,FAM118A,0.14755458081414
TRAIL,ACTA2,0.147352009864179
TRAIL,NOP14,-0.14731486777753
TRAIL,IRF9,0.147218971930851
TRAIL,CDCA3,-0.147137179911531
TRAIL,IFIT2,0.147065562970174
TRAIL,CENPA,-0.146933190113048
TRAIL,MAPKAPK5,-0.146896626407066
TRAIL,HDAC9,0.146859028037782
TRAIL,STOML2,-0.14669753474295
TRAIL,G3BP1,0.14666946883311
TRAIL,RWDD2B,-0.146617484868365
TRAIL,OAT,-0.146518884127206
TRAIL,SEMA6C,0.146437792185569
TRAIL,IRAK1,-0.146425114551704
TRAIL,ABHD2,-0.146381288395225
TRAIL,MRPS2,-0.146082309385084
TRAIL,ZNF266,0.14607377200749
TRAIL,RAB22A,0.146003984009599
TRAIL,RPL38,0.145796506826382
TRAIL,DUSP10,0.145795528271413
TRAIL,TMEM43,0.145586979577864
TRAIL,MKLN1,0.145561745062623
TRAIL,CSGALNACT2,0.14522398447932
TRAIL,CBX6,-0.145123338488341
TRAIL,AP1S2,0.145031934845049
TRAIL,VPS37C,0.144941263904896
TRAIL,MAP3K4,-0.144881575495235
TRAIL,WTAP,0.144707824320381
TRAIL,PLPP1,0.144558209610833
TRAIL,ATG5,0.14449231632
TRAIL,SLC2A1,0.144345595196957
TRAIL,SQLE,-0.144084367426488
TRAIL,KPTN,-0.144046307666736
TRAIL,SNRPF,0.143972668029902
TRAIL,SAP130,-0.143686946718189
TRAIL,MMS19,-0.143330460990089
TRAIL,TPST2,-0.143189858369281
TRAIL,LPCAT4,0.143175632897369
TRAIL,GOT2,-0.143078205487931
TRAIL,MTHFD2L,0.142956701990775
TRAIL,NIT2,-0.142944758058698
TRAIL,RASA2,0.142907201992727
TRAIL,SOS1,0.142829865655221
TRAIL,QKI,0.142789609769481
TRAIL,SLC30A1,0.142648362256706
TRAIL,C1QBP,-0.142602008022139
TRAIL,UBTF,-0.142590474506648
TRAIL,CCNB1,-0.142581628565425
TRAIL,MTMR4,-0.142428470296442
TRAIL,NCAPG,-0.142221029879407
TRAIL,RGS16,0.142205756690878
TRAIL,ERO1A,0.142095619968049
TRAIL,IGFBP6,-0.142086636842769
TRAIL,IFIT5,0.142079103144075
TRAIL,HDAC3,-0.14203056587008
TRAIL,SMAP1,-0.141748111196018
TRAIL,DONSON,-0.141623858058034
TRAIL,GPR153,0.141113003852172
TRAIL,FBXO46,0.140986305229511
TRAIL,TP53I3,0.1405156514177
TRAIL,IRS2,0.140488452613925
TRAIL,TCEA2,-0.140369023810016
HGF,DUSP5,1.11351769956326
HGF,FOSL1,0.906046363084759
HGF,AKAP12,0.702485804203649
HGF,G0S2,0.627139635817965
HGF,ARL4C,0.624611478916123
HGF,HBEGF,0.596688975
HGF,SLC20A1,0.582642335233725
HGF,NT5E,0.529909375
HGF,RGS2,0.491821649833318
HGF,TIMP1,0.490869474249114
HGF,DUSP4,0.490103314379715
HGF,BCAR3,0.485451444626135
HGF,VEGFA,0.4824688425
HGF,RASA2,0.47013
HGF,IER3,0.4677019075
HGF,JUN,0.441631709290556
HGF,TNFAIP3,0.428362393166009
HGF,CEMIP,0.422582658282238
HGF,ETS1,0.392210642694418
HGF,DUSP1,0.382127200584699
HGF,PHLDA1,0.378329395
HGF,MAFF,0.372935666399015
HGF,S100A2,0.371874126357517
HGF,FSCN1,0.36424241994121
HGF,EGR1,0.362276026888694
HGF,ODC1,0.357993611414104
HGF,SRD5A3,-0.35712594069458
HGF,EGR3,0.35451163990877
HGF,EFNB2,0.353323291162897
HGF,CHIC2,0.34873
HGF,TAGLN,0.344132831128032
HGF,ZFP36,0.337170846521546
HGF,UPP1,0.33006
HGF,PTGS2,0.32378843691289
HGF,EHD1,0.321580000000003
HGF,CITED2,-0.312281475939265
HGF,ZSCAN31,-0.311035558871685
HGF,ENC1,0.310340120612151
HGF,CDKN2B,-0.30868551810651
HGF,CDKN1A,0.306082212281306
HGF,ARHGEF2,0.301996735889949
HGF,NIP7,0.298056125
HGF,ZFYVE26,-0.297469585422923
HGF,YRDC,0.29507687523793
HGF,CHAC1,0.293966419130129
HGF,ZKSCAN1,-0.290764420961377
HGF,GBP2,-0.290684698
HGF,CDKN2C,-0.290542013339464
HGF,CD44,0.28757929312372
HGF,NXT1,0.287454049017741
HGF,PLEC,0.287302290481375
HGF,STX1A,0.286304185156641
HGF,EPHX1,-0.283955393246671
HGF,ANKRA2,-0.281094377378785
HGF,DDX21,0.280927228768402
HGF,CSGALNACT2,0.277109591045517
HGF,LRCH1,0.276110281214295
HGF,TRAPPC2,-0.271470996008889
HGF,NOCT,0.27093960391914
HGF,CDKN1B,-0.269334795
HGF,TNFRSF10D,0.269095409606956
HGF,NR1D2,-0.26779676226355
HGF,TPM4,0.267579808918682
HGF,DTX4,-0.265724469805409
HGF,PSMB8,-0.260675132959872
HGF,ERMP1,-0.258595587497251
HGF,TNFRSF10B,0.257700949654399
HGF,PNO1,0.257334910161498
HGF,PDK1,0.256750000000002
HGF,CD3EAP,0.256441728523365
HGF,RASA3,0.25522240835951
HGF,SMTN,0.254351245373194
HGF,STMN3,0.251585424840489
HGF,PANX1,0.251073306420579
HGF,ADI1,-0.249499999999999
HGF,REPIN1,-0.248869692164371
HGF,TUBB6,0.248513598596263
HGF,ZNF211,-0.247720282066103
HGF,METTL18,-0.24771
HGF,KIF14,0.24707627
HGF,RPS28,-0.246049936287989
HGF,IMPA2,-0.245112497836532
HGF,PPL,-0.244915119665851
HGF,GOLPH3L,-0.24462682966835
HGF,SERPINB8,0.244179998169782
HGF,CREBL2,-0.243889360100699
HGF,EIF5A2,0.243817268381673
HGF,SH2B3,0.243072674176123
HGF,CYP1B1,-0.242177852303735
HGF,HMGN3,-0.24192918912035
HGF,TRIP13,0.241657394743649
HGF,CRIP2,-0.241537095
HGF,PCYOX1,-0.240725568977228
HGF,TDG,0.240525
HGF,B3GNT2,0.239861763231146
HGF,SACS,0.238736186924673
HGF,NNT,-0.238689999999999
HGF,RAB15,-0.238626005
HGF,GEM,0.237283411442929
HGF,SAC3D1,-0.237049434486228
HGF,MAK16,0.23653899895513
HGF,IRF1,-0.236430112459536
HGF,PEX11B,-0.234247925340403
HGF,C3orf52,0.23417
HGF,MCL1,0.234090750680143
HGF,ZC3HAV1,-0.233376825488643
HGF,PBXIP1,-0.232147360449891
HGF,TXNIP,-0.231670234924459
HGF,SCAF4,0.231616309455228
HGF,CRBN,-0.23085594
HGF,EGR2,0.23072315774332
HGF,SLC25A1,-0.230393549171099
HGF,CLUAP1,-0.230208277397893
HGF,EIF4B,-0.228150974080103
HGF,RMND1,-0.22700609664958
HGF,IDH2,-0.226914999999998
HGF,SLC1A4,-0.226225564558842
HGF,C2orf49,-0.22544
HGF,TRAPPC6A,-0.224155654641352
HGF,INSIG1,0.22404456854012
HGF,ENDOG,-0.22394510092886
HGF,PIK3C2B,-0.223719999999997
HGF,ZNF264,-0.223524474017
HGF,KLHL24,-0.222794902868111
HGF,SMIM14,-0.222584486176097
HGF,MVP,-0.222511548956422
HGF,CD59,0.2220768905
HGF,MEGF9,-0.221079089392415
HGF,BTG2,-0.220438043524638
HGF,TKT,-0.220037935
HGF,ZNF358,-0.219520214807139
HGF,PPRC1,0.21920437797195
HGF,RETSAT,-0.218339249727259
HGF,PEA15,0.2180576325
HGF,XBP1,0.2175073615
HGF,ARL6IP5,-0.217057729926296
HGF,NCOA2,-0.216415
HGF,ZNF184,-0.21623
HGF,PGD,-0.215033311098399
HGF,BCL7B,0.21366822575423
HGF,TP53,-0.213143073003821
HGF,ETFB,-0.213124883390735
HGF,DHX40,-0.213107659977103
HGF,ORAI3,-0.212555718692812
HGF,MICAL2,0.21222329402562
HGF,ENO2,0.211870000000001
HGF,CBL,0.211838844350288
HGF,THYN1,-0.211705071638546
HGF,SCPEP1,-0.21104149699992
HGF,PNRC1,-0.210824116764562
HGF,POR,-0.210566985939658
HGF,ING4,-0.209647986899684
HGF,FLOT2,-0.207721191048566
HGF,IFIT3,-0.207457953111215
HGF,ADD3,-0.207424400871215
HGF,JAG2,-0.20733523
HGF,SEPHS1,-0.207181171100277
HGF,POLR3D,0.206862723042844
HGF,ALDH5A1,-0.206390375
HGF,CEP350,-0.20574
HGF,CTSD,-0.20532941320422
HGF,HINFP,-0.205214861873701
HGF,ZSCAN16,-0.205114429904613
HGF,SCG5,0.205042813127859
HGF,RNF24,0.204638568964158
HGF,IFT74,-0.2028110075
HGF,MAN1A2,-0.202624097926914
HGF,TPGS2,-0.202290527107656
HGF,RAB9A,-0.202263980997269
HGF,AP1S1,-0.202248505128249
HGF,CDC25B,-0.202023157995711
HGF,IER2,0.201701259472399
HGF,PMM2,0.20163386116965
HGF,EID1,-0.201622303011808
HGF,MXI1,-0.20144081
HGF,CCS,-0.201435974187532
HGF,PEBP1,-0.200404924255951
HGF,PAPOLG,-0.2001809461411
HGF,IKZF2,-0.19936
HGF,LRRFIP1,0.198602675
HGF,MPST,-0.198089999999999
HGF,ANKMY2,-0.197892296238838
HGF,CNPPD1,-0.197331158782966
HGF,FAM216A,0.196730000000001
HGF,HADHA,-0.19639206
HGF,IFNGR1,-0.19578364142846
HGF,COG4,-0.19573092325
HGF,ECI1,-0.195497194273387
HGF,CYBRD1,-0.19535121179417
HGF,STXBP3,-0.195332680076265
HGF,XPA,-0.195329902
HGF,ECHDC1,-0.195161813589776
HGF,ARMCX3,-0.195121154268931
HGF,DHFR,-0.194514999999999
HGF,MCCC1,-0.194474748499478
HGF,MAP4K4,0.194221931213777
HGF,PTGER4,0.194048165
HGF,TCEAL4,-0.193542741586968
HGF,FJX1,0.193449999999999
HGF,ADNP,-0.193443608543766
HGF,SAV1,-0.193408483
HGF,LIG4,0.1934077434462
HGF,PAK1IP1,0.192945108106914
HGF,TIPARP,0.192850393788325
HGF,DOCK4,0.192435427889126
HGF,PIK3R3,-0.192365146378975
HGF,TRIM5,-0.192321788877065
HGF,ZNF292,-0.1922777462941
HGF,COQ10B,0.19220660591463
HGF,GPX4,-0.192205700737572
HGF,MAVS,-0.19191996935821
HGF,MAP7D1,0.191384082860287
HGF,SNRPE,-0.191345667764723
HGF,WIPI2,-0.191274780190916
HGF,MAN2A1,-0.190942023211735
HGF,CYB561,-0.190862233984944
HGF,CEBPD,-0.190346235
HGF,PHLPP1,-0.190308012620682
HGF,DDX50,0.19026619020269
HGF,TUBG1,0.190165100424077
HGF,NET1,0.190116644
HGF,STAT2,-0.18999640034778
HGF,MSRB2,-0.189610186120461
HGF,ZNF43,-0.18953455149563
HGF,ELK3,0.189283303315195
HGF,SLC25A36,-0.1890653211453
HGF,GALNT7,-0.188815100165387
HGF,PIGV,-0.188812319460737
HGF,NRIP3,0.188757258205307
HGF,LETMD1,-0.188347323339412
HGF,SOWAHC,0.188321745246755
HGF,PXMP4,-0.188168341433041
HGF,MTHFD2,0.188023125373574
HGF,SUN2,-0.187600351867051
HGF,UAP1,0.187419999999999
HGF,USP5,-0.18737364027228
HGF,TOPBP1,-0.18676901
HGF,ZNF623,-0.18675850637767
HGF,DHRS1,-0.186724233501111
HGF,PHKB,-0.186604999999997
HGF,SLC2A1,0.186100553308775
HGF,NFAT5,-0.185822387897761
HGF,CLIP1,-0.185638288837337
HGF,ZC2HC1A,-0.185555653156077
HGF,AASS,-0.185357092922528
HGF,RPP14,-0.185159515137473
HGF,PPCS,-0.184885238512904
HGF,PSD3,-0.184103936612074
HGF,PLPP3,-0.18379717602387
HGF,CTSO,-0.183446141095931
HGF,SCP2,-0.183381281921739
HGF,SLC4A7,0.183005526215838
HGF,GNL2,0.18300438
HGF,VAMP1,-0.18300424839535
HGF,ANXA4,-0.182802460111144
HGF,CBX1,-0.182769374103732
HGF,TFDP2,-0.182732877329006
HGF,ERBB3,-0.182514397661698
HGF,CARHSP1,-0.181850888281055
HGF,RFX5,-0.181805000000001
HGF,ERCC1,0.181722454609064
HGF,JUNB,0.1814341809968
HGF,C1S,-0.181384116817376
HGF,CEP83,0.18126
HGF,FAM114A1,-0.180859124038905
HGF,CAP1,0.1808
HGF,CACNB3,-0.180639999999998
HGF,DLGAP4,0.18060330749454
HGF,COQ3,-0.18046991934317
HGF,ITCH,0.180250080684925
HGF,CTSB,-0.180076239778192
HGF,TTC30A,-0.179827536298698
HGF,PNPO,-0.179728046193301
HGF,TUFT1,-0.17957592
HGF,MAGOHB,0.179493710291091
HGF,SLC29A3,-0.179266048141196
HGF,MAP2K2,-0.179112258758155
HGF,CNPY3,-0.178800000000001
HGF,GNS,-0.178786892594489
HGF,RCL1,0.17875211303363
HGF,PLCXD1,0.178748017400168
HGF,CAMK2G,-0.178681551500041
HGF,REL,-0.17859116431674
HGF,NMRK1,-0.17857623
HGF,CIRBP,-0.178475304806242
HGF,PGM1,-0.1782220578395
HGF,PXDC1,-0.178008713838019
HGF,DNAJB4,-0.177733368538467
HGF,BRD3,-0.177592847974869
HGF,TIGAR,0.17753792
HGF,DNASE2,-0.17745867412772
HGF,ADAM19,0.177396250873447
HGF,MTMR11,0.177377287689705
HGF,TMEM187,-0.17721503737279
HGF,PMVK,-0.177151301988369
HGF,ZNF813,-0.177033671345322
HGF,CYCS,0.177016389454311
HGF,KLF10,0.17687277016673
HGF,WDR47,-0.176787899737613
HGF,PAPSS2,-0.176720562951165
HGF,ERMAP,-0.176465150886961
HGF,RNF146,-0.17642880704352
HGF,PRKX,-0.17610693
HGF,KLF6,0.175961391172981
HGF,CACFD1,-0.17562720982986
HGF,PSMB10,-0.17518849053263
HGF,XPO4,0.175104074335673
HGF,MYO6,-0.175086706558091
HGF,SMUG1,-0.175013878115112
HGF,CCDC85B,0.17500433036679
HGF,FOXN3,-0.1749970885
HGF,HIGD2A,-0.174766889433995
HGF,RWDD2B,-0.173885277634204
HGF,SURF1,-0.173821349810947
HGF,DHTKD1,-0.173666472986365
HGF,LFNG,-0.173655471003601
HGF,APPL2,-0.173461035513711
HGF,MPP5,-0.1734357652018
HGF,ZNF79,-0.173414080958825
HGF,NMI,-0.173412454068955
HGF,NFATC3,-0.173355000000001
HGF,CTSH,-0.173307640836964
HGF,NDEL1,0.173218166232483
HGF,CDK5R1,0.173192715276223
HGF,CCNG1,-0.1730663765
HGF,ADA,-0.172890459918874
HGF,TRMT13,0.172494361054445
HGF,CCDC28A,-0.172247789349308
HGF,NAPA,-0.172246313352434
HGF,MIS12,0.172188997881645
HGF,CAPRIN2,0.17176533
HGF,PPP2R3A,-0.17145
HGF,SUOX,-0.171351294233607
HGF,DDIT4,-0.171245095
HGF,RAB30,-0.17088675
HGF,BRIX1,0.17081024455579
HGF,CDKN2AIP,-0.170590000000001
HGF,UBXN2B,-0.170318730469971
HGF,SF1,0.169621752033805
HGF,HERC2,-0.16954112
HGF,C2orf68,-0.16932994073213
HGF,GSN,-0.168886392103274
HGF,SPRED2,0.168813116296687
HGF,ZFPL1,-0.16876
HGF,PTCD3,-0.168737109204851
HGF,MUC1,-0.1686989804254
HGF,OSTM1,0.16868183459168
HGF,SMARCE1,-0.16864
HGF,CTSA,-0.168581834935378
HGF,PHB,-0.168441040751948
HGF,RBL2,-0.16843
HGF,MKRN1,-0.168380397251615
HGF,ID3,-0.16832723708591
HGF,DYNC1H1,-0.168310776949415
HGF,PLAT,0.168227687375771
HGF,ZBTB10,-0.168206785266529
HGF,JMJD6,0.16797275280323
HGF,CDK5RAP3,-0.16778885882089
HGF,CHMP1B,-0.167769529993191
HGF,PDLIM1,-0.1676
HGF,ANKRD49,-0.167456745851563
HGF,CCDC6,-0.167204999999999
HGF,TMEM254,-0.167178842501763
HGF,CTCF,-0.167084786569539
HGF,CPSF1,-0.167056863795261
HGF,CNP,-0.167033123224236
HGF,LRBA,-0.1669802685
HGF,DBR1,-0.1666112
HGF,NMT2,-0.166539186602931
HGF,TLK1,-0.16651626141215
HGF,ZBTB44,-0.166429463395819
HGF,ZNF606,-0.166162164304779
HGF,ERAP2,-0.16597
HGF,TGFBR1,0.165764380821911
HGF,DDX31,0.165682110573249
HGF,COX5B,-0.165573156734887
HGF,CCDC25,-0.165467416432107
HGF,PROCR,0.165423609207372
HGF,CES2,-0.165374934464511
HGF,NUP58,0.16523981
HGF,ETAA1,-0.165115112981988
HGF,NAP1L1,-0.164928065343317
HGF,NOP16,0.164928065343317
HGF,PEX10,-0.164850108215143
HGF,METTL7A,-0.164696486640501
HGF,MYL12A,0.164571285
HGF,GGCT,-0.164507353537439
HGF,SQSTM1,-0.164487765990209
HGF,PGLS,-0.164430041319817
HGF,VPS28,-0.164327311825645
HGF,RHOG,0.164324150929829
HGF,ZNF37A,-0.164305495824896
HGF,BCCIP,0.16422939577831
HGF,RMND5A,-0.164098901655784
HGF,RPRD2,-0.16408528297187
HGF,MTMR9,0.16405058
HGF,DCTN3,-0.16381167170888
HGF,MAN2B1,-0.163797971957475
HGF,SGSM2,-0.16375087825
HGF,PAM,-0.163419885914999
HGF,ATG10,-0.16338145475
HGF,MIA3,-0.163263091620627
HGF,DHX32,-0.163230348868305
HGF,TP53I3,-0.163204834538158
HGF,IDH1,-0.163053753600209
HGF,PALB2,-0.163044472586609
HGF,ALAD,-0.16298010197801
HGF,EXPH5,-0.162814612279123
HGF,STX7,-0.162674143403828
HGF,ATF7IP2,-0.162650337644559
HGF,THBS1,0.1625003967956
HGF,MRFAP1L1,-0.162432791758999
HGF,NFKBIA,-0.162326947541901
HGF,NUCKS1,-0.162292088961763
HGF,PARP16,-0.16224241881315
HGF,TMEM41B,0.162153244
HGF,WDR6,-0.16208640222306
HGF,ZNF331,-0.161976494128815
HGF,MANSC1,-0.161973042991375
HGF,VCPIP1,-0.161153702981588
HGF,IMPACT,-0.161140252144172
HGF,TM7SF3,-0.161106312972773
HGF,LTBP3,-0.16104685009586
HGF,UBAC1,-0.160911851762057
HGF,TAF1A,0.160903526393239
HGF,THNSL1,-0.160721351818745
HGF,DCLRE1A,-0.160720310546159
HGF,CAPN7,-0.160694053709095
HGF,SRP9,-0.160633417047197
HGF,ISCA1,-0.160565106948474
HGF,EXOSC9,0.160431412324732
HGF,TALDO1,-0.16037300907138
HGF,CASP6,-0.16005226766225
HGF,SLC25A40,-0.160041915275135
HGF,FKBPL,-0.15998577390381
HGF,CYB5A,-0.1599616995
HGF,KDM7A,0.159955
HGF,SYT11,0.15972
HGF,ZNF426,-0.159558285884053
HGF,ZNF33B,-0.159547500000002
HGF,COX7B,-0.159419207798235
HGF,FBXW4,-0.159359112363845
HGF,CLK2,-0.15926064758334
HGF,HPCAL1,0.15912876986847
HGF,FAM214B,0.159113423738652
HGF,DCAF7,-0.159088032790244
HGF,VPS35,-0.158998490977226
HGF,PRKCSH,-0.15837813
HGF,TSC1,-0.158025027536941
HGF,HSPB1,-0.15788387875
HGF,RNPEP,-0.157873580348743
HGF,NIPSNAP1,-0.157817226369351
HGF,CIR1,-0.15779327419967
HGF,ACSL1,-0.157773495
HGF,ZNF234,-0.15717947809598
HGF,ARHGEF9,-0.157035
HGF,ADK,-0.156998179360688
HGF,SPHK1,0.15682363
HGF,PIN4,-0.156804079708871
HGF,SENP5,0.156793115
HGF,LGALS3BP,-0.15678052665774
HGF,NAGK,-0.156725503687453
HGF,TRIO,0.156426458099549
HGF,EI24,-0.156209847663876
HGF,RIT1,-0.156118404939619
HGF,SNX2,-0.15601015
HGF,MYO1E,0.155896126189789
HGF,HIC1,0.155721544439912
HGF,ELK1,0.155702197855927
HGF,AP2B1,-0.155442934085385
HGF,NOLC1,0.155385166422674
HGF,CHST12,-0.15519806268818
HGF,ALG3,-0.155175871594795
HGF,HEG1,-0.155005793281298
HGF,MALT1,0.1547345346925
HGF,TAPBP,-0.154718652733703
HGF,ATP1B1,-0.154633349489723
HGF,UQCRB,-0.15456062499063
HGF,ANKRD27,0.154488356834643
HGF,ETV1,0.15417093012776
HGF,SRI,-0.154109877022995
HGF,CANT1,0.153987899337046
HGF,AFF4,0.153854308228631
HGF,PEX2,-0.153839701344947
HGF,PKP2,0.153525875673987
HGF,TNC,0.153522679437099
HGF,NUP133,-0.15334808775
HGF,MTRF1L,0.153221594358721
HGF,LANCL2,-0.153209449
HGF,ZYX,0.153052260362296
HGF,TDRKH,-0.15299982632161
HGF,GABPB1,0.152759701091638
HGF,MSN,0.1527478160826
HGF,ATP8B1,-0.152735000000001
HGF,PPP3CA,-0.15255
HGF,MED20,-0.152541801930705
HGF,TMED1,-0.152497115
HGF,ZNF274,0.1522650937958
HGF,PIN1,-0.152264955207571
HGF,ZWILCH,0.15219569
EGF,EGR1,1.10667432293666
EGF,DUSP5,0.905600829214942
EGF,PTGS2,0.894296424435597
EGF,FOSL1,0.801030305294212
EGF,IER3,0.710891806316182
EGF,EGR3,0.670054706922637
EGF,MAFF,0.656110180203045
EGF,DUSP4,0.574272454550073
EGF,JUN,0.470179609637053
EGF,HBEGF,0.468437081594703
EGF,KLF10,0.450375273535586
EGF,JUNB,0.448256503223626
EGF,PHLDA1,0.447863502908349
EGF,EGR2,0.429111286502347
EGF,DUSP1,0.424183271260311
EGF,IER2,0.416388808027552
EGF,ENC1,0.387109329510464
EGF,GADD45A,0.383747470870083
EGF,TNFRSF12A,0.356901309725994
EGF,PFKFB3,0.343276705052583
EGF,SLC20A1,0.342450351435125
EGF,KLF6,0.324941614574759
EGF,BZW1,0.311143214573657
EGF,THBS1,0.310580662630353
EGF,ITGA2,0.301244333772189
EGF,SOWAHC,0.299326665950229
EGF,RHOB,0.296301672837749
EGF,EMP1,0.295745678009521
EGF,KLF4,0.28569201920029
EGF,NT5E,0.28276790415603
EGF,COQ10B,0.274842985269886
EGF,UAP1,0.273251574166537
EGF,SERPINB8,0.264542080368723
EGF,TUBB2A,0.260569470193195
EGF,ATP2B1,0.259496618297251
EGF,EDN1,0.257316123353498
EGF,SLC4A7,0.255260731151773
EGF,NRAS,0.254475152420721
EGF,ZNF281,0.252871231341332
EGF,ZFP36,0.251681075008194
EGF,KPNA4,0.248807612002635
EGF,CDKN1A,0.248316317977274
EGF,PHLDA2,0.248130311566397
EGF,ZNF267,0.247652509995034
EGF,DDX21,0.244348012445835
EGF,BCAR3,0.243037821141954
EGF,AHR,0.240208975589743
EGF,NOCT,0.239359497655172
EGF,GRPEL1,0.239288389552732
EGF,SLC7A11,0.23711813818809
EGF,CHMP2B,0.234896938848961
EGF,NAB2,0.234445668516738
EGF,NOP16,0.234084020070015
EGF,WDR43,0.230923608217331
EGF,MAK16,0.228674259199945
EGF,TXNIP,-0.227855303965192
EGF,GTPBP4,0.227228815543585
EGF,MTHFD2,0.226678878884926
EGF,CD58,0.224346206256375
EGF,PAK1IP1,0.223747988818791
EGF,EFNB2,0.222162453892039
EGF,PSME4,0.221599435501571
EGF,SDC4,0.220382482332454
EGF,ORAI3,-0.219264254390387
EGF,HIVEP1,0.217923331347844
EGF,TUFT1,0.217310091387906
EGF,MCL1,0.216749197312033
EGF,SPRED2,0.216525949766534
EGF,JMJD6,0.216240488067525
EGF,TRAPPC6A,-0.215127650151668
EGF,BRIX1,0.214835018862296
EGF,FERMT2,0.214338038197286
EGF,WWTR1,0.214062152261121
EGF,YRDC,0.213914828696841
EGF,RASA2,0.213198855796263
EGF,NDRG1,0.207555036177813
EGF,DNASE2,-0.206698385311442
EGF,TNFAIP3,0.205769943765575
EGF,MT1X,0.205073159571508
EGF,UPP1,0.204518556688018
EGF,FOXN2,0.204137900700036
EGF,LETMD1,-0.203531880041566
EGF,SLC25A6,-0.203328567448475
EGF,EIF3J,0.203303789079014
EGF,GPRC5A,0.203047947897346
EGF,MPP6,0.202150288777373
EGF,NUP153,0.202103250687867
EGF,MOB1A,0.202072819154617
EGF,TOP2A,-0.201602596679837
EGF,CRY1,0.200901428798288
EGF,IRS2,0.200009507309442
EGF,HK2,0.199489624562166
EGF,ZNF358,-0.198936853858183
EGF,TIPARP,0.197977198323212
EGF,MUTYH,-0.197830631421798
EGF,SEC23B,0.197734668488555
EGF,SERPINE2,0.196934466274607
EGF,YTHDF3,0.19636943502128
EGF,CITED2,0.195582058887672
EGF,GNL2,0.195062942546826
EGF,CDKN2AIP,0.194932466278155
EGF,LPXN,-0.194768234560576
EGF,AIDA,0.194701268518593
EGF,GADD45B,0.194024497877722
EGF,SACS,0.193049360040697
EGF,GFPT1,0.192335765690211
EGF,GBE1,0.192293036613733
EGF,EZR,0.192060604547149
EGF,PPP1R15A,0.192004120656293
EGF,BRD8,-0.1919084553094
EGF,CSGALNACT2,0.191809486273367
EGF,ZYX,0.191140614782321
EGF,CAMK2G,-0.190458975542947
EGF,SCYL2,0.189710472741975
EGF,NDUFS7,-0.188468071488967
EGF,HOMER1,0.188202845554355
EGF,ABCE1,0.187830607157576
EGF,MYO1B,0.187664569983845
EGF,RRS1,0.187622731531623
EGF,HSPH1,0.187220399159218
EGF,RBM7,0.187151908342231
EGF,SSH3,-0.187147063709897
EGF,GAMT,-0.186988453394262
EGF,SUCO,0.186632500048181
EGF,AEN,0.186049107970328
EGF,RRP15,0.184468506987172
EGF,ZNF428,-0.184351459092977
EGF,ABL2,0.183062332068303
EGF,PDLIM5,0.182959773724326
EGF,BTG2,-0.18288485213549
EGF,TAF13,0.182604380328812
EGF,MZF1,-0.182544013168061
EGF,METRN,-0.182467838695402
EGF,RPF1,0.180904792104594
EGF,SLC25A24,0.179352833415614
EGF,KBTBD2,0.179102820396624
EGF,PNPLA2,-0.178335609515977
EGF,B3GNT2,0.178227941505174
EGF,SFXN1,0.177109049281497
EGF,TPM4,0.177025799047231
EGF,SOX12,-0.176798054437142
EGF,RABAC1,-0.175893565134615
EGF,NRIP1,0.175365808202418
EGF,TRIB3,0.175307989266638
EGF,RAB5A,0.173867740392109
EGF,UGCG,0.173836342911091
EGF,YOD1,0.173413321441323
EGF,C9orf16,-0.173263744305602
EGF,AMD1,0.173240945211061
EGF,RTN4,0.17273144790595
EGF,C2orf68,-0.172321944190093
EGF,RAP2B,0.172231445813349
EGF,UGDH,0.172221666422224
EGF,SLC16A1,0.172144324646299
EGF,LGALSL,0.171946739492328
EGF,PTBP3,0.171856510513328
EGF,TXNDC9,0.171190167560888
EGF,EFHD2,0.171136564062494
EGF,IER5,0.17096632251382
EGF,CTNNAL1,0.170828148735816
EGF,SETX,0.170501354467376
EGF,SLC25A1,-0.170191196135192
EGF,CKB,-0.170135518997407
EGF,HCFC1R1,-0.170123497081152
EGF,EPAS1,0.169979438197532
EGF,CASP3,0.169639903868807
EGF,LYN,0.167943233024
EGF,SAT1,0.167891068548836
EGF,AKIRIN1,0.167523991560272
EGF,CARHSP1,-0.167396022212184
EGF,PTPN12,0.167243467271487
EGF,NDUFB11,-0.167022302034131
EGF,GAA,-0.166837052117307
EGF,SGSM2,-0.166770252645404
EGF,ENTPD7,0.166076034761496
EGF,EIF1,0.165815723651287
EGF,TPMT,0.165550255510521
EGF,ZFP36L1,0.165549757124191
EGF,SPATA20,-0.165477085180963
EGF,EIF2S1,0.16500684999917
EGF,ETF1,0.164821149218769
EGF,PBXIP1,-0.16476216108448
EGF,ETS1,0.164723876182149
EGF,TRAF5,0.164444642823744
EGF,NPAS2,0.164172671834276
EGF,GLS,0.164089170468431
EGF,EIF5A2,0.164083112187696
EGF,LTBP3,-0.163610058101658
EGF,HSPA4,0.163320020539297
EGF,SERP1,0.162979818269108
EGF,C12orf29,0.162041997389185
EGF,PXDC1,0.161963259957068
EGF,PELI1,0.161829524427069
EGF,KLHL24,-0.160995951002477
EGF,LRRFIP1,0.160969397564049
EGF,PANX1,0.160457993046027
EGF,STK39,0.160332343305285
EGF,RNGTT,0.160300560879262
EGF,ULK1,-0.160134445722745
EGF,TRADD,-0.159759864112839
EGF,ZNF362,-0.159450366130986
EGF,GAS2L1,-0.159437181892931
EGF,CHORDC1,0.15924924558445
EGF,CD320,-0.159169613023479
EGF,CLIC4,0.158257043881236
EGF,ISG20L2,0.158104861605338
EGF,SEH1L,0.157996837026076
EGF,MCMBP,0.157402296993968
EGF,EIF5B,0.157192018144399
EGF,MBD4,0.157141879712347
EGF,UBE2J1,0.156951396544276
EGF,SPEN,0.156932980192727
EGF,EIF2AK3,0.15687946023804
EGF,UTP3,0.156867169000369
EGF,ERMAP,-0.156739933402449
EGF,GALK1,-0.156651035339887
EGF,CNBP,0.156312678028312
EGF,RGS2,0.156236661318748
EGF,BCL2L1,0.156094714407942
EGF,KIF5B,0.155637805016623
EGF,TMED5,0.155314917037705
EGF,ALAD,-0.155148846973672
EGF,PSRC1,-0.15506336148398
EGF,HAT1,0.154804620786824
EGF,ITGAV,0.154656476399377
EGF,SLK,0.154464543676986
EGF,IVD,-0.154377699690803
EGF,SNRK,0.154327335503618
EGF,CLCN7,-0.154225805708145
EGF,MACROD1,-0.154056371606669
EGF,FEM1B,0.153976648824337
EGF,CCNT2,0.153728724541024
EGF,CCDC59,0.153522625907463
EGF,SCML1,0.153389867704246
EGF,PPID,0.153189051728968
EGF,SPCS3,0.153114773923771
EGF,HIVEP2,0.153065626876161
EGF,DDX18,0.152866231015862
EGF,TUBG2,-0.152549232700169
EGF,NIP7,0.152383285284748
EGF,DNAJA1,0.15228147038147
EGF,RYBP,0.152268341818565
EGF,MAP4K4,0.152229989792865
EGF,EHD1,0.152130159942123
EGF,RAI14,0.152011050970994
EGF,VEGFA,0.151763595403814
EGF,RAP1B,0.151736033246567
EGF,GTF2B,0.151729922824557
EGF,C12orf4,0.151114971401254
EGF,GNAI3,0.151010636039948
EGF,ZFAND5,0.150958924220495
EGF,NUBP2,-0.150769381770181
EGF,ZNHIT6,0.150763521959392
EGF,BLZF1,0.150740829245642
EGF,EMC10,-0.150595212569152
EGF,GSTP1,-0.150575013907398
EGF,TYK2,-0.150392553243836
EGF,DYNC1LI1,0.15033410848702
EGF,PNO1,0.15024926048577
EGF,SCAP,-0.150073426917932
EGF,PRNP,0.14971325014537
EGF,IBTK,0.149572134378174
EGF,MCFD2,0.149528638924276
EGF,CDK5RAP3,-0.149513359210511
EGF,DNAL4,-0.149180016425789
EGF,CRELD1,-0.149027560633926
EGF,PEX11A,-0.148895154223568
EGF,IDI1,0.148537028500072
EGF,NAMPT,0.148502514385369
EGF,SAC3D1,-0.148403243497941
EGF,CDKN2C,-0.148212212936536
EGF,THYN1,-0.148002433790301
EGF,SLC19A2,0.147918873553226
EGF,METTL7A,-0.14674994070347
EGF,ABCB6,-0.146636259510248
EGF,RIPK2,0.146298062766939
EGF,TXNRD1,0.146029526323626
EGF,IFNGR1,0.145858137610813
EGF,MEGF8,-0.145732385002593
EGF,TOP1,0.145591833742678
EGF,TMEM41B,0.145435432570002
EGF,SLC2A8,-0.145410392521519
EGF,EMC9,-0.145027863479303
EGF,BAD,-0.144871438338645
EGF,TAB2,0.14477572252509
EGF,NUP58,0.144373954410901
EGF,TP53BP2,0.144373884903062
EGF,SLC29A3,-0.144188323702783
EGF,MEX3C,0.144028236207053
EGF,HDAC5,-0.144014029450094
EGF,LYPLA1,0.143444093957569
EGF,NADK,-0.143418051756061
EGF,BOLA1,-0.143265323098534
EGF,RAP1GDS1,0.142977915176594
EGF,CHIC2,0.142950704868325
EGF,RRNAD1,-0.142727026495297
EGF,TCEA2,-0.142588466983988
EGF,SUN2,-0.142367348858213
EGF,MZT2B,-0.142296851051365
EGF,POLR3G,0.142283498175001
EGF,CDC42SE1,0.142168332009091
EGF,STX12,0.142082294003207
EGF,LMO7,0.142080426196979
EGF,GANAB,-0.142072157650352
EGF,FOXJ3,0.142005659210479
EGF,MPST,-0.141988765470601
EGF,ERF,-0.14186753265434
EGF,CBFB,0.141822725724572
EGF,ERO1A,0.14178057570563
EGF,ATP6AP1,-0.141694199144114
EGF,NOL10,0.14168957367635
EGF,UCHL3,0.141267060023426
EGF,DDX3X,0.141157404325759
EGF,GABPB1,0.141130545911311
EGF,PDP1,0.140887929207586
EGF,C10orf88,0.14039664466254
EGF,USP12,0.1398987660041
EGF,SLC2A1,0.139848745654998
EGF,TSC2,-0.139668176582691
EGF,TOE1,0.13954101058416
EGF,ZC3H15,0.139206691397935
EGF,LRIF1,0.13913552835876
EGF,PTS,0.138966066084771
EGF,ATP6V1C1,0.138755564129387
EGF,CAPZA2,0.138605716391805
EGF,ARF4,0.13823386697325
EGF,GOLGA4,0.137999328545985
EGF,IL6ST,0.13797150950543
EGF,ITGB1BP1,0.137856374935231
EGF,KPNA3,0.13779350297208
EGF,PPIG,0.137755111719242
EGF,IL1RAP,0.137620246417222
EGF,EPOR,-0.137351568442925
EGF,SOCS6,0.137351487667363
EGF,RIF1,0.137218671879239
EGF,TIGAR,0.137159540125566
EGF,CRIP2,-0.137032407927856
EGF,DPM1,0.136981398774185
EGF,MAPK1IP1L,0.136708072357362
EGF,GSPT1,0.136659033755926
EGF,HDAC2,0.136559171764706
EGF,WWP1,0.136514458645302
EGF,MSMO1,0.136498918467515
EGF,PXMP2,-0.136495787157792
EGF,ZMYM3,-0.136413944776862
EGF,NEK7,0.136029358955658
EGF,CSNK1G3,0.135937597782427
EGF,MTRR,0.135928691276573
EGF,ARSD,-0.135842389380014
EGF,MAU2,-0.135825408602029
EGF,MAT2A,0.135604240647893
EGF,COL18A1,-0.135409913816711
EGF,CAMK2N1,0.13539387017258
EGF,EOGT,0.135325547370519
EGF,PLAT,0.135178169910064
EGF,SEMA6C,-0.135141071725169
EGF,ETFB,-0.13481622122817
EGF,DDB2,-0.134686321400505
EGF,SLC38A2,0.134648997086336
EGF,MDK,-0.134623773979793
EGF,CDK7,0.134349944670985
EGF,PER2,0.134224859130792
EGF,HMGCR,0.134131763699921
EGF,TMEM80,-0.133954089847561
EGF,DECR2,-0.133951765441032
EGF,SLC30A1,0.13395041609613
EGF,MTDH,0.133822658263097
EGF,IL11RA,-0.133723349171276
EGF,LGALS3BP,-0.133530390539582
EGF,MMD,0.133496619329812
EGF,BARD1,0.133303305324606
EGF,TFB2M,0.13316092535496
EGF,B3GAT3,-0.133045485477457
EGF,TNFAIP1,0.133037642696835
EGF,UNC119,-0.132910813030317
EGF,KAT8,-0.132831316621929
EGF,TRIP12,0.132702547104987
EGF,NABP1,0.132553645666166
EGF,POLL,-0.132537619822708
EGF,ACTB,0.132527334179847
EGF,CSRP1,0.132372164304638
EGF,CUEDC2,-0.132365770246424
EGF,SRSF7,0.132342558554837
EGF,SERTAD2,0.132281738629862
EGF,IFI6,-0.132123528874215
EGF,CRLF1,-0.132080242393675
EGF,RCAN1,0.131854344126941
EGF,NR2F6,-0.131826496025246
EGF,SLC39A14,0.131787746778305
EGF,TEX10,0.131663518904002
EGF,SPHK1,0.131603596169081
EGF,DNAJB1,0.131556830145626
EGF,MAN1B1,-0.131360911230867
EGF,HPRT1,0.131236907075658
EGF,THAP3,-0.131067177454938
EGF,NUCB1,-0.130938955730651
EGF,SYNCRIP,0.130501756904693
EGF,ATP1B1,0.130384020509011
EGF,RFNG,-0.13031504950315
EGF,GMPS,0.130291016225875
EGF,GSTZ1,-0.130208844105486
EGF,ZMAT5,-0.130028899957537
EGF,MSRB2,-0.129950601469229
EGF,TSC22D2,0.129640576302741
EGF,SNRPD1,0.129512963519635
EGF,ZNF143,0.129384348766304
EGF,DCXR,-0.129208849173204
EGF,KDM4A,-0.129122354493432
EGF,FOXRED2,-0.129078415634931
EGF,EZH1,-0.129058537669395
EGF,CCS,-0.128996885762223
EGF,CCNC,0.128910715555116
EGF,STK17B,0.128834043222488
EGF,PRR14,-0.128831646288371
EGF,ABHD5,0.128722429668745
EGF,ADO,0.128523063299398
EGF,EVI5,0.128405034335913
EGF,RNF138,0.128351394108964
EGF,NOTCH1,-0.128207324534552
EGF,SSR1,0.12819732297799
EGF,BNIP2,0.128164056811476
EGF,BRD3,-0.128043870913793
EGF,ZCCHC24,-0.128022110356063
EGF,UBA2,0.128007111997459
EGF,DNAJC2,0.127675137695298
EGF,MAP3K14,0.127669831263166
EGF,XPO6,0.127584328655284
EGF,TUBB6,0.12732683368391
EGF,KPTN,-0.127028507505247
EGF,ZNF219,-0.126841140200926
EGF,RRAS,-0.126755786084703
EGF,SRF,0.126665110438857
EGF,CTSA,-0.126552442145172
EGF,E4F1,-0.126399931894744
EGF,NUFIP1,0.12639753221054
EGF,BTG3,0.12639516513308
EGF,MIS12,0.126324541279451
EGF,ETNK1,0.126286281837142
EGF,FKBP8,-0.126264775048365
EGF,SMARCA5,0.126239485541067
EGF,ZNF444,-0.126210699864011
EGF,PFDN2,0.126197593678728
EGF,TMEM45A,0.126023537810074
EGF,DYRK2,0.125980089447585
EGF,DDIT4,-0.125979131655471
EGF,FAM3A,-0.125825694795734
EGF,S100A10,0.125674424479019
EGF,NOL11,0.125483157342391
EGF,SHQ1,0.125428404921928
EGF,MOSPD3,-0.125405097485849
EGF,CCT6A,0.125304711428779
EGF,LMF2,-0.125291505512542
EGF,SSR3,0.125179598037224
EGF,EXOSC9,0.125061187227095
EGF,SAR1B,0.124782781313418
EGF,THBS3,-0.124776948230861
EGF,SLC25A46,0.124741135224761
EGF,MBNL1,0.124696802455622
EGF,ITGA3,0.124400257177284
EGF,KCTD9,0.124393039636252
EGF,THUMPD2,0.124369696377443
EGF,FJX1,0.124349291882159
EGF,OSGIN2,0.12410588122689
EGF,BICD1,0.124025395748517
EGF,DEK,0.123990299225141
EGF,SRP72,0.123951692144828
EGF,ITCH,0.12390919362206
EGF,NRP1,0.123781376410878
EGF,IL17RC,-0.123771097830941
EGF,DVL2,-0.123655596027265
EGF,RECQL5,-0.123649590300701
EGF,STAT2,-0.12356971413655
EGF,JMJD1C,0.123422002668273
EGF,PPP1R2,0.123357459673055
EGF,GLG1,-0.123278530063402
EGF,MCM6,0.123257252630216
EGF,MED25,-0.123234154653663
EGF,MEGF9,-0.122947950424744
EGF,MAPKAPK2,0.122774796283466
EGF,LAMP1,-0.122725540488861
EGF,DCP1A,0.122573546028667
EGF,ELK3,0.122543368068044
EGF,DGCR6L,-0.122390942713635
EGF,ACAD10,-0.122350527610777
EGF,P4HTM,-0.122162789901419
EGF,TPM1,0.122145943204146
EGF,CCNH,0.122064753393338
EGF,TICAM1,0.122007063496684
EGF,CDK10,-0.121894168751778
EGF,MALT1,0.121862743011231
EGF,NOP14,0.121757884003804
EGF,RCHY1,0.121444018324119
EGF,ODC1,0.121422229304811
EGF,ARSA,-0.121359376276358
EGF,FAM13B,0.121294660807075
EGF,PANK3,0.121293649274016
EGF,NAGLU,-0.121262500795518
EGF,PMM1,-0.121229942501623
EGF,TRIB2,0.121120592116925
EGF,MAPKAPK5-AS1,-0.120923345094258
IL4,PIM1,-1.10244591354119
IL4,CTNNAL1,0.68257114645537
IL4,NAMPT,-0.638106874277192
IL4,RGS2,-0.62630253748213
IL4,PKD2,0.581178130327909
IL4,FAM110B,0.574737010678407
IL4,MT2A,-0.572313590732331
IL4,PTGER2,0.56066913839217
IL4,EMP1,-0.535849148758892
IL4,PTGER4,-0.534504279524804
IL4,BCAT1,-0.495499420195255
IL4,HBEGF,-0.480951967518791
IL4,KCTD12,-0.474565361999999
IL4,DDIT4,-0.460061516935322
IL4,RAMP1,0.439620200315821
IL4,FAR2,0.429284777339191
IL4,PFKFB3,-0.42268759463969
IL4,PTGS2,-0.421225067123032
IL4,LIMA1,0.41867856768053
IL4,RALA,-0.416550294347678
IL4,LHFPL2,-0.399962227318563
IL4,PLXNC1,-0.389284268903781
IL4,B3GNT2,-0.384396835642031
IL4,CHCHD7,0.371172582734975
IL4,CEP68,0.369742171902814
IL4,MT1F,-0.34919342736775
IL4,UAP1,-0.34335546805528
IL4,UBL3,0.339563460548914
IL4,MT1X,-0.338742809278062
IL4,EEA1,0.335057849335885
IL4,TUBB2A,-0.333918729996155
IL4,HSPH1,0.332236297005915
IL4,AUH,0.3285
IL4,PANX1,-0.328217787079945
IL4,RNF19B,0.324555440464931
IL4,SLC16A1,-0.32431406776125
IL4,PLSCR1,-0.323568839851794
IL4,AP1B1,0.3214746337491
IL4,ARL4A,-0.320830773399051
IL4,SERPINB8,-0.319239493363367
IL4,HEBP1,-0.31877584727631
IL4,ATXN1,0.315756421003281
IL4,STK17B,0.314395393300009
IL4,GIT1,0.314091631000003
IL4,MAP3K5,-0.3115
IL4,RAB30,0.311424198245416
IL4,RAB27A,-0.31058121786314
IL4,REEP5,0.303845021618296
IL4,SLC38A1,-0.303224271868078
IL4,HACD1,0.302343679687105
IL4,GBE1,-0.30194814354936
IL4,ARNTL2,0.301852108793404
IL4,DUSP10,-0.300314225101286
IL4,MAF,0.299411505375181
IL4,CKAP4,-0.297998050286561
IL4,TSC22D1,-0.297395856601942
IL4,LRRFIP1,0.292702957482369
IL4,KLF4,0.289118485940365
IL4,IFIT3,-0.283384053251559
IL4,TMEM123,0.282957776103301
IL4,GAS6,0.282281831
IL4,ACSL1,-0.281973913883646
IL4,UQCRC1,0.281784389158154
IL4,STOM,-0.28
IL4,DDB2,0.2794788455
IL4,CHST7,0.278
IL4,DHCR24,-0.277499868030045
IL4,NUP58,-0.276597234228441
IL4,GEM,-0.276272215224319
IL4,COQ2,-0.274065176193884
IL4,SOX4,0.269951964985742
IL4,TXNIP,0.269894948845551
IL4,KLF10,-0.269657054511554
IL4,LRRC8D,-0.2667113373192
IL4,FCER1G,-0.265460908008749
IL4,GAL3ST4,-0.264893189681869
IL4,UXS1,-0.26464877292529
IL4,SLC31A1,-0.264124142955305
IL4,RRS1,0.262188433846901
IL4,BCL7A,0.25978490346673
IL4,SLC35F2,-0.259779986879801
IL4,SUOX,0.259471657082929
IL4,QPRT,0.258672837742288
IL4,HMG20B,0.258297296760966
IL4,HK2,-0.256300117086913
IL4,RB1,-0.256134453166772
IL4,SACS,-0.256122243990815
IL4,KDM7A,0.254474704167001
IL4,HEMK1,0.253599867119045
IL4,RBBP8,-0.252677306847453
IL4,AGPAT5,-0.252221776110699
IL4,MYCBP2,-0.2503904714211
IL4,LYN,-0.24964224677082
IL4,GINS2,-0.24923455992399
IL4,PRDX1,-0.248573490562199
IL4,CRYZ,0.246059000085266
IL4,RPS6KA3,-0.24533424006571
IL4,NRIP1,-0.244871763295222
IL4,GLRX,-0.244312170374679
IL4,MPP6,-0.244247640616141
IL4,UGP2,0.243970301684319
IL4,AP1S2,-0.243887933925165
IL4,PPIF,-0.24356601745752
IL4,B4GALT5,-0.243079450222571
IL4,ENC1,-0.24287638571891
IL4,PCSK5,0.242255106721701
IL4,ROGDI,0.240714968099648
IL4,PTTG1,-0.239376488323419
IL4,TNFRSF10D,0.238008812632851
IL4,IER3,-0.238
IL4,SCARB2,-0.23604637906556
IL4,PALLD,0.235321273824315
IL4,GADD45B,-0.233928625663315
IL4,CBLB,-0.23375
IL4,HIVEP1,-0.233427779952195
IL4,THBS3,0.233310229222275
IL4,HMGCR,-0.2330067206193
IL4,E2F3,-0.232769706696795
IL4,TAF1A,-0.23193375
IL4,ETFB,0.231889445835649
IL4,CTSD,-0.230391468208005
IL4,SMS,-0.228734529344466
IL4,STK26,0.227227869195913
IL4,CHSY1,-0.22698576595155
IL4,WFS1,0.226287602742532
IL4,SRPK2,0.22625292723042
IL4,IFI6,-0.22465020691951
IL4,CRY1,-0.224521987250001
IL4,ADCY7,0.224025810739583
IL4,PARP4,0.222111080693647
IL4,CHPT1,-0.221047661752644
IL4,FAM102A,0.2205
IL4,SPTLC2,-0.2198507945
IL4,ZNF281,-0.219799679561435
IL4,UBAP2L,0.219703715840648
IL4,ELL3,0.21962385686966
IL4,JUN,0.219084496451674
IL4,MAP3K7CL,-0.21815070035836
IL4,HARS2,0.21809601105727
IL4,CDC7,-0.218075481
IL4,SLC36A1,-0.218027099022669
IL4,IRS2,-0.216759891932043
IL4,SCD,-0.216168086954064
IL4,ACADVL,0.216068257807895
IL4,CREBL2,0.215803113026978
IL4,DRAM1,-0.215547045796739
IL4,SQLE,-0.214889624869832
IL4,MAPK1,0.214770715507675
IL4,PIK3R1,0.213631035684513
IL4,PLEKHA5,0.213472589668524
IL4,C1orf54,0.213274793919692
IL4,ZC3HAV1,0.212841514783474
IL4,PLCB3,0.212800226699781
IL4,EPS15,0.21242202496768
IL4,KBTBD2,-0.21125
IL4,PEX19,0.211249123616048
IL4,CITED2,0.210910467574681
IL4,CD59,-0.210521812552874
IL4,ABAT,0.210236392329062
IL4,LRRC8B,0.210236256771765
IL4,C2CD5,-0.210056569296441
IL4,PELP1,0.21
IL4,MAT2B,0.20980753788247
IL4,ADAM12,0.209
IL4,ZEB2,-0.20893880118049
IL4,CD58,-0.208709809223891
IL4,TMEM106C,-0.207721305863085
IL4,CEP55,-0.207139147923944
IL4,RBMS2,0.206777553729945
IL4,ST6GAL1,0.205913285977325
IL4,TRAF5,0.205099611522653
IL4,RNF24,0.204439528479984
IL4,ATP1B1,0.20358938107285
IL4,RFC3,-0.201628918937228
IL4,BCKDK,0.201312402521055
IL4,ALDH5A1,0.200672194964902
IL4,RYBP,0.200459169023958
IL4,SLC7A7,-0.200070103864884
IL4,TNS1,-0.19959927486511
IL4,GLTP,-0.199522136915886
IL4,TRAFD1,0.198885419438401
IL4,RIPK2,-0.198798727939243
IL4,KIF1B,-0.197897973130189
IL4,DMXL2,-0.19711260553067
IL4,MYO1D,-0.196777935544375
IL4,OXSR1,-0.196753197216369
IL4,XYLT1,0.196495084864517
IL4,FOXO3,-0.19575
IL4,MCM6,-0.19556786291009
IL4,BTN2A2,0.195475309394808
IL4,BICD1,-0.19487862830049
IL4,ABCA1,-0.194676603304431
IL4,MCCC1,0.194570909714419
IL4,IRF1,-0.194004885726078
IL4,ARHGAP17,-0.193457309285364
IL4,HAGH,0.193333882696135
IL4,BIN1,0.193074410629925
IL4,SLC50A1,0.193
IL4,OAZ3,0.19298145971713
IL4,ADD3,0.19283827088058
IL4,AGPAT4,0.1925
IL4,CAMSAP2,-0.19241159149486
IL4,SLCO3A1,0.192
IL4,CDK5,0.191785931860715
IL4,PITRM1,0.191394238313572
IL4,SLC38A2,-0.190976593478109
IL4,NUSAP1,-0.190536856382527
IL4,ZNF654,0.19051490782006
IL4,SH3BGRL3,0.19038789365162
IL4,IFIT5,-0.189917131
IL4,SLBP,-0.189706149866671
IL4,TUBA1A,0.189343547930447
IL4,PDHB,0.189119909684124
IL4,MPZL1,-0.188528840041426
IL4,DCBLD2,-0.188284725946836
IL4,CD82,-0.187974111876508
IL4,CD44,0.18782710790235
IL4,CASP3,0.187465838379398
IL4,SGPL1,0.186437855063966
IL4,PELI1,-0.18511709382138
IL4,ZNHIT6,-0.185
IL4,ETF1,-0.184745521391808
IL4,HSPA13,-0.184105171221664
IL4,CTSL,-0.183883220695945
IL4,NAP1L1,-0.183585369685664
IL4,FDX1,-0.183403622461699
IL4,MAP1S,0.183285
IL4,TOB1,0.183189788605375
IL4,MAPKAPK2,-0.18148771753029
IL4,MYD88,-0.181382748056601
IL4,CKB,0.181196748058485
IL4,MRPL17,-0.181005049446448
IL4,EIF4E,-0.18075
IL4,BID,0.1805
IL4,TPST2,-0.18000775277192
IL4,SLC7A11,-0.17944825166553
IL4,BDH2,0.179336888660945
IL4,MFHAS1,0.179063883452725
IL4,PBX3,0.178802274273296
IL4,RGL1,0.178786945325594
IL4,PPM1F,0.178780351231217
IL4,FAM3C,-0.178464586245617
IL4,NEK4,-0.178442367081549
IL4,STYXL1,0.1775
IL4,ELF4,0.177169249353106
IL4,NFKBIA,-0.176863643432214
IL4,TMCC2,0.176582686550065
IL4,ZNF34,0.176235287429643
IL4,CDKN2B,-0.17575
IL4,GNPTAB,-0.175684614138889
IL4,ADPGK,0.1755
IL4,APPL2,0.1752006055
IL4,HECTD3,0.174864029
IL4,ARID5B,0.174511678013909
IL4,LBH,0.17292372430705
IL4,REXO2,-0.172283249999999
IL4,UCP2,0.172153870693392
IL4,PLEC,0.171483553219564
IL4,G3BP1,-0.171418194984539
IL4,FLNA,0.170382618736704
IL4,BORCS6,0.1701916573092
IL4,CLCN5,0.17018531929278
IL4,CTSH,-0.170177204545851
IL4,PCYOX1L,0.169958516149076
IL4,CLDND1,-0.169758039889805
IL4,PNPLA6,0.169741090228557
IL4,UBIAD1,-0.16963242853291
IL4,CLNS1A,0.169188834118259
IL4,AGPS,-0.169043745214115
IL4,TNFAIP2,-0.168725
IL4,UCHL3,-0.168295951870795
IL4,PIK3CB,-0.168
IL4,ARMT1,-0.16775262877075
IL4,GOLPH3L,0.167645685178167
IL4,PAK1IP1,-0.16727309440235
IL4,RAP2B,-0.167048372433011
IL4,SLC1A4,-0.166844578954907
IL4,MELK,-0.166690220833674
IL4,PLAGL2,-0.166676971
IL4,USP12,-0.166167794823563
IL4,GPX4,0.16606918789089
IL4,TPGS2,-0.166025606984646
IL4,STAT1,-0.165771197065911
IL4,CRY2,0.165724893935694
IL4,NOP16,-0.165449724753363
IL4,NRAS,-0.165428792272624
IL4,NEU1,0.164896366047642
IL4,ZFP36L2,-0.16482275857676
IL4,PCK2,-0.1647665425
IL4,TAGLN,0.164390221453643
IL4,RBPJ,0.164337825532384
IL4,PEX11B,0.163858511300776
IL4,ALDH3A2,-0.163677715178484
IL4,BTN3A2,0.163663565276342
IL4,PLXNA2,0.16353074978851
IL4,IFNGR1,0.16334050547651
IL4,HDAC1,0.163176894229786
IL4,IFIT2,-0.162734703145678
IL4,PLEKHF2,0.162503477230446
IL4,SPTAN1,0.1625
IL4,UHRF1BP1L,0.162457456400751
IL4,DEGS1,-0.162368987338813
IL4,HMGB3,-0.162141310499999
IL4,HOMER1,-0.161630296115088
IL4,OTUD4,-0.161041250776506
IL4,TMEM87A,-0.16074218732873
IL4,CDKN1A,0.160636463759248
IL4,ZNF211,0.160183389235429
IL4,PITPNC1,-0.160151378245108
IL4,TBC1D8,0.159852952892995
IL4,LFNG,-0.159459955880495
IL4,TSN,-0.15941699830557
IL4,PRKX,0.159333857010757
IL4,ZMPSTE24,-0.159226322869115
IL4,ECHDC1,-0.15905467975
IL4,KLF6,-0.158836945817811
IL4,POLD4,0.158692804322281
IL4,YTHDF3,-0.1585750539947
IL4,HADHA,0.158516422560046
IL4,SERPINB1,0.1585
IL4,TFAM,-0.158395125222064
IL4,PAPSS2,0.158304975812998
IL4,MYLIP,0.157562205285078
IL4,PELI2,-0.157269481853495
IL4,WNK1,-0.157095454835613
IL4,EHD1,-0.156906227249838
IL4,NOCT,0.156467634086091
IL4,IDI1,-0.156356029579785
IL4,RMI1,-0.156151639453128
IL4,NIP7,-0.15563612982166
IL4,CASP7,0.155386631162395
IL4,PSMG1,-0.155251827342414
IL4,MTRR,-0.154861297399321
IL4,NDC80,-0.154109571118206
IL4,OSBPL11,-0.154073097075161
IL4,RGL2,0.153832320732195
IL4,SPAG5,0.153721025089226
IL4,CDK14,-0.15352949400943
IL4,HEG1,-0.153059852786221
IL4,ALDH2,-0.153
IL4,MANF,-0.1525347366209
IL4,TMX1,-0.152318382796696
IL4,QPCT,0.152147197735381
IL4,ENTPD7,-0.152033889253937
IL4,GPI,0.151931437113398
IL4,SCRN1,0.151901244462769
IL4,TRAPPC2L,0.151778913060534
IL4,AQP3,0.151719454629759
IL4,ARHGAP5,-0.151675377358405
IL4,TP53BP2,0.15159924525
IL4,FAM193A,0.15159159399391
IL4,PCMT1,-0.151575909932734
IL4,COA7,-0.1513165394136
IL4,IFITM3,-0.15075
IL4,RASA2,-0.150392983123028
IL4,TIPARP,-0.150332088389706
IL4,ATP2B1,0.1500392625
IL4,ZFR,-0.150031052994239
IL4,SRPK1,-0.149871257118685
IL4,NETO2,-0.149380459371096
IL4,RRP15,-0.149276136631309
IL4,SPCS3,-0.148932848810851
IL4,CTNS,0.148750591686295
IL4,GCDH,0.148151032075372
IL4,KCMF1,-0.1481242275
IL4,LSG1,-0.148064765870241
IL4,LY6E,0.147969843000001
IL4,MBD4,-0.147745371039369
IL4,PIK3C2B,0.147725671099798
IL4,DCUN1D2,0.14770941809141
IL4,RPS27L,-0.1476896493869
IL4,CALCOCO1,0.147595419378225
IL4,PRKD3,0.1475
IL4,ACIN1,0.147486499208456
IL4,NCAPG,-0.147194015047612
IL4,KIF14,-0.147191711
IL4,GNE,-0.146760984500001
IL4,TIPRL,-0.146752468019346
IL4,SEH1L,-0.14671457465445
IL4,MAK16,-0.146711859611139
IL4,OSBPL8,-0.14669624464718
IL4,WWC3,-0.146369536340965
IL4,POLR1E,-0.145576016686934
IL4,INPP5F,-0.145356195984429
IL4,HIPK3,-0.145260687818639
IL4,DNAJC15,-0.144502702113599
IL4,ME3,0.144373220430003
IL4,NME7,-0.144233140891834
IL4,VCL,0.144113428442902
IL4,TNIP2,-0.1440394725
IL4,TNFRSF12A,-0.14398547295612
IL4,OS9,0.143951170613899
IL4,RARA,0.14389952326336
IL4,KTN1,0.143862186974
IL4,UGDH,-0.14375
IL4,NUDT2,0.143728159645014
IL4,C1GALT1,-0.1436309836299
IL4,EIF1AX,-0.143534352119004
IL4,PUS1,-0.1433570655
IL4,GMNN,-0.14332342986345
IL4,RAB23,-0.143272919654965
IL4,ATP10D,-0.1432693375
IL4,CNIH4,-0.143199332543771
IL4,FOXN2,-0.143146040576756
IL4,RAD51,-0.142951468658443
IL4,CKS1B,-0.142754279750002
IL4,BTG2,0.142569455681666
IL4,HERPUD1,-0.142392117905107
IL4,PCF11,0.142183866
IL4,TPST1,-0.14216270381317
IL4,MKRN1,0.141773083190558
IL4,RASSF7,0.141601933419804
IL4,NISCH,0.141441432004301
IL4,CDCA4,-0.14132219810104
IL4,BAIAP2,0.1412558415
IL4,EFHD2,0.14109
IL4,TRAK2,-0.140891466734245
IL4,MTSS1,0.140558164135303
IL4,SLC20A1,-0.140288150013882
IL4,SLC39A14,-0.140189008699846
IL4,TBL2,-0.14
IL4,SLC25A37,-0.139859676260655
IL4,ACBD3,-0.139855668972979
IL4,FAM149B1,0.139539096927914
IL4,SNED1,0.139525779227133
IL4,MCM3,-0.139491101261015
IL4,ATP1B3,-0.139332933370195
IL4,SRPRB,-0.13928311132096
IL4,IFNAR1,-0.139230329621033
IL4,PLA2G4C,-0.139136316804917
IL4,CDKN3,-0.139112908311812
IL4,TULP4,-0.138776343537281
IL4,MMS19,0.1386975
IL4,CREB3L2,-0.13859094643286
IL4,SNX5,0.138486531867513
IL4,SAMHD1,-0.137987238538775
IL4,PSMA3,-0.137823839148049
IL4,DDAH2,0.137741746644401
IL4,TSPAN3,-0.1372625
IL4,EHMT2,0.137227291780454
IL4,PTS,-0.137216952566687
IL4,ALCAM,-0.137190783542535
IL4,ERC1,-0.13716023915786
IL4,TCF7L2,-0.136867181980662
IL4,DERL2,-0.136862735413748
IL4,GCLM,-0.136841660599896
IL4,AKAP11,0.1367497625
IL4,HELLS,-0.136625030916615
IL4,DNAJB4,-0.136428825110935
IL4,SLC30A1,-0.13625
IL4,ARF4,-0.136118201374962
IL4,LYRM1,0.13606950844757
IL4,MYO1C,0.135538191183785
IL4,BLVRB,0.13534610236395
IL4,NECAB3,0.135187890293553
IL4,KDSR,-0.134993682705827
IL4,RABIF,-0.134977871258627
IL4,SCG5,-0.134585807957999
IL4,CCS,0.1345737851374
IL4,ITPR1,-0.134558869259421
IL4,TMCC1,-0.133836701096878
IL4,SLC35F6,-0.133678068162774
IL4,MCMBP,-0.1336104725
IL4,ACO1,-0.133543541702193
IL4,SEC23IP,-0.133476302770382
IL4,SLC38A6,0.133439647789209
IL4,TMEM187,0.132928032116932
IL4,JUNB,-0.132776305860895
IL4,METTL7A,0.13264826310273
IL4,CDKN1B,0.132051682623091
IL4,PGGT1B,-0.132032279160318
IL4,GTF2H3,-0.131983059706837
IL4,AKR1C3,-0.131942317784505
IL4,IGBP1,0.131675387156862
IL4,AEN,-0.131665417327826
IL4,NET1,-0.131471710478791
IL4,UBE2J1,-0.131324304459075
IL4,LIPT1,-0.131279040743797
IL4,CCNG1,0.13118929171802
IL4,MAPK1IP1L,-0.131177853070873
IL4,RAD51AP1,-0.131161789860804
IL4,CCNJ,-0.13107163597729
IL4,GABPB1,-0.130873947306677
IL4,ZNF248,0.130846362352838
IL4,DGKA,0.130809939876376
IL4,PBXIP1,0.130714419195166
IL4,NXT1,-0.130689835263126
IL4,AFF1,0.130475531736854
IL4,FRMD4A,0.130464533108434
IL4,IFNGR2,0.130399552133301
IL4,EDEM3,-0.130058845080797
IL4,PTPN1,-0.130018985308625
IL4,DNMT1,0.129642737241741
IL4,ZNF224,0.12948862086293
IL4,NRIP3,-0.129459602429967
IL4,ATP6V1C1,-0.129310742847425
IL4,PNO1,-0.129281419159541
IL4,PANK3,-0.129242326809115
IL4,GRB10,0.129142134180788
IL4,PAK2,0.128964110145722
TGFB1,GADD45B,1.07136708486986
TGFB1,FSTL3,1.04920825560783
TGFB1,JUNB,1.04899622304995
TGFB1,CITED2,-0.880744443342629
TGFB1,SPHK1,0.8777945
TGFB1,LMCD1,0.866164647271315
TGFB1,TUFT1,0.858253898807061
TGFB1,TPM1,0.853105061761206
TGFB1,IER3,0.812109184046999
TGFB1,ADAM19,0.710014675500001
TGFB1,BMPR2,0.659615000405077
TGFB1,ITGAV,0.622476615781
TGFB1,SOX4,0.596800292290768
TGFB1,KLF10,0.568079056086969
TGFB1,STK38L,0.567758006615245
TGFB1,TNFRSF12A,0.566259128239397
TGFB1,LBH,0.551203488696266
TGFB1,ELK3,0.548419802323961
TGFB1,JUN,0.529528630518782
TGFB1,CHST11,0.526457084908765
TGFB1,PXDC1,0.516964409347398
TGFB1,PDGFA,0.500749875810541
TGFB1,SERPINE2,0.491332274634109
TGFB1,ULK1,0.487385
TGFB1,AVPI1,-0.485988558917375
TGFB1,RAI14,0.4815271936834
TGFB1,IVNS1ABP,0.476661575762343
TGFB1,COL1A1,0.476530785375
TGFB1,GRB10,0.45995877
TGFB1,BPGM,0.451735
TGFB1,ADORA2B,-0.45122147
TGFB1,KDM7A,0.449835321687575
TGFB1,CEBPD,-0.439846992807778
TGFB1,TPST1,0.438013531040969
TGFB1,TGFBR1,0.434718404626106
TGFB1,PFKFB3,0.43426298906264
TGFB1,SMTN,0.43056862482668
TGFB1,TXNIP,-0.428920263445564
TGFB1,PDLIM7,0.424420616246101
TGFB1,MAP3K2,0.41952034976716
TGFB1,FERMT2,0.418253434406351
TGFB1,THBS1,0.40896979
TGFB1,ANKLE2,0.407092027607908
TGFB1,DIXDC1,0.406403914231916
TGFB1,GEM,0.40630815463145
TGFB1,MAP3K5,-0.403289887355321
TGFB1,SGPL1,0.399390090617716
TGFB1,ALDH3A2,-0.399280313603273
TGFB1,HBEGF,0.398404056306662
TGFB1,SLC35F2,0.396628379660339
TGFB1,FAM214B,0.3954646575
TGFB1,VEGFA,0.394842235159115
TGFB1,IFIT2,-0.39373370585688
TGFB1,PPL,-0.391263001132923
TGFB1,PNMA1,0.39064356213604
TGFB1,ITGA2,0.39003488688324
TGFB1,AHR,-0.38874128316372
TGFB1,PALLD,0.38510132
TGFB1,TOB1,-0.379165354856244
TGFB1,CDC25B,-0.377683185168701
TGFB1,IFIT3,-0.369377074413452
TGFB1,C3orf52,0.366944418589416
TGFB1,SMURF2,0.366880127499655
TGFB1,YIPF5,0.366756081319064
TGFB1,PEA15,0.365537824947758
TGFB1,MLXIP,0.363213525
TGFB1,TBC1D8,-0.35954238668714
TGFB1,CDKN1A,0.352124497016682
TGFB1,LFNG,0.350871050698322
TGFB1,ACTN1,0.3507750854234
TGFB1,CDC42SE1,0.346033482682833
TGFB1,CYB5A,-0.345187096470496
TGFB1,MRAS,0.343365992673941
TGFB1,TUBA4A,0.341191106321576
TGFB1,TNS1,0.340531965775323
TGFB1,ATP13A2,0.333086947750001
TGFB1,ID3,0.332685506330382
TGFB1,MAP7D1,0.330983064208652
TGFB1,UAP1,0.32648652067071
TGFB1,UGCG,-0.325601561932616
TGFB1,MRC2,0.32439981652032
TGFB1,TRIO,0.323597435
TGFB1,MICAL2,0.32248123775
TGFB1,CYP1B1,-0.32191288903795
TGFB1,ZNF395,-0.317073116780218
TGFB1,NET1,0.31552735606438
TGFB1,SUSD6,0.313417283899843
TGFB1,HIVEP1,0.310986745368676
TGFB1,ZNF281,0.31038027738923
TGFB1,ACOX3,0.30987452147613
TGFB1,SMURF1,0.309865934430321
TGFB1,TAGLN,0.307886787508702
TGFB1,SIRPA,0.307856798676833
TGFB1,LUZP1,0.306611923128645
TGFB1,ELOVL6,-0.306443075521056
TGFB1,QPCT,0.30387252865102
TGFB1,CALD1,0.303213164755501
TGFB1,SACS,0.3018376108161
TGFB1,DUSP5,-0.301535385000001
TGFB1,APBB2,0.298781015984678
TGFB1,UBL3,0.297021808205107
TGFB1,TP53I3,0.292321459526205
TGFB1,RALA,0.29032094076845
TGFB1,HSPB1,0.2898467497127
TGFB1,BCOR,0.28950037
TGFB1,EDN1,0.288392756007791
TGFB1,PRKAB2,0.287477585010582
TGFB1,MBOAT2,0.284940812323752
TGFB1,MYLIP,-0.284422081848128
TGFB1,MLLT11,0.279
TGFB1,TES,0.277690230476055
TGFB1,MKNK2,-0.277082441683238
TGFB1,MCCC1,-0.274930770969851
TGFB1,RHOB,0.2732547543955
TGFB1,SKP2,-0.272850564075539
TGFB1,CRLF1,0.271891744
TGFB1,GSTA4,-0.271748840201793
TGFB1,ELF4,0.271238576873294
TGFB1,EGR2,0.270958229074622
TGFB1,TXNRD1,-0.268971542822013
TGFB1,ENC1,0.266230676359324
TGFB1,NDST1,0.265843808825777
TGFB1,MFSD12,0.265046186520339
TGFB1,C2CD5,-0.26391641036264
TGFB1,FOXO1,0.262924099424801
TGFB1,SKI,0.26257
TGFB1,B4GALT1,0.261569625771603
TGFB1,FAM13A,-0.260149481632896
TGFB1,SPDL1,0.259477007776729
TGFB1,CDKN1B,-0.2594630725
TGFB1,PIM1,0.259226298999999
TGFB1,CSGALNACT2,0.259020314515865
TGFB1,CAMSAP2,0.25892915028192
TGFB1,GLS,0.258107662732428
TGFB1,SLC7A6,0.255290572410996
TGFB1,ORAI2,0.255160309838641
TGFB1,TAF13,0.254483809092072
TGFB1,TBC1D4,-0.253481011567956
TGFB1,JMJD1C,0.252249935925709
TGFB1,MICALL1,0.251786491352738
TGFB1,ATXN1,0.25097235290955
TGFB1,ACADSB,-0.249816119718559
TGFB1,MN1,0.248844200183532
TGFB1,MAP3K4,0.248514933578747
TGFB1,LIMK1,0.247143521953904
TGFB1,AUH,-0.247074036748172
TGFB1,SLC29A1,0.2467007675
TGFB1,TULP4,0.246460146356565
TGFB1,PHLDA1,-0.245930498094101
TGFB1,LRP12,0.245649274192251
TGFB1,DAPK1,-0.245415002006059
TGFB1,NRIP3,0.244243333184462
TGFB1,MTMR4,-0.24352733881744
TGFB1,LPIN1,-0.243415176754131
TGFB1,IMPA2,-0.243279007004151
TGFB1,RYBP,0.24306242314318
TGFB1,ZYX,0.242581376694485
TGFB1,MATN3,0.240080223144226
TGFB1,METTL7A,-0.239613505417656
TGFB1,PSMB8,-0.237452017327148
TGFB1,IDH1,-0.236608363008078
TGFB1,DPY19L1,0.235062529691526
TGFB1,TPST2,0.2349554975
TGFB1,HIVEP2,0.23443805743044
TGFB1,ZFP36L1,0.2330525
TGFB1,CD3EAP,0.232862940301358
TGFB1,CCDC93,0.231877265264111
TGFB1,CDC42EP4,-0.230989239029439
TGFB1,RMI1,-0.23091782197151
TGFB1,NOCT,0.230746208666329
TGFB1,CHEK2,-0.230567059728202
TGFB1,PGM3,0.23043728129307
TGFB1,LIPT1,-0.229821076282954
TGFB1,FLNA,0.2295055215
TGFB1,RNF121,0.228578251508557
TGFB1,CHSY1,0.228366288235483
TGFB1,GALNT2,0.228283413745199
TGFB1,CCDC51,-0.228007564739785
TGFB1,SLC10A3,0.22761576475815
TGFB1,IMP3,-0.2268536545
TGFB1,NRBF2,0.226220731671984
TGFB1,SOCS6,0.225808006656299
TGFB1,DEPTOR,-0.225062066116243
TGFB1,MAGED2,0.22296045620662
TGFB1,GLUL,-0.222392421336448
TGFB1,TUBB2A,0.222193653002391
TGFB1,HMGB2,-0.22172004846019
TGFB1,RAPGEF2,0.22169790642219
TGFB1,PIM2,-0.22167445289146
TGFB1,DYRK2,0.2208439315
TGFB1,LY6E,-0.2204804743589
TGFB1,SERTAD2,-0.220477372399171
TGFB1,SLC39A14,0.220414970328676
TGFB1,CTDSPL,-0.219929865744
TGFB1,CREB3L2,0.219533646316415
TGFB1,ENOSF1,-0.219470210410502
TGFB1,FNBP1,-0.219085793157134
TGFB1,SLC25A37,0.218188206813621
TGFB1,TAGLN2,0.218083773822039
TGFB1,PTPN21,0.21763675315383
TGFB1,CREG1,-0.216976016
TGFB1,COL5A1,0.216496154556505
TGFB1,CAPRIN2,0.21562774328638
TGFB1,MANSC1,-0.215169250092519
TGFB1,CLN8,0.215060843133486
TGFB1,RARA,0.214190395341258
TGFB1,FOXRED2,-0.214080288716099
TGFB1,MEPCE,-0.213553993825377
TGFB1,SERPINB1,-0.213399957373674
TGFB1,CBFB,0.21295891775
TGFB1,OSGEPL1,-0.21291195250738
TGFB1,ETS1,0.212432751669572
TGFB1,RBMS1,0.212378149127719
TGFB1,CRY1,0.212347412390386
TGFB1,SRRD,0.211779036695478
TGFB1,MICAL1,0.210489242339564
TGFB1,XYLT1,0.2095
TGFB1,ENTPD7,0.209458345910876
TGFB1,SNX2,-0.20809445925947
TGFB1,PANX1,0.208
TGFB1,FAM89B,0.207144721611264
TGFB1,HMGN3,-0.207083918
TGFB1,NEDD4L,-0.20697677108542
TGFB1,CHIC2,0.206893523797782
TGFB1,TPM4,0.206614128962442
TGFB1,CHD9,0.20636215115966
TGFB1,GLRX,-0.206246440543435
TGFB1,LHFPL2,0.20590796034541
TGFB1,TBL1X,-0.205846067598449
TGFB1,CTNNB1,0.205647911344245
TGFB1,ALDH3B1,-0.205233210130199
TGFB1,IFIT5,-0.204433305245479
TGFB1,PSIP1,-0.204378706724826
TGFB1,PLIN2,-0.2043457383107
TGFB1,LETMD1,-0.204128631427361
TGFB1,CD58,0.20396666979
TGFB1,TNC,0.203721659550061
TGFB1,TIPARP,0.202618012188297
TGFB1,JMJD6,0.202389396688825
TGFB1,MXI1,-0.2022037284473
TGFB1,TUBB6,0.201872137291201
TGFB1,HMCES,-0.201842859622174
TGFB1,GYG1,-0.201507992851527
TGFB1,POLG2,-0.201375
TGFB1,CDKN3,-0.20133546912309
TGFB1,GPD1L,-0.200670379639235
TGFB1,FLOT2,-0.2005956695
TGFB1,CDC7,-0.200000000000001
TGFB1,CETN3,-0.199608563212156
TGFB1,LIAS,-0.198981034726395
TGFB1,DCLRE1A,-0.198580106599179
TGFB1,PSRC1,-0.198456583700185
TGFB1,NSMCE4A,-0.198440879325793
TGFB1,ANKRD28,-0.198348986074702
TGFB1,SOWAHC,0.197286194654159
TGFB1,SSBP2,-0.197080696547286
TGFB1,BOLA1,-0.196922376812613
TGFB1,HSDL2,-0.196886205161515
TGFB1,ADCY7,0.196639621447422
TGFB1,ATP6V0E2,-0.196040998233595
TGFB1,PEX11A,-0.195920209975257
TGFB1,CCNG1,-0.195915622687103
TGFB1,PFKM,-0.194721784716177
TGFB1,PPIF,-0.194646578912177
TGFB1,IRF1,-0.194220585
TGFB1,FILIP1L,0.194167832039724
TGFB1,NDC1,-0.194023067855278
TGFB1,ADI1,-0.19394875393076
TGFB1,FAM111A,-0.193325073817009
TGFB1,NQO1,-0.1933
TGFB1,BCL2L1,-0.19328554745552
TGFB1,CSRNP2,0.192780625550355
TGFB1,POLR1E,-0.192450065781635
TGFB1,KDELR3,0.192369230254429
TGFB1,MRPS18B,-0.192254856981405
TGFB1,TNFAIP8,0.192054481843234
TGFB1,ADAM12,0.1917952871544
TGFB1,CLTCL1,0.191401530416185
TGFB1,DZIP3,-0.190937101259711
TGFB1,BLVRB,-0.190410425934421
TGFB1,ALDH9A1,-0.1903171228457
TGFB1,STX1A,0.190102142520018
TGFB1,GPR68,0.1899033945
TGFB1,PRDM1,0.189824558880017
TGFB1,MRPS34,-0.189635
TGFB1,CDKN2B,0.18945033756186
TGFB1,GSE1,-0.189006688551996
TGFB1,VAV2,0.188017766756632
TGFB1,AKT3,0.188016284148773
TGFB1,GMIP,0.18784332770442
TGFB1,GPSM2,-0.187157129227063
TGFB1,TMEM53,-0.186859404391482
TGFB1,NDRG1,0.186347874641201
TGFB1,ERMP1,-0.185868246041528
TGFB1,DCXR,-0.185656064749981
TGFB1,NDC80,-0.1852392285
TGFB1,GBP2,-0.185115476975983
TGFB1,FAM114A1,0.184696915940223
TGFB1,GNA12,0.184564355393587
TGFB1,ETFDH,-0.1845572768956
TGFB1,IVD,-0.183879199
TGFB1,ABHD2,0.183667903432956
TGFB1,MCM3,-0.183583747762579
TGFB1,ARF4,0.183519825161802
TGFB1,SASH1,-0.183386225543535
TGFB1,GOLIM4,0.183310412321749
TGFB1,SSBP3,0.183052435427925
TGFB1,ANKMY2,-0.182856231465597
TGFB1,MAFK,0.18249395504251
TGFB1,SLC19A2,0.181685467096504
TGFB1,ECI1,-0.18158385188353
TGFB1,TRIP10,0.181474999221741
TGFB1,MSN,0.1813541162596
TGFB1,FAH,-0.180945
TGFB1,NABP1,-0.18086056445989
TGFB1,BTN3A2,-0.180519446646951
TGFB1,PARP4,-0.180516147583299
TGFB1,TARBP1,-0.180445113
TGFB1,RFC5,-0.179184575381961
TGFB1,IGF1R,0.178899959108165
TGFB1,PCCB,-0.178627089779573
TGFB1,TOP2A,-0.1780736492368
TGFB1,PREPL,-0.17801535414975
TGFB1,FSCN1,0.177697732553989
TGFB1,CDK14,0.177592658479701
TGFB1,TGIF1,0.177375983969251
TGFB1,CBR1,-0.177285734982029
TGFB1,LRRC8D,-0.177268135243065
TGFB1,GPR137B,0.177080811291547
TGFB1,ARHGAP32,0.176900753333013
TGFB1,MSH2,-0.176877762084079
TGFB1,ATP8B1,-0.176147547453929
TGFB1,CEP57,-0.176
TGFB1,BCAT2,-0.175512576029876
TGFB1,ADA,0.175333353267099
TGFB1,CDC20,-0.174588302288873
TGFB1,SLC9A1,0.174360648038335
TGFB1,BCAR3,0.173844688920245
TGFB1,COX15,-0.173591932508965
TGFB1,PCID2,-0.172914523424152
TGFB1,HMMR,-0.172707255934494
TGFB1,SLC4A2,0.17193027
TGFB1,FNBP1L,0.171854741669489
TGFB1,SS18,0.171550710856649
TGFB1,CCDC92,0.171403856966105
TGFB1,POLR3K,-0.171134258135002
TGFB1,ECI2,-0.171065239111771
TGFB1,SUOX,-0.170985
TGFB1,AGFG2,-0.170960257640784
TGFB1,HSPA13,0.17030745999727
TGFB1,HSF2,-0.169931109222991
TGFB1,SLC4A7,0.169774599888319
TGFB1,LTA4H,-0.1693075
TGFB1,ZNF267,0.169067161263522
TGFB1,POMT2,0.16868183459168
TGFB1,RITA1,-0.16835442625
TGFB1,C1RL,-0.168261811925606
TGFB1,NAMPT,-0.168233690835006
TGFB1,PIGF,-0.168213809573538
TGFB1,DDIT3,-0.168029762976005
TGFB1,TSPAN4,-0.167830457622848
TGFB1,MPHOSPH9,-0.167615126484898
TGFB1,BLVRA,-0.167396461076744
TGFB1,RRAS,0.167192138938574
TGFB1,TRAF4,-0.167143904845721
TGFB1,HADH,-0.167109985835258
TGFB1,ECH1,-0.167075197813844
TGFB1,SMC3,-0.166960108499999
TGFB1,DSCC1,-0.166837002397906
TGFB1,TIMP2,0.16674126073435
TGFB1,TRAP1,-0.166712903510061
TGFB1,MTHFD1,-0.166692923392879
TGFB1,LSS,-0.166648289089091
TGFB1,TMEM106C,-0.166412962331305
TGFB1,IRF2,-0.166256624605051
TGFB1,TMEM41B,0.166241164055665
TGFB1,MANF,0.165881429187831
TGFB1,ABL2,0.165504207895614
TGFB1,EOGT,0.165397967402392
TGFB1,GNA13,0.165212318568656
TGFB1,CEP70,-0.164811594413975
TGFB1,CD151,0.16471604686694
TGFB1,PARP1,-0.164569808692592
TGFB1,MCCC2,-0.164405045561697
TGFB1,SLC16A5,-0.163989114873539
TGFB1,NFIB,-0.163502916911051
TGFB1,RNF19B,0.163427637954052
TGFB1,HIBCH,-0.1633330058044
TGFB1,PTGER4,-0.163165888746524
TGFB1,MTMR3,0.163135835779673
TGFB1,MID1IP1,-0.162677802231929
TGFB1,FTH1,-0.1622409125
TGFB1,EPHX1,-0.1622
TGFB1,KDM3A,0.162031300029329
TGFB1,E2F3,0.161915700422329
TGFB1,TRAFD1,-0.161717875972986
TGFB1,SNUPN,-0.161555918315847
TGFB1,DENND5A,0.161468537720099
TGFB1,CHFR,0.161404470099902
TGFB1,ITGB3BP,-0.161037729239056
TGFB1,PCYT2,-0.161002974068796
TGFB1,KLHL26,0.160991876672305
TGFB1,PEX11B,-0.160891189577252
TGFB1,SPEN,0.160612508397265
TGFB1,RWDD2B,-0.160217262553744
TGFB1,GADD45A,0.160030435612919
TGFB1,HILPDA,-0.159901170227915
TGFB1,ABHD10,-0.159367791141037
TGFB1,NCBP3,0.159273142575522
TGFB1,PIK3C2B,-0.158983507255865
TGFB1,FBXO9,-0.158706689371351
TGFB1,THNSL1,-0.158380663215767
TGFB1,RAD51C,-0.158060930326576
TGFB1,PVR,0.157727034273422
TGFB1,OXLD1,-0.15765715589608
TGFB1,PIK3R1,-0.157320940554726
TGFB1,VWA8,-0.157064379277034
TGFB1,FLNB,0.156937197448848
TGFB1,HERPUD1,0.15684693887038
TGFB1,SOS2,0.156740973446481
TGFB1,PAN2,-0.156679580654523
TGFB1,ECHDC2,-0.15658444860494
TGFB1,FAM8A1,-0.156231646
TGFB1,METTL8,-0.15601
TGFB1,SORD,-0.15567494715326
TGFB1,DCAF11,-0.155634388121249
TGFB1,NEMP1,-0.15519726502352
TGFB1,APOBEC3C,-0.154839622090209
TGFB1,DSE,0.15473810835181
TGFB1,RAB9A,-0.154635398396499
TGFB1,PIGV,-0.154559690698605
TGFB1,CPT2,-0.154381307016731
TGFB1,ISOC1,-0.154293517348711
TGFB1,NEK7,0.154180746750419
TGFB1,TRAF6,0.154140703
TGFB1,BCKDHB,-0.154100357
TGFB1,CES2,-0.15403813
TGFB1,ZFHX3,0.153874910000001
TGFB1,JARID2,0.153869690942223
TGFB1,CTIF,0.153853244731263
TGFB1,ZNF589,-0.1534054635
TGFB1,MEX3C,0.153359395189423
TGFB1,KIF20B,-0.153156623474445
TGFB1,CTNNAL1,-0.153128672750094
TGFB1,DOLPP1,-0.153112493969319
TGFB1,HEG1,0.152663597589027
TGFB1,MRPL34,-0.152631084604981
TGFB1,AP3M2,-0.152511719355212
TGFB1,PIEZO1,0.152474456248834
TGFB1,CDYL,0.152447591460085
TGFB1,APEH,-0.152204671766793
TGFB1,COQ3,-0.15220076133906
TGFB1,CEP85,-0.151792500000001
TGFB1,TNFAIP1,0.151646664206391
TGFB1,SMAGP,-0.151426460524717
TGFB1,GSR,-0.151420414361523
TGFB1,PLXNA2,0.151010363864592
TGFB1,SRD5A3,-0.151007788099683
TGFB1,SLC50A1,-0.150871102986201
TGFB1,PAFAH1B1,0.150677983937569
TGFB1,CDK5R1,0.150494627164243
TGFB1,MKI67,-0.150233959987923
TGFB1,IER2,0.149987261834591
TGFB1,POLR1B,-0.14968789685703
TGFB1,SLC7A11,-0.149551919216115
TGFB1,MGST2,-0.149419932431047
TGFB1,PEX5,-0.149270135839962
TGFB1,FYCO1,-0.149215871326384
TGFB1,SAMHD1,-0.149204978147999
TGFB1,USPL1,0.149107225803201
TGFB1,IFITM3,-0.149046684737176
TGFB1,ACYP1,-0.149006549224193
TGFB1,NMI,-0.149000583088895
TGFB1,IMPDH2,-0.148996667908919
TGFB1,GOLPH3L,-0.148939697227982
TGFB1,NDEL1,0.148918510500522
TGFB1,CD59,0.148770670711081
TGFB1,TMEM135,-0.148702713295952
TGFB1,DHRS1,-0.148385933815103
TGFB1,CTSB,0.148340991670955
TGFB1,HSPA5,0.148195
TGFB1,CCNF,-0.147442956423903
TGFB1,CKAP4,0.147313692516759
TGFB1,AKAP12,0.14699208880991
TGFB1,GAMT,-0.14669
TGFB1,ARID5B,-0.146573167562575
TGFB1,EFNB2,0.146453743750054
TGFB1,GALNT1,0.146330242319048
TGFB1,TMEM45A,0.146320329095136
TGFB1,MLST8,-0.14631271458717
TGFB1,ING2,-0.1461495026474
TGFB1,P4HTM,-0.146135433693322
TGFB1,DNAJB9,0.146132824768666
TGFB1,ZNF33B,-0.146044801568643
TGFB1,NIF3L1,-0.145844500616436
TGFB1,NCAPG,-0.145836141175873
TGFB1,WSB2,0.145788622324004
TGFB1,TPX2,-0.145787515083692
TGFB1,SLC25A40,-0.145747065715525
TGFB1,AGTPBP1,-0.145735366055054
IL6,CEBPD,1.03100599316518
IL6,IFITM3,0.620987479735801
IL6,NAMPT,0.460035876199521
IL6,MVP,0.405823426156368
IL6,IL13RA1,0.394138130109515
IL6,MUC1,0.357657095331375
IL6,CASP4,0.344779741232711
IL6,GBP2,0.339168216423
IL6,SOCS3,0.33211961420703
IL6,C1RL,0.331657759317508
IL6,B2M,0.299857928538149
IL6,PLSCR1,0.294544266009384
IL6,ERO1A,0.27119409871098
IL6,IRF9,0.270093967526918
IL6,RAB27A,0.26260952141285
IL6,ST6GAL1,0.252385303801697
IL6,PSMB10,0.250432606830064
IL6,MCL1,0.24858393656809
IL6,SAT1,0.243385446203836
IL6,STOM,0.233109705977346
IL6,STAT1,0.21646543918388
IL6,YBX3,0.213959681052279
IL6,PGK1,0.211249876764176
IL6,AHR,0.211006280813034
IL6,IFNGR1,0.210309265771072
IL6,KLF10,0.210254179361731
IL6,IRF1,0.20976664842828
IL6,DSN1,-0.20968644784225
IL6,ARPC1B,0.208130149386275
IL6,SERPINB1,0.206341007134202
IL6,DNAJC12,0.2035715606882
IL6,EPHX1,-0.200303781656055
IL6,NMI,0.199141681885806
IL6,MSRB1,0.197790319855461
IL6,CTSL,0.195110885549862
IL6,LDHA,0.19292879646725
IL6,DXO,-0.191434717750163
IL6,XBP1,0.1895283568044
IL6,ZFP36L2,-0.188841749184665
IL6,IFNGR2,0.188685288785964
IL6,DCLRE1B,-0.187053233485269
IL6,DEPDC1,-0.185714859793735
IL6,METTL7A,-0.1848276445
IL6,GLUL,0.1766378203181
IL6,SUSD6,0.176281559544661
IL6,ACAA2,-0.176121821253996
IL6,JUNB,0.174638651179696
IL6,DHRS1,-0.17441678
IL6,TRIB2,0.174040119014827
IL6,MT1X,0.172576164825173
IL6,S100A10,-0.17215997879774
IL6,LFNG,-0.171521617265044
IL6,DLEU1,-0.171097794545771
IL6,ARHGDIB,0.169674884244326
IL6,IER3,0.168957474860836
IL6,MYO6,0.168678343427445
IL6,FOXN3,-0.168172504156218
IL6,CDKN2C,-0.167714220924353
IL6,CTDSPL,-0.16674423874443
IL6,DCXR,-0.1664882
IL6,RFC5,-0.166023901064131
IL6,MOCOS,0.162385662298218
IL6,SOX4,0.161443565537081
IL6,CTSD,0.16106212529051
IL6,TPST2,0.16088782277157
IL6,GBE1,0.159708075865949
IL6,KDSR,0.15761775797489
IL6,TMEM45A,0.157579255831285
IL6,HELLS,-0.15701699132143
IL6,TAF5,-0.15645430666351
IL6,MELK,-0.156031738894944
IL6,SLC2A4RG,-0.155864025466114
IL6,CD9,-0.155633505936995
IL6,FEZ2,0.155278225477911
IL6,PXMP2,-0.155199354465221
IL6,SPCS3,0.154812921789572
IL6,ELP6,-0.15418875771831
IL6,PNRC1,0.153314038597398
IL6,PIK3C2B,-0.15296578085918
IL6,TTLL1,-0.15235532950619
IL6,GTF2E2,0.150141288353721
IL6,GADD45G,0.14961471686541
IL6,STK3,0.149265530876219
IL6,CBX5,-0.148677018278042
IL6,GPI,0.148610666115252
IL6,CRTAP,-0.148007178511355
IL6,MOCS2,-0.1475492317203
IL6,MCM3,-0.147051244700449
IL6,MCM4,-0.147042918251224
IL6,IL1R1,0.146929062877073
IL6,ZFP36,0.146908120365124
IL6,TXNIP,-0.146545
IL6,TMEM106C,-0.145601517242529
IL6,MYL6B,-0.144937667342906
IL6,KIF23,-0.1448600713801
IL6,SGCE,-0.1443105155
IL6,ENPP1,0.14394821854399
IL6,PEX11A,0.143228386269125
IL6,SGF29,-0.142340163911738
IL6,SDF2L1,0.14195436694071
IL6,FAM214B,0.141588998539996
IL6,DNAJB9,0.141427910801516
IL6,PTP4A2,0.141318224722179
IL6,STARD13,-0.14114593849176
IL6,C1GALT1,0.141060912951945
IL6,TOP2A,-0.140926151931986
IL6,LGALS3BP,0.14010496413588
IL6,CAMK2N1,-0.13998204031904
IL6,EHMT2,-0.137715535040887
IL6,GLRX,0.137478116114025
IL6,SLC7A11,0.13743735690549
IL6,TNFAIP3,0.137163750117895
IL6,RCAN1,0.13668867196838
IL6,SS18,0.136559172708005
IL6,CLN3,-0.135951468768225
IL6,THAP11,-0.135472722493218
IL6,CREBBP,-0.135423308530591
IL6,RHOQ,0.135256709773265
IL6,PAPSS2,0.134221850393395
IL6,XRCC1,-0.133686873168207
IL6,SAV1,0.133371857758753
IL6,SLC31A1,0.132554963399695
IL6,SPDL1,-0.132162295103695
IL6,HSPA5,0.131542439349982
IL6,EMC2,0.131185746513835
IL6,KDM7A,0.131156402476568
IL6,IGFBP4,-0.131098387455324
IL6,GAMT,-0.1310092351507
IL6,IRF7,0.130834601874834
IL6,CKAP4,0.130308022345731
IL6,PRNP,0.129209666349953
IL6,SEC61G,0.128880571156587
IL6,ILK,-0.128594942796026
IL6,MAP1LC3B,0.12855327464892
IL6,ANKRD36B,-0.128390300622689
IL6,ORC6,-0.128291638707109
IL6,RBM4B,-0.128145544541194
IL6,DBF4,-0.12768908593507
IL6,ACYP1,-0.12746233900637
IL6,MTRR,0.127092269061359
IL6,NSMCE4A,-0.126444864074811
IL6,RBFOX2,-0.126144080998874
IL6,CD59,0.12494964382677
IL6,PRPF18,0.124880772493411
IL6,TUBG1,-0.124131678518767
IL6,CD44,0.124059160994499
IL6,CNPY3,-0.123832680563436
IL6,SLC25A11,-0.123135202187047
IL6,AKR1C3,0.12294233206872
IL6,ITGB5,-0.122931299292794
IL6,ATXN1,0.122641141470283
IL6,DNMT1,-0.122416001971796
IL6,DUSP4,-0.121895284539229
IL6,ZWINT,-0.121560027274006
IL6,VWA5A,0.121549859161109
IL6,TAPBP,0.12147223058718
IL6,IMPA2,0.121424693953355
IL6,MYLIP,0.121360468215464
IL6,ISOC1,-0.121322886450896
IL6,HNRNPH1,-0.121224637093415
IL6,RGS2,-0.12120832066695
IL6,NASP,-0.121117609819674
IL6,RUSC1,-0.12069401174205
IL6,TK1,-0.120417001786683
IL6,IL6ST,0.120288789449658
IL6,SAC3D1,-0.120246288216384
IL6,CTBP2,0.12017433097386
IL6,FNBP1L,0.120080321902462
IL6,RIF1,-0.119835727111035
IL6,MSH6,-0.119799154821682
IL6,HIVEP2,0.119731258939035
IL6,ZMYM3,-0.119433436599778
IL6,HMMR,-0.119327627716262
IL6,CPPED1,0.11902163950343
IL6,PARP12,0.118932711540679
IL6,CDC25B,0.118689765266019
IL6,PLPP3,0.1181848295
IL6,ECI1,-0.118134755226935
IL6,ENC1,-0.117976089919818
IL6,R3HDM4,0.117836844990856
IL6,SIL1,0.117529409864188
IL6,GTF2B,0.117526649775089
IL6,TRIP13,-0.117487058868097
IL6,CKB,-0.117345969967669
IL6,TRAM2,-0.117015000000002
IL6,FAH,0.116961992220939
IL6,CDK2,-0.116852775307069
IL6,BTG2,0.116671558113507
IL6,MID1IP1,0.1165998719957
IL6,DUT,-0.116509106499421
IL6,FAM189B,-0.116277815219312
IL6,PUS3,0.11603531768403
IL6,UCP2,-0.116010119650217
IL6,KATNA1,-0.11586116172291
IL6,ETNK1,0.115842311922497
IL6,ZNF236,-0.115839937898436
IL6,PIAS2,0.115702078766192
IL6,C2orf68,-0.115350139474017
IL6,HCFC1R1,-0.115329981960371
IL6,HMGB3,0.115299499310851
IL6,GPRC5A,0.115187997913887
IL6,NFE2L2,0.115068439941674
IL6,C12orf4,0.114968935562203
IL6,KLF6,0.114838931609295
IL6,S100A6,-0.114761278351152
IL6,PTGER4,-0.114577963083627
IL6,LUC7L3,-0.114520368876923
IL6,GDE1,0.114163663532185
IL6,APBB2,-0.11342512971694
IL6,TFDP1,-0.1131817507163
IL6,STIL,-0.113174059277817
IL6,PIGV,-0.113068579861275
IL6,STMN1,-0.112967022721165
IL6,C12orf49,0.112831060885252
IL6,NARF,0.111578428623472
IL6,PPIF,0.111541515347032
IL6,TUBA1A,0.111480394412199
IL6,USPL1,-0.11128846000569
IL6,TEX264,-0.110905954867656
IL6,UNG,-0.110728669507031
IL6,TUBG2,-0.11046365
IL6,MSH2,-0.110383499999999
IL6,USP11,-0.11032956465316
IL6,BZW2,0.110235472698335
IL6,ICMT,-0.110116359620847
IL6,RABGGTB,0.109887958530304
IL6,NEK1,-0.10986481393544
IL6,PAN2,-0.10969743400983
IL6,NDRG1,0.10967649360146
IL6,MLST8,-0.109532281782078
IL6,CENPQ,-0.10903680331703
IL6,PI4KA,-0.10885633592724
IL6,NAB2,-0.108748089574339
IL6,DGKD,-0.10863739593016
IL6,KNTC1,-0.108273505
IL6,TMEM123,0.10827109216851
IL6,TOP1,0.108220651896836
IL6,DUSP5,-0.108083263203958
IL6,GINS2,-0.1079631685
IL6,GADD45A,0.10741275
IL6,TAGLN2,0.107403959431675
IL6,ABHD5,0.107081540969009
IL6,NRBF2,0.10686648947669
IL6,BAZ1A,0.106864743836377
IL6,SIAH2,-0.10670006902961
IL6,CCNB2,-0.106638753
IL6,DVL3,-0.10640939354295
IL6,ACIN1,-0.106382031868006
IL6,UGDH,0.1063314157831
IL6,PANX1,0.10604215
IL6,APEH,-0.106042133641043
IL6,CHKA,-0.105979049465004
IL6,CYB561D2,0.1059612223484
IL6,IRAK4,0.10583709429759
IL6,KIAA0232,-0.105776491292625
IL6,INSR,0.105728624126609
IL6,CALR,0.105552678136988
IL6,ZNF226,-0.105492572263385
IL6,LIG1,-0.105201123371676
IL6,NFKBIA,0.105139635771618
IL6,PARP1,0.104902676436261
IL6,RGS16,0.104853416026007
IL6,GGH,-0.104780763804156
IL6,POGZ,-0.104701636333056
IL6,DUSP22,0.10464318753524
IL6,SERPINB8,0.104620200039663
IL6,NT5DC2,-0.104522474208407
IL6,YIPF1,0.104458396024189
IL6,IFI6,0.10445355
IL6,S100A4,-0.104383468726978
IL6,SRPK2,-0.104365268154185
IL6,PITPNC1,0.104157993778136
IL6,TMF1,0.10386137983397
IL6,DDAH2,-0.103504575753861
IL6,PLCD1,-0.103469500000003
IL6,RBM6,-0.103320661092721
IL6,IGFBP6,-0.10326655
IL6,CDKN3,-0.103167067444949
IL6,VAPA,0.103130286860171
IL6,DDX58,0.103067813140215
IL6,HACD3,-0.102983935717699
IL6,TUBGCP4,-0.102629254088905
IL6,PALB2,-0.102584410785187
IL6,MANF,0.10258036359162
IL6,MAP3K5,0.102205313448595
IL6,NDC1,-0.102113271219165
IL6,RNPEP,-0.10206151855469
IL6,LRRC59,0.102021943629451
IL6,AHNAK,-0.101830220079243
IL6,FTL,0.1018067032337
IL6,DDIT3,0.10167804651769
IL6,RBBP7,-0.101667570726551
IL6,DAXX,-0.101600499166644
IL6,SMS,0.1015900841104
IL6,TOB1,-0.101411858810385
IL6,GPSM2,-0.101165844850976
IL6,TES,0.100667640731656
IL6,GLA,0.10060767606195
IL6,TAP2,0.100539453656295
IL6,SPCS2,0.100529999999999
IL6,NNT,-0.100386699625401
IL6,TWSG1,-0.10013772527785
IL6,MYCBP2,0.100053833522157
IL6,IFNAR1,0.099888210039734
IL6,CSNK1D,0.0998677099320133
IL6,TOPBP1,-0.0998034916594745
IL6,GCNT1,0.0996083426286134
IL6,NCBP2,0.0991892016255402
IL6,BANF1,-0.09918021546234
IL6,SQSTM1,0.0990091466145486
IL6,VPS33A,0.0989263030147902
IL6,UBR7,-0.0989210492818495
IL6,MPRIP,-0.0988636599604761
IL6,SMYD2,-0.0986830433428096
IL6,POR,0.0986195920165582
IL6,GADD45B,0.0985160542381074
IL6,DCK,-0.098469894
IL6,ZBTB40,-0.0982028662199558
IL6,DAG1,-0.0981891106961403
IL6,TADA3,-0.0981493567372151
IL6,TMSB10,0.0981343609729883
IL6,ABAT,-0.0980996493553454
IL6,DHRS7,0.0978966521783837
IL6,RAP1B,0.0978570367796765
IL6,RER1,0.0974292470416653
IL6,WSB1,0.0973293228637497
IL6,RMND1,-0.0973154711986752
IL6,LSM12,0.0970846582344421
IL6,ARPC1A,0.0969267365941473
IL6,PDK1,0.096885665250491
IL6,DERA,0.0968628655655319
IL6,CEMIP,0.0967827775780452
IL6,C17orf75,-0.0967727487968659
IL6,ANKLE2,-0.0965511506226963
IL6,DIS3,0.0965419708027095
IL6,TXNDC9,0.0964658922039811
IL6,FTH1,0.0963967861254992
IL6,TMEM53,0.0963965680484775
IL6,ABCD3,0.09637276354003
IL6,FLNA,-0.0963036517298121
IL6,WDHD1,-0.0961660757845352
IL6,FAN1,-0.0960670195422395
IL6,LYPLA1,0.0960317186641646
IL6,TARBP1,-0.09599924561231
IL6,RUFY3,0.0958748654017349
IL6,NELFB,-0.0958397166174753
IL6,ORC3,-0.0957962446796711
IL6,STK26,-0.0957734098723817
IL6,LIPT1,0.0955019780323152
IL6,TRIM37,-0.0954633034206331
IL6,CLDND1,0.0954270750651451
IL6,METTL17,-0.0954053721764385
IL6,ATP6V0E1,0.0952536459817885
IL6,MPC2,-0.0949795449799158
IL6,ATF6,0.0949688100175709
IL6,LMAN2,0.0948547800868508
IL6,MRPL34,-0.0948544978800001
IL6,MAGT1,0.0946824220332818
IL6,GMNN,-0.0946483134736997
IL6,DONSON,-0.0946368741380752
IL6,NABP1,0.0945368987549093
IL6,DDA1,0.0944427632881845
IL6,ETFB,-0.0944288432969897
IL6,PRR14,-0.094418646197051
IL6,CSTF3,-0.0942957673055451
IL6,PATZ1,-0.0942703728448233
IL6,CD320,-0.0942601069241098
IL6,PLXNA2,-0.0941011482107083
IL6,RBM7,0.0940957919416405
IL6,MED12,-0.0940235851781654
IL6,ASB13,-0.0938630118569823
IL6,PTS,0.0938101055845495
IL6,HGH1,-0.0937821463206165
IL6,DCTN5,0.0937582733490649
IL6,CAMK2G,-0.093698746633664
IL6,GSE1,-0.0935018374279152
IL6,HPRT1,0.0933044951033252
IL6,THYN1,-0.0932497082229253
IL6,HMGB2,-0.0931080584164343
IL6,ZNF324,-0.0930961938384356
IL6,MINPP1,0.0930329996821193
IL6,TPX2,-0.0929942689677005
IL6,PSRC1,-0.0928923499067624
IL6,PRKCI,-0.0928371652713231
IL6,DCLRE1A,-0.0928224464330775
IL6,SERPINI1,-0.0928117490651496
IL6,PMM2,0.0927571815071317
IL6,STAG2,-0.0925941346074292
IL6,XPC,-0.0925731460607402
IL6,CSRP1,-0.0923217980944501
IL6,SLC38A2,-0.0922620388285508
IL6,SPTAN1,-0.0921108736760403
IL6,ECE1,0.0920899801715906
IL6,KNOP1,0.092004688352941
IL6,ZNF184,-0.0919304120941419
IL6,HACD2,-0.0918536528366789
IL6,SSRP1,-0.0918398126256176
IL6,DTX4,0.0917829430198871
IL6,VPS33B,0.0917680170704482
IL6,EBP,-0.0917215087253104
IL6,PCMT1,-0.091569135253426
IL6,TCEA2,-0.0915640120664464
IL6,ZNF45,-0.0915011457848149
IL6,TWF1,0.0915010651521814
IL6,ARPP19,-0.0912652374486562
IL6,CYB5R4,0.091200110870135
IL6,LRP10,0.0911859677864903
IL6,ABHD17B,-0.0911780114922216
IL6,UBE2W,0.0911270653079299
IL6,KLHL24,0.0911016266459547
IL6,GABPB1,0.0910733106263053
IL6,PSMD13,0.0910393172973247
IL6,COPS7B,-0.0910162821661639
IL6,NCAPG,-0.0907356867485917
IL6,ADI1,-0.0907310019056799
IL6,HSPB1,-0.0906893643356348
IL6,CHPT1,-0.0906889099445536
IL6,CKS1B,-0.09062696477271
IL6,POLG2,-0.0906212043223284
IL6,STARD7,-0.0905924675146021
IL6,TMED9,0.0905893755383893
IL6,RAD51AP1,-0.0904702604233
IL6,NOL3,0.0904611176465763
IL6,YRDC,0.0902674241219099
IL6,ZNF200,0.0902187216279228
IL6,TNFAIP1,0.0900176415527198
IL6,MRPL49,-0.0899885642994799
IL6,SNAPC1,0.0899231319766751
IL6,SMARCB1,-0.0898913102066778
IL6,LUC7L,-0.0897009552420695
IL6,GSTM3,-0.0895639978495665
IL6,BUB3,-0.0895463074496696
IL6,HTATSF1,-0.0895345849779927
IL6,MYO1E,0.0895272
IL6,UBQLN2,0.089377076281051
IL6,PDPK1,-0.0892445254999999
IL6,KAT7,-0.0891253809844005
IL6,DDX39A,-0.0890569083396766
IL6,CASP6,-0.0888163078224479
IL6,RIOK3,0.0888002477503988
IL6,GNS,0.0887151412659648
IL6,UPF3A,-0.0886939880166446
IL6,GRPEL1,0.0885793454372017
IL6,CDKN1A,0.0884287881486489
IL6,FOXRED2,-0.0882827829634136
IL6,AKIRIN1,0.0881815120463995
IL6,MYO1C,-0.0881369855813059
IL6,RNF38,-0.0880672977663969
IL6,RFC3,-0.0879435599924205
IL6,GPS1,-0.0878493662005617
IL6,ECI2,-0.0878321040205509
IL6,DCAKD,-0.0877821419027857
IL6,NDC80,-0.0876845601286002
IL6,TMEM39B,-0.0875909259407428
IL6,SLC39A1,0.087444854649596
IL6,MED27,0.0874120042759294
IL6,PFKM,-0.0873986927643546
IL6,PRCP,-0.08714206753509
IL6,AP1G1,0.0871163044999999
IL6,GNPTAB,-0.0870634503523857
IL6,PPP1R3D,-0.0869829205103318
IL6,HCCS,0.0868905430268318
IL6,ARMCX3,0.0868053895704366
IL6,RAB5A,0.0867135348780845
IL6,IQSEC1,-0.0866730626593506
IL6,DHTKD1,-0.0864073814215204
IL6,HEATR3,0.0861385407078101
IL6,SLC29A1,-0.0861144561513498
IL6,G3BP1,-0.0859822914332299
IL6,DPYD,0.0857784369253105
IL6,C7orf26,-0.0855845532746255
IL6,MDK,0.0855133186294452
IL6,BCAP29,0.0854964356403544
IL6,MPV17,0.085433833431141
IL6,CDK7,0.0853329549286217
IL6,RMND5B,-0.0852311368617546
IL6,NBAS,0.0851576315282176
IL6,SSR1,0.0850648653786496
IL6,RAD51,-0.0849964823439353
IL6,RAD1,-0.0848233285616859
IL6,STK19,0.0846156676522298
IL6,TCERG1,-0.0845753729022309
IL6,IARS2,-0.0845552986940436
IL6,LYN,0.0843728417850155
IL6,TPGS2,-0.0840943219312028
IL6,PLEKHB2,0.0839519477117649
IL6,CREB3L1,0.0839339373927909
IL6,TRIM24,-0.0839176004598067
IL6,PIK3R4,-0.08391239951016
IL6,ACTR2,0.0839085594841346
IL6,PCYT2,-0.0837946413498866
IL6,QPRT,-0.0837707734397148
IL6,MRPL41,-0.0836948186542851
IL6,NECAB3,-0.08365777419188
IL6,PHF10,-0.083640846044287
IL6,CENPN,-0.0836025558341728
IL6,DYNC1I2,0.0834378703958584
IL6,CTCF,-0.0834171499999998
IL6,RWDD2B,-0.0832917630651488
IL6,SLC4A2,-0.0832533158783204
IL10,SOCS3,0.987638106044517
IL10,GADD45B,0.968830954369939
IL10,NAMPT,0.94099556261139
IL10,PIM1,0.85878114198335
IL10,STOM,0.803213813215188
IL10,PFKFB3,0.783043179914086
IL10,TIMP1,0.682195377271944
IL10,PAPSS2,0.67292024275
IL10,CHSY1,0.653292925903055
IL10,PTPN2,0.651398543098035
IL10,CEBPD,0.593862887183277
IL10,C1RL,0.587278546470016
IL10,RGL1,0.583288278947437
IL10,RASSF4,0.553995482270732
IL10,CEMIP,0.553231217
IL10,IFIT3,-0.551193585721241
IL10,AKR1C3,-0.523428577952521
IL10,UCP2,0.511124442362406
IL10,GLUL,0.510434881950517
IL10,LAP3,0.501992581205226
IL10,PLTP,0.492169093475416
IL10,VAMP5,0.487959462163301
IL10,ZFP36,0.479898035765793
IL10,CTSL,0.479369106615293
IL10,NPC1,0.468669434453136
IL10,GPR137B,0.43290621
IL10,ADA,0.422321034748182
IL10,ITGAV,0.419603093754522
IL10,CHCHD7,0.414005676545185
IL10,PLSCR1,0.413352795776081
IL10,LY6E,-0.40342465
IL10,UGCG,0.402486005758539
IL10,MAF,0.393877380375
IL10,PGS1,0.390079794730221
IL10,RABAC1,0.384969777539335
IL10,FLOT1,0.382451182667539
IL10,DUSP1,0.380759484499999
IL10,MAP4K3,-0.377066418618544
IL10,CD9,-0.375374365808333
IL10,MAP3K1,0.373199712844343
IL10,IGFBP4,0.3681627440586
IL10,ADORA2B,-0.368161297100081
IL10,JUNB,0.366691925012099
IL10,CD44,0.362936761943179
IL10,FH,-0.362121562890345
IL10,PBX3,-0.359090777121232
IL10,C1S,0.356927486711789
IL10,CD59,0.356901576520965
IL10,DSE,0.355906576221784
IL10,PHLDA1,-0.354187875
IL10,MVP,0.353187567703988
IL10,DUSP3,0.349927332775496
IL10,FAM89B,0.34896817808816
IL10,YBX3,0.34699965039203
IL10,IFIT2,-0.343676864013291
IL10,DICER1,0.341095910927509
IL10,TNFAIP3,-0.33847758905575
IL10,USB1,0.337454920057451
IL10,FAH,-0.333471852595032
IL10,LYN,0.333419706166545
IL10,TUBA1A,0.333374941126408
IL10,SERPINB1,0.328187727435703
IL10,YIPF1,0.323658667764725
IL10,GGH,-0.320706991378732
IL10,TSPAN13,0.320611120338158
IL10,ZFP36L2,-0.32007454620124
IL10,ACSL1,0.318837412266497
IL10,CTSB,0.318726694282449
IL10,PXN,0.316958355620892
IL10,VPS9D1,0.315543436059715
IL10,CDKN3,-0.313916674790643
IL10,CASP4,0.313510913479108
IL10,PTTG1IP,0.312586481065949
IL10,G0S2,0.309402082232485
IL10,SLC39A8,0.306373040310499
IL10,EHD1,0.305783329370921
IL10,SGPL1,0.3043964795
IL10,PTTG1,-0.303804011636092
IL10,NMRK1,0.301111360081283
IL10,SLC25A40,-0.300747701971492
IL10,GRINA,0.300289316403916
IL10,DRAM1,0.299734912210789
IL10,MAP3K7CL,0.294487831323465
IL10,R3HDM4,0.2931809400726
IL10,CKS2,-0.291521765817862
IL10,GAS6,0.289727253948719
IL10,TEX2,-0.28902146422816
IL10,NOL3,0.287692210225631
IL10,MRTO4,-0.285937719853788
IL10,CTSZ,0.282385595344107
IL10,NABP1,0.282357427976239
IL10,HEG1,0.281511577908697
IL10,CHST7,-0.281123525
IL10,QPCT,-0.280613643769815
IL10,MUC1,0.280257403721005
IL10,NSA2,-0.280107026384062
IL10,TOB1,-0.279939383499414
IL10,FAM111A,-0.279762813234026
IL10,TPST2,0.278613514329022
IL10,CTDSP2,0.277794699071509
IL10,IER3,0.27743177308326
IL10,UBE2J1,0.276240386763695
IL10,CYBRD1,0.27383621725341
IL10,UXS1,-0.27046189732535
IL10,EGR1,0.270320201107288
IL10,THBS3,0.269688704338502
IL10,RAI14,-0.269375941750479
IL10,PDGFA,0.268778270923772
IL10,CMC2,-0.26820027437564
IL10,MBOAT7,0.26772941620013
IL10,RMDN3,-0.267462803714263
IL10,IFNAR1,0.267447947515144
IL10,FDX1,-0.266951830053737
IL10,ZFP36L1,0.265700684982285
IL10,KLF6,0.26549218283669
IL10,ABCA1,0.264111126670483
IL10,MRPS30,-0.263497643899925
IL10,TRAM2,0.263210289696552
IL10,SOWAHC,-0.263042328435601
IL10,CTDSPL,-0.26203273286127
IL10,AGO4,0.261135451840208
IL10,SLC44A1,-0.260499548476112
IL10,TOMM40,-0.260400524375
IL10,ARID5B,0.25925878281769
IL10,RAB29,0.258697035064188
IL10,ECHS1,-0.256237025533071
IL10,WWC3,0.25358910925
IL10,SLC50A1,0.25341645319248
IL10,ARHGAP26,0.25278391515757
IL10,CDC42EP4,0.252643038271137
IL10,CIC,0.2521858910632
IL10,CDKN1B,0.251250246834783
IL10,DECR1,-0.25108173888105
IL10,EXTL2,-0.25101503964859
IL10,CDC25B,0.249494571758159
IL10,ARHGAP10,-0.247382753446796
IL10,GDI1,0.24701638794047
IL10,PHF21A,0.245778314232131
IL10,MRPL17,-0.24542807
IL10,HMGCR,-0.243645425
IL10,IL13RA1,0.242907968015235
IL10,IMPA2,0.242835339199493
IL10,PLIN3,0.242673305234965
IL10,GADD45G,-0.240705360532525
IL10,CD47,0.240180085455374
IL10,SLC39A1,0.239931791453404
IL10,FAIM,-0.2398605956814
IL10,NDUFAF4,-0.239030916672751
IL10,TRIM5,-0.238776319556907
IL10,CD58,-0.237568303324097
IL10,CDKN1A,0.237419838290915
IL10,CKS1B,-0.236910306231218
IL10,MAK16,-0.236773913201968
IL10,AVPI1,-0.236703035792683
IL10,MKNK1,0.236568197244183
IL10,GEM,-0.235349169500001
IL10,HMG20B,-0.234920932138547
IL10,ADK,-0.234481827508496
IL10,BLVRA,0.233831299172342
IL10,XYLT1,-0.233355556259773
IL10,CCNB1,-0.232840074521187
IL10,PCCB,-0.231206741374999
IL10,CYB5A,-0.230818360356472
IL10,ABCE1,-0.229942284203791
IL10,HK2,-0.229451243890539
IL10,ISOC1,-0.228836174
IL10,MTSS1,0.228465669730342
IL10,RAB5C,0.227503716930583
IL10,TBC1D22B,0.227329588996555
IL10,SGSH,0.227192029368953
IL10,SF3A3,-0.227146171008863
IL10,SLC16A1,-0.226846047070178
IL10,MNT,0.226518121707818
IL10,RBMS1,0.226200576685019
IL10,IFITM3,0.225990457789117
IL10,CCNB2,-0.225526873746234
IL10,C2CD5,-0.22339924011534
IL10,RGS2,0.223265996340815
IL10,SLC29A3,-0.223239096141466
IL10,PRC1,-0.222456242824081
IL10,NUSAP1,-0.222351081268087
IL10,BID,-0.221327200625
IL10,SMC2,-0.220794430068742
IL10,ADAM9,0.220128014821297
IL10,CBX6,0.219767988358225
IL10,MPHOSPH6,-0.219035408444254
IL10,DIMT1,-0.218618163124076
IL10,PANX1,0.218156113431901
IL10,SRSF7,-0.218134876603749
IL10,OPN3,-0.217869651253548
IL10,BTN3A2,-0.217216469301864
IL10,TMEM38B,-0.21693141202395
IL10,NUCB1,0.21675278453459
IL10,GAR1,-0.216361710621527
IL10,TRIP10,0.215516470921933
IL10,CIR1,-0.215490013309283
IL10,DNASE2,0.21498253889439
IL10,SRPRB,-0.214851009999999
IL10,BCAR3,-0.213378713590325
IL10,PTGER2,0.21323407007355
IL10,SLC35D2,0.212738996413865
IL10,LDHA,0.211253656261351
IL10,NDRG1,0.210520435364826
IL10,TFDP1,-0.210176221665817
IL10,VWA5A,0.209877081439315
IL10,ZNF281,-0.209219703495487
IL10,FJX1,0.208504122601486
IL10,DPP4,0.207858319443262
IL10,AKR7A2,-0.207698489277081
IL10,CYP1B1,0.207366440446524
IL10,ARF3,0.20716466449582
IL10,NT5C2,0.2071427605
IL10,FBXO5,-0.207099159125
IL10,KBTBD2,0.207033862534504
IL10,TXNRD1,-0.206799360494584
IL10,FOLR2,0.206130924104487
IL10,SLC31A1,0.206103826607299
IL10,HMGB2,-0.205892652201455
IL10,DNAJB1,0.204828126081398
IL10,IFNAR2,0.20289183673539
IL10,ATP2B4,0.202172428976259
IL10,PAK1IP1,-0.2016128295474
IL10,MCM3,-0.201179467442384
IL10,ATP1B1,-0.200923070889345
IL10,LPXN,-0.200778340103139
IL10,HSBP1,0.200509248943952
IL10,MYLIP,0.200451774780238
IL10,CRK,0.200335959592378
IL10,CENPN,-0.199669337261333
IL10,MCM7,-0.199641569419296
IL10,VEGFA,0.199636538338423
IL10,DUSP10,-0.199325394808483
IL10,NARF,0.198182315940764
IL10,SLC25A37,0.197869157407498
IL10,EFHD2,0.197401706131828
IL10,RRAS,0.197059990622386
IL10,SPIN1,0.19695985
IL10,MAGT1,0.196896882540844
IL10,DLD,-0.196651113910107
IL10,GEMIN4,-0.19638534057193
IL10,LRP10,0.19625918030493
IL10,OGT,-0.194915913750001
IL10,SNTB2,0.194838438815873
IL10,HDAC4,0.194649780566094
IL10,TBC1D8,-0.194637031997808
IL10,HNRNPAB,-0.194331791592693
IL10,NOTCH3,-0.194264965475095
IL10,PIM2,0.1939058408788
IL10,NUDT15,-0.193094194674302
IL10,GAL3ST4,0.19304771610932
IL10,ARHGEF6,0.192033043836778
IL10,SAMM50,-0.191782313765181
IL10,ADO,-0.191474197898031
IL10,MRPS18B,-0.191415215409394
IL10,CDKN2B,-0.191058700533807
IL10,COQ2,-0.190991116034156
IL10,RHOG,0.190765877739524
IL10,IFI6,-0.190419960098257
IL10,ZNF654,0.190367592325062
IL10,PGRMC1,0.19028992377846
IL10,OSGIN2,-0.190183961158966
IL10,FAR2,-0.190176715504088
IL10,FCHSD2,0.190008718916525
IL10,XPOT,-0.189717374750001
IL10,ATP6V1H,-0.189458133609022
IL10,RAN,-0.189431967266643
IL10,PNPO,-0.189356988020339
IL10,PAICS,-0.189080272800469
IL10,ERMP1,-0.188946345616934
IL10,EIF3H,-0.18881380383566
IL10,BRIX1,-0.188544307792478
IL10,PON2,-0.188015068055347
IL10,ELP3,-0.187717811043136
IL10,PTPN1,0.187373260882049
IL10,MAPK3,0.187250963875
IL10,MFSD12,-0.187214850911902
IL10,LSM4,-0.18660815993065
IL10,SNRNP25,-0.186500983203465
IL10,EGR2,-0.186484466037935
IL10,MCL1,0.185904972802922
IL10,ALCAM,-0.184954453701644
IL10,AASDHPPT,-0.184941602547568
IL10,CEBPZ,-0.184848148482711
IL10,S100A4,-0.1847493826545
IL10,ABHD2,-0.184672488341165
IL10,MTERF3,-0.1838878175
IL10,CTNNA1,0.183401623573431
IL10,KAT6A,0.183334465759495
IL10,BCCIP,-0.183042142887231
IL10,TUBA1B,0.182479904999999
IL10,ACTL6A,-0.18241056875
IL10,UGDH,0.181856449258153
IL10,ITPR1,-0.181593950369451
IL10,SLC30A1,0.18158822103537
IL10,NRP1,0.181514165529824
IL10,MYCBP2,-0.181223915472536
IL10,STAT1,-0.18070727770865
IL10,VPS33B,0.180598763081093
IL10,DDIT4,0.180491819766276
IL10,IER2,0.180407825323789
IL10,SPHK1,0.17992039650156
IL10,DCAF13,-0.179829395776964
IL10,NELFCD,-0.179726915999999
IL10,ZNF589,-0.179628230826483
IL10,MSRB2,0.179542648421275
IL10,HPCAL1,-0.179186711292192
IL10,GPD1L,-0.178756414276111
IL10,MAT2B,-0.178400421563785
IL10,ZWINT,-0.178398192168851
IL10,SLC25A5,-0.178257477559901
IL10,FXN,-0.178158575286115
IL10,FERMT2,0.177966304474957
IL10,NDST2,0.177928395667297
IL10,PSMB8,-0.177501293843402
IL10,LYST,-0.177024300813843
IL10,C11orf1,-0.177021343875
IL10,ACADM,-0.176749850200605
IL10,APPL2,0.176471727603993
IL10,IDI1,0.176275482223286
IL10,HDDC2,-0.176269273540148
IL10,POGLUT1,-0.175895335213523
IL10,BCL2L1,0.175727240038976
IL10,GOT2,-0.175628110804859
IL10,STK10,0.175493134499999
IL10,KLF3,0.175335423991812
IL10,LZTR1,0.175249103124886
IL10,COX5B,-0.175055157910636
IL10,RNF141,0.174964192244752
IL10,HADH,-0.174859701642011
IL10,C20orf27,-0.174249676256046
IL10,MPP5,0.173964842335821
IL10,RRS1,-0.173634295936699
IL10,MCCC1,-0.173600820307126
IL10,LRRC8D,-0.173298352055091
IL10,MTRR,-0.173252124684273
IL10,WDR43,-0.17300354207945
IL10,MMD,-0.172626567649349
IL10,EIF2AK2,-0.172612350963612
IL10,HPS5,0.172358297648451
IL10,CLN8,-0.172188568428675
IL10,RRP15,-0.171932204184804
IL10,SH2B3,-0.17188199897185
IL10,SLC38A7,0.171454887955514
IL10,TFAM,-0.1714117985
IL10,MAP3K4,-0.171166458089005
IL10,TOMM34,-0.171162527098215
IL10,RCAN3,-0.17082180110398
IL10,UAP1,-0.170778328689198
IL10,SUSD6,0.170519982760052
IL10,FPGS,0.170483326786416
IL10,RFC3,-0.170456450749999
IL10,ATP6V0A1,0.170229778293097
IL10,DEPDC1,-0.169901614000001
IL10,PLXDC2,-0.169899255
IL10,ZNF200,0.169751681731205
IL10,SNRPG,-0.169692637303877
IL10,BCKDK,0.169509411656957
IL10,C1QBP,-0.169299700149698
IL10,TAF4B,-0.169270179339713
IL10,GTPBP4,-0.169064808132508
IL10,SNRPF,-0.168697055571856
IL10,MED25,0.168458387752136
IL10,ZNF22,0.168376859249999
IL10,MOSPD1,-0.167999938185581
IL10,STX12,0.167700716727877
IL10,GTF2H3,-0.167352183623904
IL10,MRPL39,-0.166666771
IL10,RGS16,0.16631579215059
IL10,TNFAIP8,0.166081041996399
IL10,TNIP2,0.16602697596331
IL10,NUCKS1,-0.165965456927157
IL10,ZEB2,0.165904484625
IL10,MAMLD1,-0.165904069898786
IL10,NCOA1,0.165732218221233
IL10,JARID2,-0.1656989283532
IL10,PCID2,-0.1655701
IL10,PFDN2,-0.165367063129546
IL10,SLC11A2,0.164864421466686
IL10,ZNF426,0.164736812633877
IL10,SERPINH1,0.164734389225605
IL10,LPCAT3,0.164532681349988
IL10,AGRN,-0.164078856021868
IL10,RELA,0.164031728038291
IL10,ZNF264,0.163904780518531
IL10,PLP2,0.16389319411588
IL10,NAA60,0.163765586707203
IL10,NDUFB6,-0.1636002950624
IL10,IRAK4,0.16338049425
IL10,STK3,0.16336763207159
IL10,FYN,-0.163335716789706
IL10,DTX4,-0.1628221685
IL10,FOXM1,-0.16228575725
IL10,DAPK1,-0.162060475
IL10,BLVRB,0.162058733880769
IL10,PTS,-0.16202917763504
IL10,SMCHD1,-0.161899785536246
IL10,ADSL,-0.161864230227009
IL10,CREB3L2,-0.161857428202896
IL10,MIEF1,-0.161615328228514
IL10,CNIH1,-0.161612871553708
IL10,BZW2,-0.161473874840285
IL10,N4BP2L1,0.161343595535242
IL10,MAPKAP1,-0.160987540724904
IL10,GPR68,-0.160970739100449
IL10,UBA2,-0.160958438185109
IL10,TSPAN31,0.159812846351745
IL10,WDR12,-0.159782264879594
IL10,ZFYVE26,0.159750503598725
IL10,DCTN4,0.15964123325
IL10,NDC1,-0.159411222180484
IL10,MRPL42,-0.159402120527993
IL10,TDRD3,-0.15900514178314
IL10,MFF,0.15890246118877
IL10,CDCA4,-0.158605082950676
IL10,HSPA9,-0.158511721407933
IL10,IVD,-0.158423135499999
IL10,VWA8,-0.158367956163139
IL10,MPHOSPH9,-0.158196831018193
IL10,ANP32B,-0.158116197060651
IL10,IQGAP1,0.158025022360364
IL10,PPP1CC,-0.157633592064159
IL10,PIGA,0.15708515715475
IL10,VCPIP1,0.157036479373379
IL10,PSME4,-0.156858028665873
IL10,PDE4DIP,-0.156116535945201
IL10,NOL11,-0.155493613728805
IL10,COLGALT1,0.155416101704973
IL10,TFB1M,-0.155414978404348
IL10,MPP1,0.155385216362149
IL10,ABHD10,-0.155
IL10,PALB2,-0.154891060227996
IL10,KDSR,0.1548584609619
IL10,CEBPG,-0.154844141998435
IL10,DOK3,0.154507838196951
IL10,ZNF706,-0.154488398803544
IL10,CLIC1,0.154463219237821
IL10,WDHD1,-0.153960871902441
IL10,PLXNA1,0.153621022977979
IL10,LMNA,0.1535099940625
IL10,ENC1,0.153307441661565
IL10,SRBD1,-0.153007507
IL10,CSTF3,-0.152948802038539
IL10,FGFR1,-0.152567016450243
IL10,CKAP4,-0.152466648121855
IL10,SDHB,-0.152242638270654
IL10,HDGF,-0.1519446470625
IL10,GLRX2,-0.151257399783971
IL10,KIF14,-0.151041557
IL10,CCT2,-0.150903505886284
IL10,RALGPS2,0.150559676575381
IL10,RASA2,0.150525626556779
IL10,RALA,0.150475121620264
IL10,PARP4,-0.15043728475
IL10,CEP83,-0.150398311641425
IL10,NCK1,-0.15037049967231
IL10,MRS2,-0.150034079466434
IL10,MRPS35,-0.149931580954946
IL10,TMEM123,-0.149586486531984
IL10,WDFY3,0.14929874754358
IL10,SELPLG,0.149225737269854
IL10,GADD45A,-0.148799071268781
IL10,PLAGL2,0.148664625104295
IL10,BARD1,-0.148327935589145
IL10,TOMM22,-0.148304753104791
IL10,GALNT7,-0.148272700883395
IL10,CTSO,-0.148270155819059
IL10,CDK14,-0.1482298366241
IL10,PHB,-0.148212583935551
IL10,PLEKHM1,0.148210854229698
IL10,TNS1,-0.148058971169517
IL10,DUSP5,-0.14797990942269
IL10,HIVEP2,0.14790596642743
IL10,NDUFB3,-0.147798474999999
IL10,KIF3B,0.147788034919192
IL10,LIMK1,-0.1476408035
IL10,VCL,-0.147571723721821
IL10,PJA2,0.147543042416847
IL10,METTL7A,0.147499515324077
IL10,NQO1,-0.147479156667249
IL10,LITAF,0.147399924098852
IL10,ELL3,0.147290420499999
IL10,SCRN1,-0.14726038041299
IL10,CCDC59,-0.146824714143404
IL10,HMMR,-0.146818672729496
IL10,VDAC3,-0.145997781406639
IL10,IMP3,-0.145982781275389
IL10,PHB2,-0.145821891483
IL10,URI1,-0.145444462125
IL10,FLOT2,0.144952525
IL10,ZSCAN16,-0.144623550553938
IL10,EXOSC9,-0.144552476072565
IL10,SLC25A28,0.14446567942132
IL10,RRBP1,0.144447502022334
IL10,IPO5,-0.144236130300111
IL10,TBC1D15,0.144165008159593
IL10,ETS1,0.144024133049192
IL10,SPATA20,-0.143966680015329
IL10,SHMT2,-0.14394838335288
IL10,B4GALT1,0.143878771950763
IL10,DDX28,-0.143835102815965
CXCL12,NRP1,0.873338035897492
CXCL12,SERPINB8,0.69329927875
CXCL12,ANXA5,0.660745747136051
CXCL12,DRAM1,0.626777325
CXCL12,IFI6,0.61284403014893
CXCL12,ITGA2,0.561464129302843
CXCL12,RAB11FIP5,0.558134961581038
CXCL12,NPAS2,0.525815205899596
CXCL12,CLIC4,0.512068160713753
CXCL12,SLC9A1,0.507928480446497
CXCL12,SP4,-0.498982348560254
CXCL12,MTMR10,0.498547748903683
CXCL12,ISCA1,-0.477798361074239
CXCL12,MT2A,0.458720064866379
CXCL12,SH3BGRL3,0.449114449415703
CXCL12,BCAR3,0.446518105963
CXCL12,EHD1,0.445052193342715
CXCL12,SDHAF3,-0.438709456429696
CXCL12,JAK1,0.4255237625
CXCL12,HMCES,-0.424999718005674
CXCL12,NUDT2,-0.422835155771216
CXCL12,CLIP4,0.422050665740896
CXCL12,CCNF,-0.41340820625
CXCL12,MT1X,0.411098595306804
CXCL12,FYN,0.405731364898346
CXCL12,IRF9,0.40558647
CXCL12,KLF6,0.403831609199333
CXCL12,USP27X,0.40243746249921
CXCL12,PFKFB3,0.400607542604123
CXCL12,PLXNA1,0.395744109442745
CXCL12,CD82,0.391455571141359
CXCL12,ZFP36L1,0.387910544664511
CXCL12,SERPINI1,-0.381826623111123
CXCL12,PELP1,-0.381090167355505
CXCL12,ADPRH,0.380034250000001
CXCL12,ZNF83,0.377927375
CXCL12,PER2,-0.375826672092778
CXCL12,KIF20B,-0.374189395
CXCL12,TAOK2,-0.371297090847782
CXCL12,IRF7,0.368512475
CXCL12,ATF1,-0.36775933387599
CXCL12,MFSD6,0.36612133
CXCL12,SSH1,0.364488557115408
CXCL12,SLTM,-0.364109334750884
CXCL12,SLC25A15,-0.360772067798955
CXCL12,THBS1,0.358053962085756
CXCL12,JADE1,-0.356896673363316
CXCL12,GTPBP8,-0.354928668295232
CXCL12,B4GALT1,0.353729246143188
CXCL12,TOR1AIP2,0.3524686
CXCL12,TMOD3,0.35240435425
CXCL12,ABHD6,-0.349114562937674
CXCL12,ADAR,0.347917742472529
CXCL12,UVRAG,-0.34563245
CXCL12,STIL,-0.344122158992325
CXCL12,MXRA8,0.342093190625001
CXCL12,JUND,0.33990993
CXCL12,GLTP,0.337341755638009
CXCL12,EIF3J,0.335775075
CXCL12,IGHMBP2,-0.33555985
CXCL12,FOXN2,0.334557187018502
CXCL12,MAN1A2,0.33349646875
CXCL12,FUS,-0.3311546875
CXCL12,GPC1,0.329147787570661
CXCL12,HSD17B1,-0.327572199273114
CXCL12,EIF4E,-0.327101851
CXCL12,SCD,0.326761855
CXCL12,TNFAIP3,0.3257584120447
CXCL12,CCNA2,-0.3237961
CXCL12,DLGAP5,-0.318291208896095
CXCL12,CBLL1,-0.315033133011607
CXCL12,SRF,-0.312614343747733
CXCL12,UBR5,-0.311458824271642
CXCL12,C3orf52,0.311417809633064
CXCL12,B4GALT5,0.3060018
CXCL12,DSCC1,-0.305886078570046
CXCL12,SLC20A1,0.305603451371979
CXCL12,GCDH,-0.304305142338468
CXCL12,THOC2,-0.303753460458651
CXCL12,FOSL1,0.302792934356958
CXCL12,POLR1E,-0.30090002425
CXCL12,HELLS,-0.30053774375
CXCL12,RHOB,0.30017353
CXCL12,ADAM9,0.298170271277652
CXCL12,MVP,0.298010100000001
CXCL12,DCTN5,0.297866608611917
CXCL12,ITPA,-0.29512274512309
CXCL12,HEG1,0.293869627362743
CXCL12,ACADM,-0.291813427991604
CXCL12,EGR3,0.290263025749999
CXCL12,HMGN3,-0.289303104656895
CXCL12,ABCD3,0.289275490145326
CXCL12,LBH,0.288562785318947
CXCL12,KDELR3,0.288189088975821
CXCL12,TIAM1,0.28797963141301
CXCL12,ANP32A,-0.287927094643187
CXCL12,CHMP1B,0.287355054709929
CXCL12,RCAN3,-0.284910446072233
CXCL12,ATXN1,0.284628322452416
CXCL12,KCTD9,-0.284515429897546
CXCL12,CHCHD3,-0.283561941364185
CXCL12,KLHL2,0.283545723669161
CXCL12,CDC42BPB,0.283131434200576
CXCL12,PLPP3,0.281404451710856
CXCL12,RIF1,-0.281319032313924
CXCL12,PANX1,0.281103657861803
CXCL12,ERICH1,-0.280107919192736
CXCL12,PIM1,-0.279793125
CXCL12,MFGE8,0.278810225736461
CXCL12,NFKBIA,0.278539337967427
CXCL12,ZFAND1,-0.278142825
CXCL12,SEC61A1,0.277063678657683
CXCL12,TFAM,-0.276226590695984
CXCL12,KLHL18,0.276036948125
CXCL12,UBE2A,0.275725743368191
CXCL12,TWSG1,0.275304054205748
CXCL12,TICAM1,0.275145143691761
CXCL12,AKIP1,-0.272394749176742
CXCL12,KLF13,0.270691610903338
CXCL12,ACTR10,-0.2700045
CXCL12,XPC,-0.269645995125
CXCL12,NETO2,0.26874576325
CXCL12,MAGEH1,-0.268645708175506
CXCL12,CDKN1B,-0.268233257886305
CXCL12,S100A2,0.2682310425
CXCL12,EPAS1,0.268065450422252
CXCL12,SMIM14,-0.267897817752834
CXCL12,XYLT2,0.267287410140292
CXCL12,ACTR2,0.265968884297577
CXCL12,CLK2,-0.264879662103144
CXCL12,LHFPL2,0.262350924808557
CXCL12,PLCXD1,0.2617351
CXCL12,NEMP1,-0.261502241226972
CXCL12,PLAT,0.26092444993345
CXCL12,KRBOX4,0.260816499201056
CXCL12,HSPB1,-0.26080999129603
CXCL12,COL18A1,-0.259969154470878
CXCL12,IL13RA1,0.257875866045751
CXCL12,IFT74,-0.257385010022942
CXCL12,PTTG1IP,0.257058166546339
CXCL12,DUSP3,0.256550138246297
CXCL12,ZMYM2,-0.25578793674132
CXCL12,MED25,-0.255598911796385
CXCL12,ZSWIM8,0.254367330500534
CXCL12,WASF3,0.2535543129944
CXCL12,ZNF623,-0.253434981965412
CXCL12,ARHGAP17,0.252868992247316
CXCL12,DUSP4,0.2525631275
CXCL12,RALB,0.252407604259274
CXCL12,TRADD,0.252267898126619
CXCL12,CCNE2,0.252171581908388
CXCL12,MCL1,0.2515459625
CXCL12,GOLPH3,0.251420119433013
CXCL12,VAMP2,0.25109467137288
CXCL12,AKAP12,0.2508861625
CXCL12,FNBP1,0.25055363740888
CXCL12,SLC7A6,0.249797892269715
CXCL12,ANAPC10,-0.249492825678514
CXCL12,MAPK3,-0.249200958634066
CXCL12,ZNF282,-0.248942771214924
CXCL12,NDUFS2,-0.24862255
CXCL12,QPCT,-0.248477157626465
CXCL12,DYNC1LI1,-0.248392218976719
CXCL12,YARS2,-0.248237132762623
CXCL12,GGH,-0.248023358931745
CXCL12,TNFRSF10D,0.247341601024354
CXCL12,CTSL,0.247298221579431
CXCL12,RAB6B,0.247212638308801
CXCL12,SLBP,-0.246806294428117
CXCL12,KCTD5,-0.246567790928509
CXCL12,JUN,0.245769475
CXCL12,TUBD1,-0.245113166365925
CXCL12,NPRL3,-0.244538436799846
CXCL12,UBA2,-0.244528535731134
CXCL12,KLHL28,-0.242528476391326
CXCL12,IER3,0.242455680949227
CXCL12,METTL4,-0.24142155
CXCL12,RELA,0.241211317141644
CXCL12,CLASRP,-0.240759251716909
CXCL12,C9orf78,-0.239929125
CXCL12,CAMK2N1,0.23960167625
CXCL12,GTF2F1,-0.23881065
CXCL12,DUS2,-0.2385569975
CXCL12,ENC1,0.2372802715
CXCL12,MTX2,-0.236797355610323
CXCL12,AFTPH,0.236793591875
CXCL12,USP8,-0.235933365985733
CXCL12,STOML2,-0.235476062584619
CXCL12,SPTBN1,0.23495944378414
CXCL12,PPP1R10,-0.2343354415
CXCL12,ZKSCAN3,-0.234154334499999
CXCL12,RTCA,-0.234091425014402
CXCL12,BRD1,-0.232951083857371
CXCL12,TNC,0.232870788186264
CXCL12,PIGA,0.232751019635336
CXCL12,SRP9,-0.23258908101816
CXCL12,KIAA0100,0.231747559161436
CXCL12,MOCOS,0.231481875
CXCL12,MAP1B,0.231063463620877
CXCL12,NEU1,0.230930187016088
CXCL12,MED27,-0.23067390825
CXCL12,CRMP1,0.230316787500001
CXCL12,TOR1B,0.229608223438368
CXCL12,LASP1,-0.229498152891947
CXCL12,EMC3,0.229152426086882
CXCL12,CCNG1,-0.228946829409487
CXCL12,TSR2,-0.228326041689797
CXCL12,NME7,-0.227820281547565
CXCL12,IKBKB,0.227365181355648
CXCL12,KCTD13,-0.227317699319781
CXCL12,TWF1,0.226923786836499
CXCL12,IGSF3,0.22675007
CXCL12,FGD6,0.226584441228006
CXCL12,SKI,0.22655711950959
CXCL12,PELI1,0.226544506772044
CXCL12,FER,-0.2253261
CXCL12,CDCA4,-0.2248165625
CXCL12,ATP6V1D,0.224040675
CXCL12,DUSP5,0.22398542606356
CXCL12,AEN,0.223770735
CXCL12,SMCHD1,-0.2234067625
CXCL12,PTGES2,-0.22339928803186
CXCL12,G0S2,0.222738982
CXCL12,PPP1R2,0.222174730486545
CXCL12,FAM193A,-0.2218855990967
CXCL12,WFS1,0.221816165
CXCL12,RGL1,0.221459975
CXCL12,BCS1L,-0.220589178689837
CXCL12,CHCHD7,-0.2205872375
CXCL12,ANP32B,-0.220358630269935
CXCL12,SDF4,0.219763363586765
CXCL12,EIF4G3,0.2196276875
CXCL12,USF2,-0.219563270094131
CXCL12,ATP11B,-0.219338657519883
CXCL12,STMN3,-0.219244310370785
CXCL12,SOWAHC,0.2188214525
CXCL12,STK19,-0.21735683143915
CXCL12,IGF1R,0.217333716341328
CXCL12,HIGD1A,-0.217142901454113
CXCL12,ZYX,0.216734725926667
CXCL12,SPAG7,-0.216612288480757
CXCL12,CNPPD1,-0.216191942385644
CXCL12,SLC35A5,-0.21611013
CXCL12,DGCR6L,-0.215096815
CXCL12,SERPINB1,0.214930257261393
CXCL12,ATRAID,-0.214801294975284
CXCL12,EHD4,0.2146524121875
CXCL12,RHEB,0.214086457600013
CXCL12,BUD31,-0.213868595520299
CXCL12,LRFN4,-0.21378525
CXCL12,TTPAL,0.213764039252265
CXCL12,MFHAS1,0.213425359648296
CXCL12,ZNF562,0.212255865753885
CXCL12,GBE1,0.212175184959477
CXCL12,ADARB1,0.2115321677246
CXCL12,NFKB2,0.21112256799494
CXCL12,APPBP2,0.211113284
CXCL12,TMEM45A,0.210791418045536
CXCL12,TSEN2,0.210573989045055
CXCL12,PHLDA2,0.21045818818601
CXCL12,CHMP5,-0.210017415447979
CXCL12,FKBP2,0.209685852949775
CXCL12,FTH1,0.209284675000001
CXCL12,RRBP1,-0.20858809000557
CXCL12,GPR153,-0.207061623616719
CXCL12,DDX58,0.206997682549826
CXCL12,LDLRAP1,-0.20691745625
CXCL12,TYW1,0.206349813872026
CXCL12,SLC25A12,-0.205725239226943
CXCL12,TRAM1,0.205488069487463
CXCL12,PSMG1,-0.205254932939328
CXCL12,PTPN21,0.205176951479967
CXCL12,EMC2,-0.204970471433015
CXCL12,GLUD2,-0.20489181387879
CXCL12,KLHDC3,-0.204784540612082
CXCL12,SLC31A1,0.204645419352071
CXCL12,LAMA3,0.204617719608472
CXCL12,DHTKD1,-0.204380275210079
CXCL12,EXOG,0.203671837500001
CXCL12,AGL,-0.203471176
CXCL12,LMAN1,0.20314815240539
CXCL12,CDC7,-0.202622136329849
CXCL12,NT5E,0.202188850613267
CXCL12,HNRNPF,-0.202066323360931
CXCL12,PTPN1,0.20138975
CXCL12,SSBP3,-0.200941886390721
CXCL12,ORAI3,-0.200699130555121
CXCL12,ZNF428,-0.200589699425532
CXCL12,METTL1,0.200545165903971
CXCL12,TMSB10,0.20038542719236
CXCL12,FAM135A,0.200248875
CXCL12,PDE4DIP,0.20008734732111
CXCL12,ACTN4,0.199916800281599
CXCL12,SLC2A8,0.199911884923914
CXCL12,CNIH4,-0.199787802004277
CXCL12,MCCC2,0.199673947544925
CXCL12,EIF1,0.199615700491549
CXCL12,TEX10,0.19961168242847
CXCL12,ZNF529,-0.199568010600658
CXCL12,FLNB,0.199502600956418
CXCL12,ANKRD28,-0.199472135530116
CXCL12,COPS6,-0.199078649999999
CXCL12,PAFAH1B1,0.19865217948933
CXCL12,PPP2R2A,0.198025540119118
CXCL12,OXSM,-0.197849353310347
CXCL12,FBXW4,-0.197738703
CXCL12,CEMIP,0.197697808658556
CXCL12,MEX3C,-0.19749618552528
CXCL12,APPL1,-0.197104575072153
CXCL12,CCT8,0.197057347881145
CXCL12,DAZAP2,0.197049125
CXCL12,RNF141,-0.19626277625
CXCL12,TAPT1,0.195690151762353
CXCL12,MAP1LC3B,0.195566664179676
CXCL12,RBM41,-0.195055173868715
CXCL12,SLC11A2,0.194973523742345
CXCL12,CHPT1,-0.194926112001241
CXCL12,PSMA2,-0.194878928774594
CXCL12,DUS4L,-0.194615760280827
CXCL12,PRDM1,0.194614664243305
CXCL12,GNA13,-0.194599777375069
CXCL12,GPRC5A,0.194565993973903
CXCL12,CDK2,0.194514322347171
CXCL12,SPCS3,0.194380625
CXCL12,IQSEC1,-0.194329790625
CXCL12,PSAT1,0.194028780914399
CXCL12,GRN,0.193899538185923
CXCL12,RASA3,0.19373150996882
CXCL12,HMMR,-0.19344865
CXCL12,TMED2,0.193403614039073
CXCL12,CD44,0.193255061945075
CXCL12,AKAP13,0.193234937626323
CXCL12,LARP4,-0.192868724977924
CXCL12,PERP,0.192826427125143
CXCL12,ATP6V0A1,0.192672015594929
CXCL12,AKIRIN1,0.1923922601888
CXCL12,SQSTM1,0.191843592411589
CXCL12,SEMA5A,0.191764211750886
CXCL12,OPA1,-0.191734806134155
CXCL12,COMMD4,-0.191550594866266
CXCL12,VBP1,-0.19154471102696
CXCL12,STAM2,0.191311958518622
CXCL12,FOLR2,0.191014122865506
CXCL12,LSM5,-0.190957842242558
CXCL12,USP7,-0.190752049878645
CXCL12,COPZ1,0.190747724999999
CXCL12,TBCB,-0.190220997373094
CXCL12,CALU,0.1893280612541
CXCL12,UPF3B,-0.189327267249999
CXCL12,NDC80,-0.18884168875
CXCL12,LRRFIP1,-0.1887008575
CXCL12,GLA,0.188408274999999
CXCL12,ARL2BP,0.187766146991363
CXCL12,CSRNP2,-0.18772728775
CXCL12,SWAP70,0.1875561625
CXCL12,ITCH,0.187201644579286
CXCL12,APPL2,0.186602723754256
CXCL12,NASP,-0.186234489248308
CXCL12,AFG3L2,-0.185820517032255
CXCL12,G3BP1,0.1855532
CXCL12,HRAS,-0.18548938
CXCL12,GRAMD4,-0.185475272990758
CXCL12,RRNAD1,-0.185435904061573
CXCL12,NDUFA8,-0.185413357371777
CXCL12,HBP1,-0.185156971750001
CXCL12,POLR3K,-0.185155925467399
CXCL12,SMARCC1,0.185064881764365
CXCL12,POLR3G,-0.184837466886717
CXCL12,XIAP,0.184718150458237
CXCL12,DNAJA4,0.184597651034097
CXCL12,SOS2,0.184439419186159
CXCL12,FERMT2,0.183931638486699
CXCL12,MAT2A,0.183868
CXCL12,RIPK1,0.183853650116542
CXCL12,MBTPS2,0.183403519673693
CXCL12,VIPAS39,-0.183341470770663
CXCL12,ZNF106,0.183192116933199
CXCL12,HDDC2,-0.18317135375
CXCL12,DVL3,0.183008611820815
CXCL12,YTHDF3,-0.1826558105
CXCL12,TPM4,0.1825943875
CXCL12,BLVRA,-0.18258367923951
CXCL12,CDK19,0.1825694375
CXCL12,RNF138,-0.181945275672688
CXCL12,CRISPLD2,0.181601598131408
CXCL12,MYO1E,0.181401301683169
CXCL12,YPEL5,0.181284768275496
CXCL12,FECH,-0.181242463909157
CXCL12,PLA2G4C,0.180994177502698
CXCL12,SCFD1,-0.1808420595646
CXCL12,GOLGA4,0.180793429590632
CXCL12,ATP8B1,-0.18060030965605
CXCL12,SNX13,0.180356770533768
CXCL12,ZNF160,0.179553384707824
CXCL12,CDK13,-0.179526719854182
CXCL12,PIGB,-0.178919882399813
CXCL12,IFT81,-0.1788517125
CXCL12,KLF4,-0.17800343
CXCL12,ZSWIM1,-0.177891352781145
CXCL12,MED22,-0.177824297750002
CXCL12,MAP7D3,0.177495513224502
CXCL12,SCN1B,0.177347857655444
CXCL12,RPS6KB1,0.177272245281685
CXCL12,SMIM8,-0.177127687600666
CXCL12,MAFF,0.176940617701419
CXCL12,SLC2A1,0.176757483015392
CXCL12,TIA1,-0.176611240877413
CXCL12,DLK2,0.175841966819064
CXCL12,TBC1D31,-0.1757705235
CXCL12,SETD6,0.175644975
CXCL12,ZNF200,-0.175604794887696
CXCL12,SLC39A8,0.17558123375
CXCL12,UBXN2B,-0.175479579155917
CXCL12,TIPARP,0.1753637
CXCL12,MTX1,-0.175320511440404
CXCL12,SEMA6A,0.175274342147164
CXCL12,CSRP1,0.175214790398883
CXCL12,COQ2,-0.175063071124627
CXCL12,MAP3K1,0.174910506628757
CXCL12,NOC2L,-0.174899421014413
CXCL12,CNDP2,-0.174835870536278
CXCL12,ZNF22,0.174414340865309
CXCL12,ZBTB44,-0.174301449102892
CXCL12,HSD17B11,-0.174277025982018
CXCL12,NOL11,-0.174189234179046
CXCL12,RNASET2,-0.174183187738533
CXCL12,SPHK1,0.173882310843745
CXCL12,MCPH1,0.1735825860976
CXCL12,ZNF322,-0.173536093155629
CXCL12,EVI5,0.173104295
CXCL12,STK3,-0.172697773553962
CXCL12,TRIM28,-0.172394736294158
CXCL12,EFHD2,0.1721559
CXCL12,ZNF451,-0.171981145
CXCL12,CETN3,-0.1719796583243
CXCL12,MTRF1,-0.171701484988114
CXCL12,ZDHHC17,-0.171560039807927
CXCL12,CEP41,-0.17152562575735
CXCL12,AKR1B1,0.171449315712246
CXCL12,GMEB1,0.171435322435742
CXCL12,TRAPPC8,-0.171345253254394
CXCL12,CRIP1,-0.171271427149829
CXCL12,SUCLG1,-0.171259430596727
CXCL12,DNAAF2,-0.1712010505
CXCL12,NECAP1,0.171036720858025
CXCL12,TNPO2,-0.170960365
CXCL12,ERH,-0.170953514383063
CXCL12,HBEGF,-0.170934200045702
CXCL12,HERPUD1,-0.1709252
CXCL12,APAF1,-0.170730301513955
CXCL12,NFKBIB,-0.17066300494119
CXCL12,PIN4,-0.170540786224231
CXCL12,JAG2,-0.170489299999999
CXCL12,C12orf29,-0.170473749057283
CXCL12,NDUFB3,-0.170393050726247
CXCL12,PIP4K2C,0.17033204687392
CXCL12,RABEPK,-0.170263157247625
CXCL12,ZNF701,0.169897103330792
CXCL12,AMMECR1,0.16963785695142
CXCL12,MAP7D1,0.169450775000001
CXCL12,TRIM32,0.169384053295003
CXCL12,UPP1,0.1693252125
CXCL12,GTF2F2,-0.169185281039523
CXCL12,RRAS,0.16900775
CXCL12,PIK3C3,-0.168246113237294
CXCL12,CREB1,-0.168240739931408
CXCL12,MRPS7,-0.168223103827641
CXCL12,UPF2,-0.16820130353003
CXCL12,MCF2L,-0.168174775000001
CXCL12,RASA1,-0.168122455364337
CXCL12,ZFYVE16,-0.167683431161673
CXCL12,GNA11,0.167658093057446
CXCL12,PEA15,0.1675883925
CXCL12,ACTB,0.167581324417114
CXCL12,NPAT,-0.1674180625
CXCL12,TFCP2,-0.167144842306968
CXCL12,SRSF3,-0.167057670399872
CXCL12,EXOC5,0.166831669200978
CXCL12,DBR1,-0.166768524376733
CXCL12,CRYZ,-0.166637070052706
CXCL12,GOLGA7,-0.1664428755
CXCL12,ROGDI,-0.165610964301669
CXCL12,PFKFB2,0.165530883605729
CXCL12,METTL5,-0.165467584568859
CXCL12,PIK3C2B,0.165349040141357
CXCL12,ZNF767P,-0.1653352315
CXCL12,SLC16A4,0.165288580092844
CXCL12,PSPC1,-0.165220940252552
CXCL12,GABPB1,0.16511117
CXCL12,LANCL1,-0.165055158358187
CXCL12,PREP,0.165006868176291
CXCL12,UBE2G2,-0.16488379625
CXCL12,YWHAZ,0.164765935773321
CXCL12,MRPL40,-0.164571764576505
CXCL12,RIT1,-0.1643160625
CXCL12,MPC2,-0.164252024999999
CXCL12,ACTA2,0.164248576140468
CXCL12,ABI2,-0.164230275
CXCL12,WNK1,0.164054371903109
CXCL12,DOLPP1,-0.163858891817489
GCSF,CTSL,0.856638294706801
GCSF,GPR137B,0.691612113538453
GCSF,GLUL,0.482763360694337
GCSF,CD59,0.444872873382396
GCSF,PFKFB3,0.4412002352394
GCSF,ADAM9,0.375111783006361
GCSF,CTSV,0.35813768705579
GCSF,DUSP3,0.345004345254659
GCSF,PLPP3,0.34433895911865
GCSF,EMP1,0.343810695677691
GCSF,WDFY3,0.332036694582142
GCSF,PAPSS2,0.319575040656048
GCSF,UGCG,0.304478801007625
GCSF,DSE,0.301652429889403
GCSF,DDAH2,0.299637370537739
GCSF,PLSCR1,0.287262620581988
GCSF,ENC1,0.281578277482979
GCSF,FLOT1,0.280507674740232
GCSF,TPM4,0.275051092687869
GCSF,ADK,-0.272925700842025
GCSF,NAMPT,0.272373709857952
GCSF,ARHGAP26,0.266626207503789
GCSF,CD63,0.265471691082702
GCSF,PLXNC1,0.264068616531889
GCSF,B3GNT2,0.25896207986495
GCSF,ACSL1,0.254859917643445
GCSF,BCAT1,0.25222994851894
GCSF,PLIN3,0.24293401098289
GCSF,VWA5A,0.24244368245194
GCSF,STAT1,-0.238616867905991
GCSF,TIMP1,0.238211821708699
GCSF,CEMIP,0.237390550038165
GCSF,CTSB,0.235459428281474
GCSF,SNX24,0.23479099849542
GCSF,MPP5,0.232651765073821
GCSF,KLF10,0.228777022581299
GCSF,LHFPL2,0.223818080736265
GCSF,PHACTR1,0.22362854491049
GCSF,RNF141,0.216889486775556
GCSF,EGR2,-0.216083024787231
GCSF,GLA,0.21397146943821
GCSF,FXN,-0.210937275069099
GCSF,RGL1,0.2093234222432
GCSF,G0S2,0.209174448206586
GCSF,CD47,0.204345405460947
GCSF,NR2C2,0.20086637801039
GCSF,FANCL,-0.200837892535609
GCSF,NDC80,-0.200115015526191
GCSF,CCDC88A,0.197588985056322
GCSF,ITGA7,0.197432144249642
GCSF,ABCA1,0.197161342467932
GCSF,SPHK1,0.196662950298909
GCSF,HMGN3,-0.1963495446844
GCSF,MBOAT7,0.195073712424413
GCSF,SLC11A2,0.193852443063024
GCSF,ACTN1,0.19297420740244
GCSF,ATP6V1D,0.192968369599703
GCSF,NRIP3,0.19090117973441
GCSF,PTBP3,0.189801531933454
GCSF,TWF1,0.189413357290988
GCSF,GRINA,0.189233628912879
GCSF,IER3,0.186169736901901
GCSF,FLNB,0.182864514256472
GCSF,COLGALT1,0.181751173797309
GCSF,TTC27,-0.181208090928131
GCSF,SERPINI1,-0.181023656003104
GCSF,B4GALT5,0.17879287376528
GCSF,CTNNA1,0.178225245480413
GCSF,SRPRB,-0.178188990441301
GCSF,UCP2,0.178147275845444
GCSF,ACTL6A,-0.17660065143369
GCSF,SLC16A1,-0.176029484027847
GCSF,TARBP1,-0.17557840944057
GCSF,UBE2J1,0.17484399522709
GCSF,GOLIM4,0.174751525582471
GCSF,ACOT13,0.174461050097074
GCSF,APEX1,-0.174434851729801
GCSF,CBR1,-0.173920669666044
GCSF,FCGRT,0.173541080096301
GCSF,MRPL52,-0.172137062459335
GCSF,GAS6,0.171666216569462
GCSF,XYLT1,-0.171651046166661
GCSF,FAM110B,0.17095152758637
GCSF,SPIN1,0.169965664000549
GCSF,GADD45B,0.169019808645901
GCSF,STARD13,0.168586931727956
GCSF,CDC14A,-0.16831757830102
GCSF,DDX3X,0.167430185899979
GCSF,PCYOX1L,-0.16605925653028
GCSF,SMYD3,-0.164594998245261
GCSF,DDB2,-0.164513465791515
GCSF,TBC1D2,0.164115141910449
GCSF,TMCO3,0.164054806906628
GCSF,BACH1,0.163792894453452
GCSF,TUBA1A,0.163738474540901
GCSF,RBMS1,0.163327826500357
GCSF,CHSY1,0.162821848776121
GCSF,CYB5R4,0.162591863527825
GCSF,STX3,0.161813775433172
GCSF,DCTN4,0.160442535303599
GCSF,NABP1,0.159394462165735
GCSF,COA4,-0.158635015904211
GCSF,RPS11,-0.157765814530291
GCSF,MPP1,0.15746429978013
GCSF,ZEB2,0.157413472214128
GCSF,PXDC1,0.156520050320061
GCSF,SOCS3,0.15640435464827
GCSF,IL1R1,0.156116010891255
GCSF,SCYL2,0.156006699085225
GCSF,MRPS28,-0.155893712506496
GCSF,SERPINF1,-0.15577677880873
GCSF,FCER1G,0.1557689697025
GCSF,MAP3K7CL,-0.155264785020719
GCSF,HIP1,0.154886287644821
GCSF,FKBP1B,0.154848541461015
GCSF,TPD52L2,0.154800625854691
GCSF,MTHFD2L,-0.154569068832501
GCSF,CYP1B1,0.154352315362699
GCSF,RNASEL,0.153512751976051
GCSF,MRPL3,-0.153149427697899
GCSF,TIPARP,-0.15266405747724
GCSF,MTHFD1,-0.15223501239272
GCSF,SUPV3L1,-0.151539426380242
GCSF,NPC1,0.151306260229746
GCSF,FERMT2,0.15074313613244
GCSF,CHST7,-0.150463811549209
GCSF,AP3M2,-0.150026841081202
GCSF,DHX57,-0.149915109322679
GCSF,BCOR,-0.149579270569525
GCSF,FAM114A1,0.1492735493168
GCSF,BZW2,-0.148813948214562
GCSF,RCN1,-0.1485843395681
GCSF,NT5DC2,0.14778432628093
GCSF,ECHDC2,-0.147536904622809
GCSF,IDH1,0.1467599519184
GCSF,PAICS,-0.146638934846418
GCSF,NFAT5,0.146629948658264
GCSF,LMF1,-0.14648668081304
GCSF,MFSD12,-0.146430418037776
GCSF,PFN2,-0.146302965914712
GCSF,GSPT2,-0.146209788006484
GCSF,PTGER2,0.14596140695848
GCSF,RPL38,-0.145917723744899
GCSF,NUDT15,-0.14564687391436
GCSF,TDP2,0.145429463259949
GCSF,LRP12,0.145388981238061
GCSF,PDCD2,-0.144995759332526
GCSF,ENTPD7,0.144934236426805
GCSF,PLA2G15,0.144092035327546
GCSF,NEU1,0.143839056720079
GCSF,ALG8,-0.143788804937094
GCSF,C1QBP,-0.143542332589409
GCSF,PPM1F,-0.142985414948706
GCSF,NAT10,-0.142774228077709
GCSF,PRR14L,0.142658568001029
GCSF,NUFIP1,-0.142289898047488
GCSF,MKNK1,0.141640594765141
GCSF,NTAN1,0.141410117684289
GCSF,DOK3,0.141118508625779
GCSF,YEATS4,-0.141098271343029
GCSF,MTMR11,-0.14103183814218
GCSF,PCSK5,-0.140612715124784
GCSF,ZFR,0.140049786335619
GCSF,DUSP1,0.140045375527075
GCSF,DEPDC1,0.1397079864684
GCSF,NRAS,0.139425401275201
GCSF,RRP15,-0.139290301727011
GCSF,SRM,-0.139269170590001
GCSF,OSBPL11,0.13864163267482
GCSF,SLC25A24,0.138159827672181
GCSF,CCNB2,0.13750596982181
GCSF,CD44,0.137100923280373
GCSF,APPL2,0.136126949786647
GCSF,DMXL2,0.135991046484241
GCSF,NKTR,-0.135903871196208
GCSF,NDC1,-0.135713315298291
GCSF,IFITM3,0.135652239619901
GCSF,PLEKHF2,0.1350395080289
GCSF,TUBA1C,0.134582982829201
GCSF,HSPBAP1,-0.134547456275725
GCSF,STAT5B,0.1339214360047
GCSF,CLIC4,0.133729971469792
GCSF,PXN,0.133100654308361
GCSF,ETAA1,-0.13300325165503
GCSF,RAPGEF2,0.132806100980314
GCSF,MAP3K14,-0.132531393082011
GCSF,GDE1,0.13191567471231
GCSF,PTPN11,0.131754852123001
GCSF,PSMG1,-0.131612684498694
GCSF,STARD7,-0.131542222689399
GCSF,IL10RB,0.131354260983499
GCSF,OFD1,-0.131187861126575
GCSF,TPST2,0.130698277413099
GCSF,ANKH,-0.129991120129949
GCSF,SRD5A1,-0.129825830490241
GCSF,SDF2L1,0.129788085144766
GCSF,GTF3A,-0.129679805693998
GCSF,LIG1,-0.12933633247016
GCSF,CYB5A,-0.129175133327433
GCSF,CLNS1A,-0.12903766844213
GCSF,SP4,0.129035811339536
GCSF,C17orf75,-0.12902458013456
GCSF,RB1,0.128841853065291
GCSF,SLC31A1,0.12883754417709
GCSF,VAMP4,0.128293079433591
GCSF,ITGB3BP,-0.128263089151495
GCSF,USB1,0.128009504538769
GCSF,RIT1,0.127643875340836
GCSF,TUBG2,-0.127590570186319
GCSF,ZNF468,-0.12739351686557
GCSF,CRELD2,0.127381389543094
GCSF,MCOLN1,0.12730031900553
GCSF,KRIT1,-0.12708190780894
GCSF,SRI,-0.126765023128745
GCSF,STX7,0.126569714550468
GCSF,KLF13,0.126509190811274
GCSF,NECAB3,-0.126506960460469
GCSF,AIMP2,-0.126324128425081
GCSF,RUFY3,-0.126064687176852
GCSF,GATM,-0.12604732887539
GCSF,NDUFAF4,-0.125954999520339
GCSF,ADORA2B,0.12591436417707
GCSF,COX10,-0.125851686279885
GCSF,LUC7L3,-0.125728608502044
GCSF,HMGB3,0.125673285044522
GCSF,ADAM19,0.124834896506841
GCSF,SLC6A8,0.124659897967119
GCSF,SECISBP2,-0.12437393768226
GCSF,SLC35F2,-0.124252936587903
GCSF,MAK16,-0.124166269528
GCSF,SLC25A37,0.124134634560385
GCSF,IGFBP4,0.124128257044459
GCSF,CEBPD,0.123895732794174
GCSF,JUNB,0.123780848769094
GCSF,FOLR2,0.123632687754205
GCSF,LRRC8D,-0.12332245255335
GCSF,EPAS1,0.122523280007905
GCSF,CDK2,0.122513479187015
GCSF,PRDX4,-0.122361742099531
GCSF,ASNS,-0.12231277027772
GCSF,IRF1,-0.122302401548602
GCSF,NUP58,0.122285299246341
GCSF,EEF1D,-0.12202754839787
GCSF,MRS2,-0.121974408450403
GCSF,SOX12,-0.121881181269531
GCSF,KIF1B,0.121672387706005
GCSF,MYBBP1A,-0.12163519389452
GCSF,VAT1,0.121601410072849
GCSF,DHPS,-0.121507124905461
GCSF,RFX5,-0.12099907694555
GCSF,SACS,-0.12092604549363
GCSF,GNAI3,0.12031349130261
GCSF,ALCAM,-0.120137847144322
GCSF,SEC23B,0.11992433791051
GCSF,PKIA,-0.11976502096172
GCSF,UTRN,-0.119764586677187
GCSF,MVP,0.119512578516909
GCSF,ASB13,-0.119210769764599
GCSF,SCP2,-0.119049377428627
GCSF,IFNGR1,0.118969715297593
GCSF,ARHGEF9,-0.118907475380864
GCSF,ZMYM5,0.11888784288858
GCSF,MCCC1,-0.11885966875929
GCSF,CD3EAP,-0.118719218304536
GCSF,SERPINB1,0.118622475014574
GCSF,FKBP14,-0.118594151196889
GCSF,FASTKD2,-0.118319726997235
GCSF,BOLA1,-0.118309701754775
GCSF,TUBA1B,0.118183881674501
GCSF,LHPP,-0.118022653420571
GCSF,DUSP5,-0.118006120372633
GCSF,PPP1R12A,0.117718762215234
GCSF,THOC7,-0.117498986249748
GCSF,SMARCD3,0.117412134603775
GCSF,ADAM10,0.117064418643839
GCSF,BCS1L,-0.117046271875889
GCSF,ATP6V1C1,0.117012260506307
GCSF,MT2A,-0.116831956504166
GCSF,LYRM4,-0.116530629223726
GCSF,JUN,0.116457434230964
GCSF,PEMT,-0.116409277807589
GCSF,MAGOHB,-0.116053536436889
GCSF,ABAT,-0.11596350310423
GCSF,SWAP70,0.115772038288869
GCSF,AKR1C3,-0.115490582073142
GCSF,NSMCE4A,-0.115469966232618
GCSF,ADA,-0.115035969735405
GCSF,NUCB1,0.11484692140982
GCSF,GPR107,0.114676328733436
GCSF,PLA2G4C,-0.114480210438335
GCSF,LAMA3,0.114399128505139
GCSF,DECR1,-0.114273297445159
GCSF,VPS13A,-0.11422514971667
GCSF,ATF2,0.113999147854893
GCSF,FKBP9,-0.11398663528014
GCSF,CRTAP,-0.11338411499317
GCSF,POLR1D,-0.113381076047618
GCSF,WBP2,0.113288341860341
GCSF,MCCC2,-0.113250072671044
GCSF,PALLD,-0.112784818845239
GCSF,KANK2,0.112532307027413
GCSF,DNASE2,0.11244242279888
GCSF,UROS,-0.11240432255896
GCSF,SMURF1,0.1122805090597
GCSF,AGL,-0.112203028054055
GCSF,AKAP12,-0.112149791267901
GCSF,ABHD17B,0.112046164843175
GCSF,ATP6V0D1,0.1118832837005
GCSF,VEGFA,0.111768414240388
GCSF,GDAP2,0.111591969954507
GCSF,MTERF3,-0.111326664578728
GCSF,CERS2,0.111259050555787
GCSF,WDR46,-0.11107129047792
GCSF,DCPS,-0.110788816362982
GCSF,PRKX,-0.110746934014225
GCSF,MRPL40,-0.110734526669532
GCSF,SASH1,-0.110715458439132
GCSF,FAN1,-0.11069021661651
GCSF,ECHS1,-0.110486219015311
GCSF,IQGAP1,0.11045246293065
GCSF,DFFB,-0.110383266436981
GCSF,ACAT1,-0.110325015827842
GCSF,MT1X,-0.110302236815775
GCSF,MFHAS1,0.11025456145671
GCSF,PARK7,-0.110218045914099
GCSF,WSB1,0.109922645219509
GCSF,ISOC1,-0.109288627890304
GCSF,BCCIP,-0.10911539285962
GCSF,C2orf49,0.108879000296991
GCSF,SLC39A1,0.10880081322691
GCSF,TUBB2A,0.108787498398271
GCSF,PHKA1,0.108762012354021
GCSF,STAG2,0.10871948771502
GCSF,TFB2M,-0.108714226473915
GCSF,FAM111A,-0.108617172051128
GCSF,HEXB,0.108593486202401
GCSF,FJX1,0.1084515044446
GCSF,CTSA,0.108053464473
GCSF,TFE3,0.108004958461073
GCSF,TSPAN4,-0.107685353722065
GCSF,KIF3B,0.107684272062182
GCSF,STAT2,0.107609479550659
GCSF,ARMCX2,-0.10760231413306
GCSF,SRSF6,-0.107433306720674
GCSF,KLHL12,0.107303551337629
GCSF,BLVRA,0.107149286858176
GCSF,IFNAR1,0.107035725188134
GCSF,VAMP3,0.10703377510954
GCSF,COX5A,-0.1070088142863
GCSF,NIT2,-0.10697016132516
GCSF,STK39,-0.10686110683525
GCSF,ZNF14,-0.106731022968079
GCSF,ZNF202,-0.106304060954614
GCSF,AKAP9,-0.106267275552034
GCSF,ANKRA2,-0.106209434456426
GCSF,USP5,-0.10604351556751
GCSF,TLN1,0.105919040302005
GCSF,FAIM,-0.105904375892342
GCSF,TRAP1,-0.105816303521439
GCSF,GNA13,0.105571768584951
GCSF,GOLGA2,0.10550406952381
GCSF,ECE1,0.105346369314571
GCSF,IMPDH2,-0.105124345890879
GCSF,GOT2,-0.104996018375528
GCSF,FAM214B,0.104836747658124
GCSF,TFB1M,-0.104823339282241
GCSF,ZNF83,-0.104644323906359
GCSF,PNMA1,0.104590044733762
GCSF,PNN,-0.104473963475661
GCSF,BID,-0.104472103848007
GCSF,EHD3,-0.104301212876829
GCSF,CPPED1,-0.104255344711624
GCSF,WASF1,0.1042027050242
GCSF,SSR3,-0.103889764566571
GCSF,SEC61A2,0.103870533450979
GCSF,MPHOSPH6,-0.103819598422071
GCSF,SLC44A1,-0.103661161015304
GCSF,TLK1,0.10353689666329
GCSF,HSD17B10,-0.10335251543971
GCSF,LTA4H,-0.103344730619952
GCSF,MICAL3,-0.103262441289959
GCSF,PLCB3,0.103220680948044
GCSF,RPL27A,-0.10320519732108
GCSF,MAPK7,0.103199661497948
GCSF,RCAN1,0.10313895704177
GCSF,TBC1D31,-0.103116888230209
GCSF,EIF3M,-0.102972560236665
GCSF,N4BP2L2,-0.102920507814566
GCSF,MRPS15,-0.10282170664267
GCSF,GSN,-0.102639753788612
GCSF,RAPGEF6,-0.102591723449349
GCSF,BRIX1,-0.102526827807651
GCSF,MPHOSPH9,-0.10251840145318
GCSF,HK2,-0.102489210525397
GCSF,NT5C2,0.102484328255913
GCSF,SOBP,0.102420233116265
GCSF,SETD2,-0.10241307875188
GCSF,CBL,0.102393117952655
GCSF,ARMT1,0.102391653399166
GCSF,MRPL15,-0.102302430747959
GCSF,CBLL1,-0.102223415295518
GCSF,PIGK,-0.102197146412752
GCSF,ELP3,-0.10218681673981
GCSF,RPS14,0.10215198783804
GCSF,RANBP6,-0.101847515491451
GCSF,NDUFA10,-0.101802160636601
GCSF,SNRPE,-0.101640059296101
GCSF,SSBP3,0.101622993188209
GCSF,GPX4,-0.101534353177049
GCSF,SRSF11,-0.101472201141824
GCSF,NETO2,-0.101249809266575
GCSF,GSTP1,-0.10086260888793
GCSF,APH1B,0.10065597852886
GCSF,PIEZO1,-0.100617939021925
GCSF,GTPBP4,-0.10059216010618
GCSF,PCOLCE,-0.1005842417127
GCSF,SEPHS2,0.100405884440001
GCSF,ZPR1,-0.100400826116394
GCSF,EXO5,-0.10022775420006
GCSF,ELP5,-0.100209775086172
GCSF,BTAF1,-0.100130515797906
GCSF,DPH2,-0.10004322428536
GCSF,MT1F,-0.0999612953536521
GCSF,ZFP30,-0.0999491389264601
GCSF,DNAJA3,-0.0998740100723303
GCSF,APAF1,0.0997245131493591
GCSF,COQ3,-0.0996844855238947
GCSF,ACVR1B,0.0996608196430242
GCSF,LTBP3,-0.0996300914761096
GCSF,EPOR,0.0995916234045299
GCSF,ZNF302,-0.0995887464836204
GCSF,ABCE1,-0.0994922163564879
GCSF,SCAF4,-0.0993505531181964
GCSF,NID1,-0.0993315300147772
GCSF,MRPL24,-0.0993011729596502
GCSF,GBP2,-0.0992949263035614
GCSF,DPYSL4,0.0992496257090906
GCSF,PRPF3,-0.0990680432960156
GCSF,CKS2,-0.0988623842127047
GCSF,TRIAP1,-0.0988434028937987
GCSF,NAP1L3,-0.0988139743204463
GCSF,CKS1B,-0.0988022717857903
GCSF,GLRX5,-0.0987877834013595
GCSF,GPATCH2L,-0.0986141144441301
GCSF,PLEKHM2,0.0986079446310013
GCSF,CAPRIN2,-0.0984277010512215
GCSF,PPA1,-0.0983943402027147
GCSF,ECSIT,-0.0983855155456296
GCSF,MED31,-0.0983823684555034
GCSF,SEH1L,-0.0983049497930395
GCSF,MBNL2,0.0981879645599557
GCSF,TUBGCP2,0.0980726622712655
GCSF,FAH,-0.0980715302537884
GCSF,IL13RA1,-0.0980616547430521
GCSF,ALDH2,-0.0979787762704402
GCSF,TMEM53,-0.0979692208526095
GCSF,GAMT,-0.0978134378610402
GCSF,AGO4,0.0977291368820001
GCSF,ZFAND5,0.097722313548199
GCSF,GOLPH3L,-0.0977175538085006
GCSF,LITAF,0.0975147358414467
GCSF,TMEM123,-0.0974064453672483
GCSF,LSM4,-0.0972628718542889
GCSF,DPH5,-0.0972157688472026
GCSF,DNMT3A,0.0970490105828059
GCSF,MBTD1,0.0969626931143103
GCSF,C1orf109,-0.096839651875789
GCSF,SPCS1,-0.0965310247149498
GCSF,QKI,0.0964368291593302
GCSF,RAB11FIP5,-0.0964173390431595
GCSF,FAR2,0.09641671436236
GCSF,CTSO,-0.0963627246993823
GCSF,LETMD1,-0.0963299619867594
GCSF,PLP2,0.0963114634938993
GCSF,CDKN2AIP,-0.0962021900745853
GCSF,NSA2,-0.0961221647320993
GCSF,OXSM,-0.0960677201289641
GCSF,CANT1,0.0960373283969797
GCSF,HHAT,-0.0959546809967562
GCSF,NUP43,-0.0958681705506805
GCSF,REXO2,-0.0958435130047998
GCSF,DCXR,-0.0957604350096872
GCSF,AGGF1,0.0955056042519402
GCSF,NOP16,-0.0954649257508073
GCSF,ECI2,-0.0953909229936784
GCSF,UPF1,0.0953703187467454
GCSF,LSG1,-0.0952437411220144
GCSF,EDN1,0.0951144287593397
GCSF,TRIT1,-0.094912044405139
GCSF,RUVBL1,-0.0948255859156086
GCSF,SLC4A2,0.0947912217388387
GCSF,ACADM,-0.0947473225721742
GCSF,SCRN1,-0.0947350300854146
GCSF,REPIN1,-0.0945881636052705
GCSF,GGPS1,-0.094539982039655
GCSF,EVI5,0.0945003933802501
GCSF,PDE4A,0.094318037565896
GCSF,SKP2,-0.0942119760654698
GCSF,MCTS1,-0.0941225290305318
GCSF,JRKL,-0.0941040445508294
BMP2,GADD45B,0.837169695865271
BMP2,ID3,0.812505226974301
BMP2,KCTD12,0.710195214174626
BMP2,NAV2,0.69554154862157
BMP2,PSAT1,-0.667199006792909
BMP2,SMAD9,0.612545120206209
BMP2,ATP1B1,0.590669561448564
BMP2,FBXL2,0.587271045301135
BMP2,TPST1,0.535626679821469
BMP2,NFKBIA,0.481816935483557
BMP2,FBLN5,0.46268936246817
BMP2,PLXNA2,0.462582755071615
BMP2,STK38L,0.443135295240241
BMP2,TWSG1,0.440324480601589
BMP2,NAP1L3,0.43903381030921
BMP2,GPX7,0.429442680678334
BMP2,NETO2,-0.406844998915108
BMP2,TIPARP,0.40618929103185
BMP2,LBH,0.405442229677572
BMP2,EOGT,0.40211016561398
BMP2,HMGA1,-0.396099617635187
BMP2,GADD45A,0.391035477641106
BMP2,STX7,0.385046724344888
BMP2,MRAS,0.374243196876522
BMP2,GSN,0.372556748842383
BMP2,ENC1,0.372264295143692
BMP2,MAP3K5,0.368480485885255
BMP2,SHMT2,-0.361824684876054
BMP2,ANGPTL2,0.350951339174639
BMP2,IL13RA1,0.34915142614282
BMP2,IFNGR1,0.346009094056116
BMP2,TNFSF4,0.344379160158041
BMP2,BIRC2,0.343926891010421
BMP2,APPL2,0.336407881436908
BMP2,DUSP1,0.33460324962818
BMP2,SOX4,0.33079
BMP2,XPOT,-0.33019887698461
BMP2,ENO2,-0.330032723250401
BMP2,EFEMP2,0.329722313379566
BMP2,IFI6,0.328405324593922
BMP2,CDK19,0.325423047145021
BMP2,GEM,0.323521207304109
BMP2,TGIF1,-0.323402597262568
BMP2,IVNS1ABP,0.32325296029348
BMP2,AKAP12,0.321709282308809
BMP2,GPD1L,0.316903156262731
BMP2,RXRA,0.31534683373464
BMP2,ZWINT,-0.314301340764713
BMP2,ARMCX3,0.312278200236658
BMP2,MBNL2,0.311951138650838
BMP2,MTHFD2,-0.311369762375081
BMP2,TRIB3,-0.311339292716522
BMP2,SPAG5,-0.30979982427149
BMP2,ABAT,0.30353934646635
BMP2,STK39,0.301543812012572
BMP2,SAC3D1,-0.301161800579856
BMP2,FOXO1,0.299476723052334
BMP2,GPR137B,0.29815055084582
BMP2,DIXDC1,0.296878304518005
BMP2,EPAS1,0.296436309515103
BMP2,ANKRD6,0.296329691592885
BMP2,PHLDA1,-0.295931153247464
BMP2,DUSP5,-0.291856524066019
BMP2,KIF4A,-0.2916337056535
BMP2,SOS2,0.290430639094589
BMP2,ZEB2,0.290146375737589
BMP2,PDGFA,-0.289332404830248
BMP2,DUSP4,0.289175780605968
BMP2,BACE1,0.287987629650718
BMP2,MAP3K2,0.280741633073077
BMP2,RRAS,0.277961234860268
BMP2,SLC38A4,0.27660399255665
BMP2,IL1R1,0.276461479752145
BMP2,SCARB2,0.275835623968749
BMP2,DYNC1I2,0.274926086718301
BMP2,JUNB,0.274414040293749
BMP2,ARL4A,0.27329452659119
BMP2,PCYOX1,0.273131175352691
BMP2,TP53I3,0.272769417188778
BMP2,FAIM,0.272544703845162
BMP2,SLC7A6,0.271112554411014
BMP2,TANK,0.270922398703751
BMP2,MAP4K3,0.270728014762688
BMP2,FERMT2,0.270703891320302
BMP2,IL6ST,0.2694785698662
BMP2,TCEAL1,0.267343451812709
BMP2,RGS2,0.266308244838921
BMP2,ZMIZ1,0.26573863598144
BMP2,SMARCD3,0.26546852990445
BMP2,MBD4,0.264624391769978
BMP2,GALNT7,0.263482034564175
BMP2,SSBP2,0.263304355783826
BMP2,SAT1,0.261445269603572
BMP2,UAP1,0.2611340974154
BMP2,AEN,-0.26091039354142
BMP2,CRLF1,0.259287193260342
BMP2,NFE2L2,0.258996775339059
BMP2,SEH1L,-0.258862856619828
BMP2,CMPK1,0.25834826079176
BMP2,GAPDH,-0.257991011508601
BMP2,FAM216A,-0.25646173735966
BMP2,TMEM168,0.255486835742132
BMP2,NNT,0.254443125642697
BMP2,AGL,0.25299084431042
BMP2,ITM2B,0.251695061817777
BMP2,TPI1,-0.250535716335401
BMP2,AHNAK2,-0.248535782254779
BMP2,ADAM10,0.247994470565638
BMP2,ARHGAP5,0.24742873891409
BMP2,PDLIM5,0.246867468131114
BMP2,TAF13,0.2445830208669
BMP2,NSMCE4A,-0.244416403609143
BMP2,PIK3R1,0.244355863208934
BMP2,RGL1,0.24416140193693
BMP2,SMPD1,0.24216363326996
BMP2,BTD,0.241507192611515
BMP2,CBFB,0.24139748606048
BMP2,LRRC8D,-0.241132050286831
BMP2,FJX1,-0.2410663436935
BMP2,YAF2,0.240340886702446
BMP2,BBS10,0.240271825289357
BMP2,SAV1,0.239168685958788
BMP2,TNC,0.239016352028145
BMP2,PDE6D,-0.238825411667978
BMP2,ATP8B1,-0.238766260753842
BMP2,CKS2,-0.237277286232091
BMP2,FYN,0.237015697699671
BMP2,PARP8,-0.235003647577488
BMP2,PLCE1,0.233960929113919
BMP2,ABCC4,0.232691092093312
BMP2,STAT2,0.232063302499723
BMP2,GYS1,0.231763349930072
BMP2,MYCBP2,0.228665448931301
BMP2,LRRC1,0.228660037541002
BMP2,GALNT11,0.228648760038398
BMP2,RMI1,-0.228119717193258
BMP2,BCOR,0.22783915548874
BMP2,SCRG1,0.22650852980868
BMP2,UFL1,0.22635747402814
BMP2,KCTD20,0.225807854447103
BMP2,CSGALNACT2,0.225706125042729
BMP2,TPM4,0.225655166892452
BMP2,TMEM135,0.225593947372494
BMP2,HACD1,0.225546594509596
BMP2,PON2,0.225091246671161
BMP2,SCAF11,0.224753908775005
BMP2,GSE1,0.223994399502723
BMP2,HMGCS1,0.223940820450108
BMP2,LAMTOR3,0.22256834929015
BMP2,MPZL1,0.222503539264855
BMP2,BDH2,0.22224193037616
BMP2,DIMT1,0.222076056101541
BMP2,EHD1,0.219997288752309
BMP2,CLK4,0.219362936316475
BMP2,LIN7B,0.218964430261182
BMP2,CTNNAL1,-0.218559044337145
BMP2,MN1,0.218481864926122
BMP2,CHMP2B,0.216757126878404
BMP2,TMEM45A,0.216148985893001
BMP2,FOSL1,-0.215568187382531
BMP2,MEPCE,-0.215560851567594
BMP2,TOMM40,-0.215272523001211
BMP2,HSPB1,0.215163505705899
BMP2,HAUS2,-0.214547793263965
BMP2,SERTAD2,0.214274690073603
BMP2,NUSAP1,-0.214003496763283
BMP2,VDAC1,-0.213153534821322
BMP2,MPC2,0.211498485746501
BMP2,CRISPLD2,0.210861820786501
BMP2,TPX2,-0.210821643994469
BMP2,RIT1,0.210531857529181
BMP2,MPPE1,0.209614358304929
BMP2,BAZ1A,0.209599692662801
BMP2,MTR,0.20865887088898
BMP2,EDN1,0.208549782468993
BMP2,PEX11B,0.208515290848171
BMP2,TSR1,-0.208323415814149
BMP2,LIG4,0.207191852715289
BMP2,PCYT2,0.207136662098455
BMP2,MYO6,0.206756483374511
BMP2,IRAK4,0.205567270465509
BMP2,SOAT1,0.204899249659141
BMP2,CMAHP,-0.204439955629518
BMP2,STK16,0.204162396186055
BMP2,ACSL1,0.203620000000001
BMP2,TTC37,0.203560919548094
BMP2,GNS,0.203546850510034
BMP2,TOP2A,-0.20343639392033
BMP2,EFNB2,-0.203306393318647
BMP2,EDEM3,0.20308009569421
BMP2,SMARCA1,0.203064842802501
BMP2,EPM2AIP1,0.202958158735854
BMP2,COMMD8,0.202639121943704
BMP2,HMGN3,0.202351125715699
BMP2,PXDC1,0.20213491158086
BMP2,SLC19A2,0.20207844871816
BMP2,TSPAN5,-0.20151955382393
BMP2,PCTP,0.201028587048339
BMP2,DSTN,0.2008868590995
BMP2,RABEP2,0.200761507696829
BMP2,SUPT7L,0.20075166342438
BMP2,NCOA4,0.200739598496599
BMP2,TPM1,0.200167726372646
BMP2,RAB9A,0.199137992942471
BMP2,CDC42EP4,0.19885819364902
BMP2,NOC4L,-0.19835568702739
BMP2,NOCT,-0.197587032650789
BMP2,PDE8A,0.197567894379229
BMP2,ACTL6A,-0.196908439801361
BMP2,TMEM87A,0.196868891804864
BMP2,SNRNP25,-0.196846099498017
BMP2,SLC38A2,0.196422100965597
BMP2,NUDC,-0.1964156924634
BMP2,BMPR2,0.19631151022597
BMP2,KLHL24,0.195478918423239
BMP2,ARHGDIB,0.195460545814711
BMP2,ATP10D,0.195325679378385
BMP2,NMRK1,0.195007365847795
BMP2,UGCG,-0.194389482465871
BMP2,RIOK3,0.1929074876744
BMP2,CPPED1,0.192852782939755
BMP2,CEP112,0.19267685197115
BMP2,PPP1CC,-0.192574199849101
BMP2,KDM7A,0.192417427011485
BMP2,GALNS,0.192022702356393
BMP2,CKS1B,-0.19198808456623
BMP2,HCFC2,0.190951704187791
BMP2,HIP1,0.19076418443957
BMP2,RMDN1,0.190626555531288
BMP2,PIM1,-0.19060929580429
BMP2,RCBTB2,0.190414187361859
BMP2,UBL3,0.190304210732535
BMP2,DEK,-0.19013546605275
BMP2,EZH2,-0.18998498698819
BMP2,TUBA4A,-0.18943438366747
BMP2,PTEN,0.189406222506691
BMP2,TMEM59,0.189150378657798
BMP2,CDK2,-0.18832918931985
BMP2,PRDM2,0.187769388778811
BMP2,RNF146,0.187573766497481
BMP2,SLC16A5,0.187490244237955
BMP2,GLS,0.187146800685138
BMP2,MRPL52,-0.18706185263229
BMP2,ARHGEF17,0.186755403590729
BMP2,EDEM2,0.186713166070001
BMP2,TMEM123,0.18659701798829
BMP2,SF3A2,-0.186255962564339
BMP2,RAP2B,-0.18621722759783
BMP2,SOCS5,-0.1859513295434
BMP2,IPO5,-0.185795878182331
BMP2,EMC9,-0.18488339814243
BMP2,ZNF654,0.184747808066062
BMP2,IER5,-0.184589999999998
BMP2,DEPTOR,0.18452858179102
BMP2,KLHL20,0.184205981734302
BMP2,HACD2,0.183819716587138
BMP2,HELZ,0.183583788813902
BMP2,DDX21,-0.183328236115369
BMP2,SLC1A5,-0.183296215902301
BMP2,KIAA0355,0.182761942500771
BMP2,BPGM,0.18266073622211
BMP2,ERC1,0.18192994014638
BMP2,RHOB,0.181850899681265
BMP2,SNX2,0.181430000000001
BMP2,GDE1,0.180004350245778
BMP2,TM2D1,0.178722238075352
BMP2,SLC20A1,0.178615515233574
BMP2,SAP130,-0.178461168795359
BMP2,ITPR1,0.178224483234268
BMP2,SASH1,0.177766535120046
BMP2,NOL9,-0.177528302024911
BMP2,ALDH2,0.177527999999999
BMP2,RAD23B,-0.177264307356898
BMP2,POP7,-0.177257084614229
BMP2,DLGAP5,-0.17707463924388
BMP2,ZNF322,0.176655543196569
BMP2,ACP6,-0.17592644483798
BMP2,RAD54L,-0.175058197167262
BMP2,PIBF1,0.17495280757471
BMP2,CCDC92,0.1749066627253
BMP2,WEE1,-0.174273860104075
BMP2,OPN3,0.173936684677047
BMP2,ARL4C,-0.173901927634901
BMP2,PKM,-0.173832626127854
BMP2,RBMS1,0.173416502908539
BMP2,ARMC1,-0.173060847224708
BMP2,SLC33A1,0.17295247583492
BMP2,ACP2,0.172653694554962
BMP2,PSD3,-0.172638980873439
BMP2,USP5,-0.172551704770948
BMP2,FAM162A,-0.172549235386438
BMP2,SNRPF,-0.17244127743794
BMP2,KIF18B,-0.17243440930185
BMP2,TMEM41B,0.172280365692965
BMP2,MKNK2,-0.172226036202151
BMP2,RNFT1,0.17197335558462
BMP2,MYL6B,0.171705346837156
BMP2,SCML1,0.171427503772245
BMP2,NAPA,0.171264369658598
BMP2,DDIT3,-0.171009587735131
BMP2,COX5A,-0.170954742071551
BMP2,SGCB,0.170452645373556
BMP2,IER3,-0.170257865093848
BMP2,COPS8,0.170207728446274
BMP2,ADAT1,0.16933985873483
BMP2,SLC25A24,0.169273548066191
BMP2,SMAGP,-0.16899198422656
BMP2,MRPS28,0.1688801393672
BMP2,DCTN6,0.16880224537103
BMP2,NCK1,0.168110950174744
BMP2,SLC38A6,0.167594375884431
BMP2,RNF19B,-0.167334020163705
BMP2,CELSR2,-0.166803020517893
BMP2,VDAC2,-0.166314261306347
BMP2,MIOS,0.166163624290505
BMP2,DNAJB9,0.165899139219464
BMP2,CTNNB1,0.165502710864052
BMP2,PGK1,-0.165337488323249
BMP2,TMEM260,0.165267217548419
BMP2,FTO,0.165190745018175
BMP2,SCPEP1,0.164651550269829
BMP2,DENND4B,-0.164508121611712
BMP2,RNASEL,0.16446013459932
BMP2,ZNF219,-0.16444035135033
BMP2,GPSM2,-0.164372732012352
BMP2,HIVEP1,0.1642641961195
BMP2,CPT1A,-0.164228029941634
BMP2,MAN2B1,0.163565567546729
BMP2,TK1,-0.163428543707719
BMP2,DAZAP2,0.162537000662651
BMP2,THRAP3,-0.16249845264579
BMP2,ITGAV,0.162426641277952
BMP2,CHAC1,-0.161930506670389
BMP2,ATP2C1,0.161867968880452
BMP2,HPS5,0.161727944437692
BMP2,PLA2G4C,0.161022540864975
BMP2,SACS,-0.160898364835765
BMP2,IMPA2,-0.160827176453132
BMP2,ACOX1,0.160321076831935
BMP2,ICE1,-0.159883452437134
BMP2,IFIT2,0.159593431236505
BMP2,MYO19,-0.159584029092295
BMP2,TCOF1,-0.159431088954721
BMP2,EIF2S2,-0.159409915156369
BMP2,SECISBP2L,0.159062551003339
BMP2,MCC,0.159000347470261
BMP2,ATP6V1H,0.158943306910813
BMP2,CDYL,-0.158898668947701
BMP2,DECR1,0.1588678270125
BMP2,SLC6A8,0.158675471937568
BMP2,SLC25A46,0.158658638044881
BMP2,EXOSC8,-0.158184981746182
BMP2,PARP12,-0.158112474160599
BMP2,EIF2B2,0.158059999999999
BMP2,TRPC1,0.157995250550131
BMP2,SUSD6,0.157730000000001
BMP2,MSMO1,0.157692535815601
BMP2,FBXW4,0.157512645618773
BMP2,KAT2B,0.15716101119088
BMP2,PPL,-0.157112569639504
BMP2,COQ10B,0.15698634868543
BMP2,PFKFB3,0.156979364684402
BMP2,SDC4,-0.156895365694311
BMP2,ADPRM,0.156847563893278
BMP2,NIPAL2,0.156809091580215
BMP2,CYBRD1,0.15561429005939
BMP2,ATP2B4,0.155473708273932
BMP2,EMC2,0.155360872926201
BMP2,EXOC1,0.155193063010239
BMP2,ABCC1,0.154887939883926
BMP2,CCNE2,-0.154481157219175
BMP2,DENR,-0.154390000000001
BMP2,PPCS,0.15430391279606
BMP2,RBL2,0.154157689097485
BMP2,TXNL4A,-0.153796479456566
BMP2,GMNN,-0.15329187222912
BMP2,LSM4,-0.153258690908195
BMP2,DTX4,0.152932479174784
BMP2,B9D2,-0.152700044557154
BMP2,DZIP3,0.152613822834068
BMP2,TRIP12,0.152235092153356
BMP2,TRIM23,0.152228983071494
BMP2,DENND5A,0.15220486638575
BMP2,NUCB1,0.151521375728116
BMP2,CLDND1,0.151066867895199
BMP2,TMEM14A,0.150833111547179
BMP2,HCFC1R1,0.150786544654741
BMP2,IFRD2,-0.15078602734874
BMP2,POLA1,-0.149718
BMP2,CEP104,0.14968591164329
BMP2,LMO7,0.149246845865125
BMP2,CREG1,0.1492225582037
BMP2,TAB2,0.149216304475496
BMP2,SLC36A1,0.149215533681663
BMP2,PAFAH1B3,-0.148993762903404
BMP2,TAF5,-0.14885914037234
BMP2,GINS2,-0.148848195037778
BMP2,ZSCAN16,-0.14838612214965
BMP2,MAGOHB,-0.148300702972901
BMP2,EIF4A3,-0.148022047098749
BMP2,TMCC1,0.14782976616852
BMP2,TRIP13,-0.147814147579599
BMP2,TSEN2,0.14756097337033
BMP2,EZH1,0.14731227305045
BMP2,GSPT1,-0.146567765243091
BMP2,PCK2,-0.146516539949022
BMP2,NECAB3,0.146506220949122
BMP2,GTF2H3,-0.14625035263795
BMP2,SLC29A1,-0.14623745641504
BMP2,LONP1,-0.1458987670562
BMP2,DHCR24,0.14581033609709
BMP2,SOS1,0.145709052589583
BMP2,MAN2B2,0.14557473023498
BMP2,KRT18,-0.145315023206882
BMP2,SS18L1,0.14501574460426
BMP2,MTO1,-0.144680284102222
BMP2,RBX1,-0.144628625915127
BMP2,S100A13,0.144470128688169
BMP2,HSD17B11,0.144300705002091
BMP2,ING1,-0.144221261164669
BMP2,SLC35G2,0.144074532437159
BMP2,CSTF2,-0.14392410605595
BMP2,CHD9,0.14376786607736
BMP2,AGPAT4,0.143671220929051
BMP2,NPM1,-0.143605361832051
BMP2,ZNF711,0.143472513109001
BMP2,ZFYVE16,0.14320932349416
BMP2,ITGA7,-0.143052439446005
BMP2,PIEZO1,0.142843556515469
BMP2,DPYD,0.142834997625441
BMP2,CDC123,-0.14254868546176
BMP2,PLPP3,0.142527263875049
BMP2,RASSF4,0.142507631907789
BMP2,SOX12,-0.142499472832419
BMP2,KLHL26,0.142475085321625
BMP2,KIF13B,0.142232170905873
BMP2,PSMB10,0.142140689558456
BMP2,DUSP10,0.142071938211767
BMP2,SNX5,-0.141988594238346
BMP2,G0S2,0.14184478054077
BMP2,DCAF6,0.141751478127272
BMP2,FAM114A2,0.141717872132174
BMP2,ZNF557,0.141497236582653
BMP2,KCTD17,-0.141494798909847
BMP2,RPL27A,-0.141454874435601
BMP2,MAP9,0.141300682429811
BMP2,BANF1,-0.141300319437589
BMP2,TP53,-0.141226583102875
BMP2,GTF2H5,0.141032637270602
BMP2,OSTM1,0.14090973505611
BMP2,KLHL2,0.140694368466171
BMP2,MYO1E,0.140677
BMP2,CEP70,0.1404158133667
BMP2,PLEKHM2,0.140244517250806
BMP2,IL17RC,0.14021194947321
BMP2,FLNB,0.140187346561355
BMP2,FIP1L1,-0.140150953862451
BMP2,COPZ2,0.139839674878886
BMP2,UBE2D2,-0.139757635498599
BMP2,ARHGAP10,0.139600622197585
BMP2,ARL6IP1,-0.1396
BMP2,WWC3,0.13951776197475
BMP2,AVPI1,-0.139420137119751
BMP2,GJC1,-0.139346986258975
BMP2,ICMT,-0.139016616093169
BMP2,UBQLN2,0.138904234375424
BMP2,TFB1M,-0.138898145798222
BMP2,HSDL2,0.138706153235979
BMP2,PDK1,-0.138533403977251
BMP2,ACSL3,0.13812135963544
BMP2,SPCS3,0.138072341725
BMP2,WNK1,0.13804964140539
BMP2,CENPA,-0.138039156023611
BMP2,ERGIC3,-0.138035264541238
BMP2,ZMYM5,0.13797060314648
BMP2,KDM6A,0.137783829217694
BMP2,HK1,-0.1376883859849
BMP2,TRIP10,0.137487322181038
BMP2,JAK1,0.13746771918329
BMP2,ACTR6,0.137344001951434
BMP2,PRPS1,0.137331500697119
BMP2,TWF1,0.137310548920521
BMP2,IDI1,0.137282070853944
BMP2,KANSL1L,0.137242902214827
BMP2,PYROXD1,0.137155810450015
BMP2,PTMA,-0.13708854072526
BMP2,AHCY,0.137046084057872
BMP2,CCT5,-0.136881641932723
BMP2,MEGF9,0.13673325926267
BMP2,DCLRE1A,-0.136694793677124
BMP2,USP6NL,-0.13668609630676
BMP2,HPRT1,-0.136652742337079
BMP2,RPS11,-0.136183816606
BMP2,ANKRD12,0.136123427481511
BMP2,MRGBP,-0.135996894260618
BMP2,DHRS7,0.135857770600109
BMP2,SPHK1,0.135517244111199
BMP2,MCM7,-0.135497258169544
BMP2,AKR1B1,-0.13535480879772
BMP2,CHSY1,-0.13524172864055
TGFB3,KLHL24,0.724374219754775
TGFB3,ULK1,0.706412269747688
TGFB3,GADD45B,0.694323175506865
TGFB3,MRC2,0.671915754056645
TGFB3,ELK3,0.660755301888806
TGFB3,ADA,0.619055695
TGFB3,PRKAB2,0.587643028720285
TGFB3,NDRG1,0.527214124765202
TGFB3,CENPN,-0.495067013500001
TGFB3,SLC25A37,0.49059004829937
TGFB3,PNRC1,0.481076904364595
TGFB3,CDC20,-0.471827455426997
TGFB3,PFKFB3,0.4605508985
TGFB3,KDM7A,0.459
TGFB3,MRTO4,-0.45420636564767
TGFB3,MTMR11,0.436638887083555
TGFB3,RRS1,-0.432
TGFB3,MFGE8,0.4316992365631
TGFB3,MT1X,0.424645604999999
TGFB3,CD44,0.423929950655313
TGFB3,TUBA1B,-0.420093860000001
TGFB3,ZFP36L1,0.419791452335652
TGFB3,NCAPG,-0.417354543499998
TGFB3,FOXO1,0.416419545285799
TGFB3,ODC1,-0.407
TGFB3,PIM1,0.405547381095868
TGFB3,COA7,-0.402126649421659
TGFB3,C1QBP,-0.391785881320308
TGFB3,FSTL3,0.389000000000004
TGFB3,SERINC3,0.386999999999999
TGFB3,ABCA1,0.3863338705
TGFB3,THEMIS2,0.386000000000001
TGFB3,GINS1,-0.38
TGFB3,CACNB3,0.369999999999999
TGFB3,MAFF,0.365881627452152
TGFB3,AIMP2,-0.358799120000001
TGFB3,CSE1L,-0.357693026814941
TGFB3,CCNA2,-0.35626465
TGFB3,LRP10,0.356064338704234
TGFB3,BCAR3,0.355662412987868
TGFB3,RRP15,-0.354216384681108
TGFB3,NOL11,-0.35406245169418
TGFB3,MBOAT2,0.352202352207501
TGFB3,PNO1,-0.351690571780149
TGFB3,ORC5,-0.347614696662927
TGFB3,HNRNPAB,-0.346431204580799
TGFB3,HMBS,-0.337631165900817
TGFB3,DLGAP5,-0.337548856749999
TGFB3,KLF13,0.333352102642199
TGFB3,CBLB,0.331579822456569
TGFB3,DUSP1,0.3304760835764
TGFB3,TOP2A,-0.328091890000001
TGFB3,JMJD1C,0.327512242
TGFB3,CTSB,0.325053235849389
TGFB3,RUVBL1,-0.323201635400105
TGFB3,SLC19A2,0.32149431
TGFB3,STK38L,0.321
TGFB3,NIP7,-0.319962307543558
TGFB3,EIF6,-0.318
TGFB3,GYG1,-0.316831652756306
TGFB3,POLD4,0.315287079790584
TGFB3,MRPL15,-0.314568982294781
TGFB3,CEP55,-0.3114441415
TGFB3,CDC7,-0.310649606441117
TGFB3,MRPL4,-0.308999999999999
TGFB3,TRIP13,-0.308883982679069
TGFB3,TK1,-0.307476360802912
TGFB3,GFM1,-0.306999999999999
TGFB3,COA4,-0.304282431
TGFB3,TNIP1,0.303840692184064
TGFB3,A4GALT,0.300776614000001
TGFB3,BYSL,-0.29887231
TGFB3,RAD51C,-0.298
TGFB3,PAK1IP1,-0.296647899809611
TGFB3,TUBB4B,-0.293000000000001
TGFB3,GINS2,-0.292421829552655
TGFB3,TUBA1C,-0.292177080000001
TGFB3,KCTD12,-0.290119718923201
TGFB3,CKS2,-0.288
TGFB3,ITPR3,0.287912029999999
TGFB3,MT2A,0.285
TGFB3,SEMA4C,0.285
TGFB3,DCAF13,-0.284259981137897
TGFB3,WDR77,-0.282353167565034
TGFB3,MRPL12,-0.282124423301042
TGFB3,TUBB,-0.28068178075
TGFB3,RAN,-0.2800008505
TGFB3,CALD1,0.279000000000002
TGFB3,DCTPP1,-0.2766236675
TGFB3,DNASE2,0.275953595
TGFB3,CDCA3,-0.275458273
TGFB3,ADAM17,0.274876302966852
TGFB3,COX7B,-0.27422787
TGFB3,SNRPD3,-0.273875558556419
TGFB3,HSPA9,-0.273774739999999
TGFB3,RBBP8,-0.271615455183029
TGFB3,MT1F,0.2716003
TGFB3,TPST1,0.270000000000001
TGFB3,CCNB2,-0.268325514521976
TGFB3,CCNE2,-0.26516953053047
TGFB3,UBL3,0.264803178592433
TGFB3,FCHSD2,0.26443406484616
TGFB3,PPFIBP1,0.263797603546995
TGFB3,IVD,-0.263323681870872
TGFB3,PRC1,-0.262000000000002
TGFB3,SUN2,0.261064997535409
TGFB3,PLPP1,0.260620385019753
TGFB3,NDC1,-0.259090597999999
TGFB3,SKP2,-0.259
TGFB3,WDR4,-0.259
TGFB3,NOTCH1,0.258681568999999
TGFB3,EXOSC9,-0.258357195249999
TGFB3,BRIX1,-0.258000000000001
TGFB3,GINS3,-0.257999999999998
TGFB3,PTTG1,-0.256910249968252
TGFB3,LRPPRC,-0.256638993048901
TGFB3,EI24,-0.256343466781487
TGFB3,CHMP1B,0.255737219337216
TGFB3,ERH,-0.254352480000001
TGFB3,CRLF1,0.254
TGFB3,KIF4A,-0.253409874999999
TGFB3,MELK,-0.252773265499999
TGFB3,SNRPF,-0.252401057499999
TGFB3,PHF1,0.252099203
TGFB3,CCT2,-0.251495354999999
TGFB3,PSMG1,-0.25145372825
TGFB3,LPIN1,0.250999999999999
TGFB3,RPL26L1,-0.250335324417399
TGFB3,PDSS1,-0.250074255
TGFB3,CTDSP2,0.249826310305011
TGFB3,SLC1A4,0.248608418114107
TGFB3,CAPRIN2,0.248490521646327
TGFB3,JAK1,0.247888182866681
TGFB3,CSTF2,-0.247873997499999
TGFB3,TUBG2,0.2477987325
TGFB3,PRMT3,-0.247153642
TGFB3,EXOSC2,-0.24710585197579
TGFB3,TIMM8A,-0.24623891847151
TGFB3,CDKN3,-0.246043649999999
TGFB3,INPPL1,0.24600134126782
TGFB3,KPNA2,-0.246
TGFB3,RPL39L,-0.24553585975
TGFB3,PNPO,-0.244000000000002
TGFB3,CDC123,-0.24370341922724
TGFB3,ATP2B4,0.242956839000001
TGFB3,ABCE1,-0.242332205752018
TGFB3,NMI,-0.2420938215
TGFB3,WDR43,-0.2415594955
TGFB3,MXI1,0.241000000000001
TGFB3,NOL9,-0.240604012498938
TGFB3,SRM,-0.240335072535354
TGFB3,NDUFAF4,-0.24
TGFB3,SNRNP40,-0.239738428977383
TGFB3,PA2G4,-0.239722793412529
TGFB3,ETS1,0.23911094375
TGFB3,RABAC1,0.238460716551403
TGFB3,AUNIP,-0.238096304335251
TGFB3,C20orf27,-0.237682255600731
TGFB3,DOLPP1,-0.23688868687237
TGFB3,MRPL42,-0.2360388305
TGFB3,GTF2H3,-0.236000000000001
TGFB3,HBP1,0.2358080515973
TGFB3,LAP3,-0.235225893120271
TGFB3,PLK4,-0.234999999999999
TGFB3,SLC30A9,-0.23473192854542
TGFB3,HCFC1R1,0.234
TGFB3,ADSL,-0.233135469177844
TGFB3,TOMM22,-0.23289047703741
TGFB3,JOSD1,0.23246826077879
TGFB3,EIF4G1,-0.232437322673443
TGFB3,PARP1,-0.231139360896273
TGFB3,POP7,-0.23020566565126
TGFB3,DCLRE1A,-0.23
TGFB3,YPEL5,0.22977353
TGFB3,FH,-0.229000000000001
TGFB3,NUDT1,-0.228383366
TGFB3,CHEK2,-0.228230978438755
TGFB3,DDIT4,0.227974914000001
TGFB3,GAR1,-0.227311840292958
TGFB3,ERLIN1,-0.226880706110483
TGFB3,SLC25A5,-0.226880623745175
TGFB3,MTCH2,-0.225118046697162
TGFB3,MRPL35,-0.225
TGFB3,BRCC3,-0.224954217698955
TGFB3,MAK16,-0.224501667292849
TGFB3,MCM3,-0.22418619775
TGFB3,MCAT,-0.223949532207857
TGFB3,NMRK1,0.222903699426264
TGFB3,CRELD1,0.222
TGFB3,NIF3L1,-0.220772030000001
TGFB3,CYCS,-0.220147626649679
TGFB3,CNOT8,0.21890782475
TGFB3,RNF24,0.218812067724669
TGFB3,SUSD6,0.218600189000001
TGFB3,FGFR2,-0.218579863146213
TGFB3,DENND5A,0.218
TGFB3,EMG1,-0.217080684985841
TGFB3,ARHGEF6,0.21679596
TGFB3,UBIAD1,-0.2167370931801
TGFB3,PLXNA3,0.215746364500001
TGFB3,SECISBP2L,0.21566940839014
TGFB3,NDC80,-0.215522072
TGFB3,FXN,-0.215149390710778
TGFB3,FAM216A,-0.215037989500001
TGFB3,TMCO3,0.214891957
TGFB3,HACD2,-0.214461393270098
TGFB3,GMNN,-0.213682370000001
TGFB3,CCNF,-0.213642074933608
TGFB3,CHIC2,0.213520487086476
TGFB3,JUNB,0.2132452025
TGFB3,SNRPG,-0.213160957098001
TGFB3,NFKBIA,0.213100095000001
TGFB3,RBL2,0.212795856689795
TGFB3,GRWD1,-0.212481279923279
TGFB3,NCBP1,-0.212362020140179
TGFB3,SERPINB1,-0.2123334455
TGFB3,TSN,-0.212231065453064
TGFB3,ATIC,-0.212
TGFB3,COQ2,-0.2118126815
TGFB3,VDAC3,-0.211506377770386
TGFB3,UCP2,-0.211435564034595
TGFB3,DNAJB9,0.211269854999999
TGFB3,AGPAT4,0.210873076839956
TGFB3,TOMM40,-0.210000000000001
TGFB3,BTG2,0.209822585
TGFB3,DNAJC9,-0.209780595000001
TGFB3,CD320,-0.2096290685
TGFB3,SUB1,-0.209340871106464
TGFB3,SEH1L,-0.208999999999998
TGFB3,DUSP5,0.208486580000001
TGFB3,PHF21A,0.20811098
TGFB3,ZNF264,0.207843813534584
TGFB3,FAM89B,0.207612492011981
TGFB3,PUS1,-0.20742575077555
TGFB3,DHRS7,0.20734983
TGFB3,ZSWIM8,0.207219875
TGFB3,MRPS34,-0.207213079380098
TGFB3,MAP3K1,-0.207072551963082
TGFB3,KIF18B,-0.207
TGFB3,MCM6,-0.206475660000001
TGFB3,IVNS1ABP,0.2060315825
TGFB3,YEATS4,-0.205699009680244
TGFB3,SNX5,-0.2055453935
TGFB3,HSPA14,-0.205
TGFB3,PAICS,-0.205
TGFB3,RAD1,-0.205
TGFB3,PAM,0.204232494999999
TGFB3,MRPS33,-0.204058971087709
TGFB3,MAFK,0.203990820443764
TGFB3,RFC3,-0.203651790999999
TGFB3,MSH2,-0.20307343252647
TGFB3,COX8A,-0.202750055
TGFB3,CTR9,-0.20247193536844
TGFB3,NOP16,-0.202439608
TGFB3,FOXN3,0.202217698215695
TGFB3,AASDHPPT,-0.202189563373501
TGFB3,SPDL1,-0.201500266
TGFB3,TRIP10,0.200260319483418
TGFB3,ZFP36L2,0.1999535475
TGFB3,PSMB6,-0.19920739022055
TGFB3,SH2B3,0.19898583370483
TGFB3,NHP2,-0.198798400054169
TGFB3,DLD,-0.198394597086583
TGFB3,TWF2,0.198336028482585
TGFB3,HECA,0.19729155
TGFB3,GADD45G,0.197032091
TGFB3,TRAP1,-0.197
TGFB3,DAPK1,-0.196829296500001
TGFB3,WDR45,0.196715196005124
TGFB3,CCNB1,-0.196383073000001
TGFB3,MRPS16,-0.1959753065
TGFB3,CCNJ,-0.195813248131268
TGFB3,UTP3,-0.195763534557218
TGFB3,MAN2B1,0.195717033981237
TGFB3,CDK4,-0.195586815
TGFB3,SMIM14,0.195382480499999
TGFB3,PSAP,0.19479908
TGFB3,GPI,-0.194716161469701
TGFB3,MRPS18A,-0.19468110274715
TGFB3,SCCPDH,-0.194678161655754
TGFB3,DNMT1,-0.19461063
TGFB3,BTN3A2,0.194300810898954
TGFB3,EIF2AK3,0.194207433
TGFB3,IFIT2,-0.193294776999999
TGFB3,NETO2,-0.19313497555694
TGFB3,NUSAP1,-0.193011300749999
TGFB3,INTS7,-0.192589873999999
TGFB3,PTPN12,0.19208054675
TGFB3,GEMIN4,-0.191778355
TGFB3,MRPL18,-0.191691668676802
TGFB3,RBM42,-0.19075889716831
TGFB3,MEA1,-0.190489555
TGFB3,ARMCX2,0.19031416825
TGFB3,MCM4,-0.19025187112061
TGFB3,DEK,-0.190134155000001
TGFB3,HELLS,-0.18962875501207
TGFB3,RMND1,-0.189362826527105
TGFB3,CCDC92,0.189296655000001
TGFB3,APRT,-0.189262522092321
TGFB3,STOML2,-0.189247654999999
TGFB3,MRPS15,-0.189212795
TGFB3,TMEM184B,0.188753488251002
TGFB3,PSMD14,-0.188321206276277
TGFB3,EIF1AX,-0.187960460881701
TGFB3,AK1,0.187635207
TGFB3,EIF5B,-0.187628198483925
TGFB3,EIF5A,-0.187475735
TGFB3,RAD23B,-0.186999999999999
TGFB3,BCCIP,-0.186344234
TGFB3,CEP85,-0.1860908095
TGFB3,FAM111A,-0.18571700975
TGFB3,MRPS11,-0.185245252047596
TGFB3,CCT5,-0.185077483250737
TGFB3,HINT1,-0.185000000000001
TGFB3,BZW2,-0.184558565000001
TGFB3,CCT7,-0.184000000000001
TGFB3,SPHK1,0.18384741415052
TGFB3,FASTKD3,-0.183769071022841
TGFB3,SNX27,0.1836873985
TGFB3,GRPEL1,-0.183647957500001
TGFB3,HMMR,-0.1835670625
TGFB3,DCPS,-0.18339321757683
TGFB3,TRIO,0.183
TGFB3,GLRX2,-0.18292706961725
TGFB3,NARF,0.18232218535492
TGFB3,TXNIP,0.182307019390887
TGFB3,RIOK3,0.18222235
TGFB3,PPP2R1B,-0.182
TGFB3,STIL,-0.1817258575
TGFB3,SNRPC,-0.181615915155138
TGFB3,PIGF,-0.181580222043833
TGFB3,CENPA,-0.181231504
TGFB3,SRPRB,-0.180999999999999
TGFB3,MPDU1,-0.18084101207307
TGFB3,RB1CC1,0.180319479900581
TGFB3,EZH2,-0.17978287257725
TGFB3,ATF4,0.179519954500111
TGFB3,CBX5,-0.1793386015
TGFB3,ATF2,0.17926539147947
TGFB3,SOD1,-0.179018934999999
TGFB3,GTPBP4,-0.179
TGFB3,PSMB5,-0.177907594833348
TGFB3,GADD45A,0.177600182500001
TGFB3,MICAL1,0.177559286
TGFB3,PSMA4,-0.177448320000001
TGFB3,ALDH2,0.17742247766645
TGFB3,C1R,0.1773803847799
TGFB3,TRPC1,0.177316129980034
TGFB3,CIB1,0.17729685
TGFB3,GTF3A,-0.176915004999999
TGFB3,DDX21,-0.176544774999999
TGFB3,UBR7,-0.175975810500001
TGFB3,NDUFB3,-0.175750807499999
TGFB3,TRIB3,0.175281213033323
TGFB3,PRDX1,-0.175196191606469
TGFB3,EBP,-0.174937458
TGFB3,GGCT,-0.174709374750001
TGFB3,BMPR2,0.174690724749999
TGFB3,DHRS7B,-0.17459958
TGFB3,FOSL1,-0.174458845500001
TGFB3,MRPL24,-0.17427120192535
TGFB3,ZFP36,0.174
TGFB3,LYN,-0.17384205
TGFB3,MAP7D1,0.173325486681596
TGFB3,RANGAP1,-0.173056615
TGFB3,PJA2,0.173000000000002
TGFB3,RRM1,-0.172614361132531
TGFB3,TMEM14B,-0.172499861252675
TGFB3,NUDT15,-0.172418086041119
TGFB3,POLR3K,-0.172296335999999
TGFB3,HEG1,0.1720928745
TGFB3,EIF3B,-0.172000000000001
TGFB3,ZBTB43,0.171911637499999
TGFB3,METTL1,-0.171858578758978
TGFB3,ADD3,-0.171520402966682
TGFB3,TPI1,-0.171289365
TGFB3,SLC25A11,-0.171244978
TGFB3,AIDA,0.171213964439289
TGFB3,DSCC1,-0.171075679
TGFB3,HK2,-0.17105040025
TGFB3,ZNF79,-0.170664538393951
TGFB3,LSM5,-0.17058119475
TGFB3,SNRNP25,-0.1704054565
TGFB3,MSRB1,-0.1701675695
TGFB3,TFDP1,-0.170114950032451
TGFB3,ARNT,0.169888240754288
TGFB3,USP10,-0.169641760284357
TGFB3,HAT1,-0.169450557000001
TGFB3,NDUFA4,-0.16926823
TGFB3,SLC25A4,-0.169263674998819
TGFB3,MAP3K5,-0.169029107000001
TGFB3,MRPL22,-0.16848016734585
TGFB3,MBNL2,0.168434860324022
TGFB3,COL18A1,0.168286826047136
TGFB3,CKS1B,-0.168088414999999
TGFB3,UQCRFS1,-0.167947007222959
TGFB3,STUB1,-0.167791608500001
TGFB3,SRBD1,-0.167779718000001
TGFB3,TIMELESS,-0.167768181904765
TGFB3,VBP1,-0.167632351602751
TGFB3,AUH,0.167372450839255
TGFB3,TPX2,-0.1668443225
TGFB3,PELI1,0.166412204
TGFB3,TXN,-0.1656983375
TGFB3,SNRPB,-0.165255115299823
TGFB3,GADD45GIP1,-0.1650028765
TGFB3,CDK12,-0.165
TGFB3,NT5E,0.164999999999999
TGFB3,SYNCRIP,-0.164999999999999
TGFB3,SF3B3,-0.164361739499999
TGFB3,SUPT16H,-0.164010419999999
TGFB3,MPC2,-0.163848762091806
TGFB3,ZFC3H1,0.163670006858507
TGFB3,COX5A,-0.163556060000001
TGFB3,RPA2,-0.163385665000001
TGFB3,AFF4,0.163179793499999
TGFB3,ING4,0.162951747335161
TGFB3,ABHD4,0.162099285499999
TGFB3,RAPGEF1,0.162
TGFB3,F2R,0.161999999999999
TGFB3,GTPBP8,-0.161956456
TGFB3,NOP14,-0.161886730793429
TGFB3,TACO1,-0.161799407
TGFB3,MLH1,-0.16134249
TGFB3,CCT3,-0.161336277170753
TGFB3,HDAC5,0.161208184298777
TGFB3,MMADHC,-0.161113262500001
TGFB3,MEPCE,-0.160716331946589
TGFB3,DMTF1,0.160714811206913
TGFB3,DPP3,-0.160555939574198
TGFB3,MRPL11,-0.16055031144534
TGFB3,ZMPSTE24,-0.15994419018051
TGFB3,SNRPD1,-0.159933611500001
TGFB3,SDF4,0.15929277
TGFB3,TMEM209,-0.158766625870275
TGFB3,PDLIM1,-0.15842557
TGFB3,MRPS7,-0.158368365
TGFB3,MRPL16,-0.158231275
TGFB3,TULP4,0.158224126801373
TGFB3,GOT1,-0.158069125000001
TGFB3,SLBP,-0.158008822427549
TGFB3,DDX28,-0.157909613328039
TGFB3,LSG1,-0.157814440122899
TGFB3,CCDC47,-0.157813790499999
TGFB3,OS9,0.157761961
TGFB3,SDAD1,-0.157549958975021
TGFB3,HSPBP1,-0.15746198020476
TGFB3,UBXN7,0.157424732654724
TGFB3,DDX49,-0.157256023851899
TGFB3,DERL1,0.15687985
TGFB3,NOLC1,-0.15654580005479
TGFB3,CD99,0.156243850000631
TGFB3,PHB,-0.156238499868202
TGFB3,VPS39,0.15620682197018
TGFB3,TTLL12,-0.156116032727437
TGFB3,MSH6,-0.155999999999999
TGFB3,TFAM,-0.155818025
TGFB3,HMCES,-0.155787161992027
TGFB3,DDRGK1,-0.155647257910836
TGFB3,LANCL2,-0.15562044363446
TGFB3,TMEM43,0.155516205
TGFB3,TOR3A,-0.15547343
TGFB3,FARSA,-0.155226370239436
TGFB3,GHITM,-0.154999999999999
TGFB3,CCDC93,0.154971525499999
TGFB3,LSM4,-0.154915054510761
TGFB3,PPP6C,-0.154856230638298
TGFB3,KLHL28,0.15478838083586
TGFB3,SRSF10,-0.154732191
TGFB3,FCGRT,0.154370835500001
TGFB3,NAB2,0.154009330869899
TGFB3,RFWD3,-0.153952537
TGFB3,SERTAD2,-0.153753991689962
TGFB3,RALA,0.15345032
TGFB3,GLYR1,-0.15311904246148
TGFB3,KDM3A,0.1530919515
TGFB3,GOLGB1,0.15305995
TGFB3,C1orf112,-0.1529729535
TGFB3,GALNT11,0.152067968
TGFB3,GMPS,-0.1520466744464
TGFB3,ORAI3,0.151999999999999
TGFB3,SUV39H2,-0.151902500123776
TGFB3,NDUFC1,-0.151828710999999
TGFB3,MTMR12,-0.151745487978804
TGFB3,EZR,-0.1514600575
TGFB3,U2AF2,-0.151437634670256
TGFB3,DHX32,0.151030918999999
TGFB3,DUS2,-0.151
TGFB3,HNRNPL,-0.151
TGFB3,MRPS28,-0.151
TGFB3,HSPA4,-0.150999999999998
TGFB3,CDC23,-0.150712680463466
TGFB3,NABP2,-0.1506040915
TGFB3,MRS2,-0.150572141568232
TGFB3,TRAPPC2L,-0.150181885
TGFB3,RUVBL2,-0.149903602841661
TGFB3,REPS2,0.149725237
TGFB3,FAM214B,0.149378261999999
TGFB3,POLR3F,-0.149000000000001
TGFB3,ZNF239,-0.148831681350271
IL17A,ATP1B1,0.694495340851972
IL17A,LYN,0.540035906678245
IL17A,PTGS2,0.508823941630731
IL17A,IER3,0.5037116225247
IL17A,NAMPT,0.496939654883468
IL17A,NFKBIA,0.452355759612998
IL17A,TNFAIP3,0.400879320011292
IL17A,IFNGR1,0.391423244885404
IL17A,KLF4,0.390075324897027
IL17A,REL,0.372549364943876
IL17A,CKAP4,0.36573049757135
IL17A,PPIF,0.365122659460703
IL17A,PRDM1,0.330664416259336
IL17A,MAFF,0.328709340657476
IL17A,UGCG,0.318907326223628
IL17A,HBEGF,0.309666131334061
IL17A,DUSP1,0.30681540446654
IL17A,POLI,-0.3064275545
IL17A,MAP7D1,0.304065511630215
IL17A,CYBRD1,-0.301425168880469
IL17A,SLC11A2,0.282451385883508
IL17A,CEBPD,0.26678025575
IL17A,DLEU1,-0.266695626335771
IL17A,CLDND1,0.265387324618136
IL17A,ACTA2,-0.26210311206327
IL17A,SLC25A37,0.252367922217306
IL17A,G3BP1,0.25045007542563
IL17A,SPHK1,0.247964950604731
IL17A,SRD5A1,-0.247596649569396
IL17A,MYO1E,0.246415164539924
IL17A,PPP1R15A,0.24594808806152
IL17A,CHAC1,0.241305865719539
IL17A,LAMB1,-0.240031446400076
IL17A,RAC2,0.238865647536152
IL17A,AFF4,0.238455896240281
IL17A,NFKB2,0.23735447622802
IL17A,SMTN,0.23507247535243
IL17A,KLF6,0.23253647015574
IL17A,GSTA4,-0.232256900693642
IL17A,CDYL,0.231607303
IL17A,PDLIM5,0.231599618385555
IL17A,PIM1,0.230799137365693
IL17A,DDB2,-0.227551516553614
IL17A,SERPINI1,-0.224640710402725
IL17A,GMNN,-0.224051646424466
IL17A,APBB2,-0.223389113634082
IL17A,ORC3,-0.22310835736649
IL17A,ZFP36,0.221825026133189
IL17A,NAGK,0.219102231711048
IL17A,CD82,0.21716104519906
IL17A,SSX2IP,-0.215567644742189
IL17A,KATNB1,0.214919304052504
IL17A,SQLE,0.211059460352366
IL17A,DUSP5,0.208317673246302
IL17A,DPH5,-0.20806529944435
IL17A,CLIP1,0.207576987440975
IL17A,CLN5,-0.2062693335
IL17A,PLAT,0.204422596564085
IL17A,ITGB5,-0.204389747197703
IL17A,KRT10,-0.20435691191945
IL17A,IGFBP3,0.203729983856999
IL17A,RNF19B,0.203078346564393
IL17A,ABHD10,-0.20185459614859
IL17A,ZNF302,-0.201319366684477
IL17A,AKIRIN1,0.199181703667235
IL17A,HIVEP2,0.197471494008122
IL17A,IMPACT,-0.193233432531986
IL17A,PCF11,-0.193124762928719
IL17A,ORAI3,-0.190964173499999
IL17A,THYN1,-0.190386837141183
IL17A,ALDH3A2,-0.190342239289938
IL17A,GLUL,0.190166260121099
IL17A,SMG8,0.187703449771278
IL17A,LSM2,-0.185428250999999
IL17A,FEM1B,0.185244259000001
IL17A,EHD4,0.18502222049031
IL17A,ULBP2,0.18427225413135
IL17A,PLCXD1,0.183666442134241
IL17A,CDKN2C,-0.182004726317895
IL17A,NRIP1,0.181616985535353
IL17A,TIAM1,0.180994434451748
IL17A,DPP4,-0.180838712523218
IL17A,PEA15,0.179500620000001
IL17A,CTNNAL1,-0.17906528151552
IL17A,THNSL1,-0.178640127351819
IL17A,ID3,-0.178120514841176
IL17A,RHOG,0.17746596006387
IL17A,NUDT21,-0.176206583453973
IL17A,BICD2,0.176109642034227
IL17A,TRIM68,-0.175209693865191
IL17A,HDAC11,-0.174534190826583
IL17A,CRIP1,-0.174063964052515
IL17A,PGAP1,-0.17334289996281
IL17A,TWSG1,-0.173315352479094
IL17A,C2CD5,-0.17316472748526
IL17A,INSIG1,0.172488338249999
IL17A,CASP6,-0.171763410049409
IL17A,TXNIP,-0.171471788719325
IL17A,HHAT,-0.17022006775771
IL17A,TNFAIP2,0.169623158871932
IL17A,BECN1,0.168894364
IL17A,LGALSL,0.16728065263374
IL17A,TPM4,0.16727655575
IL17A,DCAF8,0.16472400371934
IL17A,TMEM187,-0.164559217213838
IL17A,BOLA1,-0.164293417090862
IL17A,TICAM1,0.163067137374625
IL17A,ZMYM1,-0.162153845500002
IL17A,PRKACB,-0.162054826956766
IL17A,ARNTL2,0.161875730607739
IL17A,PFN2,-0.161797272952449
IL17A,MFSD10,0.161380011279796
IL17A,PRSS23,-0.160609435276194
IL17A,PRKAB2,-0.15956308194196
IL17A,ARL4A,-0.15926475206998
IL17A,TMEM14A,-0.159131834034514
IL17A,PTCD2,-0.158979402121976
IL17A,SUSD6,0.15845911569991
IL17A,TRIT1,-0.15811992798319
IL17A,ARHGAP17,0.158067400576533
IL17A,BCKDHB,-0.158047419381157
IL17A,TUBD1,0.158004658941379
IL17A,NABP1,0.157338130173435
IL17A,HEBP1,-0.15662321865618
IL17A,EHD3,-0.156570336935647
IL17A,ARHGAP10,-0.155813375625519
IL17A,SPATA7,-0.155751528226537
IL17A,GNPAT,-0.15519623046732
IL17A,ATP6V1H,0.154980247663534
IL17A,SERPINE2,-0.154527265985449
IL17A,PLPP3,0.154441398018005
IL17A,CLTCL1,-0.154029051020535
IL17A,TRIO,0.153946498119377
IL17A,CEP68,-0.153806471521789
IL17A,ZBTB43,0.153629332420319
IL17A,ALDH9A1,-0.153506963468547
IL17A,RELA,0.15325262152126
IL17A,PARN,-0.153235467926371
IL17A,RFX5,-0.153015482250001
IL17A,TFDP2,-0.15270193092189
IL17A,TRIP10,0.152003026998891
IL17A,CRYZ,-0.151459575032954
IL17A,PLPP1,-0.151074434011506
IL17A,C12orf29,0.150614127704492
IL17A,HMMR,-0.1505440215
IL17A,TDRD7,-0.150351997180824
IL17A,METTL18,-0.150218478561282
IL17A,ST6GAL1,-0.15013691740559
IL17A,UBXN2B,-0.149329680493374
IL17A,GLT8D1,-0.14928932763081
IL17A,EFHD2,0.148215300157827
IL17A,CDKN2AIP,0.1476122925
IL17A,JAK1,0.1472407172429
IL17A,TNFAIP1,0.14683803742554
IL17A,STK39,-0.146476875
IL17A,PFKM,-0.14633188910941
IL17A,ANKMY2,-0.1458496695
IL17A,E2F3,0.144991190496197
IL17A,POLG2,-0.144951579620172
IL17A,OXSR1,0.144329268466476
IL17A,ITGB3BP,-0.144301705760162
IL17A,ATP6V1B2,0.144243115
IL17A,MSH2,-0.143501187112842
IL17A,MMACHC,-0.143378575547109
IL17A,SHTN1,-0.142986948101516
IL17A,FHL1,-0.14276824167744
IL17A,PKD2,-0.142330678788759
IL17A,FILIP1L,-0.142303874891305
IL17A,PXMP2,-0.142170554968496
IL17A,SDC4,0.14166886019748
IL17A,TPD52L1,-0.141344120879235
IL17A,ACTL6A,-0.141304188577529
IL17A,EHHADH,-0.140794009818543
IL17A,B3GNT2,0.14056832247985
IL17A,RECK,-0.140187902148601
IL17A,PHF3,-0.14015750643184
IL17A,ALAS1,0.140008274458311
IL17A,RASA2,0.139612116313968
IL17A,PDP1,0.139519038759068
IL17A,TDG,0.13945397765039
IL17A,TSPAN4,-0.139094407312222
IL17A,PAFAH1B3,-0.13855436477337
IL17A,PECR,-0.138345850319239
IL17A,TRAF5,-0.138050655194759
IL17A,SAT1,0.13769116375
IL17A,MPPE1,-0.137551275290157
IL17A,ITGAV,-0.137331860783954
IL17A,TCEAL4,-0.1372845310636
IL17A,SPATA20,-0.136853062036163
IL17A,FOXO3,0.136831279642206
IL17A,MBNL1,0.136553858500001
IL17A,UTRN,-0.136241598695829
IL17A,ICE1,-0.136141532021108
IL17A,PIK3C2B,-0.135988611726664
IL17A,COQ10B,0.1359384905
IL17A,SLC35A5,-0.135633980232086
IL17A,OXCT1,-0.135607301827565
IL17A,ZNF329,-0.135146002499999
IL17A,PIP4K2C,-0.13495794655318
IL17A,XRCC1,-0.134507344000001
IL17A,GSPT2,-0.134114390629059
IL17A,MED20,-0.134113831931892
IL17A,LZTFL1,-0.133925477249505
IL17A,GCNT1,-0.133537333087649
IL17A,SIRT7,0.133343115194863
IL17A,ZNF85,-0.133329296675708
IL17A,TMEM184B,0.13323933880143
IL17A,COL18A1,-0.133096639280551
IL17A,CEP55,-0.132854981593785
IL17A,NEU1,0.132833353272069
IL17A,PKP2,-0.132696050413075
IL17A,DCAF17,-0.132593128682223
IL17A,THBS4,-0.132395019333815
IL17A,QPCT,0.132277038666549
IL17A,SCAMP2,0.132222384634978
IL17A,CCT2,0.13205391820235
IL17A,DHTKD1,-0.131895617
IL17A,C9orf78,-0.131554188572138
IL17A,ITGAE,-0.131521982197957
IL17A,TNIP1,0.131479138036888
IL17A,BET1,-0.131376746650525
IL17A,IL13RA1,0.131374064749999
IL17A,XPA,-0.131185545823824
IL17A,IGFBP4,-0.1311465265
IL17A,PARP4,-0.1308829435
IL17A,OSGEPL1,-0.130875092018226
IL17A,ACBD3,0.130549875237473
IL17A,PRPS2,-0.130542588250001
IL17A,SON,0.130496637998236
IL17A,N4BP1,0.130461234490693
IL17A,ATF7IP2,-0.130420717478777
IL17A,ATXN1,0.130316255813002
IL17A,HMG20B,-0.130162055548013
IL17A,MYO1B,0.130117970026603
IL17A,NUP160,-0.129978486250015
IL17A,CHMP2B,0.129906697102622
IL17A,EZR,0.129661355254139
IL17A,KRBOX4,-0.12927409511744
IL17A,SMAD5,-0.129242088964394
IL17A,HPS5,0.129049824000001
IL17A,ZNF43,-0.12900121400384
IL17A,HIBCH,-0.128773877212652
IL17A,OXLD1,-0.12859058015435
IL17A,STK10,0.128547967699621
IL17A,CARHSP1,0.128478489605006
IL17A,CHMP1B,0.128449706489864
IL17A,ABCB7,-0.128408748563678
IL17A,UNG,-0.128408626891318
IL17A,ARL4D,-0.127996865074582
IL17A,CTDSPL,-0.127623253741378
IL17A,SNX16,-0.127063732573188
IL17A,RWDD2B,-0.127043343049893
IL17A,SQSTM1,0.12681471769349
IL17A,PANX1,0.12664707180594
IL17A,IFT74,-0.126533305339612
IL17A,PLXNA1,-0.126408604036749
IL17A,GCDH,-0.126363554378194
IL17A,NFYB,-0.126147344739442
IL17A,RHOB,0.126140356368758
IL17A,BZW1,0.126131502615923
IL17A,ETAA1,-0.126041859391062
IL17A,CTPS2,-0.12599547559011
IL17A,CRLF3,0.125742917480533
IL17A,CNOT3,0.12559991414662
IL17A,CCDC28A,-0.125418141713396
IL17A,MPRIP,0.125363300518283
IL17A,MAFG,0.125142864580579
IL17A,MTERF3,-0.12509752068568
IL17A,PIGK,-0.125000589505946
IL17A,METTL1,-0.124786701578986
IL17A,CDKN3,-0.124784358032463
IL17A,CKS2,-0.124733099903819
IL17A,LANCL1,-0.124705751084988
IL17A,ESYT1,-0.124542909642927
IL17A,ZC2HC1A,-0.124402646749999
IL17A,FAM118A,-0.124370071347476
IL17A,TNC,0.12433757642842
IL17A,DBF4,-0.124277048655913
IL17A,AGTPBP1,-0.123927802358382
IL17A,PLIN3,0.123909483452065
IL17A,NXF1,0.123688573699514
IL17A,NQO1,-0.123675031877688
IL17A,PARP1,-0.123627754360632
IL17A,SLC39A8,0.123601306541813
IL17A,ALDOC,-0.1234848815
IL17A,DCUN1D4,-0.12309765624908
IL17A,SOWAHC,0.12298894820967
IL17A,RNF138,-0.122719260658464
IL17A,SYNCRIP,0.122398420928655
IL17A,MT1F,0.122308883132427
IL17A,DZIP3,-0.122152914696526
IL17A,STK38L,0.122049802193281
IL17A,TPCN1,0.122038394932166
IL17A,DUSP3,0.121808853246929
IL17A,SOCS6,0.121321477953135
IL17A,JAG2,-0.121059776791693
IL17A,AMZ2,-0.121033903209935
IL17A,SPTLC2,0.120982109067954
IL17A,CHIC2,0.120744075466063
IL17A,TERF2IP,0.120611822719503
IL17A,VDAC1,0.120452179743932
IL17A,POT1,-0.12014550202614
IL17A,EXTL2,-0.120142613464491
IL17A,VEZF1,-0.119965830941497
IL17A,CLK3,0.119680804333305
IL17A,C6orf62,0.119526981893903
IL17A,TFB1M,-0.119231893248097
IL17A,CDC7,-0.119064594450507
IL17A,CCNJ,0.118980657306331
IL17A,RCAN1,0.1188883148501
IL17A,PHKB,-0.11878033110344
IL17A,TSC22D1,-0.11867638608753
IL17A,ARHGEF2,-0.118229744500001
IL17A,R3HDM4,0.118187746074071
IL17A,PPCS,-0.118091441183197
IL17A,DUS4L,-0.117849763999808
IL17A,SLC20A2,0.117166965707375
IL17A,TARBP1,-0.11705570813631
IL17A,SMC2,-0.1170408398304
IL17A,GTF3A,-0.116620573694875
IL17A,BAG4,-0.116542537439605
IL17A,TOR1B,0.116511455208677
IL17A,RPL39L,-0.116376820314525
IL17A,RDH11,0.116312065391172
IL17A,SMYD3,-0.116304021814842
IL17A,RITA1,-0.116225058818087
IL17A,MTR,-0.116082359036239
IL17A,FUBP1,-0.116000794090485
IL17A,EHD1,0.115945722437746
IL17A,MRPL12,0.115906001811071
IL17A,ZNF217,0.115876271372869
IL17A,VEGFA,0.115768928000001
IL17A,TOP2B,-0.1157292335
IL17A,LETMD1,-0.115593569287848
IL17A,FAM214B,0.115500527892378
IL17A,RETSAT,-0.114892705817539
IL17A,EDN1,0.114869866706451
IL17A,YEATS4,-0.114831814015127
IL17A,HDDC2,-0.114621805318271
IL17A,DCXR,-0.114619160971083
IL17A,ATP2B4,-0.114598082762276
IL17A,XPC,-0.114589515654086
IL17A,GPD1L,-0.11457700572939
IL17A,ZMYM3,-0.1145555735
IL17A,JMJD6,0.114551334830586
IL17A,PIGB,-0.114508551334138
IL17A,FAM120C,-0.114369446639145
IL17A,TTC30A,-0.11431284049815
IL17A,AASDHPPT,-0.1142576555
IL17A,CDKN1C,-0.114235345193161
IL17A,KCTD5,0.11402814634501
IL17A,DHX40,-0.11399598445865
IL17A,NT5DC3,-0.113895280506988
IL17A,AKIP1,-0.113879759016612
IL17A,SLC44A1,-0.113701184006068
IL17A,AKAP13,0.113671609185665
IL17A,CCDC134,-0.113416920332755
IL17A,WDR41,-0.113388380168679
IL17A,NIPSNAP1,-0.113285035460118
IL17A,THTPA,-0.113225575142047
IL17A,ZSWIM8,0.113032597758526
IL17A,KIAA0556,-0.112536596779879
IL17A,BCAR3,-0.112532065407993
IL17A,NMRK1,-0.112443226496666
IL17A,PLEKHF2,-0.111953559551825
IL17A,VCP,0.111934364916772
IL17A,ABHD17B,0.111882662316832
IL17A,TOX,-0.111514813343234
IL17A,GOLPH3,0.111501806774781
IL17A,SEMA5A,-0.111323827205353
IL17A,NUCKS1,-0.111278088956259
IL17A,MFSD6,0.111147728916732
IL17A,KDM7A,0.111082297286295
IL17A,LRBA,-0.110976730357857
IL17A,DYNC1H1,0.110908261
IL17A,SLC39A6,0.110697101499431
IL17A,TLN2,-0.110684345885175
IL17A,SRSF4,0.110649305
IL17A,BLVRB,-0.110564568787495
IL17A,GLG1,-0.110537287336975
IL17A,UPP1,0.1103127835
IL17A,MOCOS,-0.110231764790999
IL17A,GTF2H1,-0.11018858797313
IL17A,TCTN3,-0.11008780713938
IL17A,EAPP,-0.109981223462625
IL17A,ACSL3,-0.109725204035305
IL17A,MT2A,0.109646654479249
IL17A,POLA1,-0.10953907975
IL17A,C1RL,-0.10953459355792
IL17A,CAAP1,-0.10949940741641
IL17A,CEP83,-0.109297021477977
IL17A,SLC12A6,-0.109210029118608
IL17A,APEX1,-0.10895911487665
IL17A,TRIM62,0.108920703412938
IL17A,SFPQ,-0.108911455293638
IL17A,TOPBP1,-0.108730556922216
IL17A,ASH2L,-0.108702838179759
IL17A,ZNF839,-0.108617859894401
IL17A,DCPS,-0.108598386964921
IL17A,ASB13,-0.108557477202185
IL17A,APH1B,-0.108541609338009
IL17A,PIK3R1,-0.108375823540795
IL17A,TAF4,-0.108247441718757
IL17A,RAB23,0.108192687249999
IL17A,PHKA2,-0.108124661999999
IL17A,LINS1,0.107662428438115
IL17A,PDPR,-0.107598482946807
IL17A,ACOT13,-0.107569680609709
IL17A,TSEN2,-0.107470023272384
IL17A,HSD17B8,-0.107382563709216
IL17A,C6orf120,-0.107322980283667
IL17A,MTMR2,-0.107312272901305
IL17A,ISG20L2,0.107215539313135
IL17A,ZYX,0.107113640986185
IL17A,FZD7,-0.106678962077323
IL17A,SRSF8,-0.106645240142135
IL17A,COG4,-0.106609611930605
IL17A,WDHD1,-0.106601494384266
IL17A,IRF9,-0.106445216299233
IL17A,ADAM17,0.106310870500001
IL17A,SLC2A1,-0.106285272897368
IL17A,RALB,0.106280139930092
IL17A,ATP6V1G1,0.106146985
IL17A,MLH1,-0.106143375749999
IL17A,CBX1,-0.106098618330299
IL17A,ZBTB7A,0.106062261775671
IL17A,LTBP3,-0.106028887831283
IL17A,SMARCA1,-0.105839938536677
IL17A,ANGEL2,-0.105762682719892
IL17A,PRCC,0.105692998123086
IL17A,CBX5,-0.105661900355677
IL17A,TSR1,0.10562568125
IL17A,P3H4,-0.10551128447327
IL17A,GPATCH1,-0.105491650216035
IL17A,PSIP1,-0.10524633136606
IL17A,CCDC25,-0.105205021986116
IL17A,WDFY3,-0.105074695499999
IL17A,APOBEC3C,-0.10498494606433
IL17A,ADD3,-0.104984246454506
IL17A,DAPK1,-0.104870803560366
IL17A,EMC1,-0.104839881362879
IL17A,UCHL1,0.10478559614889
IL17A,LIPT1,-0.104777983605536
IL17A,NPM3,-0.104774349315151
IL17A,EVC,-0.104769631143167
IL17A,MAN2B2,-0.104561120767535
IL17A,STX5,0.104548737678456
IL17A,GMIP,0.10435436895004
IL17A,NUP43,-0.104171139578632
IL17A,UBE2B,0.104128094710419
IL17A,HSPBAP1,-0.104026953816063
IL17A,IFT22,-0.103973256726889
IL17A,EXOSC8,-0.103967910096979
IL17A,SERGEF,-0.103958717993995
IL17A,CSRNP2,0.103887509464954
IL17A,GNE,0.1037663865
IL17A,CYCS,0.10351811711819
IL17A,SERPINF1,-0.103505979553902
IL17A,TRMT5,-0.103444808861344
IL17A,TTC27,-0.103304158386995
IL17A,FTO,-0.10326409930471
IL17A,MRPL34,-0.103235687386573
IL17A,GATB,-0.103172085696249
IL17A,CSNK1D,0.103108569254174
IL17A,MICAL1,-0.103069612470388
IL17A,SAYSD1,-0.102860479048467
IL17A,NAPA,0.102724455144377
IL17A,PLIN2,-0.102718597786324
IL17A,SGCB,-0.102707495376706
IL17A,CRTAP,-0.102588644786172
IL17A,FABP3,-0.102496672484226
IL17A,MRPL40,-0.102494024625925
IL17A,CSTB,0.102226963375166
IL17A,DSCC1,-0.102218594064327
IL17A,TTPAL,-0.102123978536516
IL17A,RBFOX2,-0.101914512607507
IL17A,CETN3,-0.101815429616704
IL17A,TIPARP,0.101652703960103
IL17A,ARIH1,0.101652605030011
IL17A,TAF13,0.101424754227833
IL17A,MAEA,0.101406786914803
IL17A,GAS6,-0.101403005444425
IL17A,FADD,-0.101143085891197
IL17A,MED17,0.101025379692952
IL17A,KANSL2,-0.100994397989039
IL17A,UNC13B,-0.100944821002139
IL17A,SPR,-0.100859881034454
IL17A,KDM1A,-0.100855395857723
IL17A,NRBF2,0.100768033865787
IL17A,GPC1,-0.100696059402567
IL17A,PXMP4,-0.100683450332092
IL17A,EIF1,0.10062883304535
IL17A,ZNF236,-0.100592941617262
IL17A,CCDC6,-0.100529834377303
IL17A,OTUD3,0.100474679530725
IL17A,DLGAP4,0.100473899228421
IL17A,EGR1,-0.100453444303885
IL17A,GMEB1,0.100444786912281
IL17A,BTD,-0.100400939274108
IL17A,SNUPN,-0.100383895044237
IL12,SERPINB1,0.613924473765076
IL12,PIM1,0.53843375555237
IL12,MTHFD2,0.5272175103338
IL12,DPP4,0.515432143522181
IL12,UPP1,0.501067032561142
IL12,ITM2C,-0.480661465158121
IL12,PPIF,0.47339900145144
IL12,GADD45B,0.471804699845693
IL12,ATP2B4,0.466766070984719
IL12,HSPA5,0.440725318684751
IL12,TPM4,0.439697515975611
IL12,GTPBP8,0.437851498726518
IL12,LAP3,0.43320474142171
IL12,BAK1,0.42689417656521
IL12,HYOU1,0.422175090881799
IL12,DDIT4,0.41549350421545
IL12,ADAM19,0.408102601609162
IL12,STOM,0.40800389064616
IL12,KCTD9,0.40590614458418
IL12,NARF,0.402905041246481
IL12,PRDM1,0.402335665429235
IL12,IVNS1ABP,0.397099112262339
IL12,HSPA13,0.390269208482027
IL12,NMT2,-0.386609960763319
IL12,DUSP5,0.37757326159604
IL12,JUN,0.376254413464075
IL12,KDM7A,0.37158556837432
IL12,CASP8,0.364465587657956
IL12,MANF,0.364306371421499
IL12,ZBTB43,0.355144791146181
IL12,RPN1,0.354932179504381
IL12,ID3,-0.352635061454051
IL12,IRF1,0.351412593710201
IL12,ANKRD36B,-0.348741014386151
IL12,TOP1,0.344924991549043
IL12,MCCC2,0.336843126021356
IL12,PFKFB3,0.336686226038871
IL12,DCTPP1,0.332595216191759
IL12,ATP6V0E1,0.3308131317382
IL12,JUNB,0.32741453548173
IL12,CHST11,0.327191121946266
IL12,SLC25A44,0.32465860114708
IL12,SPCS3,0.324271940064936
IL12,SEC13,0.323904217830792
IL12,SLC35B1,0.32355208784432
IL12,CSTF2,0.32189144392777
IL12,RGS16,0.313843344334241
IL12,HSP90AB1,0.309411169815299
IL12,PARP4,-0.3073628525039
IL12,DENND5A,0.30613633341083
IL12,SBNO1,0.300850998537901
IL12,GADD45G,0.293365993616412
IL12,NOP16,0.29267619456998
IL12,RALA,0.290780165322445
IL12,RYBP,0.29071645091966
IL12,YIF1A,0.290216265451331
IL12,DDB2,-0.290156279473033
IL12,PGAP1,0.28933482579349
IL12,NR4A2,-0.2880145151994
IL12,HERC2,-0.287455167121533
IL12,C1QBP,0.28445019830505
IL12,SAC3D1,-0.28413213715259
IL12,TRAFD1,0.283396700431993
IL12,SDF2L1,0.283083361454139
IL12,HCCS,0.278915307630117
IL12,MAFF,0.27836822042246
IL12,GYG1,0.277433583540974
IL12,RAB27A,0.27697626312489
IL12,MVP,0.276847392125287
IL12,RBL2,-0.275231533319781
IL12,CHST7,-0.27505217490444
IL12,SCD,0.273140628080064
IL12,DYRK2,0.271719613968227
IL12,RCN1,0.27148449073054
IL12,EIF2S2,0.270564427977483
IL12,PSAT1,0.267073989731772
IL12,MAN2A1,0.266927797236187
IL12,PRKX,0.265875640867296
IL12,MSMO1,0.26561733902358
IL12,SLC31A1,0.26435372027407
IL12,PAN2,-0.264338849443259
IL12,PRDX4,0.264044424725446
IL12,SLC1A5,0.263189915579361
IL12,GBP2,0.262913102588804
IL12,HK1,0.261387128567687
IL12,ZKSCAN1,0.259871102452405
IL12,PAICS,0.259501847730601
IL12,CXCR4,-0.258791536193298
IL12,TIAM1,-0.25839385545768
IL12,LRP8,0.25769159363671
IL12,CCDC6,0.257072441779095
IL12,GABPB1,0.256664802619517
IL12,WSB2,0.255854841091711
IL12,PHLDA1,-0.255715487519066
IL12,CCDC28A,-0.254645332106091
IL12,RAB30,0.253961009142014
IL12,ITGAE,0.253614076664071
IL12,BZW1,0.251337122974787
IL12,SOCS3,0.248854315505632
IL12,RGS2,-0.247208751640638
IL12,NABP1,0.247124906695619
IL12,CCT5,0.24683379137931
IL12,CDKN1A,0.24635649081471
IL12,PSMD3,0.2458758862746
IL12,FKBP2,0.245722652057641
IL12,NHP2,0.2456234190738
IL12,CHSY1,0.245604034877086
IL12,RUVBL2,0.243966397270615
IL12,DNAJB1,0.24362721369538
IL12,CYCS,0.243284396940318
IL12,MAF,0.242594821858622
IL12,MXI1,0.24254539723262
IL12,SFXN3,-0.242408729021556
IL12,ARNTL2,0.24231331794583
IL12,SRP19,0.23971130001132
IL12,GRPEL1,0.2393749108129
IL12,FASTKD2,0.239062424734027
IL12,OXSR1,0.23902136028763
IL12,PRNP,0.237354896550807
IL12,SEC61G,0.237006476415399
IL12,RBPJ,0.236956393322451
IL12,GTPBP4,0.236566572196312
IL12,NEU1,0.235826679777817
IL12,MRPL3,0.23564498990079
IL12,ERO1A,0.235424202353359
IL12,ARF4,0.235131365306492
IL12,NDUFB8,0.234498776843299
IL12,DERL1,0.234470008460444
IL12,FBLN5,-0.23410734860816
IL12,RAB29,0.233951660024795
IL12,TICAM1,0.23367904697806
IL12,DENR,0.233510942046578
IL12,CCT7,0.2330239865934
IL12,ACTR2,0.2327227856424
IL12,SEC23B,0.232690216332461
IL12,RASSF2,-0.23237755216668
IL12,MALT1,0.23222542276625
IL12,TAP2,0.232152462775891
IL12,TXLNA,0.232151290252647
IL12,DNAJC9,0.231583473113084
IL12,NUP155,0.231138275453098
IL12,BAG5,0.231077733000279
IL12,TMEM38B,0.230680288807862
IL12,MAP3K5,0.230312812782271
IL12,SLC3A2,0.229790594793402
IL12,B4GALT5,0.229461899382502
IL12,TSR1,0.228045698818578
IL12,HBEGF,0.227952445768712
IL12,VWA5A,0.227733268537175
IL12,YRDC,0.226868452920447
IL12,MKNK2,0.226786953615553
IL12,SLC38A6,-0.2266561131242
IL12,EIF1,0.22665323315257
IL12,GOT1,0.226541585071528
IL12,PGK1,0.226530736170261
IL12,PUS3,0.22598620462796
IL12,SAR1B,0.225931490477885
IL12,CREG1,0.224850442348471
IL12,UBE2J1,0.224661598205722
IL12,SRP54,0.2243014458305
IL12,UBE2D3,0.224061139511843
IL12,LSM2,0.223656911769526
IL12,PIM2,0.223360829864092
IL12,PPA1,0.223068901050704
IL12,CDKN2C,-0.220904844924634
IL12,EGR2,0.220896602985093
IL12,IFI6,0.22075354256336
IL12,TUBA1B,0.220430203364239
IL12,TMEM208,0.219930621066
IL12,TRIP10,0.219750514965439
IL12,PSMB5,0.219693015417445
IL12,ETS1,0.219479824435348
IL12,KLF10,0.219392328688519
IL12,FKBP1B,-0.218769185804568
IL12,LRRC8B,-0.218733818138269
IL12,BTD,-0.218725267734898
IL12,GCLM,0.218456067334141
IL12,PTS,0.218037336308729
IL12,ARPC1A,0.21762580848503
IL12,XBP1,0.216292088729955
IL12,NUCB1,0.216201348407427
IL12,CCT2,0.214971157396815
IL12,DUSP4,-0.214197986991198
IL12,SPCS2,0.212858743402
IL12,STK3,0.212067802160874
IL12,FDFT1,0.211271444031873
IL12,MYO1B,0.211164659311909
IL12,VDAC1,0.211156091990372
IL12,ERH,0.2110880523805
IL12,TCEAL1,-0.21098536651146
IL12,FOXO3,-0.210666881741414
IL12,GGH,0.210628774965858
IL12,PCMTD2,-0.210416378262544
IL12,FAR2,0.2097266246952
IL12,MAP2K1,0.209721544381459
IL12,SUPV3L1,0.209578532801015
IL12,TXNIP,-0.2095334862067
IL12,RABGGTB,0.209472607875529
IL12,VCP,0.208421225226527
IL12,PPP3CA,-0.20755192632302
IL12,C2CD5,-0.2071949877574
IL12,YKT6,0.206976541859078
IL12,IFNAR2,-0.20669005102607
IL12,PRKACB,-0.206404831817466
IL12,MCL1,0.205198208423784
IL12,RFNG,-0.20482342669535
IL12,PAK1IP1,0.20453807503075
IL12,ZNF24,0.204530107383865
IL12,MTFR1,0.20449821854151
IL12,SCML1,0.20407704020673
IL12,GCNT1,0.20404572848862
IL12,MCMBP,0.20341612091041
IL12,LRRC59,0.202951317246409
IL12,PLIN2,0.202333707349269
IL12,TUBB2A,0.20209588551133
IL12,PPP2R5C,-0.201856865599099
IL12,GBE1,0.201641429671642
IL12,IGBP1,-0.201178527883599
IL12,TNFRSF10B,-0.200150845859795
IL12,MLEC,0.200138003253748
IL12,MAP3K14,-0.19981339934682
IL12,ATP6V0B,0.199546423915675
IL12,ZNF428,-0.198495947531681
IL12,ZSCAN16,-0.198331959963162
IL12,EIF4H,0.1976526246498
IL12,NFKBIA,0.197335628131102
IL12,ZNF12,0.197005276500047
IL12,CARHSP1,-0.196802791674179
IL12,RORA,0.196665396063072
IL12,PLEC,-0.196032196794079
IL12,TBPL1,0.195503423332497
IL12,SCAPER,-0.19536308409871
IL12,TBC1D4,-0.195179373817286
IL12,KPNA2,0.195038219076567
IL12,AURKAIP1,0.194881676947698
IL12,ZFP30,-0.194750445116409
IL12,NUP58,0.194642489949243
IL12,ATG5,0.194337902205318
IL12,RSRC1,0.194087627632522
IL12,CHMP2B,0.194053373859861
IL12,SARAF,-0.193989526463909
IL12,FUBP1,0.193964767173887
IL12,STT3A,0.19386827553667
IL12,STAM,0.19351721307278
IL12,BTN3A2,-0.193514743864828
IL12,CHN1,-0.193280781413055
IL12,HSD17B11,-0.192702621312452
IL12,PPP2R1B,0.192196805689211
IL12,KIF3B,0.192034477447535
IL12,NT5DC2,0.19179495470764
IL12,RPS6KB1,0.191581735067135
IL12,CSTF2T,0.191186630516516
IL12,FAM171A1,-0.19104069060055
IL12,FAM98A,0.19080247847491
IL12,MRPL18,0.190678520012129
IL12,EPM2AIP1,-0.190630717900048
IL12,MED16,0.190495215761556
IL12,HERC1,-0.190416805386722
IL12,COQ10B,0.190028541933915
IL12,ACYP2,-0.18931100416308
IL12,DHX40,0.189026427857792
IL12,PMM2,0.18865359569606
IL12,CENPN,0.188497843844397
IL12,ALDH3A2,-0.188073515932481
IL12,FAM8A1,-0.187799161986671
IL12,AKAP11,-0.187747365118043
IL12,KDSR,0.187560742517965
IL12,SRPRB,0.187540866109971
IL12,HSPA4,0.187525306313566
IL12,FARSA,0.187236332823222
IL12,CD82,-0.186726329686172
IL12,ABHD2,0.186656565053744
IL12,CKS2,0.186528816465451
IL12,PPP6R3,0.186147535615312
IL12,EIF3I,0.186075267184931
IL12,RCAN3,-0.185933004794659
IL12,NDUFA4,0.185910318993397
IL12,STK39,0.18576085853333
IL12,PLSCR1,0.185357991775772
IL12,REL,-0.185280367431623
IL12,TOMM22,0.18525371136181
IL12,C2orf68,-0.185227499624312
IL12,SENP6,-0.185067440317156
IL12,PSMD13,0.18448274986582
IL12,CELF2,0.184448646136501
IL12,EMC2,0.184445680515497
IL12,MAP4K4,0.184440711414378
IL12,FLOT2,-0.184077156167879
IL12,TRIB2,0.183958290677778
IL12,ACTN1,-0.183810590767379
IL12,GMNN,0.18373312110365
IL12,CAPRIN1,0.183085114400125
IL12,HK2,0.18306688257113
IL12,ATP6V1A,0.18301030051102
IL12,PRPF4,0.182837862472768
IL12,MED27,0.181817617765975
IL12,DDX21,0.181789322656131
IL12,U2AF1,0.181705853729082
IL12,CHD2,0.1815471386861
IL12,TM7SF3,-0.181505257822962
IL12,PDLIM2,-0.181368370094135
IL12,CHORDC1,0.181168425846949
IL12,RASA2,0.18101839592845
IL12,MAT2A,0.180658549761835
IL12,PFDN2,0.180614352455725
IL12,CCT4,0.180508388462757
IL12,LPIN2,-0.180103833321548
IL12,SEC61A1,0.179518147296315
IL12,ZNF83,-0.179377238333898
IL12,PHYH,-0.179309434833096
IL12,COG4,-0.178991572831512
IL12,SRP72,0.17895057240675
IL12,NETO2,0.178751314310722
IL12,BPTF,-0.178633783515299
IL12,RRAS2,0.17856670729667
IL12,MAGT1,0.178505420975505
IL12,FAM216A,0.178396877935832
IL12,CANX,0.177835797606251
IL12,LIG4,0.17768933833523
IL12,NIPA2,0.177654363183779
IL12,SDAD1,0.177448718238971
IL12,SRD5A3,-0.177404250650291
IL12,PIK3R1,0.177183448783415
IL12,DEGS1,0.17711904332692
IL12,THOC6,0.17696820475928
IL12,MSRB1,0.176760982850849
IL12,FTSJ1,0.176640103543695
IL12,DCLRE1C,-0.176571096915167
IL12,BLVRA,0.176399439906939
IL12,SENP5,0.17587790352961
IL12,ETF1,0.175596226306444
IL12,CUL4B,-0.17545798393819
IL12,TRADD,0.174721968185935
IL12,P4HB,0.174604390863118
IL12,N4BP1,0.174358743026012
IL12,GLA,0.174083739231149
IL12,POR,0.174028272908201
IL12,SPTBN1,-0.17349068688772
IL12,AFAP1,0.17299701915374
IL12,TTC37,-0.172849920986045
IL12,INPP5F,-0.17277510640135
IL12,APOBEC3C,-0.172745634187711
IL12,DIMT1,0.172519568072978
IL12,RNF24,0.172491452171488
IL12,ARIH2,0.17210999211716
IL12,FTSJ3,0.171877992005509
IL12,PEF1,0.17185576074869
IL12,PSMB10,0.1718427951146
IL12,TUBB,0.17165629401835
IL12,SUPT3H,-0.171558560768957
IL12,MRPS7,0.171517244747629
IL12,EIF5A,0.171493197716518
IL12,SF3B1,0.17132232586455
IL12,ABCD3,-0.171146871515155
IL12,AIMP2,0.1711121601678
IL12,HMGCS1,0.17087871037463
IL12,PTGER4,0.170864465529625
IL12,NR3C1,-0.17080392125067
IL12,PROSER1,0.170721605704245
IL12,PAQR3,0.170211694444261
IL12,NOC2L,0.17005323578053
IL12,TXLNG,0.16997695149611
IL12,WDR43,0.16987235726902
IL12,SMYD2,-0.169743555295418
IL12,GNE,0.169572794896595
IL12,SMAP1,0.169455904614868
IL12,CTSH,-0.1694016996787
IL12,SPHK1,0.16909491381685
IL12,N4BP2L2,-0.169092970653461
IL12,HSPA9,0.168841495552
IL12,EIF3J,0.16862366924149
IL12,PGM1,0.168518185133678
IL12,ATIC,0.168350108022299
IL12,CDC123,0.168055960231081
IL12,SIGIRR,-0.167998435041141
IL12,DNAJC1,0.16795673698586
IL12,PHTF2,-0.167828864911036
IL12,MSL3,-0.16779889394623
IL12,MAK16,0.167593175375179
IL12,PIGV,0.167513830771348
IL12,NAP1L3,-0.16635170124687
IL12,BTG3,0.166339272474676
IL12,FAM162A,0.166148035979251
IL12,C1GALT1,0.16594973085169
IL12,KCMF1,0.165942586628881
IL12,WSB1,0.165773010101269
IL12,XPO4,0.165734191678295
IL12,ZMYM1,-0.165693352133248
IL12,HMG20B,-0.16526839409347
IL12,CHMP5,0.165233381573151
IL12,MRPL17,0.165113197526658
IL12,ENO3,-0.165025126360491
IL12,SCAMP3,0.16500901039109
IL12,SYT11,0.164783633503898
IL12,CMAHP,0.164551713429207
IL12,LRPAP1,0.16438722911401
IL12,STAU1,0.164281700422977
IL12,EMC3,0.16421119218526
IL12,USO1,0.164207880824421
IL12,MSANTD2,-0.16361993619727
IL12,WDR46,0.16347698778815
IL12,CDKN1B,-0.163354275502201
IL12,STK17B,0.163244796403288
IL12,RPS6KA3,0.163240878179302
IL12,KLHL36,0.163214156184468
IL12,ZMYND8,-0.162790840631111
IL12,IFFO1,-0.162736446597698
IL12,MYD88,0.162467074210541
IL12,ESD,-0.16244756894198
IL12,ZNF668,0.162320627567215
IL12,TMEM147,0.161895576404421
IL12,TMEM214,0.161843682969098
IL12,CERS6,0.161283903223279
IL12,FLNA,-0.160943716737901
IL12,SLC16A1,0.160869373020574
IL12,EIF4E2,0.16079761521687
IL12,GNB5,-0.16078524134856
IL12,PSIP1,-0.160714538782202
IL12,HAX1,0.160208956041725
IL12,CCT3,0.160179091256698
IL12,EDC4,0.16003595518451
IL12,JMJD1C,-0.159431980647154
IL12,PTTG1,0.15924196563081
IL12,ULK1,-0.15899061733314
IL12,DYNC1I2,-0.158971076088659
IL12,RWDD2B,-0.158654262708435
IL12,KAT6B,-0.158583570778659
IL12,RBM28,0.15853351338279
IL12,NDUFAF4,0.15831237319194
IL12,HBS1L,0.158182616598383
IL12,ARNT,-0.158042610096111
IL12,CPSF6,0.158037179601964
IL12,EIF4B,-0.157890992179299
IL12,TAX1BP1,0.1577362776019
IL12,RCL1,0.157557212035731
IL12,LYRM1,0.157297819376321
IL12,ARF3,0.156865750088956
IL12,CREB3,0.156858040580169
IL12,STX6,0.156818496000049
IL12,TOMM40,0.156739745850942
IL12,SNRPB,0.156739123882598
IL12,GALNT2,0.156722704677415
IL12,MINPP1,0.15661432846329
IL12,MFAP3,0.156451134506511
IL12,UTP14A,0.1564266927531
IL12,ITPKB,-0.156193025101521
IL12,SEC61B,0.1561829084535
IL12,ZNF85,-0.156157441210008
IL12,CAPG,-0.15614357063922
IL12,CEP55,-0.15592202552419
IL12,YBX3,0.155920867714926
IL12,DZIP3,-0.1559094077318
IL12,STAT1,0.155731767775574
IL12,DNAJA1,0.155670400871674
IL12,EXOSC8,0.15545862746931
IL12,OPA3,0.1554091084941
IL12,PGS1,0.155397658903126
IL12,ERBB3,-0.155241378968711
IL12,VPS13B,-0.155208441026896
IL12,RUFY3,-0.154895794557521
IL12,DHX9,0.154796338052371
IL12,CHCHD2,0.1546285365168
IL12,ORMDL2,0.154596522735321
IL12,CRIP1,-0.15453269881076
IL12,SUSD6,0.154475630014831
IL12,NCAM1,0.15437508805591
IL12,VDAC2,0.154311860552075
IL12,RBM25,0.15418721484746
IL12,UBXN7,0.15388444700003
IL12,MYCBP2,-0.1538331285113
IL12,CCNE2,0.15372927417812
IL12,TMED10,0.153506080626009
IL12,IGFBP6,-0.15337667888375
IL12,MIS12,0.153297400818309
IL12,STOML2,0.153191694443241
IL12,STK10,-0.152604660971209
IL12,UCP2,-0.15255971356141
IL12,LLPH,0.152453953705029
IL12,NDUFA13,0.152439148746751
IL12,USP11,0.15242372827692
IL12,PSMA4,0.152404376339893
IL12,ATXN1,-0.1523839459918
IL12,ALDOC,0.152152538411899
IL12,PPP4R3A,0.152096166351503
IL12,REPIN1,-0.1520908091865
IL12,PSMD14,0.152048950904959
IL12,SPG11,-0.15170985694948
IL12,LAPTM4B,0.151680698834664
IL12,NOL11,0.151659037042
IL12,LTA4H,0.1516532195281
IL12,NLRX1,-0.151488169947211
IL12,TUBA4A,-0.151398455185729
IL12,IVD,-0.151300110164747
IL12,NUFIP1,0.151254297768579
IL12,C21orf91,0.151074231596019
IL12,AVEN,0.151014651755512
IL12,MICAL1,-0.150885707275402
IL12,ARCN1,0.15084745446145
IL12,ACP6,-0.15081038335096
IL12,CANT1,0.150633825013799
IL22,BLMH,-0.53793672707473
IL22,IL13RA1,0.439123466995033
IL22,CARHSP1,0.42576533518594
IL22,TSTA3,0.373935975
IL22,SERPINB1,0.367885822910823
IL22,LRP12,-0.332640334000001
IL22,ARNTL2,0.317097062025042
IL22,CDKN1C,-0.310655067956279
IL22,ACTN1,0.30374215
IL22,AAMDC,-0.29939945433904
IL22,ZNF518A,-0.29877073323589
IL22,ZNF426,0.297772525999999
IL22,SCG5,0.27977094854532
IL22,SOWAHC,0.274151706420453
IL22,C3orf52,0.273662661
IL22,ZNF589,0.272671613696669
IL22,TBC1D2,0.266792552538592
IL22,SMTN,0.266188924715349
IL22,LYN,0.265955300988302
IL22,VPS37C,-0.265364985629537
IL22,RORA,-0.265162489044155
IL22,PSAT1,-0.264158626387669
IL22,RHOB,0.260106411001171
IL22,IFIT3,0.254532807056087
IL22,GOLGA4,-0.253709248081667
IL22,MCFD2,0.247371178
IL22,FAM13B,-0.237121787989421
IL22,GATB,0.235666223324208
IL22,MRPS12,0.235609795577964
IL22,CASP4,0.231302155258128
IL22,WSB1,-0.228515465278619
IL22,CSNK2A2,-0.228371176999998
IL22,MYCBP2,-0.227535724612407
IL22,ZFP36L2,0.227102934782121
IL22,XKR8,0.22689305713409
IL22,UPP1,0.225439663301799
IL22,JUNB,0.225325221599599
IL22,PTPN12,0.224546165
IL22,EIF4EBP1,0.223681918382081
IL22,PRNP,0.222581305
IL22,TMEM38B,-0.221033402983761
IL22,TIMM17B,0.219582696965622
IL22,FBXO21,-0.218316938707611
IL22,EVC,-0.216917485
IL22,POLR2L,0.216904273811295
IL22,NDUFA4,0.215433111664708
IL22,SCPEP1,-0.213734684649006
IL22,KLF6,0.213071450193249
IL22,ROBO3,0.212805881116681
IL22,FIG4,-0.212384705173268
IL22,AHNAK,-0.212294103714428
IL22,SWAP70,-0.212116598010502
IL22,GPD1L,-0.212101865858539
IL22,DDB2,-0.211528636419201
IL22,RPGR,0.20839462243982
IL22,ZNF85,-0.208106262
IL22,ZNF132,0.20799090975079
IL22,UGCG,0.205081050226598
IL22,BCL2L1,0.204903774
IL22,ARMCX3,-0.20450574140737
IL22,CLPX,0.203506600859118
IL22,PFKFB3,0.202764415047651
IL22,MOSPD2,-0.201743617209782
IL22,GINS1,-0.20090003687475
IL22,MAGEH1,-0.19957842730992
IL22,MYL12A,0.198837625000001
IL22,JADE1,-0.19773893549403
IL22,FOSL1,0.19685887744634
IL22,PCSK5,-0.19668382280228
IL22,PROCR,0.196251740000001
IL22,DST,-0.196150661950704
IL22,LIPT1,-0.19611386
IL22,GMNN,-0.195983860542608
IL22,MINPP1,-0.195875542000001
IL22,FEZ2,0.193886570842792
IL22,R3HDM4,0.193567537125748
IL22,PIN4,0.192645077942396
IL22,NDUFB8,0.191875298444779
IL22,ANKMY2,-0.19103666613063
IL22,KRT18,0.19103473
IL22,TNIP2,0.190301745555461
IL22,HERC2,-0.190183840426112
IL22,MED7,0.19004421832291
IL22,PPP2R5C,0.1898024
IL22,ZFP36,0.189624072631489
IL22,EHD1,-0.189167973338689
IL22,LRPPRC,-0.18872073310702
IL22,TPM4,0.188644468634848
IL22,PSME4,-0.1881722079059
IL22,KANSL1L,-0.188070385
IL22,FDX1,-0.187282031572089
IL22,FUS,0.187144181999999
IL22,UPF3B,-0.186878134723509
IL22,MYD88,0.18534614
IL22,FLNB,0.184174710728977
IL22,CORO1B,-0.18415984294356
IL22,NIT1,0.184094641069983
IL22,CCNG1,-0.183330780244699
IL22,MPHOSPH6,0.182663509151861
IL22,ZNF282,0.182384841
IL22,B9D1,-0.182143081061189
IL22,PIK3R1,-0.18209889716458
IL22,RPL39L,0.181498967356058
IL22,CETN2,0.18144794304156
IL22,CLK4,-0.181025994675562
IL22,VPS13B,-0.181001765778075
IL22,CKB,-0.180536331350464
IL22,METTL17,-0.18049815726863
IL22,ARGLU1,-0.180448955952899
IL22,MSRB1,0.180431352863197
IL22,GTPBP2,0.18005191546773
IL22,AIDA,-0.179840652947481
IL22,SLC39A8,-0.179810010848279
IL22,WASF1,-0.179462521270903
IL22,MED27,0.17880877
IL22,IRS2,-0.178356600999999
IL22,CLDND1,-0.17768733565985
IL22,SLC35D2,0.177540317002434
IL22,DNAJB4,-0.17717868898534
IL22,NR3C1,-0.17674076
IL22,TRAPPC2,0.176427511055683
IL22,ZNF362,0.17506902560457
IL22,C1orf54,0.174999999601988
IL22,MBD3,0.174841112950669
IL22,DOCK4,-0.174645007000001
IL22,SNRNP25,0.173974106095457
IL22,PPIF,0.173357919999999
IL22,SPAG7,0.173037409126819
IL22,SMC2,-0.172990023580578
IL22,CDC25B,0.172728388328071
IL22,TAF12,0.171790439094618
IL22,WDYHV1,0.171124542066229
IL22,SS18L2,0.171036773803567
IL22,PHIP,-0.170283568622209
IL22,RAP2C,-0.170163197743801
IL22,ULBP2,0.169129786174494
IL22,PTPN13,-0.167133058434808
IL22,RBL1,0.166542896943788
IL22,ZNF24,0.166235465
IL22,DUSP22,0.166225468257048
IL22,DLEU1,-0.165312716999999
IL22,TRIM24,-0.165259610509461
IL22,ENC1,-0.164560902
IL22,MRPL24,0.164198390415355
IL22,ERCC1,0.163530110000002
IL22,ZNF200,0.163391592
IL22,TRIM32,0.163037983587696
IL22,TMX4,0.16260561164306
IL22,BTAF1,-0.162412782654048
IL22,TFAM,0.161984462206822
IL22,CERS6,-0.161769714447702
IL22,GINS2,0.161522560446616
IL22,POLH,0.161519779566779
IL22,BTG2,0.160671678285093
IL22,CDC42,0.160569983465111
IL22,PRPF4B,-0.160464672193245
IL22,GOLGA1,-0.160361071019189
IL22,EEA1,-0.159881218
IL22,GLRX,0.159765135222091
IL22,PRPF39,-0.159656665988485
IL22,GABBR1,-0.159604816178388
IL22,GAS2L1,-0.1589608868245
IL22,TPM3,0.15883623599131
IL22,UQCR10,0.158594515720214
IL22,MPV17,0.158473091776578
IL22,MBD5,-0.157800562198301
IL22,KCTD5,0.157597770000001
IL22,YEATS4,-0.157446118950408
IL22,PKD2,-0.157249147611829
IL22,OSGEPL1,-0.157013538894271
IL22,RAD54L,0.15693014149941
IL22,LGALS1,0.156715955295288
IL22,WWTR1,0.156497861999999
IL22,CBY1,0.156268556960729
IL22,EDN1,0.156119201917282
IL22,DHDDS,0.154775103000001
IL22,RGL2,0.154181051
IL22,RAB11FIP1,-0.154001587000002
IL22,CITED2,0.153935279999999
IL22,ATP6V1G1,0.153845029260529
IL22,JMJD6,0.153824931814189
IL22,KDM3A,-0.153623044452041
IL22,TFB1M,-0.153492689916799
IL22,CDK5RAP3,-0.153356352200592
IL22,BAZ2B,-0.153350776906797
IL22,STOML1,0.15329678189738
IL22,ICE2,-0.152905451934509
IL22,AGK,-0.152751559357868
IL22,PRMT3,-0.15273013
IL22,PPP2R3C,0.152662196000001
IL22,LRRFIP2,-0.152644759222821
IL22,RAD51AP1,-0.15252355
IL22,THOC2,-0.152034458499999
IL22,TP53I3,0.15178508
IL22,SORT1,-0.151568679778919
IL22,BLVRA,0.150930978865654
IL22,SMC5,-0.150089819857049
IL22,HBEGF,0.149643338200666
IL22,HMGN3,-0.149543719999999
IL22,FOXO3,-0.149320786294851
IL22,SREK1,-0.149011217877199
IL22,BPTF,-0.148928687499998
IL22,CPT2,-0.14820772947232
IL22,DRG2,0.147973996929538
IL22,PRDX1,0.14771354
IL22,ARHGDIB,0.147647109999999
IL22,AHNAK2,-0.146427039073379
IL22,TFDP2,-0.146427039073379
IL22,MAML1,-0.14616103190107
IL22,SPHK1,0.14608142689366
IL22,PIGK,-0.145799207
IL22,GOLGB1,-0.145551086931
IL22,DHRS7,0.145401939000001
IL22,NFKB1,0.1452931359328
IL22,GDAP1,0.145273548934679
IL22,USB1,0.144843232306769
IL22,ZNF532,-0.144293553012489
IL22,ABCB7,-0.144193039804877
IL22,PHB,0.143924207871589
IL22,VEZF1,-0.143887995
IL22,MAP2K4,-0.143741708234959
IL22,RPL26L1,0.1432923212482
IL22,SPAG5,0.14319463582779
IL22,GON4L,-0.1431614375
IL22,EHD3,-0.14274964157047
IL22,TIPRL,-0.142738647772928
IL22,ADAM19,0.142696633330256
IL22,LUC7L3,-0.142657852351095
IL22,EPM2AIP1,-0.142314287
IL22,CEP350,-0.141959189010128
IL22,NAA40,-0.141811317793845
IL22,STAM2,-0.141632025269559
IL22,TRAF4,0.14156696678208
IL22,ABCB6,-0.1415215785
IL22,APOO,0.14146967685667
IL22,MAP3K2,-0.141336336
IL22,MTR,-0.141011324999999
IL22,TUBG2,0.139846568176621
IL22,ZNF141,-0.139642724052901
IL22,IDH2,0.139453753907564
IL22,LPCAT3,0.139340655816375
IL22,FAM98A,-0.139306979999999
IL22,SNAPC1,0.139176047042599
IL22,AP2S1,0.138971460000001
IL22,RPL31,0.138768232747748
IL22,AAMP,0.138705066480767
IL22,HEATR3,0.13826444
IL22,PMVK,0.138225954932225
IL22,SLC16A5,0.138183762
IL22,GNB2,0.138156412726262
IL22,CKS2,0.137922634334313
IL22,ARMCX4,-0.13771327154225
IL22,CREBZF,-0.137424252531034
IL22,FAM234B,-0.1366901230871
IL22,CSTF2,0.136683051417418
IL22,SS18L1,-0.136662547310564
IL22,CHMP1B,0.136464898879636
IL22,RHOG,0.13636822
IL22,PFDN2,0.136354182789887
IL22,DEF8,0.13546098871505
IL22,PUF60,-0.13544502349016
IL22,WDR6,-0.135297225042256
IL22,DICER1,0.135131584332898
IL22,ZYX,0.13504983100816
IL22,MXRA7,-0.13461803
IL22,ANXA4,-0.134084851703852
IL22,WASF2,0.134057139999999
IL22,ZFC3H1,-0.134047965113716
IL22,UBE2S,0.133994503834489
IL22,SH3BGRL3,0.13387591
IL22,NR1D2,-0.133405097972631
IL22,LIG4,-0.132700024968139
IL22,IKBKB,0.132646007000002
IL22,RAB23,0.132574159087979
IL22,MTMR4,-0.132532147500001
IL22,SSBP1,0.131951130594147
IL22,RIPK1,0.131850584
IL22,HNRNPH1,-0.131648922426868
IL22,P4HTM,-0.131600866750499
IL22,SRSF11,-0.131504783128491
IL22,SLC19A2,-0.131465460541698
IL22,IDH1,-0.13141401869255
IL22,ZNF202,0.131363682821036
IL22,ARL4D,0.131148950500002
IL22,PNPLA6,0.13112746353158
IL22,ACP1,0.130980710000001
IL22,PLEC,0.130852881263003
IL22,PIGV,0.130768357008268
IL22,CSRP1,0.130678562302251
IL22,NUFIP1,-0.130607961932598
IL22,TBCB,0.130527662694661
IL22,ZC3H13,-0.130460969000001
IL22,GSPT2,-0.13036840350179
IL22,SNRPF,0.130308022345731
IL22,CCS,0.130241299969831
IL22,TNC,0.13010547833359
IL22,ZNF839,0.1300933575
IL22,TRAPPC3,0.12995976
IL22,EIF3H,0.12984362460308
IL22,AGA,0.129829595864513
IL22,NECAB3,-0.12926927387095
IL22,AKAP9,-0.129254108
IL22,TNFRSF12A,0.129171510000001
IL22,SUSD6,0.1289899563597
IL22,LRP5,0.128950523
IL22,AKAP11,-0.1289326639969
IL22,TMEM184C,-0.128794717908839
IL22,CD59,0.128606235471332
IL22,RBM39,-0.128604651405548
IL22,MAGED2,-0.128559144426141
IL22,TRAK2,-0.128525200586093
IL22,YY1,-0.128439071500001
IL22,SRRT,0.128430456038762
IL22,ALCAM,-0.128249087531501
IL22,SEC61G,0.127855935030103
IL22,GOLM1,0.127746962999541
IL22,ACYP1,0.127739401865662
IL22,GCC2,-0.127668525149254
IL22,ATP2A1,-0.12760128332222
IL22,INTS7,-0.127557430545091
IL22,ARF3,0.1275542609953
IL22,ANKRA2,-0.127469215
IL22,HELZ,-0.12720643
IL22,COX6A1,0.12702663
IL22,ZNHIT6,-0.126987229999999
IL22,STYXL1,0.126609263876356
IL22,CYBRD1,-0.126411349892539
IL22,TTC13,-0.12622959227151
IL22,ARL4A,0.126207092567713
IL22,PSMB6,0.125976403882314
IL22,WASF3,-0.125873361620396
IL22,NAV2,-0.125819161641395
IL22,ULK1,-0.125817460317318
IL22,NDUFAF1,0.125779213299909
IL22,PCF11,-0.125767635882893
IL22,TRIB3,0.12556683902048
IL22,RFNG,0.125282210208711
IL22,IGF2R,-0.125038089657055
IL22,IRF7,0.124928214000001
IL22,FLOT2,0.124797356
IL22,TSSC4,0.12450804775329
IL22,UHRF1BP1L,-0.124393896000001
IL22,MGA,-0.124039959761591
IL22,TUBB4B,0.123481828142226
IL22,EDC3,-0.123424760441681
IL22,SAFB2,-0.123382415505282
IL22,TIA1,-0.123254568011655
IL22,MRTO4,0.12309379946735
IL22,CEP162,-0.123056694443489
IL22,CRY1,-0.12266554838947
IL22,ZCCHC14,-0.122407170019075
IL22,DMXL2,-0.122284416999999
IL22,ACTB,0.122138737262802
IL22,ICE1,-0.12207408347854
IL22,GADD45GIP1,0.121830713241267
IL22,IER5,0.121667203619699
IL22,VEGFA,-0.121621137032778
IL22,TAF5,-0.121617544883977
IL22,NOC2L,0.12153412405139
IL22,ADCY7,0.121403314231939
IL22,AASS,-0.121251154706623
IL22,INTS6,-0.12121288979172
IL22,ASB6,0.121192365901739
IL22,GATAD1,-0.12111015297623
IL22,ETHE1,0.12095496552824
IL22,SMC3,-0.1206561556381
IL22,LRCH3,-0.120646606292361
IL22,GPN2,0.120545819688517
IL22,MAP2K2,-0.12044792435527
IL22,PTGS2,0.120294233717712
IL22,RBM41,-0.120224928904469
IL22,FKTN,-0.12016774093022
IL22,RPL11,0.120071222687102
IL22,TCERG1,-0.119810567721935
IL22,FAM89B,0.1196776945
IL22,TINF2,0.119573635306329
IL22,MIA3,-0.119538698198538
IL22,SUCLG1,0.119538698198538
IL22,PLP2,0.119518252233505
IL22,TNFAIP1,0.1194825375
IL22,DNASE2,-0.119479841914607
IL22,COX7B,0.11938571
IL22,UCHL3,0.119050269142471
IL22,NUDT1,0.119002932000001
IL22,MED28,-0.118984381700471
IL22,ISOC2,0.118928147259612
IL22,LLPH,-0.11874496978132
IL22,KLHL12,-0.118643884031695
IL22,CDC73,-0.11858844
IL22,GRPEL1,0.11856739166715
IL22,PPP1R12A,-0.118331666218022
IL22,BRD3,-0.118313207
IL22,ANAPC15,0.11820057285063
IL22,C19orf53,0.118116477687961
IL22,ACTR1B,0.118114100107249
IL22,UBE2D2,0.117874050000001
IL22,TMED1,0.11779391978667
IL22,TBPL1,-0.11770927029403
IL22,ZEB2,-0.117647903236771
IL22,TARDBP,-0.117529748519819
IL22,HSD17B10,0.117304715143062
IL22,NDRG4,-0.11726285766033
IL22,MAF,-0.117237675284373
IL22,PSMA3,-0.116791769474982
IL22,RNASET2,0.116716188931715
IL22,MRPL11,0.116694937652561
IL22,ZNF93,-0.116684113306626
IL22,PDP1,0.116639932200578
IL22,HIGD2A,0.116575936499999
IL22,SASH1,-0.116502514201693
IL22,RBX1,0.116340897029005
IL22,L1CAM,-0.116324117967232
IL22,TUBB6,0.116274714170538
IL22,PTTG1,0.116224569408665
IL22,DMTF1,-0.116085589999999
IL22,RBM5,-0.115933208872917
IL22,SAP18,0.115641132098393
IL22,PTEN,-0.115474622371703
IL22,ATRAID,-0.11535411
IL22,SLC25A24,0.115069218978801
IL22,GFER,0.115035086603101
IL22,CHD3,-0.114935766844662
IL22,TIMM8B,0.11457532
IL22,ZNF407,0.114558860038379
IL22,KLHL24,-0.114399372737086
IL22,MLXIP,0.114373471
IL22,POGZ,-0.114082478499999
IL22,STOML2,0.113557546239608
IL22,PUS3,-0.1135466780553
IL22,EXO5,-0.113532390162086
IL22,BTBD1,-0.113465763462971
IL22,UVRAG,-0.11346386551187
IL22,RSL24D1,0.11334371267531
IL22,NEMP1,-0.11329701872794
IL22,NIP7,0.113224400262185
IL22,FAM13A,-0.113210610447991
IL22,BLVRB,0.113102844502539
IL22,RNF19B,0.113016554747471
IL22,TPD52L2,0.112963489999999
IL22,KLHL9,-0.112908746232251
IL22,DIP2A,-0.112729599860769
IL22,IL1RAP,0.11269594794208
IL22,RFX3,-0.112474729258413
IL22,LPGAT1,-0.11227618
IL22,DYRK2,-0.112241375500002
IL22,RNF167,0.112237201115009
IL22,CENPC,-0.112063072000001
IL22,COA4,0.111948328177375
IL22,NPM3,0.111758050000001
IL22,CUL2,-0.111708494898015
IL22,ANKRD11,-0.111627057999999
IL22,WWP1,-0.111548790565944
IL22,NISCH,-0.111546652648157
IL22,NAA16,-0.111421729946361
IL22,MAGOHB,0.111387936
IL22,AGAP1,-0.111361108947704
IL22,NACA,0.11129831
IL22,CAPNS1,0.111281192878101
IL22,PLAT,0.111115801011499
IL22,HMGA1,0.11109307456869
IL22,DCLRE1B,-0.111041446984634
IL22,KDELR3,0.111002339263515
IL22,TRIT1,-0.110729842484082
IL22,CCNA2,-0.110722359999999
IL22,LPIN1,-0.110530680808848
IL22,DTX4,-0.110282055014911
IL22,PNMA1,0.110248459477539
IL22,BCL7B,0.110228445151247
IL22,TUBB2A,0.110022787327828
IL22,TAGLN2,0.110006565000001
IL22,GTF2H5,0.110002820409875
IL22,TAF1A,0.1099141688978
IL22,KANK1,-0.10973389079968
IL22,DUSP10,-0.109711371728612
IL22,ZNF222,-0.109633861082171
IL22,COL10A1,-0.109624491174498
IL22,AKAP10,-0.109421533499999
IL22,TXNL4A,0.10941966859018
IL22,AVPI1,-0.109395147311401
IL22,SHOC2,-0.109191058102342
IL22,EDC4,-0.109010621918705
IL22,RPP30,0.108868074374469
IL22,GSE1,-0.108803211496628
IL22,ELP5,0.108652724841457
IL22,AGL,-0.108533351014287
IL22,SNRPG,0.108457368724918
IL22,TTC37,-0.108414845500002
IL22,HACD2,-0.10838070994204
IL22,ARPC5,0.108316420577721
IL22,RIPK2,-0.108278647187836
IL22,MMD,-0.108025414000002
IL22,SCYL3,-0.108019461076159
IL22,IER3,0.107980678223704
IL22,AKR1B1,0.10796362282484
IL22,ETAA1,-0.107929518695578
IL22,PPCS,-0.107878620000001
IL22,ZNF302,-0.107867289373682
IL22,TPST2,0.1078115874533
IL22,NDUFA9,0.107771716190861
IL22,MCOLN1,-0.107544697799332
WNT3A,CYP1B1,0.377722293940755
WNT3A,QPCT,0.262309693552284
WNT3A,LBH,0.2226553
WNT3A,TNC,0.2211098249289
WNT3A,PIM2,-0.219697464483735
WNT3A,MAP1B,0.212366509695906
WNT3A,FAM171A1,0.20780799358734
WNT3A,ARL4C,0.199421292498619
WNT3A,ALDH3A2,0.194669541438754
WNT3A,KDM7A,0.191410950655331
WNT3A,LMCD1,-0.176889039513978
WNT3A,DRAM1,0.176704783289237
WNT3A,LEF1,0.176562024867966
WNT3A,FAM110B,0.171222497131174
WNT3A,ABCA1,-0.170771275753856
WNT3A,RGS2,-0.16674785243655
WNT3A,POLD4,0.157489778525867
WNT3A,BCL2L1,0.156429797019138
WNT3A,MCC,0.155344246188362
WNT3A,GPX3,0.154024513691277
WNT3A,RYBP,0.15373452477193
WNT3A,POLR3K,-0.151700396319913
WNT3A,KRT10,0.149733296242913
WNT3A,SCRG1,0.148397278634588
WNT3A,TBL1XR1,0.14717732214175
WNT3A,IRS2,-0.146850125752136
WNT3A,PLPP3,-0.146706907438531
WNT3A,PDP1,0.142681471568838
WNT3A,PHLDA1,0.14244313750646
WNT3A,ALDOC,-0.141105372117365
WNT3A,RCAN3,0.141026674489038
WNT3A,ETV1,-0.14099523868146
WNT3A,RND2,-0.13827617278217
WNT3A,VAMP2,0.137025794842698
WNT3A,AQP3,0.136987860191762
WNT3A,TUBD1,0.135283359552746
WNT3A,TASP1,-0.13430259577329
WNT3A,SPR,-0.133988719522851
WNT3A,JUNB,-0.13388655558259
WNT3A,UTP18,-0.132919776743011
WNT3A,AEN,-0.130745981807819
WNT3A,GPD1L,-0.130608047000001
WNT3A,TRIM24,-0.127736913430772
WNT3A,SCAPER,-0.126922334514876
WNT3A,PFKM,-0.12660599973921
WNT3A,CHFR,0.126550564345775
WNT3A,PEX5,-0.126382336039151
WNT3A,RAP2B,0.126208400866725
WNT3A,GPR161,0.126001191850953
WNT3A,MAFG,0.125754631630817
WNT3A,POLI,0.124539956058364
WNT3A,RCAN1,-0.124411623760914
WNT3A,TMEM208,-0.124240850392869
WNT3A,LIMK1,0.123374151022992
WNT3A,BEX1,-0.122547810531303
WNT3A,PTGER2,0.12125855132787
WNT3A,FAM13A,-0.121182184766091
WNT3A,DDRGK1,-0.120332255988052
WNT3A,CITED2,-0.119939073338952
WNT3A,CTSB,0.119901750840755
WNT3A,PPFIBP1,0.11852787199276
WNT3A,THBS3,0.11831504641851
WNT3A,DEF8,0.117333370832477
WNT3A,TMEM45A,0.116835168496513
WNT3A,ITPKB,0.115989079733845
WNT3A,IVNS1ABP,0.115368660524454
WNT3A,CEP112,0.114026666013622
WNT3A,ENO2,0.113975123368874
WNT3A,NFAT5,0.113774016667971
WNT3A,LMO7,0.113714106525781
WNT3A,ARL8B,0.113681366084017
WNT3A,ARID5B,0.113623046506351
WNT3A,VEZT,0.113204926418357
WNT3A,PPFIA1,0.113110071486158
WNT3A,PDLIM5,0.112974643001894
WNT3A,B9D1,0.112903376586434
WNT3A,RFTN1,-0.112307728354271
WNT3A,EPS15L1,-0.11173628141685
WNT3A,FAM89B,0.11120970693646
WNT3A,SLC25A36,0.11119659406284
WNT3A,SPHK1,0.111007906344291
WNT3A,WDR5B,0.110394747300884
WNT3A,FTSJ1,0.11004552849451
WNT3A,RB1,0.109966656550259
WNT3A,BTG3,0.109904672006558
WNT3A,SERPINE2,0.10989048894343
WNT3A,CHKA,-0.109355513122145
WNT3A,MAP3K1,0.109119078723326
WNT3A,IFI6,-0.108766337752694
WNT3A,AP4S1,0.108718560227599
WNT3A,HSF2,0.108514082937571
WNT3A,HS6ST1,-0.10836721440957
WNT3A,EMC6,0.10827743638016
WNT3A,SERGEF,0.108152257975691
WNT3A,ANGEL1,-0.107586553964779
WNT3A,DCAF13,-0.107536235061896
WNT3A,DDIT3,-0.10729344755226
WNT3A,METTL7A,-0.107198232506694
WNT3A,MT1X,-0.106326351939449
WNT3A,PHLPP2,-0.106188740044954
WNT3A,SAFB2,-0.106144925019474
WNT3A,MLF1,-0.105241448958624
WNT3A,AFG3L2,-0.104824354571033
WNT3A,RRP15,-0.104788176459212
WNT3A,CLDND1,0.104780413588164
WNT3A,SEC24D,-0.1045540304895
WNT3A,POLE3,-0.104469952176904
WNT3A,STOM,-0.104465074043683
WNT3A,UBL3,-0.1041534688832
WNT3A,WDR43,-0.103857574564652
WNT3A,SOWAHC,0.103475751711396
WNT3A,CHCHD3,-0.10338538709056
WNT3A,DOHH,0.10327514285945
WNT3A,SLC25A28,0.102747732921007
WNT3A,FER,0.102324973252657
WNT3A,PER3,-0.102318856774452
WNT3A,DNAJB4,-0.101844992854266
WNT3A,UBL4A,-0.10137853681102
WNT3A,ACVR2B,0.101167768048798
WNT3A,NDRG1,-0.10103839621713
WNT3A,PIH1D1,-0.100318906
WNT3A,SLC35F2,-0.10029495782894
WNT3A,PERP,0.100155456918742
WNT3A,APOBEC3C,0.100108188758067
WNT3A,LRRC47,-0.100048618948779
WNT3A,RUVBL1,-0.0998551785151691
WNT3A,PXMP4,-0.0994313258242717
WNT3A,SUPT3H,-0.0992291816387223
WNT3A,TAPBPL,-0.0991657246389138
WNT3A,RAB11FIP2,0.0987482090745004
WNT3A,ZNF219,-0.0980828192481
WNT3A,FHL1,-0.0978965831192231
WNT3A,ZNF767P,-0.0973683197346668
WNT3A,KPTN,-0.0972712644708559
WNT3A,DNAJA2,-0.0970914380098513
WNT3A,CDC14B,0.0969661865190025
WNT3A,ZNF394,-0.0967429953554352
WNT3A,MT1F,-0.0966205473302759
WNT3A,ARHGAP32,0.096561698362616
WNT3A,ETS1,-0.0965438504534001
WNT3A,NPM3,0.0962456550464518
WNT3A,TUFT1,-0.0962116842892668
WNT3A,DCLRE1C,0.0961145675109713
WNT3A,SOX4,0.0958958891595194
WNT3A,ASAP1,0.0955525381432202
WNT3A,SRRT,-0.0955284542132126
WNT3A,IGSF3,0.0954924030969794
WNT3A,DCTN4,-0.095449890249025
WNT3A,BRMS1,0.0953950564603731
WNT3A,DUSP4,0.0951539942499984
WNT3A,PPCS,0.0950938654488542
WNT3A,FJX1,-0.0946716930167497
WNT3A,BMP8B,0.0945340841935441
WNT3A,FABP3,-0.0943804615810801
WNT3A,DCLRE1A,0.0941317959999998
WNT3A,SOS1,0.0939288754638489
WNT3A,BTN3A1,-0.0938423130828369
WNT3A,LAMB1,0.0937898174395917
WNT3A,THAP3,-0.0937159919325001
WNT3A,CTNNAL1,0.0935694385936973
WNT3A,MSMO1,-0.093507939127198
WNT3A,TIAM1,0.0935045375713217
WNT3A,IFNAR2,-0.0934368981713399
WNT3A,KIF20B,-0.0934070321410598
WNT3A,PDCD11,-0.09333801
WNT3A,PEX2,0.0930904578957481
WNT3A,CSRNP2,0.0927667316207272
WNT3A,MRPL49,-0.0926679541601993
WNT3A,SEMA6C,0.0925678957618476
WNT3A,TNNC2,-0.092431838901995
WNT3A,ARG2,0.0923044851980308
WNT3A,PIGH,-0.0922896270525408
WNT3A,SRSF8,0.0922013205622107
WNT3A,UAP1L1,0.0919244120700399
WNT3A,ARHGEF6,-0.0917217410447204
WNT3A,KLHL9,0.0914698054573686
WNT3A,SLC39A8,0.0914238647681084
WNT3A,SLC39A14,-0.0914165756718246
WNT3A,PCID2,-0.09110566995066
WNT3A,ZNHIT6,-0.0910864058183982
WNT3A,DUSP1,-0.0910621329015315
WNT3A,STK10,-0.0910538412881294
WNT3A,CD2AP,-0.091000121438372
WNT3A,EIF5A,-0.0909845546425658
WNT3A,CCDC134,0.0907231704139257
WNT3A,PIGB,0.0906910388341453
WNT3A,TSPYL1,-0.0906364047863016
WNT3A,GCDH,-0.0906082486063157
WNT3A,HIBCH,-0.090491501803064
WNT3A,PTDSS2,-0.090329366817963
WNT3A,HHAT,0.0901886315442644
WNT3A,MKI67,0.0901366907523404
WNT3A,KCTD9,0.0901259336757691
WNT3A,TMEM134,0.0896174907734486
WNT3A,STX12,-0.0895815229617709
WNT3A,ZNF45,0.0895150751432878
WNT3A,MAP3K7CL,-0.089478620487565
WNT3A,REL,-0.0894774712441044
WNT3A,LBR,0.0894102911007448
WNT3A,B3GAT3,0.0893623449673324
WNT3A,ING3,0.0893611193767499
WNT3A,TTC30A,0.0891158167177286
WNT3A,LRP12,0.0889796580592703
WNT3A,WDR12,-0.0889640866753875
WNT3A,ATP11B,-0.0889224383488245
WNT3A,MAPKAPK5-AS1,-0.0888102198861699
WNT3A,MBIP,0.0884774404007637
WNT3A,SSX2IP,-0.0883387243763338
WNT3A,SDC4,-0.0882306918888211
WNT3A,B3GALNT1,0.0881313121697875
WNT3A,OSBPL10,-0.0880469755475399
WNT3A,IRF1,-0.0877029520497585
WNT3A,TRAF5,0.0876458173630627
WNT3A,KCNC4,0.0875448515276462
WNT3A,WBP1L,0.087446719488486
WNT3A,PSMC5,-0.0874248430571968
WNT3A,RHOQ,0.0873177838343388
WNT3A,UBL5,0.087311827490522
WNT3A,TRIB2,-0.0873025464638814
WNT3A,ZFP36L2,0.0871823854523303
WNT3A,TAF4B,-0.0869110441018667
WNT3A,GSTO1,-0.0868410434100348
WNT3A,PUF60,-0.0867103674877496
WNT3A,NCAPG,-0.0864404053314196
WNT3A,RBM4B,0.0863807726766152
WNT3A,DIXDC1,-0.0863670274652474
WNT3A,SSBP1,-0.0863086420949779
WNT3A,CDKN3,0.0862526125000001
WNT3A,CHST11,0.0861939041744244
WNT3A,AP1S2,0.0861400430901137
WNT3A,B4GALT1,0.0860778068284475
WNT3A,PAPSS2,-0.0860037597470833
WNT3A,NIPSNAP1,-0.0858533476903904
WNT3A,PEX11A,-0.0858363333433556
WNT3A,TOR1A,0.08576009800316
WNT3A,PCBP4,0.0855339463509672
WNT3A,PPP1R26,-0.0855240545584181
WNT3A,CHEK2,0.0854288992228025
WNT3A,WWC3,0.08535203704277
WNT3A,ZSCAN2,-0.0852635009292965
WNT3A,PAPPA,0.0851627010439371
WNT3A,MATN3,0.0850772222826645
WNT3A,GRPEL1,-0.0850570321180523
WNT3A,RAI14,-0.0850379551184107
WNT3A,RDH11,-0.0849842158243121
WNT3A,CDC42BPB,0.0849357743506793
WNT3A,ADORA2B,0.0849339494344836
WNT3A,MT2A,-0.0849301168117135
WNT3A,GTF2F2,-0.0849194149821395
WNT3A,EIF3D,-0.0848489667891634
WNT3A,ISOC2,-0.0848448758699018
WNT3A,DENND5B,0.0847834396502491
WNT3A,CD2BP2,0.0845436790089377
WNT3A,SGPL1,0.0844238072055798
WNT3A,CALD1,0.0843439395947844
WNT3A,REPS2,-0.0843093857927457
WNT3A,IMPDH2,-0.0842783466111072
WNT3A,MAML1,0.0842250026229303
WNT3A,DCBLD2,0.0839670982415201
WNT3A,ZNF174,-0.0839390729423235
WNT3A,NRIP1,0.0838394246472369
WNT3A,GFM1,-0.0837684386367808
WNT3A,CREB3L1,-0.0837155151531573
WNT3A,DCTPP1,0.0836281481149017
WNT3A,ZMIZ1,-0.0835857211258672
WNT3A,STAT2,0.083585225
WNT3A,LPCAT1,-0.0835541017057757
WNT3A,BET1L,0.0835067510352205
WNT3A,KDELR3,0.0831648129597688
WNT3A,WDR60,-0.0830476214581588
WNT3A,MECOM,0.0830055946371448
WNT3A,NUDT11,0.082993046846757
WNT3A,ASB13,-0.0829087579324856
WNT3A,TNS1,-0.0827021397175302
WNT3A,TIMM44,-0.0826006082485449
WNT3A,ROGDI,-0.0825872459999999
WNT3A,MRPS28,-0.0823761499889035
WNT3A,NUFIP1,0.0820894804520742
WNT3A,TEAD1,0.082010497347785
WNT3A,TYW1,-0.0819440904882793
WNT3A,TRAFD1,-0.0818850907416175
WNT3A,ARHGDIB,-0.0818530808534282
WNT3A,FYN,0.0817019261399187
WNT3A,VPS50,-0.0815775891963519
WNT3A,DLG3,-0.0815348528036046
WNT3A,XYLT2,-0.0815300878308755
WNT3A,ZNF354A,0.0813156118087983
WNT3A,NLE1,-0.0812200938036644
WNT3A,VCL,-0.0811706810305894
WNT3A,ZNF358,0.0810207746000126
WNT3A,BLVRB,-0.0809839407723283
WNT3A,DLK2,-0.0809294734136772
WNT3A,ZNF668,-0.0808822150000006
WNT3A,SMUG1,0.0806657999572249
WNT3A,TWSG1,0.0805791692365787
WNT3A,FAM20B,0.080485134080912
WNT3A,ARHGEF18,-0.0804814247875706
WNT3A,ZNF329,-0.080316971503922
WNT3A,TAF12,0.0801968356162752
WNT3A,RPS27A,-0.0801177708375906
WNT3A,ZBTB44,-0.0800341465824594
WNT3A,POLR1E,-0.0799387661204712
WNT3A,INSIG1,-0.0798315593995226
WNT3A,FAM98A,-0.0798315116269607
WNT3A,IFRD2,0.0796043562413606
WNT3A,CCDC47,-0.079597593150642
WNT3A,PCOLCE,0.0795706500675028
WNT3A,AVPI1,-0.0795341503465658
WNT3A,TBL3,-0.0795007926381377
WNT3A,RAD51,0.0793757445837251
WNT3A,MYEF2,-0.0790855430330153
WNT3A,DDX41,-0.079068363801166
WNT3A,TSPAN13,0.0790301553078682
WNT3A,LPIN1,-0.078963552547248
WNT3A,CENPA,0.0788462008638951
WNT3A,ARL4A,0.0788011851725199
WNT3A,CTDSP2,0.0787039883804157
WNT3A,PNISR,-0.078627114286369
WNT3A,DHRS7B,0.078618132006794
WNT3A,TPM1,-0.0785436803237615
WNT3A,RAD51AP1,-0.0780666931801139
WNT3A,PLA2G4C,-0.0780577797328803
WNT3A,ZNF711,0.0780392054115852
WNT3A,TRAPPC2,-0.0779316264397129
WNT3A,WDR77,-0.0777942349154574
WNT3A,ARHGAP6,0.0777557487738909
WNT3A,CDC42,-0.0776869574673058
WNT3A,EHD1,-0.0776573450115003
WNT3A,PDSS2,-0.0773525037782154
WNT3A,MTHFD1,-0.077343667093324
WNT3A,WWTR1,0.0773047176977357
WNT3A,METTL18,-0.0771527406634942
WNT3A,CDK12,-0.0771312333253022
WNT3A,LRRFIP2,0.0766845510835806
WNT3A,CELF2,0.07660129
WNT3A,YPEL5,0.0766012323019844
WNT3A,GTPBP2,0.0765744620661653
WNT3A,SAC3D1,0.0765449036843848
WNT3A,ZMAT5,-0.0764945213087773
WNT3A,TXNDC15,-0.0764650998145339
WNT3A,RBM12B,0.0764320010353745
WNT3A,TERF2,0.0764280701327355
WNT3A,GFER,0.0763046432882079
WNT3A,ZC2HC1A,0.0762429307726688
WNT3A,MRPS22,-0.0762318386648801
WNT3A,MDM4,0.0762192251051495
WNT3A,SYNCRIP,0.076195903932775
WNT3A,CANX,-0.0761093340112362
WNT3A,CYB5A,-0.0760655304524018
WNT3A,NPAS2,0.0760411999001817
WNT3A,RMI1,0.0760266899061417
WNT3A,PBXIP1,0.0759936143369433
WNT3A,ARMC7,0.075896563577291
WNT3A,DHRS1,-0.0758859796293505
WNT3A,ABAT,-0.0757691990996967
WNT3A,MRPS12,-0.0757635440228599
WNT3A,BECN1,-0.0757595589740622
WNT3A,CSGALNACT2,0.0756739493698188
WNT3A,PPP1R3D,0.0754960783181076
WNT3A,DUSP3,-0.0753665060982038
WNT3A,EDN1,0.0753285208427967
WNT3A,RANBP6,0.0752483630342797
WNT3A,ZCCHC14,0.0751062871339587
WNT3A,FOXO3,0.0750462099466142
WNT3A,CABIN1,0.0749651753859321
WNT3A,TEX10,-0.0749360629264628
WNT3A,METRN,-0.0749344765712536
WNT3A,NONO,-0.0748959541252691
WNT3A,PRDM4,0.0748637270445944
WNT3A,PDE4D,0.0748165317828972
WNT3A,UBE2E1,0.074803405109149
WNT3A,COA4,-0.0746687339833971
WNT3A,B9D2,-0.074650193331399
WNT3A,HLF,-0.0746451871420307
WNT3A,NR4A2,-0.074639478499999
WNT3A,EFEMP2,0.0745289781554392
WNT3A,ANXA2,0.0744730944040985
WNT3A,KIF16B,-0.0743928882901976
WNT3A,RRAS2,-0.0741930016795666
WNT3A,PIGV,0.0741610453156749
WNT3A,SNX2,-0.0741368199102545
WNT3A,BRD1,0.0740781880871228
WNT3A,ADPRH,0.074006202543224
WNT3A,TFE3,-0.0739524436104304
WNT3A,NLK,-0.0736711159721537
WNT3A,AGTPBP1,0.0735964716316606
WNT3A,SERPINI1,0.0735809689246198
WNT3A,FGD6,0.0735807339810181
WNT3A,ECHDC2,-0.0732409396943258
WNT3A,AATF,-0.0732036823750004
WNT3A,BMS1,-0.0730925564944495
WNT3A,TMEM87A,-0.0729852410056501
WNT3A,JARID2,-0.0729456332022101
WNT3A,SGCB,0.0728988098930099
WNT3A,FADD,0.0728166498063601
WNT3A,TACC1,0.0728024703379106
WNT3A,FXR2,0.0727327276758913
WNT3A,CDC42EP4,-0.0725863700307027
WNT3A,NGDN,-0.0725375577885056
WNT3A,PSIP1,-0.0725084485603888
WNT3A,KDM4C,-0.0724478466915756
WNT3A,MTHFD2,-0.0724350289031307
WNT3A,HSPBAP1,-0.0723421221254326
WNT3A,RHOG,-0.0723064864960001
WNT3A,ZMYND8,-0.0721124558771846
WNT3A,CRIP1,0.0721017454687938
WNT3A,CASP3,0.0720859511062705
WNT3A,UBE2D2,0.0719822178201297
WNT3A,IGFBP4,0.0718964130410479
WNT3A,SOD1,-0.0717655441849705
WNT3A,TPM3,-0.0717406778840978
WNT3A,SLC38A2,-0.0717152781145511
WNT3A,KLF6,0.0717129301464027
WNT3A,HILPDA,0.0716139534517581
WNT3A,ZNF428,0.0715562006907428
WNT3A,ATP1B3,0.0715339594828741
WNT3A,TCF7,0.0714659554917975
WNT3A,TBC1D2,0.0714051666711556
WNT3A,NOTCH1,-0.0714040094369145
WNT3A,TOM1L2,0.071365400584598
WNT3A,MKNK2,-0.0713077322516637
WNT3A,PLPP1,0.0713057765333697
WNT3A,PKNOX1,-0.0711517696439786
WNT3A,PAAF1,0.0711396145098524
WNT3A,ADD3,-0.0711321068901425
WNT3A,HP1BP3,0.0711301035441414
WNT3A,RAPGEF6,0.0709263451854851
WNT3A,PMM1,0.0707926448949698
WNT3A,MED1,0.0707440967787347
WNT3A,PTPN12,0.0707113591572192
WNT3A,ZRSR2,-0.0707017561304816
WNT3A,MED27,0.0706678640093529
WNT3A,ORC4,-0.0706076545619973
WNT3A,MAP2K1,-0.0705200694050829
WNT3A,CSTF3,-0.0703490141102665
WNT3A,SLC6A8,0.0703264815167172
WNT3A,EHD4,0.0702921315828084
WNT3A,ZNF267,-0.0702766721097347
WNT3A,BDH2,-0.0702507881084821
WNT3A,NRSN2,0.0701261132985777
WNT3A,TELO2,0.0700665988630693
WNT3A,RAE1,-0.0700315305224745
WNT3A,IDH2,-0.0700103551078224
WNT3A,MKKS,0.0700024314680298
WNT3A,VCPIP1,0.0699989350914132
WNT3A,HECTD3,0.0699894919034325
WNT3A,YAF2,0.0698816886490752
WNT3A,NFS1,-0.0698380631263339
WNT3A,FAIM,0.0697955051544698
WNT3A,NOC4L,-0.0697543998902023
WNT3A,SERPINB1,0.0696913283287745
WNT3A,IFT122,-0.06962871851412
WNT3A,BBOF1,0.0696057688370637
WNT3A,UNG,-0.069534682557788
WNT3A,PPRC1,-0.069525637794312
WNT3A,MAGEH1,-0.0694573231876498
WNT3A,ADAM19,0.0694099935700709
WNT3A,MAP2K2,-0.0694019615000338
WNT3A,ICE1,-0.0693919839343142
WNT3A,TMEM9B,0.0692467834801504
WNT3A,P4HTM,-0.0692339184849659
WNT3A,CXXC1,-0.0692190135600903
WNT3A,CNIH1,0.0691202068922254
WNT3A,CYB561D2,0.0690129921752791
WNT3A,NFKBIA,-0.0689142070395099
WNT3A,ZKSCAN1,0.0689141095968572
WNT3A,ZNF362,0.0688173312583719
WNT3A,CDK5,0.068766798760008
WNT3A,PDGFA,0.0687556027907656
WNT3A,KCTD20,0.0687022480212262
WNT3A,RCL1,-0.0685611870323281
WNT3A,PLXNA2,0.068505200524934
WNT3A,PHF20,-0.06837821863544
WNT3A,IGBP1,0.0681589202520736
WNT3A,ANK1,-0.0681553740284466
WNT3A,STX4,-0.0681263760625512
WNT3A,RBM25,-0.0681086902976342
WNT3A,IFNGR1,0.0680861721647856
WNT3A,SRPRB,-0.0680563947117036
WNT3A,RRAGA,0.0680078580000006
WNT3A,FGFR4,-0.067995693370827
WNT3A,ZNF230,0.0679508436152271
WNT3A,DHCR24,-0.0679319032206482
WNT3A,ZNF552,-0.067891234576412
WNT3A,CDK19,0.0678000839116093
WNT3A,MLEC,-0.0677425287663027
WNT3A,IL13RA1,-0.0677357351764005
WNT3A,APMAP,-0.0676980350384708
WNT3A,NXT1,-0.0676616987153932
WNT3A,SLC10A3,0.0676547460330212
WNT3A,POLR1B,-0.0676211380255957
WNT3A,EIF3B,-0.0675946409669641
WNT3A,ZNF224,0.0675944567736559
WNT3A,LZTR1,0.0675853562744405
WNT3A,STARD13,-0.0675436545796812
WNT3A,PEPD,-0.0675132593763248
WNT3A,LTA4H,-0.0673432862803511
WNT3A,MAVS,0.0672199348553315
WNT3A,RNF167,-0.0671729202154169
WNT3A,SDC3,0.067102918011181
IL13,SOCS3,0.374925
IL13,PTGER4,0.364331448398015
IL13,RGS16,0.358153286584082
IL13,CXCR4,-0.3476
IL13,B4GALT1,0.343
IL13,DUSP1,-0.322598440807881
IL13,PRDM1,0.3217239901075
IL13,DUSP5,0.306
IL13,TXNIP,-0.3056
IL13,IGSF3,0.29433256279002
IL13,LPXN,-0.28442784750246
IL13,IRF1,0.282811793250001
IL13,PNRC1,-0.27592
IL13,IFIT2,-0.251807958875419
IL13,SERPINI1,-0.249
IL13,RAB9A,-0.244871893784955
IL13,MAP3K1,-0.241914896803785
IL13,LPIN2,0.239621186534668
IL13,TP53BP2,0.238768270116658
IL13,NR4A2,-0.229805742
IL13,TAF4B,0.226356086596843
IL13,TGIF1,-0.22439238288523
IL13,MAP9,-0.219084678000002
IL13,VWA5A,-0.21717634691389
IL13,PKIA,-0.212298814500001
IL13,MTHFD2,0.2078155
IL13,MSMO1,-0.203809368087096
IL13,SPHK1,0.203476076949081
IL13,CNPY4,-0.203
IL13,MEGF9,-0.200798087033296
IL13,METTL7A,-0.19866949524719
IL13,CDKN3,-0.198493069201645
IL13,NDUFB3,-0.198
IL13,PIK3R3,-0.19758202712327
IL13,PITRM1,0.196781857529365
IL13,PKD2,0.195684726319839
IL13,RYBP,0.195
IL13,TWSG1,0.193582724012812
IL13,CENPQ,-0.187489961530535
IL13,IFT81,-0.186935237157056
IL13,ATXN3,-0.18567150326272
IL13,WEE1,-0.185435949771435
IL13,ZNF230,-0.18467057896554
IL13,CDKN1A,0.184651863583325
IL13,AMD1,0.183177375874999
IL13,ZNF217,0.18307661459958
IL13,CIR1,-0.182404904032361
IL13,TUBA1A,-0.182093369929096
IL13,TNFAIP1,0.179985379760695
IL13,RBM4B,-0.179339018258136
IL13,PDE5A,-0.178256863381596
IL13,PLXNC1,-0.177743604014605
IL13,DUSP10,-0.1766665927945
IL13,RBMS1,0.175539619997206
IL13,CHSY1,0.174962508803789
IL13,CCNA2,-0.1742
IL13,DSCC1,-0.172807090765435
IL13,SLC39A8,0.1716820651598
IL13,STK17B,0.170365685335709
IL13,KLF13,0.16998500489925
IL13,PLPP1,-0.169318847500001
IL13,KLF10,-0.169299724228776
IL13,DCAF6,-0.1687924399148
IL13,JUNB,0.168698111587351
IL13,KDM3A,-0.168202858638084
IL13,IL6ST,0.16796864925
IL13,VAT1,-0.167943309500002
IL13,RRAGB,-0.16684376625
IL13,CETN3,-0.165292059769695
IL13,NR1D2,-0.1649386003761
IL13,TOP2A,-0.163809173727956
IL13,WWTR1,-0.160782335
IL13,GSPT1,0.160482040439206
IL13,PHF21A,-0.158952437020259
IL13,NABP1,0.158844325412311
IL13,ADAR,0.156823893001
IL13,PBXIP1,-0.1567
IL13,WFS1,0.1565643195406
IL13,EGR1,0.156558747400324
IL13,CDKN1B,-0.1557925
IL13,NAMPT,0.155239586369248
IL13,KNTC1,-0.154770351750001
IL13,CCDC28A,-0.154597325105011
IL13,HMGN2,-0.15432
IL13,ABCC4,-0.153854318511224
IL13,KLHL24,-0.1522660915
IL13,DUSP4,-0.151570858578098
IL13,MMD,0.150913959906265
IL13,BCAT1,-0.150520369163869
IL13,SLC38A2,-0.150372043747299
IL13,HMGB2,-0.150066861020323
IL13,EFNA4,-0.149895
IL13,MT2A,-0.147962542769326
IL13,ATP1B1,-0.147755046173319
IL13,NUSAP1,-0.146997765500001
IL13,ING2,-0.1468
IL13,CD82,-0.146688171440735
IL13,NMT2,-0.146233401603105
IL13,MBOAT2,-0.146220740851044
IL13,BAZ1A,0.145933221452069
IL13,MBTD1,-0.145882034732145
IL13,ZNF266,-0.145702586478685
IL13,ING4,-0.14566435498214
IL13,THEMIS2,-0.145253832697877
IL13,SOS2,-0.14517
IL13,SERPINB1,0.14507300978824
IL13,GPSM2,-0.144730064809639
IL13,SLC25A40,-0.144525800095995
IL13,UAP1,0.144347054256831
IL13,KDM6A,-0.1441694320547
IL13,PDP1,-0.143447788858626
IL13,NOCT,0.143064384493429
IL13,HK1,0.142951046704985
IL13,BTAF1,0.142895369092271
IL13,MPC2,-0.142795421068419
IL13,LARP4,0.14279
IL13,HBP1,-0.142431141680732
IL13,EXOC1,-0.142281528517029
IL13,CEP68,-0.14217949610012
IL13,CCDC102B,-0.142053785622487
IL13,SP4,-0.1415715257757
IL13,POGLUT1,-0.141230566804765
IL13,GABARAP,-0.14070487514472
IL13,TPX2,-0.140692389250001
IL13,ZSCAN9,-0.14064916025
IL13,TMEM45A,-0.140603390288209
IL13,MAP2K1,0.140562224797866
IL13,DPP4,0.140378259332523
IL13,C11orf1,-0.14019414033122
IL13,CRISPLD2,0.139168630828161
IL13,MANEA,-0.13909016064482
IL13,MOSPD2,-0.139011282586386
IL13,XBP1,0.138965
IL13,RFC3,-0.1385
IL13,DAPK1,-0.138336592781219
IL13,SLC19A2,-0.138135249048021
IL13,TMEM19,-0.138127847338515
IL13,AKAP13,0.138054687283905
IL13,C1orf112,-0.137645164250001
IL13,SOCS6,-0.137395317579319
IL13,GSTA4,-0.137374914499997
IL13,FOXO4,-0.137286979499999
IL13,CMAHP,0.137220529267843
IL13,ZCCHC14,0.13712
IL13,ZNF432,-0.136419198226595
IL13,WWP1,-0.13593258775
IL13,PIGK,-0.13585155853727
IL13,SHTN1,-0.135642660521754
IL13,PHTF2,-0.13509900625
IL13,RAMP1,0.13498267175
IL13,GGH,-0.13493615
IL13,RAB5B,-0.13481
IL13,NAB2,-0.13461594865605
IL13,XYLT1,0.134614233729571
IL13,SPIN1,-0.134204442593915
IL13,ZSCAN2,-0.133760757740345
IL13,STX7,-0.132928065370066
IL13,DDIT3,-0.132283602618145
IL13,PTPN12,-0.132159211499999
IL13,HMMR,-0.13206658298175
IL13,HELLS,-0.132032116997752
IL13,CDC14A,-0.13202354489018
IL13,DDX58,0.132
IL13,SUSD6,0.131822439985581
IL13,LITAF,0.13181365588152
IL13,DEPDC1,-0.131327523482835
IL13,TRIM23,-0.131134235420861
IL13,HSD17B11,-0.13065
IL13,PAPPA,0.13035691945479
IL13,SCG5,-0.13033
IL13,SGCE,-0.130199999999999
IL13,SQSTM1,-0.130066801501503
IL13,UBE2J1,0.130029199319054
IL13,YBX3,0.13
IL13,IFNAR2,-0.12970051153478
IL13,BBS9,-0.129124402582015
IL13,UPF2,-0.129073364328602
IL13,UHRF1BP1L,0.129055287700095
IL13,CTSB,-0.128987388269559
IL13,COMMD8,-0.128817244570715
IL13,SMC2,-0.128324678250001
IL13,MIPEP,-0.12761
IL13,SLC7A7,-0.12740553575
IL13,NXT2,-0.127247830749999
IL13,MSH2,-0.127047488000001
IL13,LMNA,-0.127
IL13,VAMP8,-0.126713866369509
IL13,ZC2HC1A,-0.126647234803405
IL13,AGO4,-0.12644067024694
IL13,MFHAS1,0.126346955135796
IL13,PLCXD1,-0.126012714949983
IL13,BRD8,-0.126001302624999
IL13,RBBP8,-0.125982445287535
IL13,DNAJC15,-0.125649831767785
IL13,SP3,-0.12559
IL13,CEP76,-0.125578284881232
IL13,CEP55,-0.1252908205
IL13,RNF25,-0.12527373058445
IL13,DHFR,-0.1245425
IL13,CLK4,-0.124043262698748
IL13,BAZ2B,-0.124036230736355
IL13,ZCCHC4,-0.123320169152631
IL13,NDST2,0.1229985
IL13,RAI1,0.122862271276799
IL13,CARHSP1,-0.12272
IL13,RAD51,-0.122544396739325
IL13,METTL18,-0.122291
IL13,PPP1R15A,-0.12223944890377
IL13,THYN1,-0.122212
IL13,HADHB,0.122
IL13,DNAJC2,0.121838519999999
IL13,WDR48,-0.121444644431024
IL13,TOP1,0.121293888147079
IL13,ZNF292,-0.120639896745527
IL13,HAX1,-0.120634070020568
IL13,ZNF185,-0.120240575810903
IL13,CMTM6,0.1202
IL13,TBC1D31,-0.119975196759299
IL13,MPHOSPH9,-0.11990537394527
IL13,GLTP,-0.119832256565285
IL13,GPR157,0.119740213610828
IL13,PMS2P1,-0.119664616141786
IL13,STAT1,0.119499375481701
IL13,PPOX,-0.11947
IL13,PPA1,0.119311707562317
IL13,KCTD12,0.119136335634575
IL13,FBXO5,-0.119107696417151
IL13,PIGV,-0.119091603187625
IL13,TRPC1,-0.119033648200681
IL13,CCNB2,-0.118923045643578
IL13,CUL4B,-0.118717912060156
IL13,CKS2,-0.118675792240597
IL13,TOB2,-0.118280793514773
IL13,PTTG1IP,-0.118227104335771
IL13,ZBTB44,-0.118162555761406
IL13,VEZF1,-0.118123652543817
IL13,KBTBD2,-0.11812170786902
IL13,DCLRE1C,-0.117926745756561
IL13,PYGB,-0.117751088910685
IL13,ARMC9,-0.11763816376073
IL13,CNOT8,-0.11742081926383
IL13,CDC20,-0.117286010686111
IL13,GNPTAB,-0.117107171735966
IL13,CYTH2,-0.116824410952899
IL13,PTPN13,0.11660825374142
IL13,ADI1,-0.11611
IL13,UBE2E1,-0.115884771914615
IL13,PTGS2,-0.11570573188631
IL13,SCRN3,-0.1155
IL13,CBLB,-0.1155
IL13,NRAS,0.11541833375
IL13,RXRB,-0.115414553797879
IL13,FASTKD3,0.115364374124195
IL13,YRDC,0.115290795776414
IL13,ARL6IP1,-0.114997709027
IL13,WDR45,-0.11483257011492
IL13,HCCS,0.114732740702586
IL13,ANKRD6,0.11467750455661
IL13,PPM1B,-0.114609772190104
IL13,FBXO11,-0.11455060225
IL13,DLGAP5,-0.114526732286445
IL13,CREG1,0.114504985882892
IL13,UGP2,0.114285492749999
IL13,ZNF184,-0.114242882756935
IL13,CALCOCO1,-0.114210344393825
IL13,SQLE,-0.11414212152891
IL13,SERPINE2,0.11389
IL13,STOM,0.113765221786901
IL13,ADAM10,-0.113674864524226
IL13,PCBP3,0.113612805322276
IL13,KDSR,0.113447609967171
IL13,PTGER2,0.11337100954651
IL13,RUSC1,0.11305228375
IL13,RNF167,-0.112989655042269
IL13,NFE2L2,-0.11287
IL13,ZCCHC24,0.112475284491131
IL13,MTM1,0.112182259502179
IL13,DGKD,0.112172392021749
IL13,HHAT,-0.112027912333295
IL13,NR3C1,-0.112
IL13,RNF114,-0.111944365373471
IL13,ZNF175,-0.111797551258724
IL13,PMPCB,-0.111779281587057
IL13,LRRC8B,0.111748357652455
IL13,CD58,-0.111742650643849
IL13,JARID2,-0.11164536980967
IL13,PTTG1,-0.111457106624999
IL13,PEAK1,-0.111411105373398
IL13,FRS2,-0.111365151426087
IL13,MT1X,-0.1112
IL13,EEA1,0.110859244226096
IL13,AHI1,-0.11077
IL13,KIF14,-0.110747397753585
IL13,TGFBR2,-0.110709906079876
IL13,THNSL1,-0.11064
IL13,ASXL1,-0.1106287227277
IL13,RASA1,-0.11050207162819
IL13,MKNK2,-0.110433964081159
IL13,ETNK1,0.110233492999999
IL13,INSR,-0.110191120298485
IL13,ZNF468,-0.1097050383523
IL13,CDC14B,-0.109161619479931
IL13,PRC1,-0.10913735306764
IL13,ENO3,-0.109097844417797
IL13,PFN2,-0.109067891862531
IL13,CTSV,-0.10905267095819
IL13,RAD17,-0.10900537609827
IL13,LRRFIP1,0.108913549575462
IL13,ARL4A,0.108839386919838
IL13,IVNS1ABP,0.1085
IL13,GEMIN4,0.10815991325
IL13,TRIM68,-0.108104790254416
IL13,TTF1,-0.108065101627066
IL13,NFU1,-0.108038054341985
IL13,ORAI2,-0.107809930781359
IL13,GINS2,-0.107650286938556
IL13,ITGB5,-0.107451305498975
IL13,C2CD5,-0.10741124396765
IL13,HMGB1,-0.10725836145332
IL13,MBD5,-0.107105473511899
IL13,ANKMY2,-0.107073241643035
IL13,UBXN2B,-0.106845
IL13,SECISBP2L,-0.106826927515705
IL13,ELK1,0.10654897891386
IL13,MLLT11,-0.10651092431227
IL13,ZNF394,-0.10605
IL13,EFNB2,0.106
IL13,IFT122,-0.10586632195682
IL13,SIAH2,0.10586
IL13,AASS,0.1058004315
IL13,TP53BP1,-0.105775863050509
IL13,LRBA,-0.105735142859329
IL13,GTPBP4,0.10559498297543
IL13,RRAS2,0.105575665216225
IL13,THBS1,-0.105557274647265
IL13,SAC3D1,-0.105406223917761
IL13,RRM1,-0.105393300769491
IL13,PCMT1,-0.10531433857594
IL13,POLH,-0.10521451560071
IL13,PRKAB1,0.10507
IL13,UXT,-0.104793903729169
IL13,RPL31,-0.104332
IL13,LIG3,0.10427
IL13,DZANK1,-0.104257768266075
IL13,ZNF33B,-0.104187893287039
IL13,NME7,-0.104171138467175
IL13,CTNNAL1,0.104115176155792
IL13,CKS1B,-0.103945420107185
IL13,ANK1,0.10377649713284
IL13,RETSAT,-0.10374984647466
IL13,ZBTB18,-0.103322048501695
IL13,UXS1,-0.103169905719165
IL13,PITPNC1,-0.103126471596039
IL13,CALCOCO2,-0.103085219685799
IL13,UBXN7,-0.102840686826338
IL13,MSH3,-0.10284
IL13,VCL,0.10282523526185
IL13,SLC23A2,-0.102711695932759
IL13,TMEM185B,0.102605935425426
IL13,FLNB,-0.10257839735905
IL13,SIRPA,0.102350662239485
IL13,FAM3C,0.102268666823718
IL13,PCMTD2,-0.102200915499999
IL13,PAAF1,-0.102186892750001
IL13,TAP2,0.102186768752696
IL13,EDN1,-0.102169288464985
IL13,RBL2,-0.102088286319046
IL13,SLC20A1,0.1018895703914
IL13,AZI2,-0.101823446909624
IL13,DCTN5,-0.101673824968031
IL13,SPAG5,-0.101666806099431
IL13,AZIN1,-0.101632028419475
IL13,PCID2,-0.101529812747242
IL13,THAP11,-0.101519592473875
IL13,MBD4,-0.101449855180145
IL13,APMAP,-0.101264352740083
IL13,GYS1,0.101262026241239
IL13,MRPL39,-0.101240957657096
IL13,PGS1,0.101187025324474
IL13,HERPUD1,-0.100984934356537
IL13,NRIP3,-0.100974839306435
IL13,RAD51AP1,-0.100841007598594
IL13,PARP16,-0.10065
IL13,ZNF586,-0.100408549459326
IL13,PLPP3,-0.100337161250001
IL13,LSM7,-0.100097358235919
IL13,RECK,-0.0998029521882486
IL13,LRP5,-0.0996886546873052
IL13,CDK7,-0.0995136839688619
IL13,SBNO1,-0.09932
IL13,SCAPER,-0.0992139812903118
IL13,AGA,-0.0991189972131501
IL13,ATXN1,0.0990999999999999
IL13,IFIT3,-0.0990999999999999
IL13,NIPA2,0.099098750897923
IL13,TIPRL,-0.0990944200000001
IL13,SOCS5,-0.0990672071771952
IL13,CYCS,0.0989347761585506
IL13,TSC1,-0.0989176194268197
IL13,PCYOX1,-0.0989037179622798
IL13,CYBRD1,-0.0989
IL13,PPP2R1B,0.0988838844541915
IL13,CYP20A1,-0.0988824292117076
IL13,GOT1,0.0988736421903002
IL13,ACP2,-0.0986680494852945
IL13,EIF4A3,0.0986676616637414
IL13,DIP2A,-0.0983720804334802
IL13,PYROXD1,0.098268904439565
IL13,HTATSF1,-0.0981348888574297
IL13,WDR60,-0.0980563386761019
IL13,AQP3,0.0980000000000003
IL13,ARL3,-0.097983349201244
IL13,ACTR1B,-0.0979462872500001
IL13,INTS7,-0.0979345194485263
IL13,NFIC,0.0977342303380552
IL13,CD44,0.0975274723474437
IL13,ATG10,-0.0974380423967651
IL13,LNPEP,-0.0972972013549148
IL13,TMEM230,-0.0972668017655484
IL13,APH1B,-0.097058794236744
IL13,AIMP2,0.0970324030738138
IL13,SGCB,-0.0969999999999999
IL13,ACTR10,-0.0969349361008893
IL13,ZFYVE16,-0.0968899999999999
IL13,APPL2,-0.0968847952039708
IL13,KDELR2,0.0968804228657998
IL13,FNBP1L,-0.0968804153141409
IL13,EHD1,-0.0968514924219987
IL13,ZNF350,-0.0966500000000003
IL13,DCK,-0.0965839020702059
IL13,ADAM23,-0.0965649066412208
IL13,DUT,-0.0964834841669897
IL13,RALBP1,-0.0964468982500017
IL13,PLA2G4C,-0.0964203834987
IL13,CDK14,-0.0964
IL13,ORC4,-0.0963478660924663
IL13,GTF3C4,0.0962302019159627
IL13,RAD51C,-0.0962280717499997
IL13,ABHD2,-0.0961816020888841
IL13,HACD2,-0.0961028503687857
IL13,YIPF3,-0.0959733986129629
IL13,IMPA2,-0.0959420790816083
IL13,SLC24A1,-0.09581335325
IL13,HILPDA,-0.0958000000000001
IL13,VEZT,-0.0955607076130462
IL13,ZFP36,0.0953647181047041
IL13,KAT7,-0.0953330316195355
IL13,NDUFB2,-0.0950825043410441
IL13,ID3,-0.0949902723382898
IL13,NFKB1,0.0947544530217605
IL13,CCNJ,0.0946853831881999
IL13,STAG2,-0.094625
IL13,MALT1,-0.0945712858061704
IL13,CENPO,-0.0944999999999998
IL13,CABYR,-0.0944318284999994
IL13,GALNT3,0.0943650166153704
IL13,EEF1A1,-0.0943009787500015
IL13,CCDC51,-0.0941706749999991
IL13,TRIM5,-0.0941699853271202
IL13,NOP14,0.0940583920789839
IL13,PIBF1,-0.094
IL13,LHFPL2,0.0939703211282871
IL13,RBPJ,0.0938282224999991
IL13,CENPA,-0.0937057265772609
IL13,MAPK6,0.0935300929664801
IL13,NUDT1,-0.0935099999999998
IL13,TFDP2,-0.0934500000000002
IL13,PDE7B,-0.0934459051329898
IL13,APAF1,-0.0933702931536162
IL13,LGALS3,0.0933647207499994
IL13,CDC42SE1,-0.0932793495930717
IL13,RPS27L,-0.0930221067565702
IL13,EXOC6B,-0.0930000000000002
IL13,MBIP,-0.0927705339545301
IL13,MPDU1,0.0925
IL13,ZNF557,-0.0924967113289896
IL13,ECE1,0.0924233384142407
IL13,KLHL41,-0.0922346795657599
IL13,SLC38A4,-0.0922232580974274
IL13,MRC2,0.0922
IL13,KATNA1,-0.0920572227356402
IL13,OTUD4,0.0920226929680745
IL13,SMYD2,-0.0920131660265206
IL13,TBC1D4,0.092
IL13,ZNF3,-0.0916202900871958
IL13,CDK8,-0.09158
IL13,TXNDC9,-0.0914253356067806
IL13,TMX4,-0.0914142901250003
IL13,PER2,0.0911369228524243
IL13,CCNB1,-0.0910164387500005
IL13,CHST11,0.0910079933644394
IL13,NOLC1,0.0909693565441944
IL13,REPS2,0.0908851516126991
IL13,NONO,-0.090743165000001
IL13,VIPAS39,-0.0905999999999999
IL13,SEMA6A,0.090589311315
IL13,CDK19,-0.0905199999999999
IL13,PLIN2,-0.090511511849181
IL13,EPM2AIP1,-0.0904909734206844
IL13,ABCE1,0.0904045549923493
