source,target,mor
HALLMARK_IL2_STAT5_SIGNALING,MAFF,1
HALLMARK_COAGULATION,MAFF,1
HALLMARK_HYPOXIA,MAFF,1
HALLMARK_TNFA_SIGNALING_VIA_NFKB,MAFF,1
HALLMARK_COMPLEMENT,MAFF,1
HALLMARK_HYPOXIA,IER3,1
HALLMARK_P53_PATHWAY,IER3,1
HALLMARK_TNFA_SIGNALING_VIA_NFKB,IER3,1
HALLMARK_GLYCOLYSIS,IER3,1
HALLMARK_APOPTOSIS,IER3,1
HALLMARK_IL2_STAT5_SIGNALING,PHLDA1,1
HALLMARK_TNFA_SIGNALING_VIA_NFKB,PHLDA1,1
HALLMARK_TNFA_SIGNALING_VIA_NFKB,PTX3,1
HALLMARK_EPITHELIAL_MESENCHYMAL_TRANSITION,PTX3,1
HALLMARK_IL2_STAT5_SIGNALING,DENND5A,1
HALLMARK_TNFA_SIGNALING_VIA_NFKB,DENND5A,1
HALLMARK_TNFA_SIGNALING_VIA_NFKB,ABCA1,1
HALLMARK_PROTEIN_SECRETION,ABCA1,1
HALLMARK_ADIPOGENESIS,ABCA1,1
HALLMARK_BILE_ACID_METABOLISM,ABCA1,1
HALLMARK_INFLAMMATORY_RESPONSE,ABCA1,1
HALLMARK_INFLAMMATORY_RESPONSE,GPR183,1
HALLMARK_TNFA_SIGNALING_VIA_NFKB,GPR183,1
HALLMARK_UNFOLDED_PROTEIN_RESPONSE,TUBB2A,1
HALLMARK_TNFA_SIGNALING_VIA_NFKB,TUBB2A,1
HALLMARK_IL2_STAT5_SIGNALING,BMP2,1
HALLMARK_P53_PATHWAY,BMP2,1
HALLMARK_TNFA_SIGNALING_VIA_NFKB,BMP2,1
HALLMARK_TGF_BETA_SIGNALING,BMP2,1
HALLMARK_KRAS_SIGNALING_UP,BMP2,1
HALLMARK_UV_RESPONSE_UP,BMP2,1
HALLMARK_APOPTOSIS,BMP2,1
HALLMARK_TNFA_SIGNALING_VIA_NFKB,CFLAR,1
HALLMARK_APOPTOSIS,CFLAR,1
HALLMARK_ALLOGRAFT_REJECTION,RIPK2,1
HALLMARK_INTERFERON_GAMMA_RESPONSE,RIPK2,1
HALLMARK_INTERFERON_ALPHA_RESPONSE,RIPK2,1
HALLMARK_TNFA_SIGNALING_VIA_NFKB,RIPK2,1
HALLMARK_INFLAMMATORY_RESPONSE,RIPK2,1
HALLMARK_KRAS_SIGNALING_UP,YRDC,1
HALLMARK_TNFA_SIGNALING_VIA_NFKB,YRDC,1
HALLMARK_INTERFERON_GAMMA_RESPONSE,IRF1,1
HALLMARK_INTERFERON_ALPHA_RESPONSE,IRF1,1
HALLMARK_TNFA_SIGNALING_VIA_NFKB,IRF1,1
HALLMARK_IL6_JAK_STAT3_SIGNALING,IRF1,1
HALLMARK_INFLAMMATORY_RESPONSE,IRF1,1
HALLMARK_COMPLEMENT,IRF1,1
HALLMARK_UV_RESPONSE_UP,IRF1,1
HALLMARK_APOPTOSIS,IRF1,1
HALLMARK_TNFA_SIGNALING_VIA_NFKB,FUT4,1
HALLMARK_ALLOGRAFT_REJECTION,CCL2,1
HALLMARK_INTERFERON_GAMMA_RESPONSE,CCL2,1
HALLMARK_UNFOLDED_PROTEIN_RESPONSE,CCL2,1
HALLMARK_TNFA_SIGNALING_VIA_NFKB,CCL2,1
HALLMARK_INFLAMMATORY_RESPONSE,CCL2,1
HALLMARK_IL2_STAT5_SIGNALING,MXD1,1
HALLMARK_INFLAMMATORY_RESPONSE,MXD1,1
HALLMARK_P53_PATHWAY,MXD1,1
HALLMARK_TNFA_SIGNALING_VIA_NFKB,MXD1,1
HALLMARK_XENOBIOTIC_METABOLISM,ID2,1
HALLMARK_TNFA_SIGNALING_VIA_NFKB,ID2,1
HALLMARK_EPITHELIAL_MESENCHYMAL_TRANSITION,ID2,1
HALLMARK_TGF_BETA_SIGNALING,ID2,1
HALLMARK_ESTROGEN_RESPONSE_LATE,ID2,1
HALLMARK_KRAS_SIGNALING_UP,ID2,1
HALLMARK_KRAS_SIGNALING_DN,NR4A2,1
HALLMARK_TNFA_SIGNALING_VIA_NFKB,NR4A2,1
HALLMARK_IL2_STAT5_SIGNALING,CD83,1
HALLMARK_TNFA_SIGNALING_VIA_NFKB,CD83,1
HALLMARK_ALLOGRAFT_REJECTION,IFNGR2,1
HALLMARK_INFLAMMATORY_RESPONSE,IFNGR2,1
HALLMARK_TNFA_SIGNALING_VIA_NFKB,IFNGR2,1
HALLMARK_TGF_BETA_SIGNALING,IFNGR2,1
HALLMARK_IL6_JAK_STAT3_SIGNALING,IFNGR2,1
HALLMARK_IL2_STAT5_SIGNALING,MAP3K8,1
HALLMARK_TNFA_SIGNALING_VIA_NFKB,MAP3K8,1
HALLMARK_IL6_JAK_STAT3_SIGNALING,MAP3K8,1
HALLMARK_MYC_TARGETS_V2,DUSP2,1
HALLMARK_ESTROGEN_RESPONSE_LATE,DUSP2,1
HALLMARK_TNFA_SIGNALING_VIA_NFKB,DUSP2,1
HALLMARK_ALLOGRAFT_REJECTION,INHBA,1
HALLMARK_TNFA_SIGNALING_VIA_NFKB,INHBA,1
HALLMARK_EPITHELIAL_MESENCHYMAL_TRANSITION,INHBA,1
HALLMARK_INFLAMMATORY_RESPONSE,INHBA,1
HALLMARK_KRAS_SIGNALING_UP,INHBA,1
HALLMARK_WNT_BETA_CATENIN_SIGNALING,JAG1,1
HALLMARK_TNFA_SIGNALING_VIA_NFKB,JAG1,1
HALLMARK_NOTCH_SIGNALING,JAG1,1
HALLMARK_CHOLESTEROL_HOMEOSTASIS,JAG1,1
HALLMARK_ANGIOGENESIS,JAG1,1
HALLMARK_UNFOLDED_PROTEIN_RESPONSE,CEBPB,1
HALLMARK_TNFA_SIGNALING_VIA_NFKB,CEBPB,1
HALLMARK_COMPLEMENT,CEBPB,1
HALLMARK_UNFOLDED_PROTEIN_RESPONSE,VEGFA,1
HALLMARK_HEDGEHOG_SIGNALING,VEGFA,1
HALLMARK_HYPOXIA,VEGFA,1
HALLMARK_TNFA_SIGNALING_VIA_NFKB,VEGFA,1
HALLMARK_EPITHELIAL_MESENCHYMAL_TRANSITION,VEGFA,1
HALLMARK_ANGIOGENESIS,VEGFA,1
HALLMARK_GLYCOLYSIS,VEGFA,1
HALLMARK_MYOGENESIS,SPHK1,1
HALLMARK_INFLAMMATORY_RESPONSE,SPHK1,1
HALLMARK_P53_PATHWAY,SPHK1,1
HALLMARK_TNFA_SIGNALING_VIA_NFKB,SPHK1,1
HALLMARK_TNFA_SIGNALING_VIA_NFKB,CXCL3,1
HALLMARK_IL6_JAK_STAT3_SIGNALING,CXCL3,1
HALLMARK_TNFA_SIGNALING_VIA_NFKB,DUSP4,1
HALLMARK_TNFA_SIGNALING_VIA_NFKB,CCNL1,1
HALLMARK_ALLOGRAFT_REJECTION,ICAM1,1
HALLMARK_APICAL_JUNCTION,ICAM1,1
HALLMARK_INTERFERON_GAMMA_RESPONSE,ICAM1,1
HALLMARK_TNFA_SIGNALING_VIA_NFKB,ICAM1,1
HALLMARK_INFLAMMATORY_RESPONSE,ICAM1,1
HALLMARK_UV_RESPONSE_UP,ICAM1,1
HALLMARK_ALLOGRAFT_REJECTION,BCL3,1
HALLMARK_G2M_CHECKPOINT,BCL3,1
HALLMARK_TNFA_SIGNALING_VIA_NFKB,BCL3,1
HALLMARK_INTERFERON_GAMMA_RESPONSE,TNFAIP3,1
HALLMARK_HYPOXIA,TNFAIP3,1
HALLMARK_TNFA_SIGNALING_VIA_NFKB,TNFAIP3,1
HALLMARK_EPITHELIAL_MESENCHYMAL_TRANSITION,TNFAIP3,1
HALLMARK_KRAS_SIGNALING_UP,TNFAIP3,1
HALLMARK_COMPLEMENT,TNFAIP3,1
HALLMARK_TNFA_SIGNALING_VIA_NFKB,KLF2,1
HALLMARK_ANDROGEN_RESPONSE,PMEPA1,1
HALLMARK_TNFA_SIGNALING_VIA_NFKB,PMEPA1,1
HALLMARK_EPITHELIAL_MESENCHYMAL_TRANSITION,PMEPA1,1
HALLMARK_TGF_BETA_SIGNALING,PMEPA1,1
HALLMARK_COAGULATION,PLAU,1
HALLMARK_KRAS_SIGNALING_UP,PLAU,1
HALLMARK_TNFA_SIGNALING_VIA_NFKB,PLAU,1
HALLMARK_INTERFERON_GAMMA_RESPONSE,NFKB1,1
HALLMARK_UV_RESPONSE_DN,NFKB1,1
HALLMARK_TNFA_SIGNALING_VIA_NFKB,NFKB1,1
HALLMARK_INFLAMMATORY_RESPONSE,NFKB1,1
HALLMARK_INTERFERON_GAMMA_RESPONSE,CXCL10,1
HALLMARK_INTERFERON_ALPHA_RESPONSE,CXCL10,1
HALLMARK_IL2_STAT5_SIGNALING,CXCL10,1
HALLMARK_TNFA_SIGNALING_VIA_NFKB,CXCL10,1
HALLMARK_IL6_JAK_STAT3_SIGNALING,CXCL10,1
HALLMARK_INFLAMMATORY_RESPONSE,CXCL10,1
HALLMARK_KRAS_SIGNALING_UP,CXCL10,1
HALLMARK_TNFA_SIGNALING_VIA_NFKB,NFKB2,1
HALLMARK_ANGIOGENESIS,CXCL6,1
HALLMARK_INFLAMMATORY_RESPONSE,CXCL6,1
HALLMARK_TNFA_SIGNALING_VIA_NFKB,CXCL6,1
HALLMARK_EPITHELIAL_MESENCHYMAL_TRANSITION,CXCL6,1
HALLMARK_ALLOGRAFT_REJECTION,TNF,1
HALLMARK_APOPTOSIS,TNF,1
HALLMARK_TNFA_SIGNALING_VIA_NFKB,TNF,1
HALLMARK_IL6_JAK_STAT3_SIGNALING,TNF,1
HALLMARK_INTERFERON_GAMMA_RESPONSE,NFKBIA,1
HALLMARK_TNFA_SIGNALING_VIA_NFKB,NFKBIA,1
HALLMARK_INFLAMMATORY_RESPONSE,NFKBIA,1
HALLMARK_UV_RESPONSE_UP,NFKBIA,1
HALLMARK_TNFA_SIGNALING_VIA_NFKB,LITAF,1
HALLMARK_TNFA_SIGNALING_VIA_NFKB,EGR2,1
HALLMARK_UV_RESPONSE_DN,PLPP3,1
HALLMARK_TNFA_SIGNALING_VIA_NFKB,PLPP3,1
HALLMARK_ALLOGRAFT_REJECTION,IL12B,1
HALLMARK_KRAS_SIGNALING_DN,IL12B,1
HALLMARK_TNFA_SIGNALING_VIA_NFKB,IL12B,1
HALLMARK_INFLAMMATORY_RESPONSE,IL12B,1
HALLMARK_INFLAMMATORY_RESPONSE,TNFSF9,1
HALLMARK_P53_PATHWAY,TNFSF9,1
HALLMARK_TNFA_SIGNALING_VIA_NFKB,TNFSF9,1
HALLMARK_ALLOGRAFT_REJECTION,CCL4,1
HALLMARK_TNFA_SIGNALING_VIA_NFKB,CCL4,1
HALLMARK_TNFA_SIGNALING_VIA_NFKB,SPSB1,1
HALLMARK_TNFA_SIGNALING_VIA_NFKB,TNIP1,1
HALLMARK_TNFA_SIGNALING_VIA_NFKB,TNC,1
HALLMARK_EPITHELIAL_MESENCHYMAL_TRANSITION,TNC,1
HALLMARK_MYC_TARGETS_V1,MYC,1
HALLMARK_WNT_BETA_CATENIN_SIGNALING,MYC,1
HALLMARK_IL2_STAT5_SIGNALING,MYC,1
HALLMARK_G2M_CHECKPOINT,MYC,1
HALLMARK_UV_RESPONSE_DN,MYC,1
HALLMARK_E2F_TARGETS,MYC,1
HALLMARK_TNFA_SIGNALING_VIA_NFKB,MYC,1
HALLMARK_MYC_TARGETS_V2,MYC,1
HALLMARK_ESTROGEN_RESPONSE_EARLY,MYC,1
HALLMARK_INFLAMMATORY_RESPONSE,MYC,1
HALLMARK_HYPOXIA,SDC4,1
HALLMARK_TNFA_SIGNALING_VIA_NFKB,SDC4,1
HALLMARK_EPITHELIAL_MESENCHYMAL_TRANSITION,SDC4,1
HALLMARK_TNFA_SIGNALING_VIA_NFKB,NFE2L2,1
HALLMARK_MTORC1_SIGNALING,MAP2K3,1
HALLMARK_HEME_METABOLISM,MAP2K3,1
HALLMARK_PI3K_AKT_MTOR_SIGNALING,MAP2K3,1
HALLMARK_TNFA_SIGNALING_VIA_NFKB,MAP2K3,1
HALLMARK_FATTY_ACID_METABOLISM,G0S2,1
HALLMARK_KRAS_SIGNALING_UP,G0S2,1
HALLMARK_TNFA_SIGNALING_VIA_NFKB,G0S2,1
HALLMARK_MTORC1_SIGNALING,SLC2A3,1
HALLMARK_IL2_STAT5_SIGNALING,SLC2A3,1
HALLMARK_HYPOXIA,SLC2A3,1
HALLMARK_TNFA_SIGNALING_VIA_NFKB,SLC2A3,1
HALLMARK_TNFA_SIGNALING_VIA_NFKB,NR4A3,1
HALLMARK_ALLOGRAFT_REJECTION,CSF1,1
HALLMARK_INTERFERON_ALPHA_RESPONSE,CSF1,1
HALLMARK_IL2_STAT5_SIGNALING,CSF1,1
HALLMARK_TNFA_SIGNALING_VIA_NFKB,CSF1,1
HALLMARK_IL6_JAK_STAT3_SIGNALING,CSF1,1
HALLMARK_INFLAMMATORY_RESPONSE,CSF1,1
HALLMARK_TNFA_SIGNALING_VIA_NFKB,CXCL1,1
HALLMARK_COMPLEMENT,CXCL1,1
HALLMARK_EPITHELIAL_MESENCHYMAL_TRANSITION,CXCL1,1
HALLMARK_IL6_JAK_STAT3_SIGNALING,CXCL1,1
HALLMARK_TNFA_SIGNALING_VIA_NFKB,HES1,1
HALLMARK_NOTCH_SIGNALING,HES1,1
HALLMARK_ESTROGEN_RESPONSE_EARLY,HES1,1
HALLMARK_IL2_STAT5_SIGNALING,TNFRSF9,1
HALLMARK_INFLAMMATORY_RESPONSE,TNFRSF9,1
HALLMARK_TNFA_SIGNALING_VIA_NFKB,TNFRSF9,1
HALLMARK_P53_PATHWAY,KLF4,1
HALLMARK_TNFA_SIGNALING_VIA_NFKB,KLF4,1
HALLMARK_ESTROGEN_RESPONSE_LATE,KLF4,1
HALLMARK_ESTROGEN_RESPONSE_EARLY,KLF4,1
HALLMARK_KRAS_SIGNALING_UP,KLF4,1
HALLMARK_ANDROGEN_RESPONSE,PDLIM5,1
HALLMARK_XENOBIOTIC_METABOLISM,PDLIM5,1
HALLMARK_UV_RESPONSE_DN,PDLIM5,1
HALLMARK_MITOTIC_SPINDLE,PDLIM5,1
HALLMARK_TNFA_SIGNALING_VIA_NFKB,PDLIM5,1
HALLMARK_IL2_STAT5_SIGNALING,KLF6,1
HALLMARK_HYPOXIA,KLF6,1
HALLMARK_TNFA_SIGNALING_VIA_NFKB,KLF6,1
HALLMARK_INFLAMMATORY_RESPONSE,KLF6,1
HALLMARK_TNFA_SIGNALING_VIA_NFKB,BCL2A1,1
HALLMARK_ALLOGRAFT_REJECTION,IL18,1
HALLMARK_TNFA_SIGNALING_VIA_NFKB,IL18,1
HALLMARK_INFLAMMATORY_RESPONSE,IL18,1
HALLMARK_APOPTOSIS,IL18,1
HALLMARK_TNFA_SIGNALING_VIA_NFKB,PHLDA2,1
HALLMARK_TNFA_SIGNALING_VIA_NFKB,GEM,1
HALLMARK_EPITHELIAL_MESENCHYMAL_TRANSITION,GEM,1
HALLMARK_XENOBIOTIC_METABOLISM,SERPINE1,1
HALLMARK_COAGULATION,SERPINE1,1
HALLMARK_HYPOXIA,SERPINE1,1
HALLMARK_UV_RESPONSE_DN,SERPINE1,1
HALLMARK_TNFA_SIGNALING_VIA_NFKB,SERPINE1,1
HALLMARK_EPITHELIAL_MESENCHYMAL_TRANSITION,SERPINE1,1
HALLMARK_TGF_BETA_SIGNALING,SERPINE1,1
HALLMARK_INFLAMMATORY_RESPONSE,SERPINE1,1
HALLMARK_COMPLEMENT,SERPINE1,1
HALLMARK_HYPOXIA,PLAUR,1
HALLMARK_TNFA_SIGNALING_VIA_NFKB,PLAUR,1
HALLMARK_EPITHELIAL_MESENCHYMAL_TRANSITION,PLAUR,1
HALLMARK_APICAL_SURFACE,PLAUR,1
HALLMARK_CHOLESTEROL_HOMEOSTASIS,PLAUR,1
HALLMARK_INFLAMMATORY_RESPONSE,PLAUR,1
HALLMARK_KRAS_SIGNALING_UP,PLAUR,1
HALLMARK_COMPLEMENT,PLAUR,1
HALLMARK_ANDROGEN_RESPONSE,TNFAIP8,1
HALLMARK_TNFA_SIGNALING_VIA_NFKB,TNFAIP8,1
HALLMARK_G2M_CHECKPOINT,MARCKS,1
HALLMARK_MITOTIC_SPINDLE,MARCKS,1
HALLMARK_TNFA_SIGNALING_VIA_NFKB,MARCKS,1
HALLMARK_TNFA_SIGNALING_VIA_NFKB,CXCL2,1
HALLMARK_UV_RESPONSE_UP,CXCL2,1
HALLMARK_TNFA_SIGNALING_VIA_NFKB,B4GALT5,1
HALLMARK_MTORC1_SIGNALING,PPP1R15A,1
HALLMARK_HYPOXIA,PPP1R15A,1
HALLMARK_P53_PATHWAY,PPP1R15A,1
HALLMARK_KRAS_SIGNALING_UP,PPP1R15A,1
HALLMARK_TNFA_SIGNALING_VIA_NFKB,PPP1R15A,1
HALLMARK_TGF_BETA_SIGNALING,PPP1R15A,1
HALLMARK_TNFA_SIGNALING_VIA_NFKB,TRIP10,1
HALLMARK_XENOBIOTIC_METABOLISM,NINJ1,1
HALLMARK_P53_PATHWAY,NINJ1,1
HALLMARK_TNFA_SIGNALING_VIA_NFKB,NINJ1,1
HALLMARK_TNFA_SIGNALING_VIA_NFKB,EGR3,1
HALLMARK_ESTROGEN_RESPONSE_LATE,EGR3,1
HALLMARK_ESTROGEN_RESPONSE_EARLY,EGR3,1
HALLMARK_APOPTOSIS,EGR3,1
HALLMARK_TNFA_SIGNALING_VIA_NFKB,BIRC2,1
HALLMARK_COAGULATION,OLR1,1
HALLMARK_ANGIOGENESIS,OLR1,1
HALLMARK_INFLAMMATORY_RESPONSE,OLR1,1
HALLMARK_TNFA_SIGNALING_VIA_NFKB,OLR1,1
HALLMARK_COMPLEMENT,OLR1,1
HALLMARK_TNFA_SIGNALING_VIA_NFKB,PER1,1
HALLMARK_ADIPOGENESIS,PFKFB3,1
HALLMARK_HYPOXIA,PFKFB3,1
HALLMARK_TNFA_SIGNALING_VIA_NFKB,PFKFB3,1
HALLMARK_MTORC1_SIGNALING,CDKN1A,1
HALLMARK_INTERFERON_GAMMA_RESPONSE,CDKN1A,1
HALLMARK_MYOGENESIS,CDKN1A,1
HALLMARK_P53_PATHWAY,CDKN1A,1
HALLMARK_APOPTOSIS,CDKN1A,1
HALLMARK_HYPOXIA,CDKN1A,1
HALLMARK_E2F_TARGETS,CDKN1A,1
HALLMARK_TNFA_SIGNALING_VIA_NFKB,CDKN1A,1
HALLMARK_PI3K_AKT_MTOR_SIGNALING,CDKN1A,1
HALLMARK_INFLAMMATORY_RESPONSE,CDKN1A,1
HALLMARK_TNFA_SIGNALING_VIA_NFKB,SIK1,1
HALLMARK_ANDROGEN_RESPONSE,SAT1,1
HALLMARK_P53_PATHWAY,SAT1,1
HALLMARK_TNFA_SIGNALING_VIA_NFKB,SAT1,1
HALLMARK_EPITHELIAL_MESENCHYMAL_TRANSITION,SAT1,1
HALLMARK_APOPTOSIS,SAT1,1
HALLMARK_COAGULATION,PLEK,1
HALLMARK_TNFA_SIGNALING_VIA_NFKB,PLEK,1
HALLMARK_COMPLEMENT,PLEK,1
HALLMARK_COAGULATION,SERPINB2,1
HALLMARK_KRAS_SIGNALING_DN,SERPINB2,1
HALLMARK_TNFA_SIGNALING_VIA_NFKB,SERPINB2,1
HALLMARK_COMPLEMENT,SERPINB2,1
HALLMARK_ESTROGEN_RESPONSE_EARLY,KLF10,1
HALLMARK_TNFA_SIGNALING_VIA_NFKB,KLF10,1
HALLMARK_TGF_BETA_SIGNALING,KLF10,1
HALLMARK_P53_PATHWAY,PLK2,1
HALLMARK_TNFA_SIGNALING_VIA_NFKB,PLK2,1
HALLMARK_XENOBIOTIC_METABOLISM,GCH1,1
HALLMARK_INTERFERON_GAMMA_RESPONSE,GCH1,1
HALLMARK_TNFA_SIGNALING_VIA_NFKB,GCH1,1
HALLMARK_INFLAMMATORY_RESPONSE,GCH1,1
HALLMARK_UV_RESPONSE_UP,GCH1,1
HALLMARK_APOPTOSIS,GCH1,1
HALLMARK_COAGULATION,F3,1
HALLMARK_HYPOXIA,F3,1
HALLMARK_INFLAMMATORY_RESPONSE,F3,1
HALLMARK_UV_RESPONSE_DN,F3,1
HALLMARK_TNFA_SIGNALING_VIA_NFKB,F3,1
HALLMARK_COMPLEMENT,F3,1
HALLMARK_TNFA_SIGNALING_VIA_NFKB,KDM6B,1
HALLMARK_P53_PATHWAY,IL1A,1
HALLMARK_TNFA_SIGNALING_VIA_NFKB,IL1A,1
HALLMARK_INFLAMMATORY_RESPONSE,IL1A,1
HALLMARK_APOPTOSIS,IL1A,1
HALLMARK_APICAL_JUNCTION,TRAF1,1
HALLMARK_IL2_STAT5_SIGNALING,TRAF1,1
HALLMARK_KRAS_SIGNALING_UP,TRAF1,1
HALLMARK_TNFA_SIGNALING_VIA_NFKB,TRAF1,1
HALLMARK_HYPOXIA,CCN1,1
HALLMARK_UV_RESPONSE_DN,CCN1,1
HALLMARK_TNFA_SIGNALING_VIA_NFKB,CCN1,1
HALLMARK_EPITHELIAL_MESENCHYMAL_TRANSITION,CCN1,1
HALLMARK_INTERFERON_GAMMA_RESPONSE,CD69,1
HALLMARK_INFLAMMATORY_RESPONSE,CD69,1
HALLMARK_TNFA_SIGNALING_VIA_NFKB,CD69,1
HALLMARK_APOPTOSIS,CD69,1
HALLMARK_TNFA_SIGNALING_VIA_NFKB,IER2,1
HALLMARK_ESTROGEN_RESPONSE_LATE,BTG3,1
HALLMARK_TNFA_SIGNALING_VIA_NFKB,BTG3,1
HALLMARK_UV_RESPONSE_UP,BTG3,1
HALLMARK_APOPTOSIS,BTG3,1
HALLMARK_TNFA_SIGNALING_VIA_NFKB,DNAJB4,1
HALLMARK_HYPOXIA,FOS,1
HALLMARK_P53_PATHWAY,FOS,1
HALLMARK_TNFA_SIGNALING_VIA_NFKB,FOS,1
HALLMARK_ESTROGEN_RESPONSE_LATE,FOS,1
HALLMARK_ESTROGEN_RESPONSE_EARLY,FOS,1
HALLMARK_UV_RESPONSE_UP,FOS,1
HALLMARK_INFLAMMATORY_RESPONSE,CCL20,1
HALLMARK_KRAS_SIGNALING_UP,CCL20,1
HALLMARK_TNFA_SIGNALING_VIA_NFKB,CCL20,1
HALLMARK_TNFA_SIGNALING_VIA_NFKB,BIRC3,1
HALLMARK_KRAS_SIGNALING_UP,BIRC3,1
HALLMARK_APOPTOSIS,BIRC3,1
HALLMARK_XENOBIOTIC_METABOLISM,ETS2,1
HALLMARK_HEDGEHOG_SIGNALING,ETS2,1
HALLMARK_TNFA_SIGNALING_VIA_NFKB,ETS2,1
HALLMARK_INFLAMMATORY_RESPONSE,PTPRE,1
HALLMARK_P53_PATHWAY,PTPRE,1
HALLMARK_TNFA_SIGNALING_VIA_NFKB,PTPRE,1
HALLMARK_KRAS_SIGNALING_DN,SNN,1
HALLMARK_TNFA_SIGNALING_VIA_NFKB,SNN,1
HALLMARK_HYPOXIA,ACKR3,1
HALLMARK_TNFA_SIGNALING_VIA_NFKB,ACKR3,1
HALLMARK_P53_PATHWAY,GADD45A,1
HALLMARK_TNFA_SIGNALING_VIA_NFKB,GADD45A,1
HALLMARK_EPITHELIAL_MESENCHYMAL_TRANSITION,GADD45A,1
HALLMARK_ADIPOGENESIS,GADD45A,1
HALLMARK_APOPTOSIS,GADD45A,1
HALLMARK_TNFA_SIGNALING_VIA_NFKB,KLF9,1
HALLMARK_INTERFERON_GAMMA_RESPONSE,SOD2,1
HALLMARK_TNFA_SIGNALING_VIA_NFKB,SOD2,1
HALLMARK_REACTIVE_OXYGEN_SPECIES_PATHWAY,SOD2,1
HALLMARK_PEROXISOME,SOD2,1
HALLMARK_UV_RESPONSE_UP,SOD2,1
HALLMARK_APOPTOSIS,SOD2,1
HALLMARK_ALLOGRAFT_REJECTION,CCL5,1
HALLMARK_INTERFERON_GAMMA_RESPONSE,CCL5,1
HALLMARK_TNFA_SIGNALING_VIA_NFKB,CCL5,1
HALLMARK_INFLAMMATORY_RESPONSE,CCL5,1
HALLMARK_COMPLEMENT,CCL5,1
HALLMARK_TNFA_SIGNALING_VIA_NFKB,TGIF1,1
HALLMARK_TGF_BETA_SIGNALING,TGIF1,1
HALLMARK_TNFA_SIGNALING_VIA_NFKB,FOSL1,1
HALLMARK_ALLOGRAFT_REJECTION,LIF,1
HALLMARK_IL2_STAT5_SIGNALING,LIF,1
HALLMARK_P53_PATHWAY,LIF,1
HALLMARK_TNFA_SIGNALING_VIA_NFKB,LIF,1
HALLMARK_INFLAMMATORY_RESPONSE,LIF,1
HALLMARK_KRAS_SIGNALING_UP,LIF,1
HALLMARK_TNFA_SIGNALING_VIA_NFKB,SLC16A6,1
HALLMARK_TNFA_SIGNALING_VIA_NFKB,JUNB,1
HALLMARK_TGF_BETA_SIGNALING,JUNB,1
HALLMARK_REACTIVE_OXYGEN_SPECIES_PATHWAY,JUNB,1
HALLMARK_UV_RESPONSE_UP,JUNB,1
HALLMARK_ADIPOGENESIS,STAT5A,1
HALLMARK_TNFA_SIGNALING_VIA_NFKB,STAT5A,1
HALLMARK_MTORC1_SIGNALING,BHLHE40,1
HALLMARK_IL2_STAT5_SIGNALING,BHLHE40,1
HALLMARK_MYOGENESIS,BHLHE40,1
HALLMARK_HYPOXIA,BHLHE40,1
HALLMARK_UV_RESPONSE_DN,BHLHE40,1
HALLMARK_TNFA_SIGNALING_VIA_NFKB,BHLHE40,1
HALLMARK_ESTROGEN_RESPONSE_EARLY,BHLHE40,1
HALLMARK_IL2_STAT5_SIGNALING,CD44,1
HALLMARK_TNFA_SIGNALING_VIA_NFKB,CD44,1
HALLMARK_EPITHELIAL_MESENCHYMAL_TRANSITION,CD44,1
HALLMARK_IL6_JAK_STAT3_SIGNALING,CD44,1
HALLMARK_ESTROGEN_RESPONSE_LATE,CD44,1
HALLMARK_ESTROGEN_RESPONSE_EARLY,CD44,1
HALLMARK_GLYCOLYSIS,CD44,1
HALLMARK_APOPTOSIS,CD44,1
HALLMARK_INTERFERON_GAMMA_RESPONSE,CXCL11,1
HALLMARK_INTERFERON_ALPHA_RESPONSE,CXCL11,1
HALLMARK_INFLAMMATORY_RESPONSE,CXCL11,1
HALLMARK_TNFA_SIGNALING_VIA_NFKB,CXCL11,1
HALLMARK_IL6_JAK_STAT3_SIGNALING,CXCL11,1
HALLMARK_UNFOLDED_PROTEIN_RESPONSE,ATF3,1
HALLMARK_HYPOXIA,ATF3,1
HALLMARK_P53_PATHWAY,ATF3,1
HALLMARK_TNFA_SIGNALING_VIA_NFKB,ATF3,1
HALLMARK_CHOLESTEROL_HOMEOSTASIS,ATF3,1
HALLMARK_UV_RESPONSE_UP,ATF3,1
HALLMARK_APOPTOSIS,ATF3,1
HALLMARK_MYOGENESIS,HBEGF,1
HALLMARK_P53_PATHWAY,HBEGF,1
HALLMARK_TNFA_SIGNALING_VIA_NFKB,HBEGF,1
HALLMARK_INFLAMMATORY_RESPONSE,HBEGF,1
HALLMARK_KRAS_SIGNALING_UP,HBEGF,1
HALLMARK_ANDROGEN_RESPONSE,B4GALT1,1
HALLMARK_APICAL_JUNCTION,B4GALT1,1
HALLMARK_APICAL_SURFACE,B4GALT1,1
HALLMARK_ESTROGEN_RESPONSE_EARLY,B4GALT1,1
HALLMARK_TNFA_SIGNALING_VIA_NFKB,B4GALT1,1
HALLMARK_GLYCOLYSIS,B4GALT1,1
HALLMARK_IL2_STAT5_SIGNALING,CSF2,1
HALLMARK_KRAS_SIGNALING_UP,CSF2,1
HALLMARK_TNFA_SIGNALING_VIA_NFKB,CSF2,1
HALLMARK_IL6_JAK_STAT3_SIGNALING,CSF2,1
HALLMARK_P53_PATHWAY,RNF19B,1
HALLMARK_TNFA_SIGNALING_VIA_NFKB,RNF19B,1
HALLMARK_TNFA_SIGNALING_VIA_NFKB,SLC2A6,1
HALLMARK_INTERFERON_GAMMA_RESPONSE,IFIT2,1
HALLMARK_INTERFERON_ALPHA_RESPONSE,IFIT2,1
HALLMARK_TNFA_SIGNALING_VIA_NFKB,IFIT2,1
HALLMARK_MTORC1_SIGNALING,NAMPT,1
HALLMARK_INTERFERON_GAMMA_RESPONSE,NAMPT,1
HALLMARK_TNFA_SIGNALING_VIA_NFKB,NAMPT,1
HALLMARK_INFLAMMATORY_RESPONSE,NAMPT,1
HALLMARK_UV_RESPONSE_DN,ATP2B1,1
HALLMARK_TNFA_SIGNALING_VIA_NFKB,ATP2B1,1
HALLMARK_INFLAMMATORY_RESPONSE,ATP2B1,1
HALLMARK_IL2_STAT5_SIGNALING,RHOB,1
HALLMARK_TNFA_SIGNALING_VIA_NFKB,RHOB,1
HALLMARK_UV_RESPONSE_UP,RHOB,1
HALLMARK_EPITHELIAL_MESENCHYMAL_TRANSITION,RHOB,1
HALLMARK_APOPTOSIS,RHOB,1
HALLMARK_TNFA_SIGNALING_VIA_NFKB,RELA,1
HALLMARK_INFLAMMATORY_RESPONSE,RELA,1
HALLMARK_APOPTOSIS,RELA,1
HALLMARK_APICAL_JUNCTION,LAMB3,1
HALLMARK_TNFA_SIGNALING_VIA_NFKB,LAMB3,1
HALLMARK_ALLOGRAFT_REJECTION,TAP1,1
HALLMARK_INTERFERON_GAMMA_RESPONSE,TAP1,1
HALLMARK_INTERFERON_ALPHA_RESPONSE,TAP1,1
HALLMARK_P53_PATHWAY,TAP1,1
HALLMARK_TNFA_SIGNALING_VIA_NFKB,TAP1,1
HALLMARK_UV_RESPONSE_UP,TAP1,1
HALLMARK_APOPTOSIS,TAP1,1
HALLMARK_ANDROGEN_RESPONSE,CCND1,1
HALLMARK_G2M_CHECKPOINT,CCND1,1
HALLMARK_TNFA_SIGNALING_VIA_NFKB,CCND1,1
HALLMARK_NOTCH_SIGNALING,CCND1,1
HALLMARK_ESTROGEN_RESPONSE_LATE,CCND1,1
HALLMARK_ESTROGEN_RESPONSE_EARLY,CCND1,1
HALLMARK_APOPTOSIS,CCND1,1
HALLMARK_TNFA_SIGNALING_VIA_NFKB,EHD1,1
HALLMARK_COMPLEMENT,EHD1,1
HALLMARK_TNFA_SIGNALING_VIA_NFKB,CEBPD,1
HALLMARK_TNFA_SIGNALING_VIA_NFKB,CLCF1,1
HALLMARK_INTERFERON_GAMMA_RESPONSE,BTG1,1
HALLMARK_HYPOXIA,BTG1,1
HALLMARK_P53_PATHWAY,BTG1,1
HALLMARK_TNFA_SIGNALING_VIA_NFKB,BTG1,1
HALLMARK_UV_RESPONSE_UP,BTG1,1
HALLMARK_HYPOXIA,DUSP1,1
HALLMARK_UV_RESPONSE_DN,DUSP1,1
HALLMARK_TNFA_SIGNALING_VIA_NFKB,DUSP1,1
HALLMARK_TNFA_SIGNALING_VIA_NFKB,SERPINB8,1
HALLMARK_KRAS_SIGNALING_DN,EDN1,1
HALLMARK_TNFA_SIGNALING_VIA_NFKB,EDN1,1
HALLMARK_INFLAMMATORY_RESPONSE,EDN1,1
HALLMARK_INTERFERON_GAMMA_RESPONSE,PTGS2,1
HALLMARK_TNFA_SIGNALING_VIA_NFKB,PTGS2,1
HALLMARK_KRAS_SIGNALING_UP,PTGS2,1
HALLMARK_TNFA_SIGNALING_VIA_NFKB,RELB,1
HALLMARK_INTERFERON_GAMMA_RESPONSE,SOCS3,1
HALLMARK_TNFA_SIGNALING_VIA_NFKB,SOCS3,1
HALLMARK_IL6_JAK_STAT3_SIGNALING,SOCS3,1
HALLMARK_TNFA_SIGNALING_VIA_NFKB,IL7R,1
HALLMARK_INFLAMMATORY_RESPONSE,IL7R,1
HALLMARK_KRAS_SIGNALING_UP,IL7R,1
HALLMARK_TNFA_SIGNALING_VIA_NFKB,MCL1,1
HALLMARK_APOPTOSIS,MCL1,1
HALLMARK_CHOLESTEROL_HOMEOSTASIS,PNRC1,1
HALLMARK_HYPOXIA,PNRC1,1
HALLMARK_TNFA_SIGNALING_VIA_NFKB,PNRC1,1
HALLMARK_TNFA_SIGNALING_VIA_NFKB,ZC3H12A,1
HALLMARK_TNFA_SIGNALING_VIA_NFKB,NFKBIE,1
HALLMARK_ADIPOGENESIS,TANK,1
HALLMARK_TNFA_SIGNALING_VIA_NFKB,TANK,1
HALLMARK_TNFA_SIGNALING_VIA_NFKB,NFAT5,1
HALLMARK_P53_PATHWAY,DRAM1,1
HALLMARK_TNFA_SIGNALING_VIA_NFKB,DRAM1,1
HALLMARK_TNFA_SIGNALING_VIA_NFKB,TNIP2,1
HALLMARK_ALLOGRAFT_REJECTION,TLR2,1
HALLMARK_TNFA_SIGNALING_VIA_NFKB,TLR2,1
HALLMARK_IL6_JAK_STAT3_SIGNALING,TLR2,1
HALLMARK_INFLAMMATORY_RESPONSE,TLR2,1
HALLMARK_TNFA_SIGNALING_VIA_NFKB,F2RL1,1
HALLMARK_KRAS_SIGNALING_UP,F2RL1,1
HALLMARK_INTERFERON_GAMMA_RESPONSE,IFIH1,1
HALLMARK_INTERFERON_ALPHA_RESPONSE,IFIH1,1
HALLMARK_TNFA_SIGNALING_VIA_NFKB,IFIH1,1
HALLMARK_TNFA_SIGNALING_VIA_NFKB,IL6ST,1
HALLMARK_IL6_JAK_STAT3_SIGNALING,IL6ST,1
HALLMARK_ESTROGEN_RESPONSE_LATE,IL6ST,1
HALLMARK_ESTROGEN_RESPONSE_EARLY,IL6ST,1
HALLMARK_UV_RESPONSE_UP,IL6ST,1
HALLMARK_ANDROGEN_RESPONSE,TSC22D1,1
HALLMARK_P53_PATHWAY,TSC22D1,1
HALLMARK_TNFA_SIGNALING_VIA_NFKB,TSC22D1,1
HALLMARK_TNFA_SIGNALING_VIA_NFKB,MSC,1
HALLMARK_INTERFERON_GAMMA_RESPONSE,RIGI,1
HALLMARK_TNFA_SIGNALING_VIA_NFKB,RIGI,1
HALLMARK_HYPOXIA,EFNA1,1
HALLMARK_TNFA_SIGNALING_VIA_NFKB,EFNA1,1
HALLMARK_MTORC1_SIGNALING,NFIL3,1
HALLMARK_CHOLESTEROL_HOMEOSTASIS,NFIL3,1
HALLMARK_IL2_STAT5_SIGNALING,NFIL3,1
HALLMARK_HYPOXIA,NFIL3,1
HALLMARK_TNFA_SIGNALING_VIA_NFKB,NFIL3,1
HALLMARK_ANDROGEN_RESPONSE,SGK1,1
HALLMARK_KRAS_SIGNALING_DN,SGK1,1
HALLMARK_TNFA_SIGNALING_VIA_NFKB,SGK1,1
HALLMARK_ESTROGEN_RESPONSE_LATE,SGK1,1
HALLMARK_ANDROGEN_RESPONSE,ZBTB10,1
HALLMARK_TNFA_SIGNALING_VIA_NFKB,ZBTB10,1
HALLMARK_INFLAMMATORY_RESPONSE,CCRL2,1
HALLMARK_TNFA_SIGNALING_VIA_NFKB,CCRL2,1
HALLMARK_INTERFERON_ALPHA_RESPONSE,CCRL2,1
HALLMARK_INTERFERON_GAMMA_RESPONSE,IL15RA,1
HALLMARK_INFLAMMATORY_RESPONSE,IL15RA,1
HALLMARK_TNFA_SIGNALING_VIA_NFKB,IL15RA,1
HALLMARK_IL6_JAK_STAT3_SIGNALING,IL15RA,1
HALLMARK_ALLOGRAFT_REJECTION,IL1B,1
HALLMARK_TNFA_SIGNALING_VIA_NFKB,IL1B,1
HALLMARK_IL6_JAK_STAT3_SIGNALING,IL1B,1
HALLMARK_INFLAMMATORY_RESPONSE,IL1B,1
HALLMARK_KRAS_SIGNALING_UP,IL1B,1
HALLMARK_APOPTOSIS,IL1B,1
HALLMARK_G2M_CHECKPOINT,SMAD3,1
HALLMARK_UV_RESPONSE_DN,SMAD3,1
HALLMARK_TNFA_SIGNALING_VIA_NFKB,SMAD3,1
HALLMARK_TGF_BETA_SIGNALING,SMAD3,1
HALLMARK_HYPOXIA,FOSL2,1
HALLMARK_TNFA_SIGNALING_VIA_NFKB,FOSL2,1
HALLMARK_TNFA_SIGNALING_VIA_NFKB,TRIB1,1
HALLMARK_KRAS_SIGNALING_UP,TRIB1,1
HALLMARK_TNFA_SIGNALING_VIA_NFKB,DUSP5,1
HALLMARK_COMPLEMENT,DUSP5,1
HALLMARK_HYPOXIA,ZFP36,1
HALLMARK_TNFA_SIGNALING_VIA_NFKB,ZFP36,1
HALLMARK_ESTROGEN_RESPONSE_LATE,ZFP36,1
HALLMARK_TNFA_SIGNALING_VIA_NFKB,PANX1,1
HALLMARK_INFLAMMATORY_RESPONSE,PTGER4,1
HALLMARK_TNFA_SIGNALING_VIA_NFKB,PTGER4,1
HALLMARK_P53_PATHWAY,IER5,1
HALLMARK_TNFA_SIGNALING_VIA_NFKB,IER5,1
HALLMARK_TNFA_SIGNALING_VIA_NFKB,REL,1
HALLMARK_TNFA_SIGNALING_VIA_NFKB,FJX1,1
HALLMARK_INTERFERON_GAMMA_RESPONSE,TNFAIP6,1
HALLMARK_INFLAMMATORY_RESPONSE,TNFAIP6,1
HALLMARK_TNFA_SIGNALING_VIA_NFKB,TNFAIP6,1
HALLMARK_INTERFERON_GAMMA_RESPONSE,TNFAIP2,1
HALLMARK_TNFA_SIGNALING_VIA_NFKB,TNFAIP2,1
HALLMARK_TNFA_SIGNALING_VIA_NFKB,EIF1,1
HALLMARK_TNFA_SIGNALING_VIA_NFKB,EGR1,1
HALLMARK_DNA_REPAIR,PDE4B,1
HALLMARK_INTERFERON_GAMMA_RESPONSE,PDE4B,1
HALLMARK_TNFA_SIGNALING_VIA_NFKB,PDE4B,1
HALLMARK_INFLAMMATORY_RESPONSE,PDE4B,1
HALLMARK_HYPOXIA,JUN,1
HALLMARK_P53_PATHWAY,JUN,1
HALLMARK_TNFA_SIGNALING_VIA_NFKB,JUN,1
HALLMARK_EPITHELIAL_MESENCHYMAL_TRANSITION,JUN,1
HALLMARK_IL6_JAK_STAT3_SIGNALING,JUN,1
HALLMARK_APOPTOSIS,JUN,1
HALLMARK_XENOBIOTIC_METABOLISM,KYNU,1
HALLMARK_TNFA_SIGNALING_VIA_NFKB,KYNU,1
HALLMARK_COMPLEMENT,KYNU,1
HALLMARK_TNFA_SIGNALING_VIA_NFKB,IL23A,1
HALLMARK_MTORC1_SIGNALING,SQSTM1,1
HALLMARK_TNFA_SIGNALING_VIA_NFKB,SQSTM1,1
HALLMARK_PI3K_AKT_MTOR_SIGNALING,SQSTM1,1
HALLMARK_UV_RESPONSE_UP,SQSTM1,1
HALLMARK_APOPTOSIS,SQSTM1,1
HALLMARK_ALLOGRAFT_REJECTION,ICOSLG,1
HALLMARK_INFLAMMATORY_RESPONSE,ICOSLG,1
HALLMARK_TNFA_SIGNALING_VIA_NFKB,ICOSLG,1
HALLMARK_TNFA_SIGNALING_VIA_NFKB,RCAN1,1
HALLMARK_ALLOGRAFT_REJECTION,IL6,1
HALLMARK_INTERFERON_GAMMA_RESPONSE,IL6,1
HALLMARK_APOPTOSIS,IL6,1
HALLMARK_HYPOXIA,IL6,1
HALLMARK_TNFA_SIGNALING_VIA_NFKB,IL6,1
HALLMARK_EPITHELIAL_MESENCHYMAL_TRANSITION,IL6,1
HALLMARK_IL6_JAK_STAT3_SIGNALING,IL6,1
HALLMARK_INFLAMMATORY_RESPONSE,IL6,1
HALLMARK_COMPLEMENT,IL6,1
HALLMARK_UV_RESPONSE_UP,IL6,1
HALLMARK_HYPOXIA,IRS2,1
HALLMARK_TNFA_SIGNALING_VIA_NFKB,IRS2,1
HALLMARK_GLYCOLYSIS,IRS2,1
HALLMARK_TNFA_SIGNALING_VIA_NFKB,FOSB,1
HALLMARK_UV_RESPONSE_UP,FOSB,1
HALLMARK_TNFA_SIGNALING_VIA_NFKB,BCL6,1
HALLMARK_ADIPOGENESIS,BCL6,1
HALLMARK_MTORC1_SIGNALING,LDLR,1
HALLMARK_UV_RESPONSE_DN,LDLR,1
HALLMARK_TNFA_SIGNALING_VIA_NFKB,LDLR,1
HALLMARK_CHOLESTEROL_HOMEOSTASIS,LDLR,1
HALLMARK_INFLAMMATORY_RESPONSE,LDLR,1
HALLMARK_ALLOGRAFT_REJECTION,CD80,1
HALLMARK_KRAS_SIGNALING_DN,CD80,1
HALLMARK_TNFA_SIGNALING_VIA_NFKB,CD80,1
HALLMARK_KRAS_SIGNALING_UP,GFPT2,1
HALLMARK_TNFA_SIGNALING_VIA_NFKB,GFPT2,1
HALLMARK_ESTROGEN_RESPONSE_LATE,AREG,1
HALLMARK_ESTROGEN_RESPONSE_EARLY,AREG,1
HALLMARK_TNFA_SIGNALING_VIA_NFKB,AREG,1
HALLMARK_EPITHELIAL_MESENCHYMAL_TRANSITION,AREG,1
HALLMARK_TNFA_SIGNALING_VIA_NFKB,NR4A1,1
HALLMARK_UV_RESPONSE_UP,NR4A1,1
HALLMARK_HYPOXIA,TIPARP,1
HALLMARK_ESTROGEN_RESPONSE_EARLY,TIPARP,1
HALLMARK_TNFA_SIGNALING_VIA_NFKB,TIPARP,1
HALLMARK_IL2_STAT5_SIGNALING,GADD45B,1
HALLMARK_MYOGENESIS,GADD45B,1
HALLMARK_TNFA_SIGNALING_VIA_NFKB,GADD45B,1
HALLMARK_EPITHELIAL_MESENCHYMAL_TRANSITION,GADD45B,1
HALLMARK_APOPTOSIS,GADD45B,1
HALLMARK_MTORC1_SIGNALING,BTG2,1
HALLMARK_HEME_METABOLISM,BTG2,1
HALLMARK_KRAS_SIGNALING_DN,BTG2,1
HALLMARK_P53_PATHWAY,BTG2,1
HALLMARK_TNFA_SIGNALING_VIA_NFKB,BTG2,1
HALLMARK_INFLAMMATORY_RESPONSE,BTG2,1
HALLMARK_UV_RESPONSE_UP,BTG2,1
HALLMARK_APOPTOSIS,BTG2,1
HALLMARK_ADIPOGENESIS,CAVIN1,1
HALLMARK_HYPOXIA,CAVIN1,1
HALLMARK_HYPOXIA,ZNF292,1
HALLMARK_GLYCOLYSIS,ZNF292,1
HALLMARK_ESTROGEN_RESPONSE_LATE,CA12,1
HALLMARK_HYPOXIA,CA12,1
HALLMARK_ESTROGEN_RESPONSE_EARLY,CA12,1
HALLMARK_WNT_BETA_CATENIN_SIGNALING,RBPJ,1
HALLMARK_HYPOXIA,RBPJ,1
HALLMARK_HYPOXIA,BRS3,1
HALLMARK_ALLOGRAFT_REJECTION,ETS1,1
HALLMARK_HYPOXIA,ETS1,1
HALLMARK_KRAS_SIGNALING_UP,ETS1,1
HALLMARK_HYPOXIA,LALBA,1
HALLMARK_MTORC1_SIGNALING,HK2,1
HALLMARK_MYC_TARGETS_V2,HK2,1
HALLMARK_IL2_STAT5_SIGNALING,HK2,1
HALLMARK_HYPOXIA,HK2,1
HALLMARK_GLYCOLYSIS,HK2,1
HALLMARK_HYPOXIA,GPC4,1
HALLMARK_GLYCOLYSIS,GPC4,1
HALLMARK_MTORC1_SIGNALING,PGK1,1
HALLMARK_MYC_TARGETS_V1,PGK1,1
HALLMARK_HYPOXIA,PGK1,1
HALLMARK_GLYCOLYSIS,PGK1,1
HALLMARK_XENOBIOTIC_METABOLISM,FBP1,1
HALLMARK_HYPOXIA,FBP1,1
HALLMARK_MTORC1_SIGNALING,P4HA1,1
HALLMARK_IL2_STAT5_SIGNALING,P4HA1,1
HALLMARK_HYPOXIA,P4HA1,1
HALLMARK_GLYCOLYSIS,P4HA1,1
HALLMARK_HYPOXIA,HS3ST1,1
HALLMARK_APICAL_JUNCTION,TGFBI,1
HALLMARK_HYPOXIA,TGFBI,1
HALLMARK_GLYCOLYSIS,TGFBI,1
HALLMARK_EPITHELIAL_MESENCHYMAL_TRANSITION,TGFBI,1
HALLMARK_HEME_METABOLISM,P4HA2,1
HALLMARK_HYPOXIA,P4HA2,1
HALLMARK_GLYCOLYSIS,P4HA2,1
HALLMARK_HYPOXIA,GALK1,1
HALLMARK_GLYCOLYSIS,GALK1,1
HALLMARK_MTORC1_SIGNALING,TES,1
HALLMARK_HYPOXIA,TES,1
HALLMARK_HEME_METABOLISM,BNIP3L,1
HALLMARK_HYPOXIA,BNIP3L,1
HALLMARK_APOPTOSIS,BNIP3L,1
HALLMARK_MTORC1_SIGNALING,SLC37A4,1
HALLMARK_HYPOXIA,SLC37A4,1
HALLMARK_GLYCOLYSIS,SLC37A4,1
HALLMARK_MTORC1_SIGNALING,ENO1,1
HALLMARK_HYPOXIA,ENO1,1
HALLMARK_GLYCOLYSIS,ENO1,1
HALLMARK_MYOGENESIS,PYGM,1
HALLMARK_HYPOXIA,PYGM,1
HALLMARK_HEME_METABOLISM,FOXO3,1
HALLMARK_HYPOXIA,FOXO3,1
HALLMARK_P53_PATHWAY,FOXO3,1
HALLMARK_MTORC1_SIGNALING,SLC2A1,1
HALLMARK_HEME_METABOLISM,SLC2A1,1
HALLMARK_HYPOXIA,SLC2A1,1
HALLMARK_PI3K_AKT_MTOR_SIGNALING,SLC2A1,1
HALLMARK_ESTROGEN_RESPONSE_EARLY,SLC2A1,1
HALLMARK_ALLOGRAFT_REJECTION,EGFR,1
HALLMARK_APICAL_JUNCTION,EGFR,1
HALLMARK_HYPOXIA,EGFR,1
HALLMARK_PROTEIN_SECRETION,EGFR,1
HALLMARK_PI3K_AKT_MTOR_SIGNALING,EGFR,1
HALLMARK_GLYCOLYSIS,EGFR,1
HALLMARK_HYPOXIA,CP,1
HALLMARK_COMPLEMENT,CP,1
HALLMARK_HYPOXIA,GAPDHS,1
HALLMARK_FATTY_ACID_METABOLISM,GAPDHS,1
HALLMARK_SPERMATOGENESIS,GAPDHS,1
HALLMARK_GLYCOLYSIS,GAPDHS,1
HALLMARK_MTORC1_SIGNALING,STC1,1
HALLMARK_ANGIOGENESIS,STC1,1
HALLMARK_HYPOXIA,STC1,1
HALLMARK_GLYCOLYSIS,STC1,1
HALLMARK_HYPOXIA,PKP1,1
HALLMARK_KRAS_SIGNALING_DN,PKP1,1
HALLMARK_HYPOXIA,EXT1,1
HALLMARK_GLYCOLYSIS,EXT1,1
HALLMARK_HYPOXIA,TPST2,1
HALLMARK_INTERFERON_GAMMA_RESPONSE,PIM1,1
HALLMARK_IL2_STAT5_SIGNALING,PIM1,1
HALLMARK_HYPOXIA,PIM1,1
HALLMARK_IL6_JAK_STAT3_SIGNALING,PIM1,1
HALLMARK_COMPLEMENT,PIM1,1
HALLMARK_HYPOXIA,NDST2,1
HALLMARK_HYPOXIA,WSB1,1
HALLMARK_HYPOXIA,CHST3,1
HALLMARK_MTORC1_SIGNALING,DDIT3,1
HALLMARK_HYPOXIA,DDIT3,1
HALLMARK_P53_PATHWAY,DDIT3,1
HALLMARK_PI3K_AKT_MTOR_SIGNALING,DDIT3,1
HALLMARK_APOPTOSIS,DDIT3,1
HALLMARK_APICAL_JUNCTION,SDC3,1
HALLMARK_HYPOXIA,SDC3,1
HALLMARK_GLYCOLYSIS,SDC3,1
HALLMARK_HYPOXIA,ANXA2,1
HALLMARK_UV_RESPONSE_DN,ANXA2,1
HALLMARK_HYPOXIA,ALDOB,1
HALLMARK_GLYCOLYSIS,ALDOB,1
HALLMARK_HYPOXIA,BCAN,1
HALLMARK_OXIDATIVE_PHOSPHORYLATION,LDHA,1
HALLMARK_FATTY_ACID_METABOLISM,LDHA,1
HALLMARK_MTORC1_SIGNALING,LDHA,1
HALLMARK_MYC_TARGETS_V1,LDHA,1
HALLMARK_HYPOXIA,LDHA,1
HALLMARK_GLYCOLYSIS,LDHA,1
HALLMARK_IL2_STAT5_SIGNALING,RRAGD,1
HALLMARK_HYPOXIA,RRAGD,1
HALLMARK_GLYCOLYSIS,RRAGD,1
HALLMARK_IL2_STAT5_SIGNALING,RORA,1
HALLMARK_HYPOXIA,RORA,1
HALLMARK_HYPOXIA,SDC2,1
HALLMARK_UV_RESPONSE_DN,SDC2,1
HALLMARK_GLYCOLYSIS,SDC2,1
HALLMARK_HYPOXIA,SLC2A5,1
HALLMARK_SPERMATOGENESIS,SLC2A5,1
HALLMARK_MTORC1_SIGNALING,HSPA5,1
HALLMARK_UNFOLDED_PROTEIN_RESPONSE,HSPA5,1
HALLMARK_HYPOXIA,HSPA5,1
HALLMARK_COMPLEMENT,HSPA5,1
HALLMARK_GLYCOLYSIS,HSPA5,1
HALLMARK_ADIPOGENESIS,SCARB1,1
HALLMARK_ESTROGEN_RESPONSE_LATE,SCARB1,1
HALLMARK_HYPOXIA,SCARB1,1
HALLMARK_ESTROGEN_RESPONSE_EARLY,SCARB1,1
HALLMARK_HYPOXIA,B3GALT6,1
HALLMARK_GLYCOLYSIS,B3GALT6,1
HALLMARK_ADIPOGENESIS,GBE1,1
HALLMARK_MTORC1_SIGNALING,GBE1,1
HALLMARK_HYPOXIA,GBE1,1
HALLMARK_MYOGENESIS,PPFIA4,1
HALLMARK_HYPOXIA,PPFIA4,1
HALLMARK_GLYCOLYSIS,PPFIA4,1
HALLMARK_XENOBIOTIC_METABOLISM,SLC6A6,1
HALLMARK_MTORC1_SIGNALING,SLC6A6,1
HALLMARK_HYPOXIA,SLC6A6,1
HALLMARK_HYPOXIA,MAP3K1,1
HALLMARK_KRAS_SIGNALING_UP,MAP3K1,1
HALLMARK_HYPOXIA,DCN,1
HALLMARK_GLYCOLYSIS,DCN,1
HALLMARK_EPITHELIAL_MESENCHYMAL_TRANSITION,DCN,1
HALLMARK_APOPTOSIS,DCN,1
HALLMARK_INTERFERON_GAMMA_RESPONSE,ISG20,1
HALLMARK_INTERFERON_ALPHA_RESPONSE,ISG20,1
HALLMARK_HYPOXIA,ISG20,1
HALLMARK_ESTROGEN_RESPONSE_LATE,ISG20,1
HALLMARK_GLYCOLYSIS,ISG20,1
HALLMARK_APOPTOSIS,ISG20,1
HALLMARK_COAGULATION,KLF7,1
HALLMARK_HYPOXIA,KLF7,1
HALLMARK_MTORC1_SIGNALING,GAPDH,1
HALLMARK_HYPOXIA,GAPDH,1
HALLMARK_ADIPOGENESIS,SLC25A1,1
HALLMARK_HYPOXIA,SLC25A1,1
HALLMARK_HYPOXIA,NOCT,1
HALLMARK_HYPOXIA,PFKL,1
HALLMARK_ADIPOGENESIS,PFKL,1
HALLMARK_MTORC1_SIGNALING,PFKL,1
HALLMARK_HYPOXIA,IDS,1
HALLMARK_HEME_METABOLISM,NR3C1,1
HALLMARK_HYPOXIA,NR3C1,1
HALLMARK_UV_RESPONSE_DN,NR3C1,1
HALLMARK_ADIPOGENESIS,ANGPTL4,1
HALLMARK_HYPOXIA,ANGPTL4,1
HALLMARK_KRAS_SIGNALING_UP,ANGPTL4,1
HALLMARK_GLYCOLYSIS,ANGPTL4,1
HALLMARK_HYPOXIA,B4GALNT2,1
HALLMARK_HYPOXIA,GRHPR,1
HALLMARK_FATTY_ACID_METABOLISM,GRHPR,1
HALLMARK_MTORC1_SIGNALING,ALDOA,1
HALLMARK_HYPOXIA,ALDOA,1
HALLMARK_FATTY_ACID_METABOLISM,ALDOA,1
HALLMARK_ADIPOGENESIS,ALDOA,1
HALLMARK_UV_RESPONSE_UP,ALDOA,1
HALLMARK_GLYCOLYSIS,ALDOA,1
HALLMARK_HYPOXIA,SRPX,1
HALLMARK_APICAL_SURFACE,SRPX,1
HALLMARK_IL2_STAT5_SIGNALING,TGM2,1
HALLMARK_HYPOXIA,TGM2,1
HALLMARK_ESTROGEN_RESPONSE_EARLY,TGM2,1
HALLMARK_EPITHELIAL_MESENCHYMAL_TRANSITION,TGM2,1
HALLMARK_MYOGENESIS,DTNA,1
HALLMARK_HYPOXIA,DTNA,1
HALLMARK_ADIPOGENESIS,PLIN2,1
HALLMARK_IL2_STAT5_SIGNALING,PLIN2,1
HALLMARK_HYPOXIA,PLIN2,1
HALLMARK_MTORC1_SIGNALING,CXCR4,1
HALLMARK_HYPOXIA,CXCR4,1
HALLMARK_PI3K_AKT_MTOR_SIGNALING,CXCR4,1
HALLMARK_KRAS_SIGNALING_UP,CXCR4,1
HALLMARK_GLYCOLYSIS,CXCR4,1
HALLMARK_APICAL_JUNCTION,MYH9,1
HALLMARK_MYOGENESIS,MYH9,1
HALLMARK_HYPOXIA,MYH9,1
HALLMARK_MITOTIC_SPINDLE,MYH9,1
HALLMARK_HEDGEHOG_SIGNALING,MYH9,1
HALLMARK_HYPOXIA,MT1E,1
HALLMARK_UV_RESPONSE_DN,MT1E,1
HALLMARK_XENOBIOTIC_METABOLISM,CASP6,1
HALLMARK_HYPOXIA,CASP6,1
HALLMARK_GLYCOLYSIS,CASP6,1
HALLMARK_APOPTOSIS,CASP6,1
HALLMARK_HYPOXIA,HK1,1
HALLMARK_REACTIVE_OXYGEN_SPECIES_PATHWAY,PFKP,1
HALLMARK_INTERFERON_GAMMA_RESPONSE,PFKP,1
HALLMARK_HYPOXIA,PFKP,1
HALLMARK_GLYCOLYSIS,PFKP,1
HALLMARK_HYPOXIA,ATP7A,1
HALLMARK_PROTEIN_SECRETION,ATP7A,1
HALLMARK_HYPOXIA,TKTL1,1
HALLMARK_SPERMATOGENESIS,TKTL1,1
HALLMARK_GLYCOLYSIS,TKTL1,1
HALLMARK_HYPOXIA,HEXA,1
HALLMARK_REACTIVE_OXYGEN_SPECIES_PATHWAY,GLRX,1
HALLMARK_MTORC1_SIGNALING,GLRX,1
HALLMARK_HYPOXIA,GLRX,1
HALLMARK_KRAS_SIGNALING_UP,GLRX,1
HALLMARK_GLYCOLYSIS,GLRX,1
HALLMARK_COAGULATION,PDGFB,1
HALLMARK_HYPOXIA,PDGFB,1
HALLMARK_COMPLEMENT,PDGFB,1
HALLMARK_MYOGENESIS,PGAM2,1
HALLMARK_HYPOXIA,PGAM2,1
HALLMARK_GLYCOLYSIS,PGAM2,1
HALLMARK_HYPOXIA,PGF,1
HALLMARK_HYPOXIA,TMEM45A,1
HALLMARK_HYPOXIA,CSRP2,1
HALLMARK_HEME_METABOLISM,MXI1,1
HALLMARK_HYPOXIA,MXI1,1
HALLMARK_GLYCOLYSIS,MXI1,1
HALLMARK_ESTROGEN_RESPONSE_LATE,SULT2B1,1
HALLMARK_HYPOXIA,SULT2B1,1
HALLMARK_ESTROGEN_RESPONSE_EARLY,SULT2B1,1
HALLMARK_PEROXISOME,SULT2B1,1
HALLMARK_BILE_ACID_METABOLISM,SULT2B1,1
HALLMARK_CHOLESTEROL_HOMEOSTASIS,PDK3,1
HALLMARK_HYPOXIA,PDK3,1
HALLMARK_GLYCOLYSIS,PDK3,1
HALLMARK_HYPOXIA,LXN,1
HALLMARK_HYPOXIA,JMJD6,1
HALLMARK_HYPOXIA,PCK1,1
HALLMARK_ANDROGEN_RESPONSE,AKAP12,1
HALLMARK_HYPOXIA,AKAP12,1
HALLMARK_KRAS_SIGNALING_UP,AKAP12,1
HALLMARK_HYPOXIA,BGN,1
HALLMARK_EPITHELIAL_MESENCHYMAL_TRANSITION,BGN,1
HALLMARK_APOPTOSIS,BGN,1
HALLMARK_MYOGENESIS,GAA,1
HALLMARK_HYPOXIA,GAA,1
HALLMARK_XENOBIOTIC_METABOLISM,MT2A,1
HALLMARK_INTERFERON_GAMMA_RESPONSE,MT2A,1
HALLMARK_HYPOXIA,MT2A,1
HALLMARK_G2M_CHECKPOINT,MT2A,1
HALLMARK_HYPOXIA,VHL,1
HALLMARK_HYPOXIA,NCAN,1
HALLMARK_CHOLESTEROL_HOMEOSTASIS,ERRFI1,1
HALLMARK_HYPOXIA,ERRFI1,1
HALLMARK_ESTROGEN_RESPONSE_LATE,SIAH2,1
HALLMARK_HYPOXIA,SIAH2,1
HALLMARK_ESTROGEN_RESPONSE_EARLY,SIAH2,1
HALLMARK_HYPOXIA,HDLBP,1
HALLMARK_GLYCOLYSIS,HDLBP,1
HALLMARK_HYPOXIA,KIF5A,1
HALLMARK_HYPOXIA,PLAC8,1
HALLMARK_IL2_STAT5_SIGNALING,CDKN1C,1
HALLMARK_HYPOXIA,CDKN1C,1
HALLMARK_TGF_BETA_SIGNALING,CDKN1C,1
HALLMARK_UV_RESPONSE_UP,CDKN1C,1
HALLMARK_ESTROGEN_RESPONSE_LATE,CCN5,1
HALLMARK_HYPOXIA,CCN5,1
HALLMARK_ESTROGEN_RESPONSE_EARLY,CCN5,1
HALLMARK_HYPOXIA,AMPD3,1
HALLMARK_HYPOXIA,CAVIN3,1
HALLMARK_FATTY_ACID_METABOLISM,ENO3,1
HALLMARK_IL2_STAT5_SIGNALING,ENO3,1
HALLMARK_MYOGENESIS,ENO3,1
HALLMARK_HYPOXIA,ENO3,1
HALLMARK_HYPOXIA,STBD1,1
HALLMARK_OXIDATIVE_PHOSPHORYLATION,GPI,1
HALLMARK_MTORC1_SIGNALING,GPI,1
HALLMARK_HYPOXIA,GPI,1
HALLMARK_HYPOXIA,GPC3,1
HALLMARK_INFLAMMATORY_RESPONSE,GPC3,1
HALLMARK_GLYCOLYSIS,GPC3,1
HALLMARK_ESTROGEN_RESPONSE_LATE,TPBG,1
HALLMARK_HYPOXIA,TPBG,1
HALLMARK_ESTROGEN_RESPONSE_EARLY,TPBG,1
HALLMARK_INFLAMMATORY_RESPONSE,TPBG,1
HALLMARK_GLYCOLYSIS,TPBG,1
HALLMARK_ANGIOGENESIS,S100A4,1
HALLMARK_HYPOXIA,S100A4,1
HALLMARK_P53_PATHWAY,S100A4,1
HALLMARK_MTORC1_SIGNALING,AK4,1
HALLMARK_HYPOXIA,AK4,1
HALLMARK_GLYCOLYSIS,AK4,1
HALLMARK_HYPOXIA,PRDX5,1
HALLMARK_PEROXISOME,PRDX5,1
HALLMARK_BILE_ACID_METABOLISM,PRDX5,1
HALLMARK_HYPOXIA,KDM3A,1
HALLMARK_HYPOXIA,LOX,1
HALLMARK_EPITHELIAL_MESENCHYMAL_TRANSITION,LOX,1
HALLMARK_HYPOXIA,MIF,1
HALLMARK_FATTY_ACID_METABOLISM,MIF,1
HALLMARK_GLYCOLYSIS,MIF,1
HALLMARK_FATTY_ACID_METABOLISM,ENO2,1
HALLMARK_HYPOXIA,ENO2,1
HALLMARK_UV_RESPONSE_UP,ENO2,1
HALLMARK_GLYCOLYSIS,ENO2,1
HALLMARK_EPITHELIAL_MESENCHYMAL_TRANSITION,ENO2,1
HALLMARK_APOPTOSIS,ENO2,1
HALLMARK_HYPOXIA,CHST2,1
HALLMARK_INFLAMMATORY_RESPONSE,CHST2,1
HALLMARK_KRAS_SIGNALING_DN,CHST2,1
HALLMARK_GLYCOLYSIS,CHST2,1
HALLMARK_HYPOXIA,PAM,1
HALLMARK_GLYCOLYSIS,PAM,1
HALLMARK_PROTEIN_SECRETION,PAM,1
HALLMARK_HYPOXIA,NEDD4L,1
HALLMARK_PANCREAS_BETA_CELLS,GCK,1
HALLMARK_HYPOXIA,GCK,1
HALLMARK_HYPOXIA,ANKZF1,1
HALLMARK_GLYCOLYSIS,ANKZF1,1
HALLMARK_MTORC1_SIGNALING,PDK1,1
HALLMARK_PI3K_AKT_MTOR_SIGNALING,PDK1,1
HALLMARK_HYPOXIA,PDK1,1
HALLMARK_UNFOLDED_PROTEIN_RESPONSE,KDELR3,1
HALLMARK_HYPOXIA,KDELR3,1
HALLMARK_GLYCOLYSIS,KDELR3,1
HALLMARK_IL2_STAT5_SIGNALING,BCL2,1
HALLMARK_HYPOXIA,BCL2,1
HALLMARK_ESTROGEN_RESPONSE_LATE,BCL2,1
HALLMARK_ESTROGEN_RESPONSE_EARLY,BCL2,1
HALLMARK_ALLOGRAFT_REJECTION,TPD52,1
HALLMARK_ANDROGEN_RESPONSE,TPD52,1
HALLMARK_HYPOXIA,TPD52,1
HALLMARK_PROTEIN_SECRETION,TPD52,1
HALLMARK_MYOGENESIS,PPP1R3C,1
HALLMARK_HYPOXIA,PPP1R3C,1
HALLMARK_HYPOXIA,CDKN1B,1
HALLMARK_G2M_CHECKPOINT,CDKN1B,1
HALLMARK_UV_RESPONSE_DN,CDKN1B,1
HALLMARK_E2F_TARGETS,CDKN1B,1
HALLMARK_PI3K_AKT_MTOR_SIGNALING,CDKN1B,1
HALLMARK_APOPTOSIS,CDKN1B,1
HALLMARK_ADIPOGENESIS,PGM1,1
HALLMARK_MTORC1_SIGNALING,PGM1,1
HALLMARK_HYPOXIA,PGM1,1
HALLMARK_GLYCOLYSIS,LDHC,1
HALLMARK_HYPOXIA,LDHC,1
HALLMARK_SPERMATOGENESIS,LDHC,1
HALLMARK_HYPOXIA,UGP2,1
HALLMARK_GLYCOLYSIS,UGP2,1
HALLMARK_HYPOXIA,PRKCA,1
HALLMARK_UV_RESPONSE_DN,PRKCA,1
HALLMARK_NOTCH_SIGNALING,PRKCA,1
HALLMARK_HYPOXIA,PPARGC1A,1
HALLMARK_NOTCH_SIGNALING,SAP30,1
HALLMARK_HYPOXIA,SAP30,1
HALLMARK_G2M_CHECKPOINT,SAP30,1
HALLMARK_GLYCOLYSIS,SAP30,1
HALLMARK_HYPOXIA,PGM2,1
HALLMARK_GLYCOLYSIS,PGM2,1
HALLMARK_MTORC1_SIGNALING,DDIT4,1
HALLMARK_UNFOLDED_PROTEIN_RESPONSE,DDIT4,1
HALLMARK_HYPOXIA,DDIT4,1
HALLMARK_P53_PATHWAY,DDIT4,1
HALLMARK_GLYCOLYSIS,DDIT4,1
HALLMARK_HYPOXIA,CITED2,1
HALLMARK_UV_RESPONSE_DN,CITED2,1
HALLMARK_GLYCOLYSIS,CITED2,1
HALLMARK_HYPOXIA,FAM162A,1
HALLMARK_P53_PATHWAY,FAM162A,1
HALLMARK_GLYCOLYSIS,FAM162A,1
HALLMARK_HYPOXIA,TGFB3,1
HALLMARK_CHOLESTEROL_HOMEOSTASIS,ALDOC,1
HALLMARK_HYPOXIA,ALDOC,1
HALLMARK_HYPOXIA,SELENBP1,1
HALLMARK_HEME_METABOLISM,SELENBP1,1
HALLMARK_MTORC1_SIGNALING,ERO1A,1
HALLMARK_UNFOLDED_PROTEIN_RESPONSE,ERO1A,1
HALLMARK_HYPOXIA,ERO1A,1
HALLMARK_KRAS_SIGNALING_UP,ERO1A,1
HALLMARK_GLYCOLYSIS,ERO1A,1
HALLMARK_HYPOXIA,XPNPEP1,1
HALLMARK_COMPLEMENT,XPNPEP1,1
HALLMARK_UNFOLDED_PROTEIN_RESPONSE,STC2,1
HALLMARK_MYOGENESIS,STC2,1
HALLMARK_HYPOXIA,STC2,1
HALLMARK_ESTROGEN_RESPONSE_EARLY,STC2,1
HALLMARK_GLYCOLYSIS,STC2,1
HALLMARK_MYOGENESIS,LARGE1,1
HALLMARK_ESTROGEN_RESPONSE_LATE,LARGE1,1
HALLMARK_HYPOXIA,LARGE1,1
HALLMARK_ANDROGEN_RESPONSE,NDRG1,1
HALLMARK_IL2_STAT5_SIGNALING,NDRG1,1
HALLMARK_HYPOXIA,NDRG1,1
HALLMARK_P53_PATHWAY,NDRG1,1
HALLMARK_HEDGEHOG_SIGNALING,VLDLR,1
HALLMARK_MTORC1_SIGNALING,VLDLR,1
HALLMARK_HYPOXIA,VLDLR,1
HALLMARK_UV_RESPONSE_DN,VLDLR,1
HALLMARK_GLYCOLYSIS,VLDLR,1
HALLMARK_HYPOXIA,ILVBL,1
HALLMARK_HYPOXIA,EFNA3,1
HALLMARK_GLYCOLYSIS,EFNA3,1
HALLMARK_XENOBIOTIC_METABOLISM,HMOX1,1
HALLMARK_HYPOXIA,HMOX1,1
HALLMARK_P53_PATHWAY,HMOX1,1
HALLMARK_IL6_JAK_STAT3_SIGNALING,HMOX1,1
HALLMARK_UV_RESPONSE_UP,HMOX1,1
HALLMARK_APOPTOSIS,HMOX1,1
HALLMARK_HYPOXIA,PKLR,1
HALLMARK_PANCREAS_BETA_CELLS,PKLR,1
HALLMARK_APOPTOSIS,CAV1,1
HALLMARK_HYPOXIA,CAV1,1
HALLMARK_UV_RESPONSE_DN,CAV1,1
HALLMARK_ESTROGEN_RESPONSE_LATE,CAV1,1
HALLMARK_HYPOXIA,ADM,1
HALLMARK_INFLAMMATORY_RESPONSE,ADM,1
HALLMARK_HYPOXIA,HOXB9,1
HALLMARK_GLYCOLYSIS,DPYSL4,1
HALLMARK_HYPOXIA,DPYSL4,1
HALLMARK_HYPOXIA,NDST1,1
HALLMARK_HYPOXIA,NAGK,1
HALLMARK_HYPOXIA,PHKG1,1
HALLMARK_HYPOXIA,GYS1,1
HALLMARK_GLYCOLYSIS,GYS1,1
HALLMARK_HYPOXIA,GPC1,1
HALLMARK_GLYCOLYSIS,GPC1,1
HALLMARK_EPITHELIAL_MESENCHYMAL_TRANSITION,GPC1,1
HALLMARK_MTORC1_SIGNALING,TPI1,1
HALLMARK_HYPOXIA,TPI1,1
HALLMARK_GLYCOLYSIS,TPI1,1
HALLMARK_ADIPOGENESIS,CCNG2,1
HALLMARK_HYPOXIA,CCNG2,1
HALLMARK_HYPOXIA,ADORA2B,1
HALLMARK_INFLAMMATORY_RESPONSE,ADORA2B,1
HALLMARK_UV_RESPONSE_DN,ADORA2B,1
HALLMARK_GLYCOLYSIS,ADORA2B,1
HALLMARK_HYPOXIA,CCN2,1
HALLMARK_EPITHELIAL_MESENCHYMAL_TRANSITION,CCN2,1
HALLMARK_HYPOXIA,KLHL24,1
HALLMARK_HYPOXIA,COL5A1,1
HALLMARK_EPITHELIAL_MESENCHYMAL_TRANSITION,COL5A1,1
HALLMARK_GLYCOLYSIS,COL5A1,1
HALLMARK_UNFOLDED_PROTEIN_RESPONSE,IGFBP1,1
HALLMARK_HYPOXIA,IGFBP1,1
HALLMARK_XENOBIOTIC_METABOLISM,IGFBP1,1
HALLMARK_MYOGENESIS,IGFBP3,1
HALLMARK_HYPOXIA,IGFBP3,1
HALLMARK_KRAS_SIGNALING_UP,IGFBP3,1
HALLMARK_GLYCOLYSIS,IGFBP3,1
HALLMARK_EPITHELIAL_MESENCHYMAL_TRANSITION,IGFBP3,1
HALLMARK_HYPOXIA,HAS1,1
HALLMARK_HYPOXIA,INHA,1
HALLMARK_HYPOXIA,EDN2,1
HALLMARK_KRAS_SIGNALING_DN,EDN2,1
HALLMARK_XENOBIOTIC_METABOLISM,GCNT2,1
HALLMARK_HYPOXIA,GCNT2,1
HALLMARK_CHOLESTEROL_HOMEOSTASIS,GSTM2,1
HALLMARK_FATTY_ACID_METABOLISM,FASN,1
HALLMARK_CHOLESTEROL_HOMEOSTASIS,FASN,1
HALLMARK_ESTROGEN_RESPONSE_EARLY,FASN,1
HALLMARK_MTORC1_SIGNALING,EBP,1
HALLMARK_CHOLESTEROL_HOMEOSTASIS,EBP,1
HALLMARK_APOPTOSIS,EBP,1
HALLMARK_ESTROGEN_RESPONSE_LATE,SEMA3B,1
HALLMARK_ESTROGEN_RESPONSE_EARLY,SEMA3B,1
HALLMARK_KRAS_SIGNALING_UP,SEMA3B,1
HALLMARK_CHOLESTEROL_HOMEOSTASIS,SEMA3B,1
HALLMARK_CHOLESTEROL_HOMEOSTASIS,ANXA13,1
HALLMARK_CHOLESTEROL_HOMEOSTASIS,ADH4,1
HALLMARK_MTORC1_SIGNALING,LGMN,1
HALLMARK_CHOLESTEROL_HOMEOSTASIS,LGMN,1
HALLMARK_COAGULATION,LGMN,1
HALLMARK_COMPLEMENT,LGMN,1
HALLMARK_COAGULATION,CLU,1
HALLMARK_MYOGENESIS,CLU,1
HALLMARK_CHOLESTEROL_HOMEOSTASIS,CLU,1
HALLMARK_COMPLEMENT,CLU,1
HALLMARK_APOPTOSIS,CLU,1
HALLMARK_CHOLESTEROL_HOMEOSTASIS,ATF5,1
HALLMARK_G2M_CHECKPOINT,ATF5,1
HALLMARK_MTORC1_SIGNALING,NIBAN1,1
HALLMARK_CHOLESTEROL_HOMEOSTASIS,NIBAN1,1
HALLMARK_CHOLESTEROL_HOMEOSTASIS,FABP5,1
HALLMARK_ESTROGEN_RESPONSE_LATE,FABP5,1
HALLMARK_CHOLESTEROL_HOMEOSTASIS,LGALS3,1
HALLMARK_COMPLEMENT,LGALS3,1
HALLMARK_APOPTOSIS,LGALS3,1
HALLMARK_ANDROGEN_RESPONSE,IDI1,1
HALLMARK_FATTY_ACID_METABOLISM,IDI1,1
HALLMARK_MTORC1_SIGNALING,IDI1,1
HALLMARK_BILE_ACID_METABOLISM,IDI1,1
HALLMARK_CHOLESTEROL_HOMEOSTASIS,IDI1,1
HALLMARK_PEROXISOME,IDI1,1
HALLMARK_MTORC1_SIGNALING,TM7SF2,1
HALLMARK_CHOLESTEROL_HOMEOSTASIS,TM7SF2,1
HALLMARK_CHOLESTEROL_HOMEOSTASIS,FDPS,1
HALLMARK_MYOGENESIS,FDPS,1
HALLMARK_PEROXISOME,FDPS,1
HALLMARK_CHOLESTEROL_HOMEOSTASIS,PMVK,1
HALLMARK_APICAL_JUNCTION,ACTG1,1
HALLMARK_CHOLESTEROL_HOMEOSTASIS,ACTG1,1
HALLMARK_UV_RESPONSE_DN,PPARG,1
HALLMARK_ADIPOGENESIS,PPARG,1
HALLMARK_CHOLESTEROL_HOMEOSTASIS,PPARG,1
HALLMARK_CHOLESTEROL_HOMEOSTASIS,CPEB2,1
HALLMARK_APICAL_JUNCTION,GNAI1,1
HALLMARK_CHOLESTEROL_HOMEOSTASIS,GNAI1,1
HALLMARK_WNT_BETA_CATENIN_SIGNALING,GNAI1,1
HALLMARK_FATTY_ACID_METABOLISM,NSDHL,1
HALLMARK_CHOLESTEROL_HOMEOSTASIS,NSDHL,1
HALLMARK_GLYCOLYSIS,NSDHL,1
HALLMARK_FATTY_ACID_METABOLISM,HSD17B7,1
HALLMARK_CHOLESTEROL_HOMEOSTASIS,HSD17B7,1
HALLMARK_WNT_BETA_CATENIN_SIGNALING,CTNNB1,1
HALLMARK_CHOLESTEROL_HOMEOSTASIS,CTNNB1,1
HALLMARK_APOPTOSIS,CTNNB1,1
HALLMARK_TGF_BETA_SIGNALING,CTNNB1,1
HALLMARK_CHOLESTEROL_HOMEOSTASIS,SREBF2,1
HALLMARK_CHOLESTEROL_HOMEOSTASIS,PCYT2,1
HALLMARK_ANDROGEN_RESPONSE,SCD,1
HALLMARK_MTORC1_SIGNALING,SCD,1
HALLMARK_CHOLESTEROL_HOMEOSTASIS,SCD,1
HALLMARK_MYOGENESIS,SCD,1
HALLMARK_CHOLESTEROL_HOMEOSTASIS,FDFT1,1
HALLMARK_ESTROGEN_RESPONSE_LATE,FDFT1,1
HALLMARK_ESTROGEN_RESPONSE_EARLY,FDFT1,1
HALLMARK_CHOLESTEROL_HOMEOSTASIS,GPX8,1
HALLMARK_BILE_ACID_METABOLISM,ABCA2,1
HALLMARK_CHOLESTEROL_HOMEOSTASIS,ABCA2,1
HALLMARK_MTORC1_SIGNALING,STARD4,1
HALLMARK_CHOLESTEROL_HOMEOSTASIS,STARD4,1
HALLMARK_MTORC1_SIGNALING,TRIB3,1
HALLMARK_CHOLESTEROL_HOMEOSTASIS,TRIB3,1
HALLMARK_PI3K_AKT_MTOR_SIGNALING,TRIB3,1
HALLMARK_P53_PATHWAY,TRIB3,1
HALLMARK_CHOLESTEROL_HOMEOSTASIS,GLDC,1
HALLMARK_CHOLESTEROL_HOMEOSTASIS,STX5,1
HALLMARK_MTORC1_SIGNALING,CYP51A1,1
HALLMARK_CHOLESTEROL_HOMEOSTASIS,CYP51A1,1
HALLMARK_ANDROGEN_RESPONSE,HMGCS1,1
HALLMARK_FATTY_ACID_METABOLISM,HMGCS1,1
HALLMARK_MTORC1_SIGNALING,HMGCS1,1
HALLMARK_CHOLESTEROL_HOMEOSTASIS,HMGCS1,1
HALLMARK_MTORC1_SIGNALING,DHCR7,1
HALLMARK_ADIPOGENESIS,DHCR7,1
HALLMARK_CHOLESTEROL_HOMEOSTASIS,DHCR7,1
HALLMARK_ESTROGEN_RESPONSE_LATE,DHCR7,1
HALLMARK_ESTROGEN_RESPONSE_EARLY,DHCR7,1
HALLMARK_CHOLESTEROL_HOMEOSTASIS,AVPR1A,1
HALLMARK_APOPTOSIS,AVPR1A,1
HALLMARK_IL2_STAT5_SIGNALING,ALCAM,1
HALLMARK_CHOLESTEROL_HOMEOSTASIS,ALCAM,1
HALLMARK_ANDROGEN_RESPONSE,HMGCR,1
HALLMARK_MTORC1_SIGNALING,HMGCR,1
HALLMARK_CHOLESTEROL_HOMEOSTASIS,HMGCR,1
HALLMARK_CHOLESTEROL_HOMEOSTASIS,CBS,1
HALLMARK_APICAL_JUNCTION,MVD,1
HALLMARK_CHOLESTEROL_HOMEOSTASIS,MVD,1
HALLMARK_CHOLESTEROL_HOMEOSTASIS,ETHE1,1
HALLMARK_MTORC1_SIGNALING,SQLE,1
HALLMARK_CHOLESTEROL_HOMEOSTASIS,SQLE,1
HALLMARK_G2M_CHECKPOINT,SQLE,1
HALLMARK_MTORC1_SIGNALING,SC5D,1
HALLMARK_CHOLESTEROL_HOMEOSTASIS,SC5D,1
HALLMARK_APOPTOSIS,SC5D,1
HALLMARK_INTERFERON_GAMMA_RESPONSE,PLSCR1,1
HALLMARK_INTERFERON_ALPHA_RESPONSE,PLSCR1,1
HALLMARK_IL2_STAT5_SIGNALING,PLSCR1,1
HALLMARK_CHOLESTEROL_HOMEOSTASIS,PLSCR1,1
HALLMARK_COMPLEMENT,PLSCR1,1
HALLMARK_CHOLESTEROL_HOMEOSTASIS,CXCL16,1
HALLMARK_CHOLESTEROL_HOMEOSTASIS,LSS,1
HALLMARK_XENOBIOTIC_METABOLISM,TMEM97,1
HALLMARK_MTORC1_SIGNALING,TMEM97,1
HALLMARK_MYC_TARGETS_V2,TMEM97,1
HALLMARK_CHOLESTEROL_HOMEOSTASIS,TMEM97,1
HALLMARK_CHOLESTEROL_HOMEOSTASIS,ANXA5,1
HALLMARK_COMPLEMENT,ANXA5,1
HALLMARK_ADIPOGENESIS,LPL,1
HALLMARK_CHOLESTEROL_HOMEOSTASIS,LPL,1
HALLMARK_ANGIOGENESIS,LPL,1
HALLMARK_CHOLESTEROL_HOMEOSTASIS,ATXN2,1
HALLMARK_CHOLESTEROL_HOMEOSTASIS,FBXO6,1
HALLMARK_CHOLESTEROL_HOMEOSTASIS,ACSS2,1
HALLMARK_MTORC1_SIGNALING,FADS2,1
HALLMARK_BILE_ACID_METABOLISM,FADS2,1
HALLMARK_CHOLESTEROL_HOMEOSTASIS,FADS2,1
HALLMARK_CHOLESTEROL_HOMEOSTASIS,MAL2,1
HALLMARK_FATTY_ACID_METABOLISM,ACAT2,1
HALLMARK_CHOLESTEROL_HOMEOSTASIS,ACAT2,1
HALLMARK_CHOLESTEROL_HOMEOSTASIS,S100A11,1
HALLMARK_CHOLESTEROL_HOMEOSTASIS,TNFRSF12A,1
HALLMARK_EPITHELIAL_MESENCHYMAL_TRANSITION,TNFRSF12A,1
HALLMARK_APOPTOSIS,TNFRSF12A,1
HALLMARK_IL6_JAK_STAT3_SIGNALING,TNFRSF12A,1
HALLMARK_MTORC1_SIGNALING,CD9,1
HALLMARK_CHOLESTEROL_HOMEOSTASIS,CD9,1
HALLMARK_COAGULATION,CD9,1
HALLMARK_ESTROGEN_RESPONSE_LATE,CD9,1
HALLMARK_IL6_JAK_STAT3_SIGNALING,CD9,1
HALLMARK_CHOLESTEROL_HOMEOSTASIS,ANTXR2,1
HALLMARK_OXIDATIVE_PHOSPHORYLATION,ECH1,1
HALLMARK_FATTY_ACID_METABOLISM,ECH1,1
HALLMARK_XENOBIOTIC_METABOLISM,ECH1,1
HALLMARK_ADIPOGENESIS,ECH1,1
HALLMARK_PEROXISOME,ECH1,1
HALLMARK_CHOLESTEROL_HOMEOSTASIS,ECH1,1
HALLMARK_CHOLESTEROL_HOMEOSTASIS,CHKA,1
HALLMARK_UV_RESPONSE_UP,CHKA,1
HALLMARK_CHOLESTEROL_HOMEOSTASIS,MVK,1
HALLMARK_CHOLESTEROL_HOMEOSTASIS,TP53INP1,1
HALLMARK_CHOLESTEROL_HOMEOSTASIS,GUSB,1
HALLMARK_GLYCOLYSIS,GUSB,1
HALLMARK_KRAS_SIGNALING_DN,SYNPO,1
HALLMARK_MITOTIC_SPINDLE,SYNPO,1
HALLMARK_MITOTIC_SPINDLE,NET1,1
HALLMARK_MITOTIC_SPINDLE,CCDC88A,1
HALLMARK_MITOTIC_SPINDLE,KIF3B,1
HALLMARK_MTORC1_SIGNALING,AURKA,1
HALLMARK_G2M_CHECKPOINT,AURKA,1
HALLMARK_MITOTIC_SPINDLE,AURKA,1
HALLMARK_E2F_TARGETS,AURKA,1
HALLMARK_SPERMATOGENESIS,AURKA,1
HALLMARK_GLYCOLYSIS,AURKA,1
HALLMARK_G2M_CHECKPOINT,NUSAP1,1
HALLMARK_MITOTIC_SPINDLE,NUSAP1,1
HALLMARK_G2M_CHECKPOINT,CCNB2,1
HALLMARK_SPERMATOGENESIS,CCNB2,1
HALLMARK_MITOTIC_SPINDLE,CCNB2,1
HALLMARK_E2F_TARGETS,CCNB2,1
HALLMARK_MITOTIC_SPINDLE,EZR,1
HALLMARK_MITOTIC_SPINDLE,ARHGAP27,1
HALLMARK_APICAL_JUNCTION,TSC1,1
HALLMARK_MITOTIC_SPINDLE,TSC1,1
HALLMARK_MTORC1_SIGNALING,TUBA4A,1
HALLMARK_MITOTIC_SPINDLE,TUBA4A,1
HALLMARK_UV_RESPONSE_UP,TUBA4A,1
HALLMARK_IL2_STAT5_SIGNALING,MYO1E,1
HALLMARK_MITOTIC_SPINDLE,MYO1E,1
HALLMARK_MITOTIC_SPINDLE,PXN,1
HALLMARK_MITOTIC_SPINDLE,WASF1,1
HALLMARK_MITOTIC_SPINDLE,ABR,1
HALLMARK_MITOTIC_SPINDLE,ECT2,1
HALLMARK_MITOTIC_SPINDLE,MAP1S,1
HALLMARK_MITOTIC_SPINDLE,DYNLL2,1
HALLMARK_MITOTIC_SPINDLE,MID1,1
HALLMARK_MITOTIC_SPINDLE,SOS1,1
HALLMARK_APICAL_JUNCTION,VCL,1
HALLMARK_MITOTIC_SPINDLE,VCL,1
HALLMARK_MITOTIC_SPINDLE,HDAC6,1
HALLMARK_MITOTIC_SPINDLE,CSNK1D,1
HALLMARK_APICAL_JUNCTION,EPB41L2,1
HALLMARK_MITOTIC_SPINDLE,EPB41L2,1
HALLMARK_MITOTIC_SPINDLE,ATG4B,1
HALLMARK_MITOTIC_SPINDLE,ANLN,1
HALLMARK_INTERFERON_GAMMA_RESPONSE,RAPGEF6,1
HALLMARK_MITOTIC_SPINDLE,RAPGEF6,1
HALLMARK_UNFOLDED_PROTEIN_RESPONSE,KIF5B,1
HALLMARK_G2M_CHECKPOINT,KIF5B,1
HALLMARK_MITOTIC_SPINDLE,KIF5B,1
HALLMARK_MITOTIC_SPINDLE,CLIP2,1
HALLMARK_MITOTIC_SPINDLE,ARF6,1
HALLMARK_MITOTIC_SPINDLE,SHROOM1,1
HALLMARK_MITOTIC_SPINDLE,CDC42EP4,1
HALLMARK_MITOTIC_SPINDLE,SORBS2,1
HALLMARK_MITOTIC_SPINDLE,SASS6,1
HALLMARK_MITOTIC_SPINDLE,FGD4,1
HALLMARK_ALLOGRAFT_REJECTION,ABI1,1
HALLMARK_INFLAMMATORY_RESPONSE,ABI1,1
HALLMARK_MITOTIC_SPINDLE,ABI1,1
HALLMARK_G2M_CHECKPOINT,KIF22,1
HALLMARK_MITOTIC_SPINDLE,KIF22,1
HALLMARK_E2F_TARGETS,KIF22,1
HALLMARK_MITOTIC_SPINDLE,KIF1B,1
HALLMARK_PROTEIN_SECRETION,KIF1B,1
HALLMARK_INFLAMMATORY_RESPONSE,KIF1B,1
HALLMARK_MITOTIC_SPINDLE,STK38L,1
HALLMARK_MITOTIC_SPINDLE,ARHGEF11,1
HALLMARK_MITOTIC_SPINDLE,CEP131,1
HALLMARK_MITOTIC_SPINDLE,DYNC1H1,1
HALLMARK_MITOTIC_SPINDLE,RANBP9,1
HALLMARK_APICAL_JUNCTION,MYH10,1
HALLMARK_MITOTIC_SPINDLE,MYH10,1
HALLMARK_MITOTIC_SPINDLE,WASF2,1
HALLMARK_MITOTIC_SPINDLE,TUBGCP3,1
HALLMARK_MITOTIC_SPINDLE,SPTBN1,1
HALLMARK_TGF_BETA_SIGNALING,SPTBN1,1
HALLMARK_UV_RESPONSE_DN,CDC42BPA,1
HALLMARK_MITOTIC_SPINDLE,CDC42BPA,1
HALLMARK_G2M_CHECKPOINT,KIF11,1
HALLMARK_MITOTIC_SPINDLE,KIF11,1
HALLMARK_ESTROGEN_RESPONSE_LATE,FARP1,1
HALLMARK_ESTROGEN_RESPONSE_EARLY,FARP1,1
HALLMARK_MITOTIC_SPINDLE,FARP1,1
HALLMARK_MITOTIC_SPINDLE,CEP192,1
HALLMARK_G2M_CHECKPOINT,ESPL1,1
HALLMARK_MITOTIC_SPINDLE,ESPL1,1
HALLMARK_E2F_TARGETS,ESPL1,1
HALLMARK_MITOTIC_SPINDLE,ROCK1,1
HALLMARK_APOPTOSIS,ROCK1,1
HALLMARK_MITOTIC_SPINDLE,RAPGEF5,1
HALLMARK_MITOTIC_SPINDLE,ALMS1,1
HALLMARK_ALLOGRAFT_REJECTION,NCK1,1
HALLMARK_PI3K_AKT_MTOR_SIGNALING,NCK1,1
HALLMARK_MITOTIC_SPINDLE,NCK1,1
HALLMARK_HEDGEHOG_SIGNALING,OPHN1,1
HALLMARK_MITOTIC_SPINDLE,OPHN1,1
HALLMARK_MITOTIC_SPINDLE,TBCD,1
HALLMARK_MITOTIC_SPINDLE,TUBGCP5,1
HALLMARK_G2M_CHECKPOINT,NUMA1,1
HALLMARK_MITOTIC_SPINDLE,NUMA1,1
HALLMARK_MITOTIC_SPINDLE,MARK4,1
HALLMARK_MITOTIC_SPINDLE,PPP4R2,1
HALLMARK_G2M_CHECKPOINT,SMC1A,1
HALLMARK_MITOTIC_SPINDLE,SMC1A,1
HALLMARK_E2F_TARGETS,SMC1A,1
HALLMARK_MITOTIC_SPINDLE,PKD2,1
HALLMARK_MTORC1_SIGNALING,BUB1,1
HALLMARK_G2M_CHECKPOINT,BUB1,1
HALLMARK_MITOTIC_SPINDLE,BUB1,1
HALLMARK_SPERMATOGENESIS,BUB1,1
HALLMARK_MITOTIC_SPINDLE,ARFGEF1,1
HALLMARK_PROTEIN_SECRETION,ARFGEF1,1
HALLMARK_APICAL_JUNCTION,TAOK2,1
HALLMARK_MITOTIC_SPINDLE,TAOK2,1
HALLMARK_MITOTIC_SPINDLE,LATS1,1
HALLMARK_MITOTIC_SPINDLE,DOCK4,1
HALLMARK_COMPLEMENT,DOCK4,1
HALLMARK_MITOTIC_SPINDLE,PLEKHG2,1
HALLMARK_G2M_CHECKPOINT,SMC4,1
HALLMARK_MITOTIC_SPINDLE,SMC4,1
HALLMARK_E2F_TARGETS,SMC4,1
HALLMARK_APICAL_JUNCTION,RHOF,1
HALLMARK_MITOTIC_SPINDLE,RHOF,1
HALLMARK_MITOTIC_SPINDLE,BCR,1
HALLMARK_MITOTIC_SPINDLE,CDC42EP2,1
HALLMARK_MITOTIC_SPINDLE,FGD6,1
HALLMARK_MITOTIC_SPINDLE,CD2AP,1
HALLMARK_MITOTIC_SPINDLE,LLGL1,1
HALLMARK_UV_RESPONSE_DN,RASA2,1
HALLMARK_MITOTIC_SPINDLE,RASA2,1
HALLMARK_MITOTIC_SPINDLE,MAP3K11,1
HALLMARK_MITOTIC_SPINDLE,ARHGEF3,1
HALLMARK_MITOTIC_SPINDLE,ARL8A,1
HALLMARK_MITOTIC_SPINDLE,PALLD,1
HALLMARK_G2M_CHECKPOINT,CENPE,1
HALLMARK_MITOTIC_SPINDLE,CENPE,1
HALLMARK_E2F_TARGETS,CENPE,1
HALLMARK_MITOTIC_SPINDLE,KIF3C,1
HALLMARK_MITOTIC_SPINDLE,AKAP13,1
HALLMARK_MITOTIC_SPINDLE,CENPJ,1
HALLMARK_G2M_CHECKPOINT,RASAL2,1
HALLMARK_MITOTIC_SPINDLE,RASAL2,1
HALLMARK_APICAL_JUNCTION,SHROOM2,1
HALLMARK_APICAL_SURFACE,SHROOM2,1
HALLMARK_MITOTIC_SPINDLE,SHROOM2,1
HALLMARK_G2M_CHECKPOINT,TTK,1
HALLMARK_SPERMATOGENESIS,TTK,1
HALLMARK_MITOTIC_SPINDLE,TTK,1
HALLMARK_APICAL_JUNCTION,FSCN1,1
HALLMARK_MITOTIC_SPINDLE,FSCN1,1
HALLMARK_MITOTIC_SPINDLE,PCM1,1
HALLMARK_MITOTIC_SPINDLE,CEP57,1
HALLMARK_OXIDATIVE_PHOSPHORYLATION,LRPPRC,1
HALLMARK_MITOTIC_SPINDLE,LRPPRC,1
HALLMARK_MITOTIC_SPINDLE,RAB3GAP1,1
HALLMARK_MITOTIC_SPINDLE,RALBP1,1
HALLMARK_MYC_TARGETS_V1,YWHAE,1
HALLMARK_MITOTIC_SPINDLE,YWHAE,1
HALLMARK_ADIPOGENESIS,ITSN1,1
HALLMARK_MITOTIC_SPINDLE,ITSN1,1
HALLMARK_MITOTIC_SPINDLE,CKAP5,1
HALLMARK_G2M_CHECKPOINT,PAFAH1B1,1
HALLMARK_MITOTIC_SPINDLE,PAFAH1B1,1
HALLMARK_G2M_CHECKPOINT,INCENP,1
HALLMARK_MITOTIC_SPINDLE,INCENP,1
HALLMARK_MITOTIC_SPINDLE,KATNB1,1
HALLMARK_APICAL_JUNCTION,ACTN4,1
HALLMARK_MITOTIC_SPINDLE,ACTN4,1
HALLMARK_MITOTIC_SPINDLE,CEP250,1
HALLMARK_MYOGENESIS,SPTAN1,1
HALLMARK_MITOTIC_SPINDLE,SPTAN1,1
HALLMARK_APOPTOSIS,SPTAN1,1
HALLMARK_MITOTIC_SPINDLE,STAU1,1
HALLMARK_MTORC1_SIGNALING,PLK1,1
HALLMARK_G2M_CHECKPOINT,PLK1,1
HALLMARK_MITOTIC_SPINDLE,PLK1,1
HALLMARK_E2F_TARGETS,PLK1,1
HALLMARK_MYC_TARGETS_V2,PLK1,1
HALLMARK_MITOTIC_SPINDLE,TUBD1,1
HALLMARK_MITOTIC_SPINDLE,ARHGAP4,1
HALLMARK_MITOTIC_SPINDLE,DOCK2,1
HALLMARK_KRAS_SIGNALING_UP,DOCK2,1
HALLMARK_G2M_CHECKPOINT,NEK2,1
HALLMARK_SPERMATOGENESIS,NEK2,1
HALLMARK_MITOTIC_SPINDLE,NEK2,1
HALLMARK_MITOTIC_SPINDLE,SUN2,1
HALLMARK_G2M_CHECKPOINT,KIF20B,1
HALLMARK_MITOTIC_SPINDLE,KIF20B,1
HALLMARK_MITOTIC_SPINDLE,TLK1,1
HALLMARK_MITOTIC_SPINDLE,PCGF5,1
HALLMARK_MITOTIC_SPINDLE,SMC3,1
HALLMARK_E2F_TARGETS,SMC3,1
HALLMARK_MITOTIC_SPINDLE,DST,1
HALLMARK_EPITHELIAL_MESENCHYMAL_TRANSITION,DST,1
HALLMARK_PROTEIN_SECRETION,DST,1
HALLMARK_MITOTIC_SPINDLE,ARHGAP5,1
HALLMARK_MITOTIC_SPINDLE,ARHGAP10,1
HALLMARK_MITOTIC_SPINDLE,CYTH2,1
HALLMARK_APICAL_JUNCTION,DLG1,1
HALLMARK_UV_RESPONSE_DN,DLG1,1
HALLMARK_MITOTIC_SPINDLE,DLG1,1
HALLMARK_UNFOLDED_PROTEIN_RESPONSE,GEMIN4,1
HALLMARK_MITOTIC_SPINDLE,GEMIN4,1
HALLMARK_ALLOGRAFT_REJECTION,FLNA,1
HALLMARK_MITOTIC_SPINDLE,FLNA,1
HALLMARK_EPITHELIAL_MESENCHYMAL_TRANSITION,FLNA,1
HALLMARK_MITOTIC_SPINDLE,CAPZB,1
HALLMARK_G2M_CHECKPOINT,BIRC5,1
HALLMARK_MITOTIC_SPINDLE,BIRC5,1
HALLMARK_E2F_TARGETS,BIRC5,1
HALLMARK_G2M_CHECKPOINT,NOTCH2,1
HALLMARK_UV_RESPONSE_DN,NOTCH2,1
HALLMARK_MITOTIC_SPINDLE,NOTCH2,1
HALLMARK_EPITHELIAL_MESENCHYMAL_TRANSITION,NOTCH2,1
HALLMARK_NOTCH_SIGNALING,NOTCH2,1
HALLMARK_G2M_CHECKPOINT,PRC1,1
HALLMARK_MITOTIC_SPINDLE,PRC1,1
HALLMARK_MITOTIC_SPINDLE,CLASP1,1
HALLMARK_PI3K_AKT_MTOR_SIGNALING,ARHGDIA,1
HALLMARK_MITOTIC_SPINDLE,ARHGDIA,1
HALLMARK_G2M_CHECKPOINT,KATNA1,1
HALLMARK_MITOTIC_SPINDLE,KATNA1,1
HALLMARK_COAGULATION,GSN,1
HALLMARK_MYOGENESIS,GSN,1
HALLMARK_MITOTIC_SPINDLE,GSN,1
HALLMARK_APOPTOSIS,GSN,1
HALLMARK_MITOTIC_SPINDLE,KIFAP3,1
HALLMARK_MITOTIC_SPINDLE,PIF1,1
HALLMARK_MITOTIC_SPINDLE,DLGAP5,1
HALLMARK_E2F_TARGETS,DLGAP5,1
HALLMARK_MITOTIC_SPINDLE,HOOK3,1
HALLMARK_MYOGENESIS,BIN1,1
HALLMARK_MITOTIC_SPINDLE,BIN1,1
HALLMARK_G2M_CHECKPOINT,RACGAP1,1
HALLMARK_MITOTIC_SPINDLE,RACGAP1,1
HALLMARK_E2F_TARGETS,RACGAP1,1
HALLMARK_MITOTIC_SPINDLE,CEP72,1
HALLMARK_G2M_CHECKPOINT,ABL1,1
HALLMARK_MITOTIC_SPINDLE,ABL1,1
HALLMARK_MITOTIC_SPINDLE,KNTC1,1
HALLMARK_MITOTIC_SPINDLE,RFC1,1
HALLMARK_E2F_TARGETS,RFC1,1
HALLMARK_MITOTIC_SPINDLE,CTTN,1
HALLMARK_G2M_CHECKPOINT,BRCA2,1
HALLMARK_MITOTIC_SPINDLE,BRCA2,1
HALLMARK_E2F_TARGETS,BRCA2,1
HALLMARK_MITOTIC_SPINDLE,TUBGCP6,1
HALLMARK_MITOTIC_SPINDLE,NEDD9,1
HALLMARK_APOPTOSIS,NEDD9,1
HALLMARK_G2M_CHECKPOINT,CDK1,1
HALLMARK_MITOTIC_SPINDLE,CDK1,1
HALLMARK_E2F_TARGETS,CDK1,1
HALLMARK_PI3K_AKT_MTOR_SIGNALING,CDK1,1
HALLMARK_SPERMATOGENESIS,CDK1,1
HALLMARK_GLYCOLYSIS,CDK1,1
HALLMARK_HEME_METABOLISM,CDC27,1
HALLMARK_G2M_CHECKPOINT,CDC27,1
HALLMARK_MITOTIC_SPINDLE,CDC27,1
HALLMARK_MITOTIC_SPINDLE,MYO9B,1
HALLMARK_G2M_CHECKPOINT,TPX2,1
HALLMARK_MITOTIC_SPINDLE,TPX2,1
HALLMARK_MITOTIC_SPINDLE,CNTRL,1
HALLMARK_G2M_CHECKPOINT,FBXO5,1
HALLMARK_MITOTIC_SPINDLE,FBXO5,1
HALLMARK_MITOTIC_SPINDLE,BCL2L11,1
HALLMARK_UV_RESPONSE_UP,BCL2L11,1
HALLMARK_APOPTOSIS,BCL2L11,1
HALLMARK_IL2_STAT5_SIGNALING,TIAM1,1
HALLMARK_MITOTIC_SPINDLE,TIAM1,1
HALLMARK_PI3K_AKT_MTOR_SIGNALING,TIAM1,1
HALLMARK_ESTROGEN_RESPONSE_LATE,TIAM1,1
HALLMARK_ESTROGEN_RESPONSE_EARLY,TIAM1,1
HALLMARK_MITOTIC_SPINDLE,SEPTIN9,1
HALLMARK_MITOTIC_SPINDLE,UXT,1
HALLMARK_MITOTIC_SPINDLE,CLIP1,1
HALLMARK_MITOTIC_SPINDLE,CDC42,1
HALLMARK_MITOTIC_SPINDLE,MID1IP1,1
HALLMARK_G2M_CHECKPOINT,KIF23,1
HALLMARK_MITOTIC_SPINDLE,KIF23,1
HALLMARK_G2M_CHECKPOINT,NDC80,1
HALLMARK_MITOTIC_SPINDLE,NDC80,1
HALLMARK_XENOBIOTIC_METABOLISM,BCAR1,1
HALLMARK_MITOTIC_SPINDLE,BCAR1,1
HALLMARK_MITOTIC_SPINDLE,KPTN,1
HALLMARK_MITOTIC_SPINDLE,KLC1,1
HALLMARK_APICAL_JUNCTION,WASL,1
HALLMARK_MITOTIC_SPINDLE,WASL,1
HALLMARK_G2M_CHECKPOINT,CENPF,1
HALLMARK_MITOTIC_SPINDLE,CENPF,1
HALLMARK_MITOTIC_SPINDLE,FLNB,1
HALLMARK_ESTROGEN_RESPONSE_LATE,FLNB,1
HALLMARK_ESTROGEN_RESPONSE_EARLY,FLNB,1
HALLMARK_MITOTIC_SPINDLE,SAC3D1,1
HALLMARK_DNA_REPAIR,SAC3D1,1
HALLMARK_MITOTIC_SPINDLE,SSH2,1
HALLMARK_G2M_CHECKPOINT,TOP2A,1
HALLMARK_MITOTIC_SPINDLE,TOP2A,1
HALLMARK_E2F_TARGETS,TOP2A,1
HALLMARK_ESTROGEN_RESPONSE_LATE,TOP2A,1
HALLMARK_PEROXISOME,TOP2A,1
HALLMARK_APOPTOSIS,TOP2A,1
HALLMARK_MITOTIC_SPINDLE,PCNT,1
HALLMARK_MITOTIC_SPINDLE,RABGAP1,1
HALLMARK_MITOTIC_SPINDLE,PREX1,1
HALLMARK_G2M_CHECKPOINT,LMNB1,1
HALLMARK_MITOTIC_SPINDLE,LMNB1,1
HALLMARK_E2F_TARGETS,LMNB1,1
HALLMARK_MITOTIC_SPINDLE,CDK5RAP2,1
HALLMARK_MITOTIC_SPINDLE,CNTROB,1
HALLMARK_OXIDATIVE_PHOSPHORYLATION,RHOT2,1
HALLMARK_APOPTOSIS,RHOT2,1
HALLMARK_MITOTIC_SPINDLE,RHOT2,1
HALLMARK_HEME_METABOLISM,ARHGEF12,1
HALLMARK_MITOTIC_SPINDLE,ARHGEF12,1
HALLMARK_MITOTIC_SPINDLE,NCK2,1
HALLMARK_APICAL_JUNCTION,NF1,1
HALLMARK_MITOTIC_SPINDLE,NF1,1
HALLMARK_HEDGEHOG_SIGNALING,NF1,1
HALLMARK_G2M_CHECKPOINT,KIF2C,1
HALLMARK_SPERMATOGENESIS,KIF2C,1
HALLMARK_MITOTIC_SPINDLE,KIF2C,1
HALLMARK_E2F_TARGETS,KIF2C,1
HALLMARK_MITOTIC_SPINDLE,ALS2,1
HALLMARK_MITOTIC_SPINDLE,APC,1
HALLMARK_TGF_BETA_SIGNALING,APC,1
HALLMARK_MITOTIC_SPINDLE,RICTOR,1
HALLMARK_MITOTIC_SPINDLE,NIN,1
HALLMARK_KRAS_SIGNALING_UP,NIN,1
HALLMARK_MITOTIC_SPINDLE,MAPRE1,1
HALLMARK_MITOTIC_SPINDLE,ARHGAP29,1
HALLMARK_MITOTIC_SPINDLE,CDC42EP1,1
HALLMARK_MITOTIC_SPINDLE,ARFIP2,1
HALLMARK_G2M_CHECKPOINT,KIF15,1
HALLMARK_MITOTIC_SPINDLE,KIF15,1
HALLMARK_MITOTIC_SPINDLE,ARHGEF7,1
HALLMARK_MITOTIC_SPINDLE,ARAP3,1
HALLMARK_MITOTIC_SPINDLE,ARHGEF2,1
HALLMARK_G2M_CHECKPOINT,KIF4A,1
HALLMARK_MITOTIC_SPINDLE,KIF4A,1
HALLMARK_E2F_TARGETS,KIF4A,1
HALLMARK_HEME_METABOLISM,EPB41,1
HALLMARK_MITOTIC_SPINDLE,EPB41,1
HALLMARK_MITOTIC_SPINDLE,TUBGCP2,1
HALLMARK_APICAL_JUNCTION,RASA1,1
HALLMARK_HEDGEHOG_SIGNALING,RASA1,1
HALLMARK_MITOTIC_SPINDLE,RASA1,1
HALLMARK_MITOTIC_SPINDLE,TRIO,1
HALLMARK_WNT_BETA_CATENIN_SIGNALING,HDAC11,1
HALLMARK_NOTCH_SIGNALING,KAT2A,1
HALLMARK_WNT_BETA_CATENIN_SIGNALING,KAT2A,1
HALLMARK_WNT_BETA_CATENIN_SIGNALING,DVL2,1
HALLMARK_WNT_BETA_CATENIN_SIGNALING,AXIN1,1
HALLMARK_HEDGEHOG_SIGNALING,HEY2,1
HALLMARK_WNT_BETA_CATENIN_SIGNALING,HEY2,1
HALLMARK_NOTCH_SIGNALING,PSEN2,1
HALLMARK_WNT_BETA_CATENIN_SIGNALING,PSEN2,1
HALLMARK_MYOGENESIS,PSEN2,1
HALLMARK_APOPTOSIS,PSEN2,1
HALLMARK_WNT_BETA_CATENIN_SIGNALING,NUMB,1
HALLMARK_WNT_BETA_CATENIN_SIGNALING,MAML1,1
HALLMARK_EPITHELIAL_MESENCHYMAL_TRANSITION,FZD8,1
HALLMARK_WNT_BETA_CATENIN_SIGNALING,FZD8,1
HALLMARK_ALLOGRAFT_REJECTION,CCND2,1
HALLMARK_WNT_BETA_CATENIN_SIGNALING,CCND2,1
HALLMARK_IL2_STAT5_SIGNALING,CCND2,1
HALLMARK_P53_PATHWAY,CCND2,1
HALLMARK_ANGIOGENESIS,CCND2,1
HALLMARK_KRAS_SIGNALING_UP,CCND2,1
HALLMARK_APOPTOSIS,CCND2,1
HALLMARK_WNT_BETA_CATENIN_SIGNALING,DKK4,1
HALLMARK_WNT_BETA_CATENIN_SIGNALING,WNT6,1
HALLMARK_WNT_BETA_CATENIN_SIGNALING,NOTCH1,1
HALLMARK_MYOGENESIS,NOTCH1,1
HALLMARK_P53_PATHWAY,NOTCH1,1
HALLMARK_NOTCH_SIGNALING,NOTCH1,1
HALLMARK_MYC_TARGETS_V1,HDAC2,1
HALLMARK_WNT_BETA_CATENIN_SIGNALING,HDAC2,1
HALLMARK_WNT_BETA_CATENIN_SIGNALING,JAG2,1
HALLMARK_ANGIOGENESIS,JAG2,1
HALLMARK_P53_PATHWAY,JAG2,1
HALLMARK_HEDGEHOG_SIGNALING,HEY1,1
HALLMARK_WNT_BETA_CATENIN_SIGNALING,HEY1,1
HALLMARK_WNT_BETA_CATENIN_SIGNALING,FRAT1,1
HALLMARK_WNT_BETA_CATENIN_SIGNALING,DLL1,1
HALLMARK_NOTCH_SIGNALING,DLL1,1
HALLMARK_WNT_BETA_CATENIN_SIGNALING,WNT5B,1
HALLMARK_NOTCH_SIGNALING,FZD1,1
HALLMARK_WNT_BETA_CATENIN_SIGNALING,FZD1,1
HALLMARK_WNT_BETA_CATENIN_SIGNALING,CSNK1E,1
HALLMARK_WNT_BETA_CATENIN_SIGNALING,NKD1,1
HALLMARK_WNT_BETA_CATENIN_SIGNALING,WNT1,1
HALLMARK_WNT_BETA_CATENIN_SIGNALING,NCOR2,1
HALLMARK_ESTROGEN_RESPONSE_LATE,NCOR2,1
HALLMARK_ESTROGEN_RESPONSE_EARLY,NCOR2,1
HALLMARK_TGF_BETA_SIGNALING,NCOR2,1
HALLMARK_WNT_BETA_CATENIN_SIGNALING,SKP2,1
HALLMARK_WNT_BETA_CATENIN_SIGNALING,DKK1,1
HALLMARK_EPITHELIAL_MESENCHYMAL_TRANSITION,DKK1,1
HALLMARK_WNT_BETA_CATENIN_SIGNALING,AXIN2,1
HALLMARK_WNT_BETA_CATENIN_SIGNALING,PTCH1,1
HALLMARK_HEDGEHOG_SIGNALING,PTCH1,1
HALLMARK_IL2_STAT5_SIGNALING,PTCH1,1
HALLMARK_WNT_BETA_CATENIN_SIGNALING,TCF7,1
HALLMARK_NOTCH_SIGNALING,PPARD,1
HALLMARK_XENOBIOTIC_METABOLISM,PPARD,1
HALLMARK_WNT_BETA_CATENIN_SIGNALING,PPARD,1
HALLMARK_COMPLEMENT,NOTCH4,1
HALLMARK_WNT_BETA_CATENIN_SIGNALING,NOTCH4,1
HALLMARK_WNT_BETA_CATENIN_SIGNALING,LEF1,1
HALLMARK_APOPTOSIS,LEF1,1
HALLMARK_NOTCH_SIGNALING,CUL1,1
HALLMARK_MYC_TARGETS_V1,CUL1,1
HALLMARK_WNT_BETA_CATENIN_SIGNALING,CUL1,1
HALLMARK_G2M_CHECKPOINT,CUL1,1
HALLMARK_WNT_BETA_CATENIN_SIGNALING,TP53,1
HALLMARK_P53_PATHWAY,TP53,1
HALLMARK_DNA_REPAIR,TP53,1
HALLMARK_E2F_TARGETS,TP53,1
HALLMARK_WNT_BETA_CATENIN_SIGNALING,HDAC5,1
HALLMARK_MYOGENESIS,HDAC5,1
HALLMARK_WNT_BETA_CATENIN_SIGNALING,ADAM17,1
HALLMARK_KRAS_SIGNALING_UP,ADAM17,1
HALLMARK_WNT_BETA_CATENIN_SIGNALING,NCSTN,1
HALLMARK_APICAL_JUNCTION,TJP1,1
HALLMARK_UV_RESPONSE_DN,TJP1,1
HALLMARK_TGF_BETA_SIGNALING,TJP1,1
HALLMARK_BILE_ACID_METABOLISM,BCAR3,1
HALLMARK_TGF_BETA_SIGNALING,BCAR3,1
HALLMARK_UV_RESPONSE_DN,SMAD7,1
HALLMARK_TGF_BETA_SIGNALING,SMAD7,1
HALLMARK_APOPTOSIS,SMAD7,1
HALLMARK_ALLOGRAFT_REJECTION,TGFB1,1
HALLMARK_MYOGENESIS,TGFB1,1
HALLMARK_P53_PATHWAY,TGFB1,1
HALLMARK_G2M_CHECKPOINT,TGFB1,1
HALLMARK_EPITHELIAL_MESENCHYMAL_TRANSITION,TGFB1,1
HALLMARK_IL6_JAK_STAT3_SIGNALING,TGFB1,1
HALLMARK_TGF_BETA_SIGNALING,TGFB1,1
HALLMARK_TGF_BETA_SIGNALING,NOG,1
HALLMARK_TGF_BETA_SIGNALING,SMURF2,1
HALLMARK_TGF_BETA_SIGNALING,ID3,1
HALLMARK_ALLOGRAFT_REJECTION,MAP3K7,1
HALLMARK_TGF_BETA_SIGNALING,MAP3K7,1
HALLMARK_PI3K_AKT_MTOR_SIGNALING,MAP3K7,1
HALLMARK_TGF_BETA_SIGNALING,LTBP2,1
HALLMARK_TGF_BETA_SIGNALING,CDK9,1
HALLMARK_UV_RESPONSE_DN,BMPR1A,1
HALLMARK_TGF_BETA_SIGNALING,BMPR1A,1
HALLMARK_ESTROGEN_RESPONSE_LATE,RAB31,1
HALLMARK_ESTROGEN_RESPONSE_EARLY,RAB31,1
HALLMARK_TGF_BETA_SIGNALING,RAB31,1
HALLMARK_MYOGENESIS,WWTR1,1
HALLMARK_TGF_BETA_SIGNALING,WWTR1,1
HALLMARK_APOPTOSIS,XIAP,1
HALLMARK_TGF_BETA_SIGNALING,XIAP,1
HALLMARK_IL2_STAT5_SIGNALING,FURIN,1
HALLMARK_COAGULATION,FURIN,1
HALLMARK_UV_RESPONSE_UP,FURIN,1
HALLMARK_TGF_BETA_SIGNALING,FURIN,1
HALLMARK_APICAL_JUNCTION,CDH1,1
HALLMARK_TGF_BETA_SIGNALING,CDH1,1
HALLMARK_ESTROGEN_RESPONSE_LATE,CDH1,1
HALLMARK_TGF_BETA_SIGNALING,PPM1A,1
HALLMARK_IL2_STAT5_SIGNALING,BMPR2,1
HALLMARK_TGF_BETA_SIGNALING,BMPR2,1
HALLMARK_MTORC1_SIGNALING,UBE2D3,1
HALLMARK_PI3K_AKT_MTOR_SIGNALING,UBE2D3,1
HALLMARK_TGF_BETA_SIGNALING,UBE2D3,1
HALLMARK_COAGULATION,THBS1,1
HALLMARK_EPITHELIAL_MESENCHYMAL_TRANSITION,THBS1,1
HALLMARK_TGF_BETA_SIGNALING,THBS1,1
HALLMARK_TGF_BETA_SIGNALING,ACVR1,1
HALLMARK_TGF_BETA_SIGNALING,SMURF1,1
HALLMARK_TGF_BETA_SIGNALING,SMAD6,1
HALLMARK_TGF_BETA_SIGNALING,FNTA,1
HALLMARK_TGF_BETA_SIGNALING,SKI,1
HALLMARK_TGF_BETA_SIGNALING,RHOA,1
HALLMARK_APOPTOSIS,SLC20A1,1
HALLMARK_TGF_BETA_SIGNALING,SLC20A1,1
HALLMARK_TGF_BETA_SIGNALING,HDAC1,1
HALLMARK_TGF_BETA_SIGNALING,SMAD1,1
HALLMARK_IL2_STAT5_SIGNALING,HIPK2,1
HALLMARK_TGF_BETA_SIGNALING,HIPK2,1
HALLMARK_TGF_BETA_SIGNALING,TRIM33,1
HALLMARK_TGF_BETA_SIGNALING,FKBP1A,1
HALLMARK_TGF_BETA_SIGNALING,ENG,1
HALLMARK_KRAS_SIGNALING_UP,ENG,1
HALLMARK_TGF_BETA_SIGNALING,TGFBR1,1
HALLMARK_COAGULATION,LEFTY2,1
HALLMARK_TGF_BETA_SIGNALING,LEFTY2,1
HALLMARK_TGF_BETA_SIGNALING,ARID4B,1
HALLMARK_UV_RESPONSE_DN,ID1,1
HALLMARK_TGF_BETA_SIGNALING,ID1,1
HALLMARK_PI3K_AKT_MTOR_SIGNALING,PPP1CA,1
HALLMARK_TGF_BETA_SIGNALING,PPP1CA,1
HALLMARK_KRAS_SIGNALING_DN,SKIL,1
HALLMARK_TGF_BETA_SIGNALING,SKIL,1
HALLMARK_IL2_STAT5_SIGNALING,TNFRSF21,1
HALLMARK_ANGIOGENESIS,TNFRSF21,1
HALLMARK_IL6_JAK_STAT3_SIGNALING,TNFRSF21,1
HALLMARK_IL6_JAK_STAT3_SIGNALING,IL9R,1
HALLMARK_ALLOGRAFT_REJECTION,IL4R,1
HALLMARK_INTERFERON_GAMMA_RESPONSE,IL4R,1
HALLMARK_INTERFERON_ALPHA_RESPONSE,IL4R,1
HALLMARK_IL2_STAT5_SIGNALING,IL4R,1
HALLMARK_IL6_JAK_STAT3_SIGNALING,IL4R,1
HALLMARK_INFLAMMATORY_RESPONSE,IL4R,1
HALLMARK_INFLAMMATORY_RESPONSE,PIK3R5,1
HALLMARK_COMPLEMENT,PIK3R5,1
HALLMARK_IL6_JAK_STAT3_SIGNALING,PIK3R5,1
HALLMARK_IL6_JAK_STAT3_SIGNALING,IL17RA,1
HALLMARK_INTERFERON_GAMMA_RESPONSE,PTPN1,1
HALLMARK_IL6_JAK_STAT3_SIGNALING,PTPN1,1
HALLMARK_IL6_JAK_STAT3_SIGNALING,PLA2G2A,1
HALLMARK_IL6_JAK_STAT3_SIGNALING,ACVRL1,1
HALLMARK_IL6_JAK_STAT3_SIGNALING,CBL,1
HALLMARK_KRAS_SIGNALING_UP,CBL,1
HALLMARK_XENOBIOTIC_METABOLISM,IL1R1,1
HALLMARK_INFLAMMATORY_RESPONSE,IL1R1,1
HALLMARK_IL6_JAK_STAT3_SIGNALING,IL1R1,1
HALLMARK_XENOBIOTIC_METABOLISM,TNFRSF1A,1
HALLMARK_IL6_JAK_STAT3_SIGNALING,TNFRSF1A,1
HALLMARK_PI3K_AKT_MTOR_SIGNALING,TNFRSF1A,1
HALLMARK_IL6_JAK_STAT3_SIGNALING,ITGA4,1
HALLMARK_INFLAMMATORY_RESPONSE,CSF3R,1
HALLMARK_IL6_JAK_STAT3_SIGNALING,CSF3R,1
HALLMARK_ALLOGRAFT_REJECTION,CXCL13,1
HALLMARK_IL6_JAK_STAT3_SIGNALING,CXCL13,1
HALLMARK_IL6_JAK_STAT3_SIGNALING,INHBE,1
HALLMARK_INTERFERON_GAMMA_RESPONSE,CD38,1
HALLMARK_IL6_JAK_STAT3_SIGNALING,CD38,1
HALLMARK_APOPTOSIS,CD38,1
HALLMARK_COAGULATION,A2M,1
HALLMARK_IL6_JAK_STAT3_SIGNALING,A2M,1
HALLMARK_INTERFERON_GAMMA_RESPONSE,STAT3,1
HALLMARK_IL6_JAK_STAT3_SIGNALING,STAT3,1
HALLMARK_IL6_JAK_STAT3_SIGNALING,TYK2,1
HALLMARK_IL6_JAK_STAT3_SIGNALING,LEPR,1
HALLMARK_INTERFERON_GAMMA_RESPONSE,PTPN2,1
HALLMARK_IL6_JAK_STAT3_SIGNALING,PTPN2,1
HALLMARK_ALLOGRAFT_REJECTION,SOCS1,1
HALLMARK_INTERFERON_GAMMA_RESPONSE,SOCS1,1
HALLMARK_IL2_STAT5_SIGNALING,SOCS1,1
HALLMARK_P53_PATHWAY,SOCS1,1
HALLMARK_IL6_JAK_STAT3_SIGNALING,SOCS1,1
HALLMARK_INFLAMMATORY_RESPONSE,CD14,1
HALLMARK_APOPTOSIS,CD14,1
HALLMARK_IL6_JAK_STAT3_SIGNALING,CD14,1
HALLMARK_ALLOGRAFT_REJECTION,LTB,1
HALLMARK_IL2_STAT5_SIGNALING,LTB,1
HALLMARK_IL6_JAK_STAT3_SIGNALING,LTB,1
HALLMARK_HEDGEHOG_SIGNALING,CNTFR,1
HALLMARK_KRAS_SIGNALING_DN,CNTFR,1
HALLMARK_IL6_JAK_STAT3_SIGNALING,CNTFR,1
HALLMARK_INFLAMMATORY_RESPONSE,IFNAR1,1
HALLMARK_IL6_JAK_STAT3_SIGNALING,IFNAR1,1
HALLMARK_IL6_JAK_STAT3_SIGNALING,GRB2,1
HALLMARK_PI3K_AKT_MTOR_SIGNALING,GRB2,1
HALLMARK_COMPLEMENT,GRB2,1
HALLMARK_ALLOGRAFT_REJECTION,PF4,1
HALLMARK_COAGULATION,PF4,1
HALLMARK_ANGIOGENESIS,PF4,1
HALLMARK_IL6_JAK_STAT3_SIGNALING,PF4,1
HALLMARK_ALLOGRAFT_REJECTION,IFNGR1,1
HALLMARK_IL2_STAT5_SIGNALING,IFNGR1,1
HALLMARK_IL6_JAK_STAT3_SIGNALING,IFNGR1,1
HALLMARK_ADIPOGENESIS,IFNGR1,1
HALLMARK_APOPTOSIS,IFNGR1,1
HALLMARK_ALLOGRAFT_REJECTION,FAS,1
HALLMARK_XENOBIOTIC_METABOLISM,FAS,1
HALLMARK_INTERFERON_GAMMA_RESPONSE,FAS,1
HALLMARK_P53_PATHWAY,FAS,1
HALLMARK_EPITHELIAL_MESENCHYMAL_TRANSITION,FAS,1
HALLMARK_IL6_JAK_STAT3_SIGNALING,FAS,1
HALLMARK_APOPTOSIS,FAS,1
HALLMARK_INFLAMMATORY_RESPONSE,OSMR,1
HALLMARK_IL6_JAK_STAT3_SIGNALING,OSMR,1
HALLMARK_ALLOGRAFT_REJECTION,IL2RG,1
HALLMARK_IL6_JAK_STAT3_SIGNALING,IL2RG,1
HALLMARK_APICAL_SURFACE,IL2RG,1
HALLMARK_PI3K_AKT_MTOR_SIGNALING,IL2RG,1
HALLMARK_KRAS_SIGNALING_UP,IL2RG,1
HALLMARK_IL6_JAK_STAT3_SIGNALING,CRLF2,1
HALLMARK_ALLOGRAFT_REJECTION,CXCL9,1
HALLMARK_INTERFERON_GAMMA_RESPONSE,CXCL9,1
HALLMARK_INFLAMMATORY_RESPONSE,CXCL9,1
HALLMARK_IL6_JAK_STAT3_SIGNALING,CXCL9,1
HALLMARK_KRAS_SIGNALING_UP,CSF2RA,1
HALLMARK_IL6_JAK_STAT3_SIGNALING,CSF2RA,1
HALLMARK_SPERMATOGENESIS,STAM2,1
HALLMARK_IL6_JAK_STAT3_SIGNALING,STAM2,1
HALLMARK_INFLAMMATORY_RESPONSE,ACVR1B,1
HALLMARK_P53_PATHWAY,ACVR1B,1
HALLMARK_IL6_JAK_STAT3_SIGNALING,ACVR1B,1
HALLMARK_ESTROGEN_RESPONSE_LATE,IL17RB,1
HALLMARK_ESTROGEN_RESPONSE_EARLY,IL17RB,1
HALLMARK_IL6_JAK_STAT3_SIGNALING,IL17RB,1
HALLMARK_IL6_JAK_STAT3_SIGNALING,LTBR,1
HALLMARK_INTERFERON_GAMMA_RESPONSE,CSF2RB,1
HALLMARK_IL6_JAK_STAT3_SIGNALING,CSF2RB,1
HALLMARK_IL2_STAT5_SIGNALING,IL1R2,1
HALLMARK_IL6_JAK_STAT3_SIGNALING,IL1R2,1
HALLMARK_XENOBIOTIC_METABOLISM,REG1A,1
HALLMARK_IL6_JAK_STAT3_SIGNALING,REG1A,1
HALLMARK_ALLOGRAFT_REJECTION,IL2RA,1
HALLMARK_IL2_STAT5_SIGNALING,IL2RA,1
HALLMARK_IL6_JAK_STAT3_SIGNALING,IL2RA,1
HALLMARK_GLYCOLYSIS,HAX1,1
HALLMARK_IL6_JAK_STAT3_SIGNALING,HAX1,1
HALLMARK_ALLOGRAFT_REJECTION,CCR1,1
HALLMARK_IL6_JAK_STAT3_SIGNALING,CCR1,1
HALLMARK_IL2_STAT5_SIGNALING,TNFRSF1B,1
HALLMARK_IL6_JAK_STAT3_SIGNALING,TNFRSF1B,1
HALLMARK_INFLAMMATORY_RESPONSE,TNFRSF1B,1
HALLMARK_KRAS_SIGNALING_UP,TNFRSF1B,1
HALLMARK_IL6_JAK_STAT3_SIGNALING,DNTT,1
HALLMARK_P53_PATHWAY,BAK1,1
HALLMARK_UV_RESPONSE_UP,BAK1,1
HALLMARK_IL6_JAK_STAT3_SIGNALING,BAK1,1
HALLMARK_XENOBIOTIC_METABOLISM,CD36,1
HALLMARK_MYOGENESIS,CD36,1
HALLMARK_IL6_JAK_STAT3_SIGNALING,CD36,1
HALLMARK_FATTY_ACID_METABOLISM,CD36,1
HALLMARK_ADIPOGENESIS,CD36,1
HALLMARK_COMPLEMENT,CD36,1
HALLMARK_GLYCOLYSIS,IL13RA1,1
HALLMARK_IL6_JAK_STAT3_SIGNALING,IL13RA1,1
HALLMARK_IL2_STAT5_SIGNALING,IL18R1,1
HALLMARK_INFLAMMATORY_RESPONSE,IL18R1,1
HALLMARK_IL6_JAK_STAT3_SIGNALING,IL18R1,1
HALLMARK_INTERFERON_GAMMA_RESPONSE,MYD88,1
HALLMARK_IL6_JAK_STAT3_SIGNALING,MYD88,1
HALLMARK_PI3K_AKT_MTOR_SIGNALING,MYD88,1
HALLMARK_INTERFERON_GAMMA_RESPONSE,IRF9,1
HALLMARK_INTERFERON_ALPHA_RESPONSE,IRF9,1
HALLMARK_IL6_JAK_STAT3_SIGNALING,IRF9,1
HALLMARK_IL6_JAK_STAT3_SIGNALING,PDGFC,1
HALLMARK_INTERFERON_GAMMA_RESPONSE,STAT2,1
HALLMARK_INTERFERON_ALPHA_RESPONSE,STAT2,1
HALLMARK_PI3K_AKT_MTOR_SIGNALING,STAT2,1
HALLMARK_IL6_JAK_STAT3_SIGNALING,STAT2,1
HALLMARK_ALLOGRAFT_REJECTION,IL7,1
HALLMARK_INTERFERON_GAMMA_RESPONSE,IL7,1
HALLMARK_INTERFERON_ALPHA_RESPONSE,IL7,1
HALLMARK_IL6_JAK_STAT3_SIGNALING,IL7,1
HALLMARK_IL6_JAK_STAT3_SIGNALING,IL10RB,1
HALLMARK_ALLOGRAFT_REJECTION,CCL7,1
HALLMARK_INTERFERON_GAMMA_RESPONSE,CCL7,1
HALLMARK_INFLAMMATORY_RESPONSE,CCL7,1
HALLMARK_IL6_JAK_STAT3_SIGNALING,CCL7,1
HALLMARK_ALLOGRAFT_REJECTION,IL12RB1,1
HALLMARK_IL6_JAK_STAT3_SIGNALING,IL12RB1,1
HALLMARK_INFLAMMATORY_RESPONSE,EBI3,1
HALLMARK_IL6_JAK_STAT3_SIGNALING,EBI3,1
HALLMARK_IL6_JAK_STAT3_SIGNALING,PTPN11,1
HALLMARK_PI3K_AKT_MTOR_SIGNALING,PTPN11,1
HALLMARK_ALLOGRAFT_REJECTION,STAT1,1
HALLMARK_INTERFERON_GAMMA_RESPONSE,STAT1,1
HALLMARK_IL6_JAK_STAT3_SIGNALING,STAT1,1
HALLMARK_IL2_STAT5_SIGNALING,IL3RA,1
HALLMARK_IL6_JAK_STAT3_SIGNALING,IL3RA,1
HALLMARK_COAGULATION,ITGB3,1
HALLMARK_UV_RESPONSE_DN,ITGB3,1
HALLMARK_EPITHELIAL_MESENCHYMAL_TRANSITION,ITGB3,1
HALLMARK_IL6_JAK_STAT3_SIGNALING,ITGB3,1
HALLMARK_INFLAMMATORY_RESPONSE,ITGB3,1
HALLMARK_DNA_REPAIR,SMAD5,1
HALLMARK_OXIDATIVE_PHOSPHORYLATION,COX17,1
HALLMARK_DNA_REPAIR,COX17,1
HALLMARK_DNA_REPAIR,TAF9,1
HALLMARK_DNA_REPAIR,NT5C3A,1
HALLMARK_DNA_REPAIR,ZWINT,1
HALLMARK_DNA_REPAIR,RPA3,1
HALLMARK_E2F_TARGETS,RPA3,1
HALLMARK_DNA_REPAIR,CMPK2,1
HALLMARK_INTERFERON_GAMMA_RESPONSE,CMPK2,1
HALLMARK_INTERFERON_ALPHA_RESPONSE,CMPK2,1
HALLMARK_DNA_REPAIR,POLL,1
HALLMARK_DNA_REPAIR,TARBP2,1
HALLMARK_P53_PATHWAY,SEC61A1,1
HALLMARK_DNA_REPAIR,SEC61A1,1
HALLMARK_DNA_REPAIR,POLR2E,1
HALLMARK_OXIDATIVE_PHOSPHORYLATION,POLR2F,1
HALLMARK_DNA_REPAIR,POLR2F,1
HALLMARK_DNA_REPAIR,GTF2A2,1
HALLMARK_DNA_REPAIR,NELFCD,1
HALLMARK_DNA_REPAIR,IMPDH2,1
HALLMARK_MYC_TARGETS_V1,IMPDH2,1
HALLMARK_MYOGENESIS,AK1,1
HALLMARK_P53_PATHWAY,AK1,1
HALLMARK_DNA_REPAIR,AK1,1
HALLMARK_DNA_REPAIR,GTF2B,1
HALLMARK_DNA_REPAIR,PDE6G,1
HALLMARK_DNA_REPAIR,NFX1,1
HALLMARK_DNA_REPAIR,RFC2,1
HALLMARK_E2F_TARGETS,RFC2,1
HALLMARK_DNA_REPAIR,TYMS,1
HALLMARK_MYC_TARGETS_V1,TYMS,1
HALLMARK_OXIDATIVE_PHOSPHORYLATION,SURF1,1
HALLMARK_DNA_REPAIR,SURF1,1
HALLMARK_DNA_REPAIR,TAF6,1
HALLMARK_DNA_REPAIR,NUDT21,1
HALLMARK_E2F_TARGETS,NUDT21,1
HALLMARK_DNA_REPAIR,AK3,1
HALLMARK_GLYCOLYSIS,AK3,1
HALLMARK_DNA_REPAIR,SUPT4H1,1
HALLMARK_MTORC1_SIGNALING,PNP,1
HALLMARK_DNA_REPAIR,PNP,1
HALLMARK_INTERFERON_GAMMA_RESPONSE,PNP,1
HALLMARK_IL2_STAT5_SIGNALING,PNP,1
HALLMARK_DNA_REPAIR,BOLA2,1
HALLMARK_DNA_REPAIR,STX3,1
HALLMARK_DNA_REPAIR,POLR2I,1
HALLMARK_DNA_REPAIR,NME3,1
HALLMARK_DNA_REPAIR,VPS37B,1
HALLMARK_DNA_REPAIR,PRIM1,1
HALLMARK_DNA_REPAIR,NELFB,1
HALLMARK_DNA_REPAIR,POLR3GL,1
HALLMARK_DNA_REPAIR,ERCC8,1
HALLMARK_DNA_REPAIR,TAF10,1
HALLMARK_DNA_REPAIR,CANT1,1
HALLMARK_ESTROGEN_RESPONSE_EARLY,CANT1,1
HALLMARK_DNA_REPAIR,POLE4,1
HALLMARK_E2F_TARGETS,POLE4,1
HALLMARK_DNA_REPAIR,ERCC2,1
HALLMARK_REACTIVE_OXYGEN_SPECIES_PATHWAY,ERCC2,1
HALLMARK_MTORC1_SIGNALING,GTF2H1,1
HALLMARK_DNA_REPAIR,GTF2H1,1
HALLMARK_DNA_REPAIR,RALA,1
HALLMARK_DNA_REPAIR,SSRP1,1
HALLMARK_E2F_TARGETS,SSRP1,1
HALLMARK_DNA_REPAIR,POLR2G,1
HALLMARK_DNA_REPAIR,TAF12,1
HALLMARK_DNA_REPAIR,CCNO,1
HALLMARK_G2M_CHECKPOINT,POLA2,1
HALLMARK_DNA_REPAIR,POLA2,1
HALLMARK_E2F_TARGETS,POLA2,1
HALLMARK_DNA_REPAIR,GUK1,1
HALLMARK_DNA_REPAIR,NT5C,1
HALLMARK_DNA_REPAIR,SRSF6,1
HALLMARK_DNA_REPAIR,REV3L,1
HALLMARK_DNA_REPAIR,GMPR2,1
HALLMARK_DNA_REPAIR,ADA,1
HALLMARK_P53_PATHWAY,ADA,1
HALLMARK_DNA_REPAIR,EIF1B,1
HALLMARK_DNA_REPAIR,GTF2H3,1
HALLMARK_ALLOGRAFT_REJECTION,NME1,1
HALLMARK_DNA_REPAIR,NME1,1
HALLMARK_MYC_TARGETS_V1,NME1,1
HALLMARK_E2F_TARGETS,NME1,1
HALLMARK_NOTCH_SIGNALING,RBX1,1
HALLMARK_DNA_REPAIR,RBX1,1
HALLMARK_DNA_REPAIR,ERCC1,1
HALLMARK_PEROXISOME,ERCC1,1
HALLMARK_DNA_REPAIR,MPC2,1
HALLMARK_ANDROGEN_RESPONSE,ADRM1,1
HALLMARK_INFLAMMATORY_RESPONSE,ADRM1,1
HALLMARK_DNA_REPAIR,ADRM1,1
HALLMARK_DNA_REPAIR,ZNF707,1
HALLMARK_XENOBIOTIC_METABOLISM,HPRT1,1
HALLMARK_MTORC1_SIGNALING,HPRT1,1
HALLMARK_DNA_REPAIR,HPRT1,1
HALLMARK_MYC_TARGETS_V1,HPRT1,1
HALLMARK_ESTROGEN_RESPONSE_LATE,HPRT1,1
HALLMARK_DNA_REPAIR,ERCC3,1
HALLMARK_PEROXISOME,ERCC3,1
HALLMARK_DNA_REPAIR,POLR2D,1
HALLMARK_DNA_REPAIR,POLR1H,1
HALLMARK_DNA_REPAIR,CSTF3,1
HALLMARK_DNA_REPAIR,POLR1C,1
HALLMARK_DNA_REPAIR,EDF1,1
HALLMARK_DNA_REPAIR,POLD4,1
HALLMARK_DNA_REPAIR,RNMT,1
HALLMARK_DNA_REPAIR,AGO4,1
HALLMARK_DNA_REPAIR,ERCC5,1
HALLMARK_P53_PATHWAY,ERCC5,1
HALLMARK_DNA_REPAIR,RAD51,1
HALLMARK_APICAL_JUNCTION,GTF2F1,1
HALLMARK_DNA_REPAIR,GTF2F1,1
HALLMARK_DNA_REPAIR,POLR3C,1
HALLMARK_DNA_REPAIR,ERCC4,1
HALLMARK_DNA_REPAIR,RFC4,1
HALLMARK_MYC_TARGETS_V1,RFC4,1
HALLMARK_SPERMATOGENESIS,RFC4,1
HALLMARK_UV_RESPONSE_UP,RFC4,1
HALLMARK_DNA_REPAIR,DGCR8,1
HALLMARK_DNA_REPAIR,TMED2,1
HALLMARK_PROTEIN_SECRETION,TMED2,1
HALLMARK_DNA_REPAIR,POLR2H,1
HALLMARK_UV_RESPONSE_UP,POLR2H,1
HALLMARK_DNA_REPAIR,BCAM,1
HALLMARK_HEME_METABOLISM,BCAM,1
HALLMARK_DNA_REPAIR,NCBP2,1
HALLMARK_MYC_TARGETS_V1,NCBP2,1
HALLMARK_DNA_REPAIR,ELOA,1
HALLMARK_KRAS_SIGNALING_DN,GTF3C5,1
HALLMARK_DNA_REPAIR,GTF3C5,1
HALLMARK_DNA_REPAIR,NUDT9,1
HALLMARK_DNA_REPAIR,SUPT5H,1
HALLMARK_DNA_REPAIR,BCAP31,1
HALLMARK_APOPTOSIS,BCAP31,1
HALLMARK_DNA_REPAIR,SNAPC4,1
HALLMARK_DNA_REPAIR,AAAS,1
HALLMARK_DNA_REPAIR,GTF2H5,1
HALLMARK_DNA_REPAIR,MRPL40,1
HALLMARK_DNA_REPAIR,RRM2B,1
HALLMARK_DNA_REPAIR,CETN2,1
HALLMARK_DNA_REPAIR,SNAPC5,1
HALLMARK_DNA_REPAIR,DUT,1
HALLMARK_MYC_TARGETS_V1,DUT,1
HALLMARK_E2F_TARGETS,DUT,1
HALLMARK_DNA_REPAIR,POLR1D,1
HALLMARK_DNA_REPAIR,BRF2,1
HALLMARK_DNA_REPAIR,MPG,1
HALLMARK_DNA_REPAIR,VPS28,1
HALLMARK_COAGULATION,USP11,1
HALLMARK_DNA_REPAIR,USP11,1
HALLMARK_DNA_REPAIR,SDCBP,1
HALLMARK_HEME_METABOLISM,SDCBP,1
HALLMARK_DNA_REPAIR,TAF13,1
HALLMARK_XENOBIOTIC_METABOLISM,CDA,1
HALLMARK_DNA_REPAIR,CDA,1
HALLMARK_COMPLEMENT,CDA,1
HALLMARK_DNA_REPAIR,NELFE,1
HALLMARK_DNA_REPAIR,TSG101,1
HALLMARK_PROTEIN_SECRETION,TSG101,1
HALLMARK_DNA_REPAIR,DGUOK,1
HALLMARK_DNA_REPAIR,RFC5,1
HALLMARK_DNA_REPAIR,SF3A3,1
HALLMARK_DNA_REPAIR,PCNA,1
HALLMARK_MYC_TARGETS_V1,PCNA,1
HALLMARK_P53_PATHWAY,PCNA,1
HALLMARK_E2F_TARGETS,PCNA,1
HALLMARK_DNA_REPAIR,LIG1,1
HALLMARK_E2F_TARGETS,LIG1,1
HALLMARK_DNA_REPAIR,GSDME,1
HALLMARK_DNA_REPAIR,RFC3,1
HALLMARK_E2F_TARGETS,RFC3,1
HALLMARK_DNA_REPAIR,ELL,1
HALLMARK_DNA_REPAIR,ITPA,1
HALLMARK_DNA_REPAIR,POLD1,1
HALLMARK_E2F_TARGETS,POLD1,1
HALLMARK_DNA_REPAIR,DCTN4,1
HALLMARK_DNA_REPAIR,RPA2,1
HALLMARK_G2M_CHECKPOINT,RPA2,1
HALLMARK_E2F_TARGETS,RPA2,1
HALLMARK_DNA_REPAIR,VPS37D,1
HALLMARK_REACTIVE_OXYGEN_SPECIES_PATHWAY,GPX4,1
HALLMARK_OXIDATIVE_PHOSPHORYLATION,GPX4,1
HALLMARK_ADIPOGENESIS,GPX4,1
HALLMARK_DNA_REPAIR,GPX4,1
HALLMARK_IL2_STAT5_SIGNALING,GPX4,1
HALLMARK_APOPTOSIS,GPX4,1
HALLMARK_P53_PATHWAY,POLH,1
HALLMARK_DNA_REPAIR,POLH,1
HALLMARK_DNA_REPAIR,UPF3B,1
HALLMARK_DNA_REPAIR,ARL6IP1,1
HALLMARK_DNA_REPAIR,RAD52,1
HALLMARK_DNA_REPAIR,POM121,1
HALLMARK_P53_PATHWAY,POM121,1
HALLMARK_DNA_REPAIR,POLB,1
HALLMARK_DNA_REPAIR,ALYREF,1
HALLMARK_DNA_REPAIR,UMPS,1
HALLMARK_IL2_STAT5_SIGNALING,UMPS,1
HALLMARK_DNA_REPAIR,POLR2J,1
HALLMARK_DNA_REPAIR,CLP1,1
HALLMARK_DNA_REPAIR,DAD1,1
HALLMARK_DNA_REPAIR,DDB2,1
HALLMARK_P53_PATHWAY,DDB2,1
HALLMARK_DNA_REPAIR,NME4,1
HALLMARK_DNA_REPAIR,POLR2A,1
HALLMARK_ADIPOGENESIS,ADCY6,1
HALLMARK_DNA_REPAIR,ADCY6,1
HALLMARK_DNA_REPAIR,FEN1,1
HALLMARK_UV_RESPONSE_UP,FEN1,1
HALLMARK_DNA_REPAIR,POLD3,1
HALLMARK_E2F_TARGETS,POLD3,1
HALLMARK_DNA_REPAIR,DDB1,1
HALLMARK_DNA_REPAIR,POLA1,1
HALLMARK_DNA_REPAIR,TK2,1
HALLMARK_DNA_REPAIR,NPR2,1
HALLMARK_DNA_REPAIR,POLR2C,1
HALLMARK_DNA_REPAIR,XPC,1
HALLMARK_P53_PATHWAY,XPC,1
HALLMARK_DNA_REPAIR,POLR2K,1
HALLMARK_DNA_REPAIR,APRT,1
HALLMARK_DNA_REPAIR,TAF1C,1
HALLMARK_DNA_REPAIR,RAE1,1
HALLMARK_ALLOGRAFT_REJECTION,HCLS1,1
HALLMARK_DNA_REPAIR,HCLS1,1
HALLMARK_G2M_CHECKPOINT,CUL4A,1
HALLMARK_G2M_CHECKPOINT,RAD54L,1
HALLMARK_G2M_CHECKPOINT,RBM14,1
HALLMARK_MTORC1_SIGNALING,CCNF,1
HALLMARK_G2M_CHECKPOINT,CCNF,1
HALLMARK_MYC_TARGETS_V1,ODC1,1
HALLMARK_IL2_STAT5_SIGNALING,ODC1,1
HALLMARK_G2M_CHECKPOINT,ODC1,1
HALLMARK_FATTY_ACID_METABOLISM,ODC1,1
HALLMARK_MYC_TARGETS_V1,SNRPD1,1
HALLMARK_G2M_CHECKPOINT,SNRPD1,1
HALLMARK_MYC_TARGETS_V1,TFDP1,1
HALLMARK_G2M_CHECKPOINT,TFDP1,1
HALLMARK_MTORC1_SIGNALING,CDC25A,1
HALLMARK_G2M_CHECKPOINT,CDC25A,1
HALLMARK_E2F_TARGETS,CDC25A,1
HALLMARK_MYC_TARGETS_V2,PLK4,1
HALLMARK_ESTROGEN_RESPONSE_LATE,PLK4,1
HALLMARK_G2M_CHECKPOINT,PLK4,1
HALLMARK_E2F_TARGETS,PLK4,1
HALLMARK_G2M_CHECKPOINT,NUP98,1
HALLMARK_G2M_CHECKPOINT,MCM3,1
HALLMARK_E2F_TARGETS,MCM3,1
HALLMARK_G2M_CHECKPOINT,PTTG1,1
HALLMARK_E2F_TARGETS,PTTG1,1
HALLMARK_G2M_CHECKPOINT,CHAF1A,1
HALLMARK_G2M_CHECKPOINT,HUS1,1
HALLMARK_E2F_TARGETS,HUS1,1
HALLMARK_G2M_CHECKPOINT,CDC25B,1
HALLMARK_E2F_TARGETS,CDC25B,1
HALLMARK_APOPTOSIS,CDC25B,1
HALLMARK_G2M_CHECKPOINT,NCL,1
HALLMARK_MYC_TARGETS_V1,CDC45,1
HALLMARK_G2M_CHECKPOINT,CDC45,1
HALLMARK_MYC_TARGETS_V1,SMARCC1,1
HALLMARK_G2M_CHECKPOINT,SMARCC1,1
HALLMARK_PEROXISOME,SMARCC1,1
HALLMARK_ESTROGEN_RESPONSE_LATE,STIL,1
HALLMARK_G2M_CHECKPOINT,STIL,1
HALLMARK_MYC_TARGETS_V1,GSPT1,1
HALLMARK_G2M_CHECKPOINT,GSPT1,1
HALLMARK_E2F_TARGETS,GSPT1,1
HALLMARK_G2M_CHECKPOINT,MKI67,1
HALLMARK_E2F_TARGETS,MKI67,1
HALLMARK_MYC_TARGETS_V1,HNRNPU,1
HALLMARK_G2M_CHECKPOINT,HNRNPU,1
HALLMARK_UV_RESPONSE_UP,HNRNPU,1
HALLMARK_MTORC1_SIGNALING,MCM2,1
HALLMARK_MYC_TARGETS_V1,MCM2,1
HALLMARK_G2M_CHECKPOINT,MCM2,1
HALLMARK_E2F_TARGETS,MCM2,1
HALLMARK_G2M_CHECKPOINT,CHMP1A,1
HALLMARK_G2M_CHECKPOINT,MTF2,1
HALLMARK_G2M_CHECKPOINT,ODF2,1
HALLMARK_G2M_CHECKPOINT,PBK,1
HALLMARK_G2M_CHECKPOINT,PURA,1
HALLMARK_G2M_CHECKPOINT,E2F3,1
HALLMARK_MYC_TARGETS_V1,CCNA2,1
HALLMARK_G2M_CHECKPOINT,CCNA2,1
HALLMARK_G2M_CHECKPOINT,CUL5,1
HALLMARK_G2M_CHECKPOINT,EGF,1
HALLMARK_KRAS_SIGNALING_DN,EGF,1
HALLMARK_G2M_CHECKPOINT,ARID4A,1
HALLMARK_G2M_CHECKPOINT,SLC38A1,1
HALLMARK_G2M_CHECKPOINT,CHEK1,1
HALLMARK_E2F_TARGETS,CHEK1,1
HALLMARK_G2M_CHECKPOINT,PDS5B,1
HALLMARK_E2F_TARGETS,PDS5B,1
HALLMARK_MYC_TARGETS_V1,SYNCRIP,1
HALLMARK_G2M_CHECKPOINT,SYNCRIP,1
HALLMARK_E2F_TARGETS,SYNCRIP,1
HALLMARK_G2M_CHECKPOINT,CUL3,1
HALLMARK_G2M_CHECKPOINT,BARD1,1
HALLMARK_KRAS_SIGNALING_DN,BARD1,1
HALLMARK_E2F_TARGETS,BARD1,1
HALLMARK_G2M_CHECKPOINT,TROAP,1
HALLMARK_G2M_CHECKPOINT,FOXN3,1
HALLMARK_G2M_CHECKPOINT,POLE,1
HALLMARK_E2F_TARGETS,POLE,1
HALLMARK_G2M_CHECKPOINT,ORC5,1
HALLMARK_G2M_CHECKPOINT,SS18,1
HALLMARK_G2M_CHECKPOINT,TENT4A,1
HALLMARK_UV_RESPONSE_DN,TENT4A,1
HALLMARK_G2M_CHECKPOINT,MEIS2,1
HALLMARK_G2M_CHECKPOINT,CDKN2C,1
HALLMARK_E2F_TARGETS,CDKN2C,1
HALLMARK_ADIPOGENESIS,CDKN2C,1
HALLMARK_G2M_CHECKPOINT,NSD2,1
HALLMARK_MYC_TARGETS_V1,G3BP1,1
HALLMARK_G2M_CHECKPOINT,G3BP1,1
HALLMARK_IL2_STAT5_SIGNALING,CDC6,1
HALLMARK_G2M_CHECKPOINT,CDC6,1
HALLMARK_ESTROGEN_RESPONSE_LATE,CDC6,1
HALLMARK_G2M_CHECKPOINT,HMGN2,1
HALLMARK_G2M_CHECKPOINT,NUP50,1
HALLMARK_G2M_CHECKPOINT,PRPF4B,1
HALLMARK_MYC_TARGETS_V1,XPO1,1
HALLMARK_G2M_CHECKPOINT,XPO1,1
HALLMARK_E2F_TARGETS,XPO1,1
HALLMARK_MYC_TARGETS_V1,CDC20,1
HALLMARK_G2M_CHECKPOINT,CDC20,1
HALLMARK_E2F_TARGETS,CDC20,1
HALLMARK_ESTROGEN_RESPONSE_LATE,CDC20,1
HALLMARK_UNFOLDED_PROTEIN_RESPONSE,DKC1,1
HALLMARK_G2M_CHECKPOINT,DKC1,1
HALLMARK_APICAL_SURFACE,EFNA5,1
HALLMARK_G2M_CHECKPOINT,EFNA5,1
HALLMARK_G2M_CHECKPOINT,CASP8AP2,1
HALLMARK_INTERFERON_GAMMA_RESPONSE,PML,1
HALLMARK_G2M_CHECKPOINT,PML,1
HALLMARK_HEDGEHOG_SIGNALING,PML,1
HALLMARK_G2M_CHECKPOINT,DBF4,1
HALLMARK_SPERMATOGENESIS,DBF4,1
HALLMARK_MYC_TARGETS_V1,MAD2L1,1
HALLMARK_G2M_CHECKPOINT,MAD2L1,1
HALLMARK_E2F_TARGETS,MAD2L1,1
HALLMARK_G2M_CHECKPOINT,TMPO,1
HALLMARK_E2F_TARGETS,TMPO,1
HALLMARK_G2M_CHECKPOINT,UPF1,1
HALLMARK_G2M_CHECKPOINT,AMD1,1
HALLMARK_UV_RESPONSE_UP,AMD1,1
HALLMARK_G2M_CHECKPOINT,HOXC10,1
HALLMARK_G2M_CHECKPOINT,HMGB3,1
HALLMARK_E2F_TARGETS,HMGB3,1
HALLMARK_G2M_CHECKPOINT,E2F4,1
HALLMARK_G2M_CHECKPOINT,SRSF10,1
HALLMARK_G2M_CHECKPOINT,POLQ,1
HALLMARK_G2M_CHECKPOINT,DTYMK,1
HALLMARK_G2M_CHECKPOINT,UBE2S,1
HALLMARK_E2F_TARGETS,UBE2S,1
HALLMARK_HEME_METABOLISM,TOP1,1
HALLMARK_G2M_CHECKPOINT,TOP1,1
HALLMARK_G2M_CHECKPOINT,WRN,1
HALLMARK_G2M_CHECKPOINT,NASP,1
HALLMARK_E2F_TARGETS,NASP,1
HALLMARK_GLYCOLYSIS,NASP,1
HALLMARK_G2M_CHECKPOINT,HMMR,1
HALLMARK_E2F_TARGETS,HMMR,1
HALLMARK_GLYCOLYSIS,HMMR,1
HALLMARK_HEME_METABOLISM,E2F2,1
HALLMARK_G2M_CHECKPOINT,E2F2,1
HALLMARK_MYC_TARGETS_V1,CDK4,1
HALLMARK_G2M_CHECKPOINT,CDK4,1
HALLMARK_E2F_TARGETS,CDK4,1
HALLMARK_MYC_TARGETS_V2,CDK4,1
HALLMARK_PI3K_AKT_MTOR_SIGNALING,CDK4,1
HALLMARK_G2M_CHECKPOINT,CDC7,1
HALLMARK_G2M_CHECKPOINT,LIG3,1
HALLMARK_G2M_CHECKPOINT,HIRA,1
HALLMARK_MYC_TARGETS_V2,NOLC1,1
HALLMARK_MYC_TARGETS_V1,NOLC1,1
HALLMARK_UNFOLDED_PROTEIN_RESPONSE,NOLC1,1
HALLMARK_G2M_CHECKPOINT,NOLC1,1
HALLMARK_E2F_TARGETS,NOLC1,1
HALLMARK_G2M_CHECKPOINT,HSPA8,1
HALLMARK_UNFOLDED_PROTEIN_RESPONSE,H2AX,1
HALLMARK_G2M_CHECKPOINT,H2AX,1
HALLMARK_E2F_TARGETS,H2AX,1
HALLMARK_UV_RESPONSE_UP,H2AX,1
HALLMARK_G2M_CHECKPOINT,FANCC,1
HALLMARK_APICAL_JUNCTION,MAP3K20,1
HALLMARK_G2M_CHECKPOINT,MAP3K20,1
HALLMARK_G2M_CHECKPOINT,STMN1,1
HALLMARK_E2F_TARGETS,STMN1,1
HALLMARK_GLYCOLYSIS,STMN1,1
HALLMARK_G2M_CHECKPOINT,CCNT1,1
HALLMARK_G2M_CHECKPOINT,SFPQ,1
HALLMARK_G2M_CHECKPOINT,PRIM2,1
HALLMARK_E2F_TARGETS,PRIM2,1
HALLMARK_G2M_CHECKPOINT,CTCF,1
HALLMARK_E2F_TARGETS,CTCF,1
HALLMARK_G2M_CHECKPOINT,LBR,1
HALLMARK_E2F_TARGETS,LBR,1
HALLMARK_G2M_CHECKPOINT,JPT1,1
HALLMARK_E2F_TARGETS,JPT1,1
HALLMARK_HEDGEHOG_SIGNALING,TLE3,1
HALLMARK_G2M_CHECKPOINT,TLE3,1
HALLMARK_MYC_TARGETS_V1,MCM6,1
HALLMARK_G2M_CHECKPOINT,MCM6,1
HALLMARK_E2F_TARGETS,MCM6,1
HALLMARK_G2M_CHECKPOINT,CBX1,1
HALLMARK_G2M_CHECKPOINT,EZH2,1
HALLMARK_E2F_TARGETS,EZH2,1
HALLMARK_SPERMATOGENESIS,EZH2,1
HALLMARK_G2M_CHECKPOINT,EWSR1,1
HALLMARK_G2M_CHECKPOINT,TACC3,1
HALLMARK_E2F_TARGETS,TACC3,1
HALLMARK_G2M_CHECKPOINT,STAG1,1
HALLMARK_E2F_TARGETS,STAG1,1
HALLMARK_G2M_CHECKPOINT,RBL1,1
HALLMARK_MYC_TARGETS_V1,HNRNPD,1
HALLMARK_G2M_CHECKPOINT,HNRNPD,1
HALLMARK_E2F_TARGETS,HNRNPD,1
HALLMARK_FATTY_ACID_METABOLISM,H2AZ1,1
HALLMARK_MYC_TARGETS_V1,H2AZ1,1
HALLMARK_G2M_CHECKPOINT,H2AZ1,1
HALLMARK_E2F_TARGETS,H2AZ1,1
HALLMARK_MYC_TARGETS_V1,KPNB1,1
HALLMARK_G2M_CHECKPOINT,KPNB1,1
HALLMARK_G2M_CHECKPOINT,H2BC12,1
HALLMARK_FATTY_ACID_METABOLISM,KMT5A,1
HALLMARK_G2M_CHECKPOINT,KMT5A,1
HALLMARK_G2M_CHECKPOINT,DDX39A,1
HALLMARK_MTORC1_SIGNALING,DDX39A,1
HALLMARK_E2F_TARGETS,DDX39A,1
HALLMARK_APICAL_JUNCTION,MAPK14,1
HALLMARK_G2M_CHECKPOINT,MAPK14,1
HALLMARK_UV_RESPONSE_DN,MAPK14,1
HALLMARK_PI3K_AKT_MTOR_SIGNALING,E2F1,1
HALLMARK_G2M_CHECKPOINT,E2F1,1
HALLMARK_G2M_CHECKPOINT,MEIS1,1
HALLMARK_G2M_CHECKPOINT,UBE2C,1
HALLMARK_G2M_CHECKPOINT,YTHDC1,1
HALLMARK_UV_RESPONSE_DN,YTHDC1,1
HALLMARK_G2M_CHECKPOINT,TNPO2,1
HALLMARK_IL2_STAT5_SIGNALING,UCK2,1
HALLMARK_G2M_CHECKPOINT,UCK2,1
HALLMARK_MYC_TARGETS_V1,SRSF2,1
HALLMARK_G2M_CHECKPOINT,SRSF2,1
HALLMARK_E2F_TARGETS,SRSF2,1
HALLMARK_G2M_CHECKPOINT,SLC12A2,1
HALLMARK_SPERMATOGENESIS,SLC12A2,1
HALLMARK_G2M_CHECKPOINT,ORC6,1
HALLMARK_E2F_TARGETS,ORC6,1
HALLMARK_MTORC1_SIGNALING,SLC7A5,1
HALLMARK_UNFOLDED_PROTEIN_RESPONSE,SLC7A5,1
HALLMARK_ESTROGEN_RESPONSE_LATE,SLC7A5,1
HALLMARK_ESTROGEN_RESPONSE_EARLY,SLC7A5,1
HALLMARK_G2M_CHECKPOINT,SLC7A5,1
HALLMARK_ALLOGRAFT_REJECTION,HIF1A,1
HALLMARK_INTERFERON_GAMMA_RESPONSE,HIF1A,1
HALLMARK_G2M_CHECKPOINT,HIF1A,1
HALLMARK_INFLAMMATORY_RESPONSE,HIF1A,1
HALLMARK_G2M_CHECKPOINT,CENPA,1
HALLMARK_GLYCOLYSIS,CENPA,1
HALLMARK_G2M_CHECKPOINT,CDKN3,1
HALLMARK_SPERMATOGENESIS,CDKN3,1
HALLMARK_E2F_TARGETS,CDKN3,1
HALLMARK_G2M_CHECKPOINT,CKS2,1
HALLMARK_E2F_TARGETS,CKS2,1
HALLMARK_MYC_TARGETS_V1,RAD23B,1
HALLMARK_G2M_CHECKPOINT,RAD23B,1
HALLMARK_G2M_CHECKPOINT,PTTG3P,1
HALLMARK_G2M_CHECKPOINT,TRAIP,1
HALLMARK_G2M_CHECKPOINT,DR1,1
HALLMARK_G2M_CHECKPOINT,PRMT5,1
HALLMARK_MYOGENESIS,DMD,1
HALLMARK_G2M_CHECKPOINT,DMD,1
HALLMARK_MYC_TARGETS_V1,KPNA2,1
HALLMARK_G2M_CHECKPOINT,KPNA2,1
HALLMARK_E2F_TARGETS,KPNA2,1
HALLMARK_G2M_CHECKPOINT,KNL1,1
HALLMARK_MYC_TARGETS_V1,SRSF1,1
HALLMARK_G2M_CHECKPOINT,SRSF1,1
HALLMARK_E2F_TARGETS,SRSF1,1
HALLMARK_G2M_CHECKPOINT,MYBL2,1
HALLMARK_E2F_TARGETS,MYBL2,1
HALLMARK_G2M_CHECKPOINT,EXO1,1
HALLMARK_G2M_CHECKPOINT,AURKB,1
HALLMARK_E2F_TARGETS,AURKB,1
HALLMARK_G2M_CHECKPOINT,HMGA1,1
HALLMARK_E2F_TARGETS,HMGA1,1
HALLMARK_G2M_CHECKPOINT,RAD21,1
HALLMARK_E2F_TARGETS,RAD21,1
HALLMARK_MYC_TARGETS_V2,MCM5,1
HALLMARK_MYC_TARGETS_V1,MCM5,1
HALLMARK_G2M_CHECKPOINT,MCM5,1
HALLMARK_E2F_TARGETS,MCM5,1
HALLMARK_G2M_CHECKPOINT,H2AZ2,1
HALLMARK_INFLAMMATORY_RESPONSE,SLC7A1,1
HALLMARK_G2M_CHECKPOINT,SLC7A1,1
HALLMARK_UV_RESPONSE_DN,SLC7A1,1
HALLMARK_G2M_CHECKPOINT,MNAT1,1
HALLMARK_MYC_TARGETS_V1,BUB3,1
HALLMARK_G2M_CHECKPOINT,BUB3,1
HALLMARK_MYC_TARGETS_V1,TRA2B,1
HALLMARK_G2M_CHECKPOINT,TRA2B,1
HALLMARK_E2F_TARGETS,TRA2B,1
HALLMARK_ESTROGEN_RESPONSE_LATE,GINS2,1
HALLMARK_G2M_CHECKPOINT,GINS2,1
HALLMARK_G2M_CHECKPOINT,SMC2,1
HALLMARK_G2M_CHECKPOINT,SUV39H1,1
HALLMARK_E2F_TARGETS,SUV39H1,1
HALLMARK_G2M_CHECKPOINT,ATRX,1
HALLMARK_UV_RESPONSE_DN,ATRX,1
HALLMARK_G2M_CHECKPOINT,RPS6KA5,1
HALLMARK_G2M_CHECKPOINT,ILF3,1
HALLMARK_E2F_TARGETS,ILF3,1
HALLMARK_UNFOLDED_PROTEIN_RESPONSE,CKS1B,1
HALLMARK_G2M_CHECKPOINT,CKS1B,1
HALLMARK_E2F_TARGETS,CKS1B,1
HALLMARK_PEROXISOME,TSPO,1
HALLMARK_APOPTOSIS,TSPO,1
HALLMARK_APOPTOSIS,PLCB2,1
HALLMARK_APOPTOSIS,LMNA,1
HALLMARK_UV_RESPONSE_UP,PPT1,1
HALLMARK_APOPTOSIS,PPT1,1
HALLMARK_PROTEIN_SECRETION,PPT1,1
HALLMARK_APOPTOSIS,PEA15,1
HALLMARK_PROTEIN_SECRETION,SOD1,1
HALLMARK_REACTIVE_OXYGEN_SPECIES_PATHWAY,SOD1,1
HALLMARK_ADIPOGENESIS,SOD1,1
HALLMARK_BILE_ACID_METABOLISM,SOD1,1
HALLMARK_PEROXISOME,SOD1,1
HALLMARK_GLYCOLYSIS,SOD1,1
HALLMARK_APOPTOSIS,SOD1,1
HALLMARK_APOPTOSIS,FEZ1,1
HALLMARK_MTORC1_SIGNALING,CTH,1
HALLMARK_GLYCOLYSIS,CTH,1
HALLMARK_APOPTOSIS,CTH,1
HALLMARK_ESTROGEN_RESPONSE_LATE,CCNA1,1
HALLMARK_KRAS_SIGNALING_DN,CCNA1,1
HALLMARK_SPERMATOGENESIS,CCNA1,1
HALLMARK_APOPTOSIS,CCNA1,1
HALLMARK_APOPTOSIS,DAP,1
HALLMARK_ANGIOGENESIS,LUM,1
HALLMARK_EPITHELIAL_MESENCHYMAL_TRANSITION,LUM,1
HALLMARK_APOPTOSIS,LUM,1
HALLMARK_ALLOGRAFT_REJECTION,BCL10,1
HALLMARK_PEROXISOME,BCL10,1
HALLMARK_APOPTOSIS,BCL10,1
HALLMARK_REACTIVE_OXYGEN_SPECIES_PATHWAY,GPX3,1
HALLMARK_ADIPOGENESIS,GPX3,1
HALLMARK_MYOGENESIS,GPX3,1
HALLMARK_UV_RESPONSE_UP,GPX3,1
HALLMARK_APOPTOSIS,GPX3,1
HALLMARK_COAGULATION,CASP9,1
HALLMARK_COMPLEMENT,CASP9,1
HALLMARK_APOPTOSIS,CASP9,1
HALLMARK_APOPTOSIS,AIFM3,1
HALLMARK_ALLOGRAFT_REJECTION,TIMP1,1
HALLMARK_COAGULATION,TIMP1,1
HALLMARK_ANGIOGENESIS,TIMP1,1
HALLMARK_INFLAMMATORY_RESPONSE,TIMP1,1
HALLMARK_COMPLEMENT,TIMP1,1
HALLMARK_EPITHELIAL_MESENCHYMAL_TRANSITION,TIMP1,1
HALLMARK_APOPTOSIS,TIMP1,1
HALLMARK_APOPTOSIS,GPX1,1
HALLMARK_COAGULATION,ANXA1,1
HALLMARK_APOPTOSIS,ANXA1,1
HALLMARK_INFLAMMATORY_RESPONSE,PSEN1,1
HALLMARK_COMPLEMENT,PSEN1,1
HALLMARK_APOPTOSIS,PSEN1,1
HALLMARK_ALLOGRAFT_REJECTION,PRF1,1
HALLMARK_APOPTOSIS,PRF1,1
HALLMARK_APOPTOSIS,MADD,1
HALLMARK_ADIPOGENESIS,PDCD4,1
HALLMARK_ESTROGEN_RESPONSE_LATE,PDCD4,1
HALLMARK_APOPTOSIS,PDCD4,1
HALLMARK_OXIDATIVE_PHOSPHORYLATION,CASP7,1
HALLMARK_INTERFERON_GAMMA_RESPONSE,CASP7,1
HALLMARK_COMPLEMENT,CASP7,1
HALLMARK_APOPTOSIS,CASP7,1
HALLMARK_ALLOGRAFT_REJECTION,FASLG,1
HALLMARK_PI3K_AKT_MTOR_SIGNALING,FASLG,1
HALLMARK_APOPTOSIS,FASLG,1
HALLMARK_UNFOLDED_PROTEIN_RESPONSE,DNAJC3,1
HALLMARK_APOPTOSIS,DNAJC3,1
HALLMARK_APICAL_JUNCTION,PTK2,1
HALLMARK_ANGIOGENESIS,PTK2,1
HALLMARK_APOPTOSIS,PTK2,1
HALLMARK_SPERMATOGENESIS,NEFH,1
HALLMARK_APOPTOSIS,NEFH,1
HALLMARK_INTERFERON_GAMMA_RESPONSE,IFITM3,1
HALLMARK_INTERFERON_ALPHA_RESPONSE,IFITM3,1
HALLMARK_IL2_STAT5_SIGNALING,IFITM3,1
HALLMARK_APOPTOSIS,IFITM3,1
HALLMARK_ALLOGRAFT_REJECTION,F2R,1
HALLMARK_P53_PATHWAY,F2R,1
HALLMARK_APOPTOSIS,F2R,1
HALLMARK_E2F_TARGETS,WEE1,1
HALLMARK_APOPTOSIS,WEE1,1
HALLMARK_INTERFERON_GAMMA_RESPONSE,TNFSF10,1
HALLMARK_IL2_STAT5_SIGNALING,TNFSF10,1
HALLMARK_INFLAMMATORY_RESPONSE,TNFSF10,1
HALLMARK_APOPTOSIS,TNFSF10,1
HALLMARK_APOPTOSIS,HGF,1
HALLMARK_KRAS_SIGNALING_UP,SATB1,1
HALLMARK_APOPTOSIS,SATB1,1
HALLMARK_ALLOGRAFT_REJECTION,F2,1
HALLMARK_COAGULATION,F2,1
HALLMARK_COMPLEMENT,F2,1
HALLMARK_APOPTOSIS,F2,1
HALLMARK_APOPTOSIS,RNASEL,1
HALLMARK_APOPTOSIS,CYLD,1
HALLMARK_COAGULATION,PLAT,1
HALLMARK_KRAS_SIGNALING_UP,PLAT,1
HALLMARK_COMPLEMENT,PLAT,1
HALLMARK_APOPTOSIS,PLAT,1
HALLMARK_PROTEIN_SECRETION,DNM1L,1
HALLMARK_APOPTOSIS,DNM1L,1
HALLMARK_INTERFERON_GAMMA_RESPONSE,TXNIP,1
HALLMARK_INTERFERON_ALPHA_RESPONSE,TXNIP,1
HALLMARK_P53_PATHWAY,TXNIP,1
HALLMARK_APOPTOSIS,TXNIP,1
HALLMARK_APOPTOSIS,CREBBP,1
HALLMARK_INTERFERON_GAMMA_RESPONSE,CASP3,1
HALLMARK_IL2_STAT5_SIGNALING,CASP3,1
HALLMARK_UV_RESPONSE_UP,CASP3,1
HALLMARK_COMPLEMENT,CASP3,1
HALLMARK_APOPTOSIS,CASP3,1
HALLMARK_APOPTOSIS,BCL2L10,1
HALLMARK_OXIDATIVE_PHOSPHORYLATION,RETSAT,1
HALLMARK_FATTY_ACID_METABOLISM,RETSAT,1
HALLMARK_XENOBIOTIC_METABOLISM,RETSAT,1
HALLMARK_ADIPOGENESIS,RETSAT,1
HALLMARK_P53_PATHWAY,RETSAT,1
HALLMARK_PEROXISOME,RETSAT,1
HALLMARK_BILE_ACID_METABOLISM,RETSAT,1
HALLMARK_APOPTOSIS,RETSAT,1
HALLMARK_ESTROGEN_RESPONSE_EARLY,KRT18,1
HALLMARK_APOPTOSIS,KRT18,1
HALLMARK_PROTEIN_SECRETION,KRT18,1
HALLMARK_IL2_STAT5_SIGNALING,EMP1,1
HALLMARK_KRAS_SIGNALING_UP,EMP1,1
HALLMARK_APOPTOSIS,EMP1,1
HALLMARK_GLYCOLYSIS,BIK,1
HALLMARK_APOPTOSIS,BIK,1
HALLMARK_INTERFERON_GAMMA_RESPONSE,CASP8,1
HALLMARK_INTERFERON_ALPHA_RESPONSE,CASP8,1
HALLMARK_APOPTOSIS,CASP8,1
HALLMARK_INFLAMMATORY_RESPONSE,GNA15,1
HALLMARK_APOPTOSIS,GNA15,1
HALLMARK_APOPTOSIS,GUCY2D,1
HALLMARK_APOPTOSIS,PLPPR4,1
HALLMARK_UV_RESPONSE_DN,PDGFRB,1
HALLMARK_EPITHELIAL_MESENCHYMAL_TRANSITION,PDGFRB,1
HALLMARK_APOPTOSIS,PDGFRB,1
HALLMARK_E2F_TARGETS,HMGB2,1
HALLMARK_APOPTOSIS,HMGB2,1
HALLMARK_APOPTOSIS,CASP2,1
HALLMARK_ANDROGEN_RESPONSE,ANKH,1
HALLMARK_KRAS_SIGNALING_UP,ANKH,1
HALLMARK_APOPTOSIS,ANKH,1
HALLMARK_UV_RESPONSE_UP,DNAJA1,1
HALLMARK_APOPTOSIS,DNAJA1,1
HALLMARK_MYOGENESIS,ERBB3,1
HALLMARK_APOPTOSIS,ERBB3,1
HALLMARK_UV_RESPONSE_DN,ERBB2,1
HALLMARK_APOPTOSIS,ERBB2,1
HALLMARK_OXIDATIVE_PHOSPHORYLATION,VDAC2,1
HALLMARK_APOPTOSIS,VDAC2,1
HALLMARK_ALLOGRAFT_REJECTION,CD2,1
HALLMARK_APOPTOSIS,CD2,1
HALLMARK_ANDROGEN_RESPONSE,GSR,1
HALLMARK_REACTIVE_OXYGEN_SPECIES_PATHWAY,GSR,1
HALLMARK_XENOBIOTIC_METABOLISM,GSR,1
HALLMARK_MTORC1_SIGNALING,GSR,1
HALLMARK_APOPTOSIS,GSR,1
HALLMARK_UV_RESPONSE_DN,MGMT,1
HALLMARK_APOPTOSIS,MGMT,1
HALLMARK_UV_RESPONSE_UP,BID,1
HALLMARK_APOPTOSIS,BID,1
HALLMARK_IL2_STAT5_SIGNALING,IGF2R,1
HALLMARK_APOPTOSIS,IGF2R,1
HALLMARK_PROTEIN_SECRETION,IGF2R,1
HALLMARK_APICAL_SURFACE,HSPB1,1
HALLMARK_APOPTOSIS,HSPB1,1
HALLMARK_ALLOGRAFT_REJECTION,BRCA1,1
HALLMARK_E2F_TARGETS,BRCA1,1
HALLMARK_APICAL_SURFACE,BRCA1,1
HALLMARK_APOPTOSIS,BRCA1,1
HALLMARK_APOPTOSIS,BMF,1
HALLMARK_MYOGENESIS,APP,1
HALLMARK_P53_PATHWAY,APP,1
HALLMARK_APICAL_SURFACE,APP,1
HALLMARK_ANGIOGENESIS,APP,1
HALLMARK_APOPTOSIS,APP,1
HALLMARK_APOPTOSIS,BCL2L2,1
HALLMARK_ALLOGRAFT_REJECTION,TGFB2,1
HALLMARK_XENOBIOTIC_METABOLISM,TGFB2,1
HALLMARK_KRAS_SIGNALING_DN,TGFB2,1
HALLMARK_APOPTOSIS,TGFB2,1
HALLMARK_INTERFERON_GAMMA_RESPONSE,CASP1,1
HALLMARK_INTERFERON_ALPHA_RESPONSE,CASP1,1
HALLMARK_P53_PATHWAY,CASP1,1
HALLMARK_COMPLEMENT,CASP1,1
HALLMARK_APOPTOSIS,CASP1,1
HALLMARK_IL2_STAT5_SIGNALING,BCL2L1,1
HALLMARK_APOPTOSIS,BCL2L1,1
HALLMARK_APOPTOSIS,DFFA,1
HALLMARK_APICAL_JUNCTION,MMP2,1
HALLMARK_COAGULATION,MMP2,1
HALLMARK_EPITHELIAL_MESENCHYMAL_TRANSITION,MMP2,1
HALLMARK_APOPTOSIS,MMP2,1
HALLMARK_APOPTOSIS,IFNB1,1
HALLMARK_MTORC1_SIGNALING,FDXR,1
HALLMARK_BILE_ACID_METABOLISM,FDXR,1
HALLMARK_P53_PATHWAY,FDXR,1
HALLMARK_APOPTOSIS,FDXR,1
HALLMARK_COMPLEMENT,TIMP2,1
HALLMARK_APOPTOSIS,TIMP2,1
HALLMARK_ANDROGEN_RESPONSE,H1-0,1
HALLMARK_HEME_METABOLISM,H1-0,1
HALLMARK_APOPTOSIS,H1-0,1
HALLMARK_APOPTOSIS,IGFBP6,1
HALLMARK_MYC_TARGETS_V1,CDK2,1
HALLMARK_PI3K_AKT_MTOR_SIGNALING,CDK2,1
HALLMARK_UV_RESPONSE_UP,CDK2,1
HALLMARK_APOPTOSIS,CDK2,1
HALLMARK_UV_RESPONSE_DN,TGFBR3,1
HALLMARK_EPITHELIAL_MESENCHYMAL_TRANSITION,TGFBR3,1
HALLMARK_APOPTOSIS,TGFBR3,1
HALLMARK_INTERFERON_GAMMA_RESPONSE,CASP4,1
HALLMARK_COMPLEMENT,CASP4,1
HALLMARK_APOPTOSIS,CASP4,1
HALLMARK_ESTROGEN_RESPONSE_EARLY,PMAIP1,1
HALLMARK_APOPTOSIS,PMAIP1,1
HALLMARK_HEME_METABOLISM,ADD1,1
HALLMARK_APOPTOSIS,ADD1,1
HALLMARK_MTORC1_SIGNALING,ETF1,1
HALLMARK_MYC_TARGETS_V1,ETF1,1
HALLMARK_APOPTOSIS,ETF1,1
HALLMARK_COAGULATION,TIMP3,1
HALLMARK_EPITHELIAL_MESENCHYMAL_TRANSITION,TIMP3,1
HALLMARK_APOPTOSIS,TIMP3,1
HALLMARK_P53_PATHWAY,BAX,1
HALLMARK_OXIDATIVE_PHOSPHORYLATION,BAX,1
HALLMARK_APOPTOSIS,BAX,1
HALLMARK_APOPTOSIS,PAK1,1
HALLMARK_APOPTOSIS,DPYD,1
HALLMARK_APOPTOSIS,GSTM1,1
HALLMARK_APOPTOSIS,PPP3R1,1
HALLMARK_APOPTOSIS,DAP3,1
HALLMARK_ALLOGRAFT_REJECTION,EREG,1
HALLMARK_INFLAMMATORY_RESPONSE,EREG,1
HALLMARK_KRAS_SIGNALING_UP,EREG,1
HALLMARK_APOPTOSIS,EREG,1
HALLMARK_ESTROGEN_RESPONSE_EARLY,RARA,1
HALLMARK_APOPTOSIS,RARA,1
HALLMARK_APOPTOSIS,DIABLO,1
HALLMARK_HEME_METABOLISM,PPP2R5B,1
HALLMARK_APOPTOSIS,PPP2R5B,1
HALLMARK_NOTCH_SIGNALING,NOTCH3,1
HALLMARK_NOTCH_SIGNALING,FZD7,1
HALLMARK_NOTCH_SIGNALING,FZD5,1
HALLMARK_INFLAMMATORY_RESPONSE,FZD5,1
HALLMARK_NOTCH_SIGNALING,DTX4,1
HALLMARK_NOTCH_SIGNALING,TCF7L2,1
HALLMARK_EPITHELIAL_MESENCHYMAL_TRANSITION,WNT5A,1
HALLMARK_NOTCH_SIGNALING,WNT5A,1
HALLMARK_NOTCH_SIGNALING,WNT2,1
HALLMARK_NOTCH_SIGNALING,LFNG,1
HALLMARK_KRAS_SIGNALING_DN,LFNG,1
HALLMARK_NOTCH_SIGNALING,DTX1,1
HALLMARK_NOTCH_SIGNALING,DTX2,1
HALLMARK_NOTCH_SIGNALING,ST3GAL6,1
HALLMARK_NOTCH_SIGNALING,PSENEN,1
HALLMARK_NOTCH_SIGNALING,SKP1,1
HALLMARK_NOTCH_SIGNALING,APH1A,1
HALLMARK_NOTCH_SIGNALING,HEYL,1
HALLMARK_NOTCH_SIGNALING,MAML2,1
HALLMARK_NOTCH_SIGNALING,ARRB1,1
HALLMARK_NOTCH_SIGNALING,FBXW11,1
HALLMARK_ADIPOGENESIS,SORBS1,1
HALLMARK_MYOGENESIS,SORBS1,1
HALLMARK_ADIPOGENESIS,SOWAHC,1
HALLMARK_FATTY_ACID_METABOLISM,ACOX1,1
HALLMARK_XENOBIOTIC_METABOLISM,ACOX1,1
HALLMARK_ADIPOGENESIS,ACOX1,1
HALLMARK_PEROXISOME,ACOX1,1
HALLMARK_MYOGENESIS,HSPB8,1
HALLMARK_ESTROGEN_RESPONSE_LATE,HSPB8,1
HALLMARK_ESTROGEN_RESPONSE_EARLY,HSPB8,1
HALLMARK_ADIPOGENESIS,HSPB8,1
HALLMARK_ADIPOGENESIS,GHITM,1
HALLMARK_MYOGENESIS,MYLK,1
HALLMARK_EPITHELIAL_MESENCHYMAL_TRANSITION,MYLK,1
HALLMARK_ADIPOGENESIS,MYLK,1
HALLMARK_ADIPOGENESIS,ATL2,1
HALLMARK_FATTY_ACID_METABOLISM,MGLL,1
HALLMARK_ADIPOGENESIS,MGLL,1
HALLMARK_UV_RESPONSE_DN,MGLL,1
HALLMARK_OXIDATIVE_PHOSPHORYLATION,IMMT,1
HALLMARK_ADIPOGENESIS,IMMT,1
HALLMARK_MTORC1_SIGNALING,IMMT,1
HALLMARK_ADIPOGENESIS,LIPE,1
HALLMARK_BILE_ACID_METABOLISM,LIPE,1
HALLMARK_P53_PATHWAY,TOB1,1
HALLMARK_ADIPOGENESIS,TOB1,1
HALLMARK_ESTROGEN_RESPONSE_LATE,TOB1,1
HALLMARK_ESTROGEN_RESPONSE_EARLY,TOB1,1
HALLMARK_ADIPOGENESIS,GPAM,1
HALLMARK_ADIPOGENESIS,CD302,1
HALLMARK_ADIPOGENESIS,UCP2,1
HALLMARK_HEME_METABOLISM,UCP2,1
HALLMARK_ADIPOGENESIS,CMBL,1
HALLMARK_ADIPOGENESIS,GPHN,1
HALLMARK_ADIPOGENESIS,MTARC2,1
HALLMARK_ADIPOGENESIS,SLC66A3,1
HALLMARK_ADIPOGENESIS,ADIG,1
HALLMARK_ADIPOGENESIS,OMD,1
HALLMARK_ADIPOGENESIS,MRAP,1
HALLMARK_ADIPOGENESIS,REEP5,1
HALLMARK_ADIPOGENESIS,RREB1,1
HALLMARK_ADIPOGENESIS,SLC25A10,1
HALLMARK_GLYCOLYSIS,SLC25A10,1
HALLMARK_ADIPOGENESIS,EPHX2,1
HALLMARK_BILE_ACID_METABOLISM,EPHX2,1
HALLMARK_PEROXISOME,EPHX2,1
HALLMARK_ADIPOGENESIS,ESRRA,1
HALLMARK_OXIDATIVE_PHOSPHORYLATION,DECR1,1
HALLMARK_FATTY_ACID_METABOLISM,DECR1,1
HALLMARK_ADIPOGENESIS,DECR1,1
HALLMARK_ADIPOGENESIS,MTCH2,1
HALLMARK_OXIDATIVE_PHOSPHORYLATION,UQCR10,1
HALLMARK_ADIPOGENESIS,UQCR10,1
HALLMARK_ADIPOGENESIS,PIM3,1
HALLMARK_ADIPOGENESIS,DGAT1,1
HALLMARK_UV_RESPONSE_UP,DGAT1,1
HALLMARK_OXIDATIVE_PHOSPHORYLATION,MGST3,1
HALLMARK_ADIPOGENESIS,MGST3,1
HALLMARK_HEME_METABOLISM,MGST3,1
HALLMARK_EPITHELIAL_MESENCHYMAL_TRANSITION,COL4A1,1
HALLMARK_ADIPOGENESIS,COL4A1,1
HALLMARK_IL2_STAT5_SIGNALING,ITIH5,1
HALLMARK_ADIPOGENESIS,ITIH5,1
HALLMARK_ADIPOGENESIS,PTCD3,1
HALLMARK_ADIPOGENESIS,QDPR,1
HALLMARK_MTORC1_SIGNALING,QDPR,1
HALLMARK_ADIPOGENESIS,SLC19A1,1
HALLMARK_MYC_TARGETS_V2,SLC19A1,1
HALLMARK_HEME_METABOLISM,C3,1
HALLMARK_COAGULATION,C3,1
HALLMARK_ADIPOGENESIS,C3,1
HALLMARK_COMPLEMENT,C3,1
HALLMARK_ADIPOGENESIS,RMDN3,1
HALLMARK_ADIPOGENESIS,UBC,1
HALLMARK_OXIDATIVE_PHOSPHORYLATION,SDHC,1
HALLMARK_FATTY_ACID_METABOLISM,SDHC,1
HALLMARK_ADIPOGENESIS,SDHC,1
HALLMARK_GLYCOLYSIS,SDHC,1
HALLMARK_OXIDATIVE_PHOSPHORYLATION,COX6A1,1
HALLMARK_ADIPOGENESIS,COX6A1,1
HALLMARK_FATTY_ACID_METABOLISM,HIBCH,1
HALLMARK_ADIPOGENESIS,HIBCH,1
HALLMARK_ADIPOGENESIS,PHLDB1,1
HALLMARK_ADIPOGENESIS,COQ9,1
HALLMARK_OXIDATIVE_PHOSPHORYLATION,ETFB,1
HALLMARK_ADIPOGENESIS,ETFB,1
HALLMARK_ESTROGEN_RESPONSE_LATE,ETFB,1
HALLMARK_REACTIVE_OXYGEN_SPECIES_PATHWAY,CAT,1
HALLMARK_XENOBIOTIC_METABOLISM,CAT,1
HALLMARK_ADIPOGENESIS,CAT,1
HALLMARK_BILE_ACID_METABOLISM,CAT,1
HALLMARK_HEME_METABOLISM,CAT,1
HALLMARK_PEROXISOME,CAT,1
HALLMARK_ADIPOGENESIS,COQ3,1
HALLMARK_OXIDATIVE_PHOSPHORYLATION,AIFM1,1
HALLMARK_ADIPOGENESIS,AIFM1,1
HALLMARK_ADIPOGENESIS,RETN,1
HALLMARK_KRAS_SIGNALING_UP,RETN,1
HALLMARK_ADIPOGENESIS,ANGPT1,1
HALLMARK_XENOBIOTIC_METABOLISM,IDH1,1
HALLMARK_MTORC1_SIGNALING,IDH1,1
HALLMARK_OXIDATIVE_PHOSPHORYLATION,IDH1,1
HALLMARK_FATTY_ACID_METABOLISM,IDH1,1
HALLMARK_ADIPOGENESIS,IDH1,1
HALLMARK_BILE_ACID_METABOLISM,IDH1,1
HALLMARK_PEROXISOME,IDH1,1
HALLMARK_GLYCOLYSIS,IDH1,1
HALLMARK_ADIPOGENESIS,SULT1A1,1
HALLMARK_UV_RESPONSE_UP,SULT1A1,1
HALLMARK_ADIPOGENESIS,ARL4A,1
HALLMARK_INTERFERON_GAMMA_RESPONSE,ARL4A,1
HALLMARK_IL2_STAT5_SIGNALING,ARL4A,1
HALLMARK_SPERMATOGENESIS,ARL4A,1
HALLMARK_OXIDATIVE_PHOSPHORYLATION,NDUFS3,1
HALLMARK_ADIPOGENESIS,NDUFS3,1
HALLMARK_ADIPOGENESIS,DNAJC15,1
HALLMARK_OXIDATIVE_PHOSPHORYLATION,ATP5PO,1
HALLMARK_ADIPOGENESIS,ATP5PO,1
HALLMARK_FATTY_ACID_METABOLISM,GPD2,1
HALLMARK_ADIPOGENESIS,GPD2,1
HALLMARK_COMPLEMENT,GPD2,1
HALLMARK_ADIPOGENESIS,AK2,1
HALLMARK_E2F_TARGETS,AK2,1
HALLMARK_OXIDATIVE_PHOSPHORYLATION,PRDX3,1
HALLMARK_ADIPOGENESIS,PRDX3,1
HALLMARK_MYC_TARGETS_V1,PRDX3,1
HALLMARK_OXIDATIVE_PHOSPHORYLATION,COX8A,1
HALLMARK_ADIPOGENESIS,COX8A,1
HALLMARK_FATTY_ACID_METABOLISM,ACADL,1
HALLMARK_ADIPOGENESIS,ACADL,1
HALLMARK_ADIPOGENESIS,CAVIN2,1
HALLMARK_ADIPOGENESIS,ESYT1,1
HALLMARK_ADIPOGENESIS,RIOK3,1
HALLMARK_HEME_METABOLISM,RIOK3,1
HALLMARK_OXIDATIVE_PHOSPHORYLATION,UQCRC1,1
HALLMARK_ADIPOGENESIS,UQCRC1,1
HALLMARK_OXIDATIVE_PHOSPHORYLATION,GRPEL1,1
HALLMARK_ADIPOGENESIS,GRPEL1,1
HALLMARK_UV_RESPONSE_UP,GRPEL1,1
HALLMARK_ADIPOGENESIS,FABP4,1
HALLMARK_ADIPOGENESIS,SQOR,1
HALLMARK_ADIPOGENESIS,ENPP2,1
HALLMARK_ADIPOGENESIS,BAZ2A,1
HALLMARK_ADIPOGENESIS,PTGER3,1
HALLMARK_ESTROGEN_RESPONSE_LATE,PTGER3,1
HALLMARK_OXIDATIVE_PHOSPHORYLATION,NDUFB7,1
HALLMARK_ADIPOGENESIS,NDUFB7,1
HALLMARK_FATTY_ACID_METABOLISM,ADIPOR2,1
HALLMARK_ADIPOGENESIS,ADIPOR2,1
HALLMARK_APICAL_SURFACE,ADIPOR2,1
HALLMARK_MTORC1_SIGNALING,ADIPOR2,1
HALLMARK_ADIPOGENESIS,ATP1B3,1
HALLMARK_ADIPOGENESIS,JAGN1,1
HALLMARK_OXIDATIVE_PHOSPHORYLATION,ACAA2,1
HALLMARK_FATTY_ACID_METABOLISM,ACAA2,1
HALLMARK_ADIPOGENESIS,ACAA2,1
HALLMARK_FATTY_ACID_METABOLISM,CIDEA,1
HALLMARK_ADIPOGENESIS,CIDEA,1
HALLMARK_KRAS_SIGNALING_UP,CIDEA,1
HALLMARK_ADIPOGENESIS,CHUK,1
HALLMARK_ADIPOGENESIS,BCL2L13,1
HALLMARK_XENOBIOTIC_METABOLISM,ALDH2,1
HALLMARK_ADIPOGENESIS,ALDH2,1
HALLMARK_FATTY_ACID_METABOLISM,ME1,1
HALLMARK_ADIPOGENESIS,ME1,1
HALLMARK_MTORC1_SIGNALING,ME1,1
HALLMARK_COMPLEMENT,ME1,1
HALLMARK_GLYCOLYSIS,ME1,1
HALLMARK_MYOGENESIS,SSPN,1
HALLMARK_ADIPOGENESIS,SSPN,1
HALLMARK_INTERFERON_GAMMA_RESPONSE,SSPN,1
HALLMARK_PROTEIN_SECRETION,SSPN,1
HALLMARK_ADIPOGENESIS,CHCHD10,1
HALLMARK_OXIDATIVE_PHOSPHORYLATION,IDH3A,1
HALLMARK_ADIPOGENESIS,IDH3A,1
HALLMARK_ADIPOGENESIS,RAB34,1
HALLMARK_ADIPOGENESIS,VEGFB,1
HALLMARK_ANDROGEN_RESPONSE,LIFR,1
HALLMARK_ADIPOGENESIS,LIFR,1
HALLMARK_OXIDATIVE_PHOSPHORYLATION,ACO2,1
HALLMARK_FATTY_ACID_METABOLISM,ACO2,1
HALLMARK_XENOBIOTIC_METABOLISM,ACO2,1
HALLMARK_ADIPOGENESIS,ACO2,1
HALLMARK_ADIPOGENESIS,ELMOD3,1
HALLMARK_ADIPOGENESIS,STOM,1
HALLMARK_P53_PATHWAY,STOM,1
HALLMARK_ADIPOGENESIS,FZD4,1
HALLMARK_OXIDATIVE_PHOSPHORYLATION,SDHB,1
HALLMARK_ADIPOGENESIS,SDHB,1
HALLMARK_OXIDATIVE_PHOSPHORYLATION,SUCLG1,1
HALLMARK_FATTY_ACID_METABOLISM,SUCLG1,1
HALLMARK_ADIPOGENESIS,SUCLG1,1
HALLMARK_ADIPOGENESIS,RNF11,1
HALLMARK_ADIPOGENESIS,ARAF,1
HALLMARK_ADIPOGENESIS,PPM1B,1
HALLMARK_XENOBIOTIC_METABOLISM,POR,1
HALLMARK_OXIDATIVE_PHOSPHORYLATION,POR,1
HALLMARK_ADIPOGENESIS,POR,1
HALLMARK_ADIPOGENESIS,DBT,1
HALLMARK_ADIPOGENESIS,SLC5A6,1
HALLMARK_OXIDATIVE_PHOSPHORYLATION,UQCRQ,1
HALLMARK_ADIPOGENESIS,UQCRQ,1
HALLMARK_XENOBIOTIC_METABOLISM,DHRS7,1
HALLMARK_ADIPOGENESIS,DHRS7,1
HALLMARK_OXIDATIVE_PHOSPHORYLATION,NDUFA5,1
HALLMARK_ADIPOGENESIS,NDUFA5,1
HALLMARK_ADIPOGENESIS,YWHAG,1
HALLMARK_XENOBIOTIC_METABOLISM,PEMT,1
HALLMARK_ADIPOGENESIS,PEMT,1
HALLMARK_ADIPOGENESIS,UCK1,1
HALLMARK_ADIPOGENESIS,SAMM50,1
HALLMARK_ADIPOGENESIS,DHRS7B,1
HALLMARK_ADIPOGENESIS,NKIRAS1,1
HALLMARK_APICAL_JUNCTION,HADH,1
HALLMARK_FATTY_ACID_METABOLISM,HADH,1
HALLMARK_ADIPOGENESIS,HADH,1
HALLMARK_MYOGENESIS,COL15A1,1
HALLMARK_ADIPOGENESIS,COL15A1,1
HALLMARK_UNFOLDED_PROTEIN_RESPONSE,PREB,1
HALLMARK_ADIPOGENESIS,PREB,1
HALLMARK_OXIDATIVE_PHOSPHORYLATION,CYC1,1
HALLMARK_ADIPOGENESIS,CYC1,1
HALLMARK_MYC_TARGETS_V1,CYC1,1
HALLMARK_ADIPOGENESIS,NABP1,1
HALLMARK_UNFOLDED_PROTEIN_RESPONSE,NABP1,1
HALLMARK_XENOBIOTIC_METABOLISM,NMT1,1
HALLMARK_ADIPOGENESIS,NMT1,1
HALLMARK_MTORC1_SIGNALING,NMT1,1
HALLMARK_ADIPOGENESIS,SCP2,1
HALLMARK_BILE_ACID_METABOLISM,SCP2,1
HALLMARK_PEROXISOME,SCP2,1
HALLMARK_OXIDATIVE_PHOSPHORYLATION,DLAT,1
HALLMARK_ADIPOGENESIS,DLAT,1
HALLMARK_OXIDATIVE_PHOSPHORYLATION,MDH2,1
HALLMARK_FATTY_ACID_METABOLISM,MDH2,1
HALLMARK_ADIPOGENESIS,MDH2,1
HALLMARK_GLYCOLYSIS,MDH2,1
HALLMARK_ADIPOGENESIS,SPARCL1,1
HALLMARK_KRAS_SIGNALING_UP,SPARCL1,1
HALLMARK_ADIPOGENESIS,COQ5,1
HALLMARK_ADIPOGENESIS,APLP2,1
HALLMARK_ADIPOGENESIS,CD151,1
HALLMARK_ADIPOGENESIS,LAMA4,1
HALLMARK_OXIDATIVE_PHOSPHORYLATION,CS,1
HALLMARK_ADIPOGENESIS,CS,1
HALLMARK_OXIDATIVE_PHOSPHORYLATION,IDH3G,1
HALLMARK_FATTY_ACID_METABOLISM,IDH3G,1
HALLMARK_ADIPOGENESIS,IDH3G,1
HALLMARK_ADIPOGENESIS,UBQLN1,1
HALLMARK_ADIPOGENESIS,MIGA2,1
HALLMARK_ADIPOGENESIS,SNCG,1
HALLMARK_ADIPOGENESIS,ACLY,1
HALLMARK_MTORC1_SIGNALING,ACLY,1
HALLMARK_ADIPOGENESIS,CMPK1,1
HALLMARK_OXIDATIVE_PHOSPHORYLATION,ACADM,1
HALLMARK_FATTY_ACID_METABOLISM,ACADM,1
HALLMARK_ADIPOGENESIS,ACADM,1
HALLMARK_OXIDATIVE_PHOSPHORYLATION,UQCR11,1
HALLMARK_ADIPOGENESIS,UQCR11,1
HALLMARK_OXIDATIVE_PHOSPHORYLATION,BCKDHA,1
HALLMARK_ADIPOGENESIS,BCKDHA,1
HALLMARK_ADIPOGENESIS,ORM1,1
HALLMARK_FATTY_ACID_METABOLISM,REEP6,1
HALLMARK_ADIPOGENESIS,REEP6,1
HALLMARK_ADIPOGENESIS,AGPAT3,1
HALLMARK_FATTY_ACID_METABOLISM,LTC4S,1
HALLMARK_ADIPOGENESIS,LTC4S,1
HALLMARK_OXIDATIVE_PHOSPHORYLATION,DLD,1
HALLMARK_FATTY_ACID_METABOLISM,DLD,1
HALLMARK_ADIPOGENESIS,DLD,1
HALLMARK_GLYCOLYSIS,DLD,1
HALLMARK_ADIPOGENESIS,G3BP2,1
HALLMARK_ADIPOGENESIS,PEX14,1
HALLMARK_UV_RESPONSE_DN,PEX14,1
HALLMARK_PEROXISOME,PEX14,1
HALLMARK_ADIPOGENESIS,GPAT4,1
HALLMARK_ADIPOGENESIS,MAP4K3,1
HALLMARK_ADIPOGENESIS,TKT,1
HALLMARK_OXIDATIVE_PHOSPHORYLATION,ECHS1,1
HALLMARK_FATTY_ACID_METABOLISM,ECHS1,1
HALLMARK_ADIPOGENESIS,ECHS1,1
HALLMARK_ADIPOGENESIS,PPP1R15B,1
HALLMARK_XENOBIOTIC_METABOLISM,APOE,1
HALLMARK_ADIPOGENESIS,APOE,1
HALLMARK_XENOBIOTIC_METABOLISM,FAH,1
HALLMARK_ADIPOGENESIS,FAH,1
HALLMARK_IL2_STAT5_SIGNALING,FAH,1
HALLMARK_ADIPOGENESIS,LEP,1
HALLMARK_FATTY_ACID_METABOLISM,ACADS,1
HALLMARK_ADIPOGENESIS,ACADS,1
HALLMARK_ADIPOGENESIS,MCCC1,1
HALLMARK_ADIPOGENESIS,RTN3,1
HALLMARK_ADIPOGENESIS,DRAM2,1
HALLMARK_ADIPOGENESIS,ELOVL6,1
HALLMARK_MTORC1_SIGNALING,ELOVL6,1
HALLMARK_ESTROGEN_RESPONSE_LATE,TST,1
HALLMARK_ADIPOGENESIS,TST,1
HALLMARK_UV_RESPONSE_UP,TST,1
HALLMARK_ADIPOGENESIS,ITGA7,1
HALLMARK_MYOGENESIS,ITGA7,1
HALLMARK_APICAL_JUNCTION,CRAT,1
HALLMARK_MYOGENESIS,CRAT,1
HALLMARK_FATTY_ACID_METABOLISM,CRAT,1
HALLMARK_ADIPOGENESIS,CRAT,1
HALLMARK_PEROXISOME,CRAT,1
HALLMARK_OXIDATIVE_PHOSPHORYLATION,PHYH,1
HALLMARK_ADIPOGENESIS,PHYH,1
HALLMARK_BILE_ACID_METABOLISM,PHYH,1
HALLMARK_OXIDATIVE_PHOSPHORYLATION,MRPL15,1
HALLMARK_ADIPOGENESIS,MRPL15,1
HALLMARK_ADIPOGENESIS,ABCB8,1
HALLMARK_XENOBIOTIC_METABOLISM,DDT,1
HALLMARK_ADIPOGENESIS,DDT,1
HALLMARK_OXIDATIVE_PHOSPHORYLATION,COX7B,1
HALLMARK_ADIPOGENESIS,COX7B,1
HALLMARK_ADIPOGENESIS,LPCAT3,1
HALLMARK_ADIPOGENESIS,ADIPOQ,1
HALLMARK_ADIPOGENESIS,CYP4B1,1
HALLMARK_ADIPOGENESIS,SLC27A1,1
HALLMARK_OXIDATIVE_PHOSPHORYLATION,NDUFAB1,1
HALLMARK_ADIPOGENESIS,NDUFAB1,1
HALLMARK_MYC_TARGETS_V1,NDUFAB1,1
HALLMARK_FATTY_ACID_METABOLISM,CPT2,1
HALLMARK_ADIPOGENESIS,CPT2,1
HALLMARK_ANDROGEN_RESPONSE,DNAJB9,1
HALLMARK_ADIPOGENESIS,DNAJB9,1
HALLMARK_UNFOLDED_PROTEIN_RESPONSE,DNAJB9,1
HALLMARK_ADIPOGENESIS,TALDO1,1
HALLMARK_SPERMATOGENESIS,TALDO1,1
HALLMARK_GLYCOLYSIS,TALDO1,1
HALLMARK_XENOBIOTIC_METABOLISM,SLC1A5,1
HALLMARK_ADIPOGENESIS,SLC1A5,1
HALLMARK_MTORC1_SIGNALING,SLC1A5,1
HALLMARK_IL2_STAT5_SIGNALING,SLC1A5,1
HALLMARK_ANDROGEN_RESPONSE,RRP12,1
HALLMARK_ESTROGEN_RESPONSE_EARLY,RRP12,1
HALLMARK_MYC_TARGETS_V2,RRP12,1
HALLMARK_ESTROGEN_RESPONSE_LATE,NXT1,1
HALLMARK_ESTROGEN_RESPONSE_EARLY,NXT1,1
HALLMARK_ESTROGEN_RESPONSE_EARLY,TSKU,1
HALLMARK_ESTROGEN_RESPONSE_LATE,FAM102A,1
HALLMARK_ESTROGEN_RESPONSE_EARLY,FAM102A,1
HALLMARK_ESTROGEN_RESPONSE_EARLY,SYBU,1
HALLMARK_ESTROGEN_RESPONSE_LATE,SLC16A1,1
HALLMARK_ESTROGEN_RESPONSE_EARLY,SLC16A1,1
HALLMARK_ESTROGEN_RESPONSE_EARLY,AKAP1,1
HALLMARK_ESTROGEN_RESPONSE_LATE,SLC24A3,1
HALLMARK_ESTROGEN_RESPONSE_EARLY,SLC24A3,1
HALLMARK_ESTROGEN_RESPONSE_LATE,PLAAT3,1
HALLMARK_ESTROGEN_RESPONSE_EARLY,PLAAT3,1
HALLMARK_ESTROGEN_RESPONSE_LATE,ITPK1,1
HALLMARK_ESTROGEN_RESPONSE_EARLY,ITPK1,1
HALLMARK_ESTROGEN_RESPONSE_EARLY,OLFML3,1
HALLMARK_ESTROGEN_RESPONSE_EARLY,ELF3,1
HALLMARK_GLYCOLYSIS,ELF3,1
HALLMARK_ESTROGEN_RESPONSE_EARLY,SLC1A1,1
HALLMARK_ESTROGEN_RESPONSE_EARLY,DEPTOR,1
HALLMARK_ESTROGEN_RESPONSE_EARLY,GFRA1,1
HALLMARK_ESTROGEN_RESPONSE_LATE,PDLIM3,1
HALLMARK_ESTROGEN_RESPONSE_EARLY,PDLIM3,1
HALLMARK_UV_RESPONSE_UP,PDLIM3,1
HALLMARK_MYOGENESIS,SVIL,1
HALLMARK_ESTROGEN_RESPONSE_EARLY,SVIL,1
HALLMARK_ESTROGEN_RESPONSE_EARLY,ABAT,1
HALLMARK_P53_PATHWAY,ABAT,1
HALLMARK_ESTROGEN_RESPONSE_EARLY,ADCY1,1
HALLMARK_IL2_STAT5_SIGNALING,DHRS3,1
HALLMARK_ESTROGEN_RESPONSE_EARLY,DHRS3,1
HALLMARK_PEROXISOME,DHRS3,1
HALLMARK_APICAL_JUNCTION,CALB2,1
HALLMARK_ESTROGEN_RESPONSE_EARLY,CALB2,1
HALLMARK_ANDROGEN_RESPONSE,FKBP5,1
HALLMARK_ESTROGEN_RESPONSE_LATE,FKBP5,1
HALLMARK_ESTROGEN_RESPONSE_EARLY,FKBP5,1
HALLMARK_ESTROGEN_RESPONSE_LATE,TFAP2C,1
HALLMARK_ESTROGEN_RESPONSE_EARLY,TFAP2C,1
HALLMARK_ESTROGEN_RESPONSE_EARLY,UGCG,1
HALLMARK_ESTROGEN_RESPONSE_LATE,ALDH3B1,1
HALLMARK_ESTROGEN_RESPONSE_EARLY,ALDH3B1,1
HALLMARK_HEME_METABOLISM,ENDOD1,1
HALLMARK_ESTROGEN_RESPONSE_EARLY,ENDOD1,1
HALLMARK_ESTROGEN_RESPONSE_EARLY,MREG,1
HALLMARK_ESTROGEN_RESPONSE_EARLY,KAZN,1
HALLMARK_ESTROGEN_RESPONSE_EARLY,PODXL,1
HALLMARK_ESTROGEN_RESPONSE_LATE,MAPT,1
HALLMARK_ESTROGEN_RESPONSE_EARLY,MAPT,1
HALLMARK_ESTROGEN_RESPONSE_LATE,CYP26B1,1
HALLMARK_ESTROGEN_RESPONSE_EARLY,CYP26B1,1
HALLMARK_ESTROGEN_RESPONSE_LATE,OVOL2,1
HALLMARK_ESTROGEN_RESPONSE_EARLY,OVOL2,1
HALLMARK_MTORC1_SIGNALING,SLC1A4,1
HALLMARK_UNFOLDED_PROTEIN_RESPONSE,SLC1A4,1
HALLMARK_ESTROGEN_RESPONSE_LATE,SLC1A4,1
HALLMARK_ESTROGEN_RESPONSE_EARLY,SLC1A4,1
HALLMARK_ESTROGEN_RESPONSE_EARLY,MPPED2,1
HALLMARK_ANDROGEN_RESPONSE,SLC26A2,1
HALLMARK_ESTROGEN_RESPONSE_LATE,SLC26A2,1
HALLMARK_ESTROGEN_RESPONSE_EARLY,SLC26A2,1
HALLMARK_ESTROGEN_RESPONSE_LATE,PGR,1
HALLMARK_ESTROGEN_RESPONSE_EARLY,PGR,1
HALLMARK_COAGULATION,PRSS23,1
HALLMARK_ESTROGEN_RESPONSE_LATE,PRSS23,1
HALLMARK_ESTROGEN_RESPONSE_EARLY,PRSS23,1
HALLMARK_UV_RESPONSE_DN,GJA1,1
HALLMARK_EPITHELIAL_MESENCHYMAL_TRANSITION,GJA1,1
HALLMARK_ESTROGEN_RESPONSE_EARLY,GJA1,1
HALLMARK_MYOGENESIS,ADCY9,1
HALLMARK_ESTROGEN_RESPONSE_EARLY,ADCY9,1
HALLMARK_ESTROGEN_RESPONSE_EARLY,TBC1D30,1
HALLMARK_ESTROGEN_RESPONSE_LATE,CHPT1,1
HALLMARK_ESTROGEN_RESPONSE_EARLY,CHPT1,1
HALLMARK_ESTROGEN_RESPONSE_EARLY,LAD1,1
HALLMARK_ANDROGEN_RESPONSE,KRT8,1
HALLMARK_ESTROGEN_RESPONSE_EARLY,KRT8,1
HALLMARK_ESTROGEN_RESPONSE_EARLY,MYBBP1A,1
HALLMARK_MYC_TARGETS_V2,MYBBP1A,1
HALLMARK_ESTROGEN_RESPONSE_EARLY,WWC1,1
HALLMARK_ESTROGEN_RESPONSE_EARLY,P2RY2,1
HALLMARK_INFLAMMATORY_RESPONSE,P2RY2,1
HALLMARK_XENOBIOTIC_METABOLISM,PTGES,1
HALLMARK_ESTROGEN_RESPONSE_LATE,PTGES,1
HALLMARK_ESTROGEN_RESPONSE_EARLY,PTGES,1
HALLMARK_ESTROGEN_RESPONSE_LATE,FKBP4,1
HALLMARK_ESTROGEN_RESPONSE_EARLY,FKBP4,1
HALLMARK_UV_RESPONSE_UP,FKBP4,1
HALLMARK_GLYCOLYSIS,FKBP4,1
HALLMARK_ESTROGEN_RESPONSE_LATE,KCNK5,1
HALLMARK_ESTROGEN_RESPONSE_EARLY,KCNK5,1
HALLMARK_ESTROGEN_RESPONSE_LATE,PDZK1,1
HALLMARK_ESTROGEN_RESPONSE_EARLY,PDZK1,1
HALLMARK_INTERFERON_ALPHA_RESPONSE,ELF1,1
HALLMARK_ESTROGEN_RESPONSE_EARLY,ELF1,1
HALLMARK_ESTROGEN_RESPONSE_EARLY,SH3BP5,1
HALLMARK_ESTROGEN_RESPONSE_EARLY,TUBB2B,1
HALLMARK_XENOBIOTIC_METABOLISM,BLVRB,1
HALLMARK_HEME_METABOLISM,BLVRB,1
HALLMARK_ESTROGEN_RESPONSE_LATE,BLVRB,1
HALLMARK_ESTROGEN_RESPONSE_EARLY,BLVRB,1
HALLMARK_ESTROGEN_RESPONSE_EARLY,KRT15,1
HALLMARK_KRAS_SIGNALING_DN,KRT15,1
HALLMARK_MTORC1_SIGNALING,SLC9A3R1,1
HALLMARK_ESTROGEN_RESPONSE_LATE,SLC9A3R1,1
HALLMARK_ESTROGEN_RESPONSE_EARLY,SLC9A3R1,1
HALLMARK_ESTROGEN_RESPONSE_LATE,MYOF,1
HALLMARK_ESTROGEN_RESPONSE_EARLY,MYOF,1
HALLMARK_ESTROGEN_RESPONSE_LATE,CLIC3,1
HALLMARK_ESTROGEN_RESPONSE_EARLY,CLIC3,1
HALLMARK_ESTROGEN_RESPONSE_EARLY,SYNGR1,1
HALLMARK_ESTROGEN_RESPONSE_LATE,TMPRSS3,1
HALLMARK_ESTROGEN_RESPONSE_EARLY,TMPRSS3,1
HALLMARK_ESTROGEN_RESPONSE_LATE,FRK,1
HALLMARK_ESTROGEN_RESPONSE_EARLY,FRK,1
HALLMARK_ESTROGEN_RESPONSE_EARLY,SYT12,1
HALLMARK_ESTROGEN_RESPONSE_EARLY,ZNF185,1
HALLMARK_XENOBIOTIC_METABOLISM,PAPSS2,1
HALLMARK_ESTROGEN_RESPONSE_LATE,PAPSS2,1
HALLMARK_ESTROGEN_RESPONSE_EARLY,PAPSS2,1
HALLMARK_BILE_ACID_METABOLISM,SLC27A2,1
HALLMARK_ESTROGEN_RESPONSE_LATE,SLC27A2,1
HALLMARK_ESTROGEN_RESPONSE_EARLY,SLC27A2,1
HALLMARK_PEROXISOME,SLC27A2,1
HALLMARK_ANDROGEN_RESPONSE,ELOVL5,1
HALLMARK_FATTY_ACID_METABOLISM,ELOVL5,1
HALLMARK_XENOBIOTIC_METABOLISM,ELOVL5,1
HALLMARK_MTORC1_SIGNALING,ELOVL5,1
HALLMARK_ESTROGEN_RESPONSE_LATE,ELOVL5,1
HALLMARK_ESTROGEN_RESPONSE_EARLY,ELOVL5,1
HALLMARK_PEROXISOME,ELOVL5,1
HALLMARK_ESTROGEN_RESPONSE_EARLY,TTC39A,1
HALLMARK_ESTROGEN_RESPONSE_EARLY,MSMB,1
HALLMARK_ESTROGEN_RESPONSE_EARLY,MAST4,1
HALLMARK_IL2_STAT5_SIGNALING,MUC1,1
HALLMARK_ESTROGEN_RESPONSE_EARLY,MUC1,1
HALLMARK_MTORC1_SIGNALING,XBP1,1
HALLMARK_UNFOLDED_PROTEIN_RESPONSE,XBP1,1
HALLMARK_IL2_STAT5_SIGNALING,XBP1,1
HALLMARK_ESTROGEN_RESPONSE_LATE,XBP1,1
HALLMARK_ESTROGEN_RESPONSE_EARLY,XBP1,1
HALLMARK_ESTROGEN_RESPONSE_LATE,MYB,1
HALLMARK_ESTROGEN_RESPONSE_EARLY,MYB,1
HALLMARK_FATTY_ACID_METABOLISM,SLC22A5,1
HALLMARK_ESTROGEN_RESPONSE_LATE,SLC22A5,1
HALLMARK_ESTROGEN_RESPONSE_EARLY,SLC22A5,1
HALLMARK_ESTROGEN_RESPONSE_EARLY,ESRP2,1
HALLMARK_ESTROGEN_RESPONSE_EARLY,GAB2,1
HALLMARK_ESTROGEN_RESPONSE_EARLY,MINDY1,1
HALLMARK_ESTROGEN_RESPONSE_EARLY,SLC7A2,1
HALLMARK_INFLAMMATORY_RESPONSE,SLC7A2,1
HALLMARK_ESTROGEN_RESPONSE_EARLY,MYBL1,1
HALLMARK_ESTROGEN_RESPONSE_EARLY,MED13L,1
HALLMARK_IL2_STAT5_SIGNALING,LRIG1,1
HALLMARK_ESTROGEN_RESPONSE_EARLY,LRIG1,1
HALLMARK_ESTROGEN_RESPONSE_LATE,FOXC1,1
HALLMARK_ESTROGEN_RESPONSE_EARLY,FOXC1,1
HALLMARK_ESTROGEN_RESPONSE_EARLY,SNX24,1
HALLMARK_ESTROGEN_RESPONSE_EARLY,ISG20L2,1
HALLMARK_ESTROGEN_RESPONSE_EARLY,UNC119,1
HALLMARK_ESTROGEN_RESPONSE_EARLY,RHOBTB3,1
HALLMARK_BILE_ACID_METABOLISM,AR,1
HALLMARK_ESTROGEN_RESPONSE_EARLY,AR,1
HALLMARK_ESTROGEN_RESPONSE_LATE,DHRS2,1
HALLMARK_ESTROGEN_RESPONSE_EARLY,DHRS2,1
HALLMARK_ESTROGEN_RESPONSE_LATE,CALCR,1
HALLMARK_ESTROGEN_RESPONSE_EARLY,CALCR,1
HALLMARK_IL2_STAT5_SIGNALING,CISH,1
HALLMARK_ESTROGEN_RESPONSE_LATE,CISH,1
HALLMARK_ESTROGEN_RESPONSE_EARLY,CISH,1
HALLMARK_ANDROGEN_RESPONSE,ABHD2,1
HALLMARK_ESTROGEN_RESPONSE_LATE,ABHD2,1
HALLMARK_ESTROGEN_RESPONSE_EARLY,ABHD2,1
HALLMARK_APICAL_JUNCTION,CLDN7,1
HALLMARK_ESTROGEN_RESPONSE_EARLY,CLDN7,1
HALLMARK_ESTROGEN_RESPONSE_LATE,CELSR2,1
HALLMARK_ESTROGEN_RESPONSE_EARLY,CELSR2,1
HALLMARK_KRAS_SIGNALING_DN,CELSR2,1
HALLMARK_ALLOGRAFT_REJECTION,INHBB,1
HALLMARK_ESTROGEN_RESPONSE_EARLY,INHBB,1
HALLMARK_P53_PATHWAY,INHBB,1
HALLMARK_ESTROGEN_RESPONSE_EARLY,SLC19A2,1
HALLMARK_P53_PATHWAY,SLC19A2,1
HALLMARK_ESTROGEN_RESPONSE_EARLY,ASB13,1
HALLMARK_ESTROGEN_RESPONSE_LATE,HR,1
HALLMARK_ESTROGEN_RESPONSE_EARLY,HR,1
HALLMARK_ESTROGEN_RESPONSE_EARLY,GREB1,1
HALLMARK_MTORC1_SIGNALING,GLA,1
HALLMARK_ESTROGEN_RESPONSE_LATE,GLA,1
HALLMARK_ESTROGEN_RESPONSE_EARLY,GLA,1
HALLMARK_PROTEIN_SECRETION,GLA,1
HALLMARK_ESTROGEN_RESPONSE_EARLY,CBFA2T3,1
HALLMARK_ESTROGEN_RESPONSE_EARLY,SEC14L2,1
HALLMARK_ESTROGEN_RESPONSE_EARLY,MLPH,1
HALLMARK_XENOBIOTIC_METABOLISM,IGFBP4,1
HALLMARK_ESTROGEN_RESPONSE_LATE,IGFBP4,1
HALLMARK_ESTROGEN_RESPONSE_EARLY,IGFBP4,1
HALLMARK_EPITHELIAL_MESENCHYMAL_TRANSITION,IGFBP4,1
HALLMARK_ESTROGEN_RESPONSE_EARLY,RHOD,1
HALLMARK_ESTROGEN_RESPONSE_EARLY,KDM4B,1
HALLMARK_ESTROGEN_RESPONSE_EARLY,RETREG1,1
HALLMARK_ESTROGEN_RESPONSE_EARLY,CELSR1,1
HALLMARK_HEDGEHOG_SIGNALING,CELSR1,1
HALLMARK_ESTROGEN_RESPONSE_EARLY,RAB17,1
HALLMARK_ESTROGEN_RESPONSE_EARLY,RASGRP1,1
HALLMARK_INFLAMMATORY_RESPONSE,RASGRP1,1
HALLMARK_UV_RESPONSE_UP,RASGRP1,1
HALLMARK_COMPLEMENT,RASGRP1,1
HALLMARK_ESTROGEN_RESPONSE_EARLY,TGIF2,1
HALLMARK_ESTROGEN_RESPONSE_LATE,TJP3,1
HALLMARK_ESTROGEN_RESPONSE_EARLY,TJP3,1
HALLMARK_ESTROGEN_RESPONSE_LATE,SOX3,1
HALLMARK_ESTROGEN_RESPONSE_EARLY,SOX3,1
HALLMARK_ESTROGEN_RESPONSE_LATE,AMFR,1
HALLMARK_ESTROGEN_RESPONSE_EARLY,AMFR,1
HALLMARK_ESTROGEN_RESPONSE_LATE,NRIP1,1
HALLMARK_ESTROGEN_RESPONSE_EARLY,NRIP1,1
HALLMARK_ESTROGEN_RESPONSE_LATE,TFF3,1
HALLMARK_ESTROGEN_RESPONSE_EARLY,TFF3,1
HALLMARK_GLYCOLYSIS,TFF3,1
HALLMARK_ESTROGEN_RESPONSE_LATE,OLFM1,1
HALLMARK_ESTROGEN_RESPONSE_EARLY,OLFM1,1
HALLMARK_UV_RESPONSE_UP,OLFM1,1
HALLMARK_ESTROGEN_RESPONSE_EARLY,FCMR,1
HALLMARK_ESTROGEN_RESPONSE_LATE,ANXA9,1
HALLMARK_ESTROGEN_RESPONSE_EARLY,ANXA9,1
HALLMARK_MYOGENESIS,TPD52L1,1
HALLMARK_ESTROGEN_RESPONSE_LATE,TPD52L1,1
HALLMARK_ESTROGEN_RESPONSE_EARLY,TPD52L1,1
HALLMARK_P53_PATHWAY,TPD52L1,1
HALLMARK_ESTROGEN_RESPONSE_EARLY,MED24,1
HALLMARK_GLYCOLYSIS,MED24,1
HALLMARK_ESTROGEN_RESPONSE_EARLY,DLC1,1
HALLMARK_UV_RESPONSE_DN,DLC1,1
HALLMARK_ESTROGEN_RESPONSE_LATE,MICB,1
HALLMARK_ESTROGEN_RESPONSE_EARLY,MICB,1
HALLMARK_ESTROGEN_RESPONSE_LATE,RPS6KA2,1
HALLMARK_ESTROGEN_RESPONSE_EARLY,RPS6KA2,1
HALLMARK_ESTROGEN_RESPONSE_LATE,NPY1R,1
HALLMARK_ESTROGEN_RESPONSE_EARLY,NPY1R,1
HALLMARK_ESTROGEN_RESPONSE_LATE,AFF1,1
HALLMARK_ESTROGEN_RESPONSE_EARLY,AFF1,1
HALLMARK_MYOGENESIS,ABLIM1,1
HALLMARK_ESTROGEN_RESPONSE_EARLY,ABLIM1,1
HALLMARK_ESTROGEN_RESPONSE_EARLY,KCNK15,1
HALLMARK_MYOGENESIS,BAG1,1
HALLMARK_ESTROGEN_RESPONSE_LATE,BAG1,1
HALLMARK_ESTROGEN_RESPONSE_EARLY,BAG1,1
HALLMARK_ESTROGEN_RESPONSE_LATE,TFF1,1
HALLMARK_ESTROGEN_RESPONSE_EARLY,TFF1,1
HALLMARK_ESTROGEN_RESPONSE_LATE,OPN3,1
HALLMARK_ESTROGEN_RESPONSE_EARLY,OPN3,1
HALLMARK_ESTROGEN_RESPONSE_EARLY,SLC39A6,1
HALLMARK_ESTROGEN_RESPONSE_LATE,RET,1
HALLMARK_ESTROGEN_RESPONSE_EARLY,RET,1
HALLMARK_UV_RESPONSE_UP,RET,1
HALLMARK_ESTROGEN_RESPONSE_LATE,PPIF,1
HALLMARK_ESTROGEN_RESPONSE_EARLY,PPIF,1
HALLMARK_UV_RESPONSE_UP,PPIF,1
HALLMARK_PI3K_AKT_MTOR_SIGNALING,SFN,1
HALLMARK_ESTROGEN_RESPONSE_LATE,SFN,1
HALLMARK_ESTROGEN_RESPONSE_EARLY,SFN,1
HALLMARK_P53_PATHWAY,SFN,1
HALLMARK_ALLOGRAFT_REJECTION,JAK2,1
HALLMARK_INTERFERON_GAMMA_RESPONSE,JAK2,1
HALLMARK_ESTROGEN_RESPONSE_LATE,JAK2,1
HALLMARK_ESTROGEN_RESPONSE_EARLY,JAK2,1
HALLMARK_COMPLEMENT,JAK2,1
HALLMARK_ESTROGEN_RESPONSE_EARLY,NADSYN1,1
HALLMARK_ESTROGEN_RESPONSE_LATE,DYNLT3,1
HALLMARK_ESTROGEN_RESPONSE_EARLY,DYNLT3,1
HALLMARK_ESTROGEN_RESPONSE_LATE,ARL3,1
HALLMARK_ESTROGEN_RESPONSE_EARLY,ARL3,1
HALLMARK_MYOGENESIS,REEP1,1
HALLMARK_ESTROGEN_RESPONSE_EARLY,REEP1,1
HALLMARK_ESTROGEN_RESPONSE_LATE,RAPGEFL1,1
HALLMARK_ESTROGEN_RESPONSE_EARLY,RAPGEFL1,1
HALLMARK_ESTROGEN_RESPONSE_EARLY,BCL11B,1
HALLMARK_ESTROGEN_RESPONSE_EARLY,THSD4,1
HALLMARK_UNFOLDED_PROTEIN_RESPONSE,WFS1,1
HALLMARK_ESTROGEN_RESPONSE_LATE,WFS1,1
HALLMARK_ESTROGEN_RESPONSE_EARLY,WFS1,1
HALLMARK_ESTROGEN_RESPONSE_EARLY,TMEM164,1
HALLMARK_MYOGENESIS,NAV2,1
HALLMARK_ESTROGEN_RESPONSE_EARLY,NAV2,1
HALLMARK_ESTROGEN_RESPONSE_LATE,KLK10,1
HALLMARK_ESTROGEN_RESPONSE_EARLY,KLK10,1
HALLMARK_IL2_STAT5_SIGNALING,IGF1R,1
HALLMARK_UV_RESPONSE_DN,IGF1R,1
HALLMARK_ESTROGEN_RESPONSE_EARLY,IGF1R,1
HALLMARK_ESTROGEN_RESPONSE_EARLY,ELOVL2,1
HALLMARK_ESTROGEN_RESPONSE_EARLY,PEX11A,1
HALLMARK_PEROXISOME,PEX11A,1
HALLMARK_BILE_ACID_METABOLISM,PEX11A,1
HALLMARK_ESTROGEN_RESPONSE_EARLY,SLC37A1,1
HALLMARK_ESTROGEN_RESPONSE_LATE,NBL1,1
HALLMARK_ESTROGEN_RESPONSE_EARLY,NBL1,1
HALLMARK_EPITHELIAL_MESENCHYMAL_TRANSITION,CXCL12,1
HALLMARK_ESTROGEN_RESPONSE_LATE,CXCL12,1
HALLMARK_ESTROGEN_RESPONSE_EARLY,CXCL12,1
HALLMARK_ESTROGEN_RESPONSE_LATE,KRT13,1
HALLMARK_ESTROGEN_RESPONSE_EARLY,KRT13,1
HALLMARK_KRAS_SIGNALING_DN,KRT13,1
HALLMARK_ESTROGEN_RESPONSE_LATE,RBBP8,1
HALLMARK_ESTROGEN_RESPONSE_EARLY,RBBP8,1
HALLMARK_MTORC1_SIGNALING,ADD3,1
HALLMARK_UV_RESPONSE_DN,ADD3,1
HALLMARK_ESTROGEN_RESPONSE_LATE,ADD3,1
HALLMARK_ESTROGEN_RESPONSE_EARLY,ADD3,1
HALLMARK_ESTROGEN_RESPONSE_EARLY,INPP5F,1
HALLMARK_BILE_ACID_METABOLISM,ABCA3,1
HALLMARK_ESTROGEN_RESPONSE_LATE,ABCA3,1
HALLMARK_ESTROGEN_RESPONSE_EARLY,ABCA3,1
HALLMARK_HEME_METABOLISM,AQP3,1
HALLMARK_ESTROGEN_RESPONSE_EARLY,AQP3,1
HALLMARK_UV_RESPONSE_UP,AQP3,1
HALLMARK_ANDROGEN_RESPONSE,KRT19,1
HALLMARK_ESTROGEN_RESPONSE_LATE,KRT19,1
HALLMARK_ESTROGEN_RESPONSE_EARLY,KRT19,1
HALLMARK_ESTROGEN_RESPONSE_EARLY,FHL2,1
HALLMARK_UV_RESPONSE_DN,FHL2,1
HALLMARK_ESTROGEN_RESPONSE_LATE,SCNN1A,1
HALLMARK_ESTROGEN_RESPONSE_EARLY,SCNN1A,1
HALLMARK_ESTROGEN_RESPONSE_LATE,GAL,1
HALLMARK_UV_RESPONSE_UP,GAL,1
HALLMARK_ESTROGEN_RESPONSE_LATE,KIF20A,1
HALLMARK_GLYCOLYSIS,KIF20A,1
HALLMARK_ESTROGEN_RESPONSE_LATE,SERPINA3,1
HALLMARK_KRAS_SIGNALING_UP,SERPINA3,1
HALLMARK_FATTY_ACID_METABOLISM,UGDH,1
HALLMARK_XENOBIOTIC_METABOLISM,UGDH,1
HALLMARK_ESTROGEN_RESPONSE_LATE,UGDH,1
HALLMARK_ESTROGEN_RESPONSE_LATE,DLG5,1
HALLMARK_ESTROGEN_RESPONSE_LATE,LTF,1
HALLMARK_COMPLEMENT,LTF,1
HALLMARK_IL2_STAT5_SIGNALING,BATF,1
HALLMARK_ESTROGEN_RESPONSE_LATE,BATF,1
HALLMARK_FATTY_ACID_METABOLISM,ALDH3A2,1
HALLMARK_ESTROGEN_RESPONSE_LATE,ALDH3A2,1
HALLMARK_ESTROGEN_RESPONSE_LATE,PLXNB1,1
HALLMARK_ESTROGEN_RESPONSE_LATE,XRCC3,1
HALLMARK_ALLOGRAFT_REJECTION,PTPN6,1
HALLMARK_INTERFERON_GAMMA_RESPONSE,PTPN6,1
HALLMARK_ESTROGEN_RESPONSE_LATE,PTPN6,1
HALLMARK_ESTROGEN_RESPONSE_LATE,GPER1,1
HALLMARK_ESTROGEN_RESPONSE_LATE,KLK11,1
HALLMARK_ESTROGEN_RESPONSE_LATE,TH,1
HALLMARK_APICAL_JUNCTION,MDK,1
HALLMARK_ESTROGEN_RESPONSE_LATE,MDK,1
HALLMARK_ESTROGEN_RESPONSE_LATE,SNX10,1
HALLMARK_ESTROGEN_RESPONSE_LATE,GFUS,1
HALLMARK_GLYCOLYSIS,GFUS,1
HALLMARK_ESTROGEN_RESPONSE_LATE,MOCS2,1
HALLMARK_ESTROGEN_RESPONSE_LATE,RABEP1,1
HALLMARK_ESTROGEN_RESPONSE_LATE,ST14,1
HALLMARK_P53_PATHWAY,ST14,1
HALLMARK_APICAL_JUNCTION,MAPK13,1
HALLMARK_ESTROGEN_RESPONSE_LATE,MAPK13,1
HALLMARK_BILE_ACID_METABOLISM,SLC29A1,1
HALLMARK_ESTROGEN_RESPONSE_LATE,SLC29A1,1
HALLMARK_ESTROGEN_RESPONSE_LATE,HSPA4L,1
HALLMARK_SPERMATOGENESIS,HSPA4L,1
HALLMARK_P53_PATHWAY,HSPA4L,1
HALLMARK_ESTROGEN_RESPONSE_LATE,CHST8,1
HALLMARK_ESTROGEN_RESPONSE_LATE,LLGL2,1
HALLMARK_ESTROGEN_RESPONSE_LATE,IGSF1,1
HALLMARK_ESTROGEN_RESPONSE_LATE,PERP,1
HALLMARK_P53_PATHWAY,PERP,1
HALLMARK_ESTROGEN_RESPONSE_LATE,TPSAB1,1
HALLMARK_ESTROGEN_RESPONSE_LATE,TRIM29,1
HALLMARK_ESTROGEN_RESPONSE_LATE,S100A9,1
HALLMARK_COMPLEMENT,S100A9,1
HALLMARK_ESTROGEN_RESPONSE_LATE,DNAJC12,1
HALLMARK_ESTROGEN_RESPONSE_LATE,DNAJC1,1
HALLMARK_ESTROGEN_RESPONSE_LATE,DCXR,1
HALLMARK_XENOBIOTIC_METABOLISM,DCXR,1
HALLMARK_P53_PATHWAY,DCXR,1
HALLMARK_MYOGENESIS,CKB,1
HALLMARK_ESTROGEN_RESPONSE_LATE,CKB,1
HALLMARK_ESTROGEN_RESPONSE_LATE,SCUBE2,1
HALLMARK_ESTROGEN_RESPONSE_LATE,NMU,1
HALLMARK_ESTROGEN_RESPONSE_LATE,CPE,1
HALLMARK_KRAS_SIGNALING_UP,CPE,1
HALLMARK_XENOBIOTIC_METABOLISM,CA2,1
HALLMARK_HEME_METABOLISM,CA2,1
HALLMARK_IL2_STAT5_SIGNALING,CA2,1
HALLMARK_FATTY_ACID_METABOLISM,CA2,1
HALLMARK_ESTROGEN_RESPONSE_LATE,CA2,1
HALLMARK_KRAS_SIGNALING_UP,CA2,1
HALLMARK_COMPLEMENT,CA2,1
HALLMARK_UV_RESPONSE_UP,CA2,1
HALLMARK_ESTROGEN_RESPONSE_LATE,CACNA2D2,1
HALLMARK_ESTROGEN_RESPONSE_LATE,RNASEH2A,1
HALLMARK_E2F_TARGETS,RNASEH2A,1
HALLMARK_ESTROGEN_RESPONSE_LATE,UNC13B,1
HALLMARK_KRAS_SIGNALING_DN,FGFR3,1
HALLMARK_ESTROGEN_RESPONSE_LATE,FGFR3,1
HALLMARK_ESTROGEN_RESPONSE_LATE,ASCL1,1
HALLMARK_ESTROGEN_RESPONSE_LATE,TSPAN13,1
HALLMARK_KRAS_SIGNALING_UP,TSPAN13,1
HALLMARK_OXIDATIVE_PHOSPHORYLATION,COX6C,1
HALLMARK_ESTROGEN_RESPONSE_LATE,COX6C,1
HALLMARK_ANDROGEN_RESPONSE,HOMER2,1
HALLMARK_ESTROGEN_RESPONSE_LATE,HOMER2,1
HALLMARK_ESTROGEN_RESPONSE_LATE,PKP3,1
HALLMARK_ESTROGEN_RESPONSE_LATE,PRLR,1
HALLMARK_ESTROGEN_RESPONSE_LATE,CYP4F11,1
HALLMARK_ESTROGEN_RESPONSE_LATE,PLAC1,1
HALLMARK_COAGULATION,SERPINA1,1
HALLMARK_ESTROGEN_RESPONSE_LATE,SERPINA1,1
HALLMARK_COMPLEMENT,SERPINA1,1
HALLMARK_ESTROGEN_RESPONSE_LATE,AGR2,1
HALLMARK_ESTROGEN_RESPONSE_LATE,GALE,1
HALLMARK_GLYCOLYSIS,GALE,1
HALLMARK_ESTROGEN_RESPONSE_LATE,IMPA2,1
HALLMARK_APICAL_JUNCTION,LAMC2,1
HALLMARK_ESTROGEN_RESPONSE_LATE,LAMC2,1
HALLMARK_EPITHELIAL_MESENCHYMAL_TRANSITION,LAMC2,1
HALLMARK_COAGULATION,ACOX2,1
HALLMARK_ESTROGEN_RESPONSE_LATE,ACOX2,1
HALLMARK_XENOBIOTIC_METABOLISM,ACOX2,1
HALLMARK_ESTROGEN_RESPONSE_LATE,CXCL14,1
HALLMARK_ESTROGEN_RESPONSE_LATE,PCP4,1
HALLMARK_KRAS_SIGNALING_UP,PCP4,1
HALLMARK_ESTROGEN_RESPONSE_LATE,JAK1,1
HALLMARK_ESTROGEN_RESPONSE_LATE,METTL3,1
HALLMARK_ANGIOGENESIS,SERPINA5,1
HALLMARK_ESTROGEN_RESPONSE_LATE,SERPINA5,1
HALLMARK_FATTY_ACID_METABOLISM,HMGCS2,1
HALLMARK_COAGULATION,HMGCS2,1
HALLMARK_ESTROGEN_RESPONSE_LATE,HMGCS2,1
HALLMARK_MYOGENESIS,TNNC1,1
HALLMARK_ESTROGEN_RESPONSE_LATE,TNNC1,1
HALLMARK_ESTROGEN_RESPONSE_LATE,GJB3,1
HALLMARK_ESTROGEN_RESPONSE_LATE,NAB2,1
HALLMARK_ESTROGEN_RESPONSE_LATE,EMP2,1
HALLMARK_ANDROGEN_RESPONSE,SORD,1
HALLMARK_MTORC1_SIGNALING,SORD,1
HALLMARK_MYC_TARGETS_V2,SORD,1
HALLMARK_ESTROGEN_RESPONSE_LATE,SORD,1
HALLMARK_COAGULATION,TFPI2,1
HALLMARK_ESTROGEN_RESPONSE_LATE,TFPI2,1
HALLMARK_COMPLEMENT,TFPI2,1
HALLMARK_EPITHELIAL_MESENCHYMAL_TRANSITION,TFPI2,1
HALLMARK_OXIDATIVE_PHOSPHORYLATION,IDH2,1
HALLMARK_BILE_ACID_METABOLISM,IDH2,1
HALLMARK_ESTROGEN_RESPONSE_LATE,IDH2,1
HALLMARK_PEROXISOME,IDH2,1
HALLMARK_ESTROGEN_RESPONSE_LATE,SLC2A8,1
HALLMARK_ESTROGEN_RESPONSE_LATE,PRKAR2B,1
HALLMARK_UV_RESPONSE_DN,PRKAR2B,1
HALLMARK_ESTROGEN_RESPONSE_LATE,LSR,1
HALLMARK_ESTROGEN_RESPONSE_LATE,MEST,1
HALLMARK_EPITHELIAL_MESENCHYMAL_TRANSITION,MEST,1
HALLMARK_ESTROGEN_RESPONSE_LATE,ASS1,1
HALLMARK_UV_RESPONSE_DN,ATP2B4,1
HALLMARK_ESTROGEN_RESPONSE_LATE,ATP2B4,1
HALLMARK_ESTROGEN_RESPONSE_LATE,ST6GALNAC2,1
HALLMARK_ANDROGEN_RESPONSE,UAP1,1
HALLMARK_ANDROGEN_RESPONSE,PIAS1,1
HALLMARK_ANDROGEN_RESPONSE,KLK2,1
HALLMARK_ANDROGEN_RESPONSE,ELL2,1
HALLMARK_HEME_METABOLISM,ELL2,1
HALLMARK_ANDROGEN_RESPONSE,TMEM50A,1
HALLMARK_ANDROGEN_RESPONSE,ACSL3,1
HALLMARK_MTORC1_SIGNALING,ACSL3,1
HALLMARK_ANDROGEN_RESPONSE,ALDH1A3,1
HALLMARK_KRAS_SIGNALING_UP,ALDH1A3,1
HALLMARK_ANDROGEN_RESPONSE,SEC24D,1
HALLMARK_PROTEIN_SECRETION,SEC24D,1
HALLMARK_ANDROGEN_RESPONSE,SRP19,1
HALLMARK_ANDROGEN_RESPONSE,GPD1L,1
HALLMARK_ALLOGRAFT_REJECTION,B2M,1
HALLMARK_ANDROGEN_RESPONSE,B2M,1
HALLMARK_INTERFERON_GAMMA_RESPONSE,B2M,1
HALLMARK_INTERFERON_ALPHA_RESPONSE,B2M,1
HALLMARK_ANDROGEN_RESPONSE,ZMIZ1,1
HALLMARK_UV_RESPONSE_DN,ZMIZ1,1
HALLMARK_ANDROGEN_RESPONSE,DBI,1
HALLMARK_ANDROGEN_RESPONSE,HSD17B14,1
HALLMARK_ANDROGEN_RESPONSE,PA2G4,1
HALLMARK_MYC_TARGETS_V2,PA2G4,1
HALLMARK_MYC_TARGETS_V1,PA2G4,1
HALLMARK_E2F_TARGETS,PA2G4,1
HALLMARK_ANDROGEN_RESPONSE,MYL12A,1
HALLMARK_ANDROGEN_RESPONSE,RPS6KA3,1
HALLMARK_PROTEIN_SECRETION,RPS6KA3,1
HALLMARK_PI3K_AKT_MTOR_SIGNALING,RPS6KA3,1
HALLMARK_ANDROGEN_RESPONSE,SELENOP,1
HALLMARK_KRAS_SIGNALING_DN,SELENOP,1
HALLMARK_ANDROGEN_RESPONSE,PTK2B,1
HALLMARK_ANDROGEN_RESPONSE,CDC14B,1
HALLMARK_ANDROGEN_RESPONSE,MERTK,1
HALLMARK_GLYCOLYSIS,MERTK,1
HALLMARK_ANDROGEN_RESPONSE,SPDEF,1
HALLMARK_MYOGENESIS,SPDEF,1
HALLMARK_ANDROGEN_RESPONSE,FADS1,1
HALLMARK_MTORC1_SIGNALING,FADS1,1
HALLMARK_BILE_ACID_METABOLISM,FADS1,1
HALLMARK_PEROXISOME,FADS1,1
HALLMARK_ANDROGEN_RESPONSE,LMAN1,1
HALLMARK_PROTEIN_SECRETION,LMAN1,1
HALLMARK_ANDROGEN_RESPONSE,UBE2J1,1
HALLMARK_ANDROGEN_RESPONSE,BMPR1B,1
HALLMARK_FATTY_ACID_METABOLISM,BMPR1B,1
HALLMARK_KRAS_SIGNALING_DN,BMPR1B,1
HALLMARK_ANDROGEN_RESPONSE,NKX3-1,1
HALLMARK_ANDROGEN_RESPONSE,ITGAV,1
HALLMARK_IL2_STAT5_SIGNALING,ITGAV,1
HALLMARK_EPITHELIAL_MESENCHYMAL_TRANSITION,ITGAV,1
HALLMARK_ANGIOGENESIS,ITGAV,1
HALLMARK_ANDROGEN_RESPONSE,VAPA,1
HALLMARK_ANDROGEN_RESPONSE,INPP4B,1
HALLMARK_UV_RESPONSE_DN,INPP4B,1
HALLMARK_ANDROGEN_RESPONSE,PTPN21,1
HALLMARK_UV_RESPONSE_DN,PTPN21,1
HALLMARK_ANDROGEN_RESPONSE,GNAI3,1
HALLMARK_INFLAMMATORY_RESPONSE,GNAI3,1
HALLMARK_COMPLEMENT,GNAI3,1
HALLMARK_ANDROGEN_RESPONSE,IQGAP2,1
HALLMARK_ANDROGEN_RESPONSE,ACTN1,1
HALLMARK_APICAL_JUNCTION,ACTN1,1
HALLMARK_ANDROGEN_RESPONSE,AZGP1,1
HALLMARK_ANDROGEN_RESPONSE,UBE2I,1
HALLMARK_ANDROGEN_RESPONSE,PLPP1,1
HALLMARK_IL2_STAT5_SIGNALING,PLPP1,1
HALLMARK_ANDROGEN_RESPONSE,HERC3,1
HALLMARK_ANDROGEN_RESPONSE,MAP7,1
HALLMARK_SPERMATOGENESIS,MAP7,1
HALLMARK_KRAS_SIGNALING_UP,MAP7,1
HALLMARK_ANDROGEN_RESPONSE,ARID5B,1
HALLMARK_INTERFERON_GAMMA_RESPONSE,ARID5B,1
HALLMARK_ANDROGEN_RESPONSE,CENPN,1
HALLMARK_ALLOGRAFT_REJECTION,AKT1,1
HALLMARK_ANDROGEN_RESPONSE,AKT1,1
HALLMARK_PI3K_AKT_MTOR_SIGNALING,AKT1,1
HALLMARK_ANDROGEN_RESPONSE,STEAP4,1
HALLMARK_ANDROGEN_RESPONSE,HPGD,1
HALLMARK_FATTY_ACID_METABOLISM,HPGD,1
HALLMARK_ANDROGEN_RESPONSE,TMPRSS2,1
HALLMARK_ANDROGEN_RESPONSE,SLC38A2,1
HALLMARK_ANDROGEN_RESPONSE,APPBP2,1
HALLMARK_ANDROGEN_RESPONSE,SMS,1
HALLMARK_FATTY_ACID_METABOLISM,SMS,1
HALLMARK_ANDROGEN_RESPONSE,SRF,1
HALLMARK_ANDROGEN_RESPONSE,DHCR24,1
HALLMARK_FATTY_ACID_METABOLISM,DHCR24,1
HALLMARK_MTORC1_SIGNALING,DHCR24,1
HALLMARK_BILE_ACID_METABOLISM,DHCR24,1
HALLMARK_PEROXISOME,DHCR24,1
HALLMARK_ANDROGEN_RESPONSE,MAF,1
HALLMARK_ANDROGEN_RESPONSE,ADAMTS1,1
HALLMARK_ALLOGRAFT_REJECTION,CCND3,1
HALLMARK_ANDROGEN_RESPONSE,CCND3,1
HALLMARK_HEME_METABOLISM,CCND3,1
HALLMARK_IL2_STAT5_SIGNALING,CCND3,1
HALLMARK_P53_PATHWAY,CCND3,1
HALLMARK_UV_RESPONSE_UP,CCND3,1
HALLMARK_ANDROGEN_RESPONSE,ELK4,1
HALLMARK_ANDROGEN_RESPONSE,CAMKK2,1
HALLMARK_ANDROGEN_RESPONSE,NCOA4,1
HALLMARK_HEME_METABOLISM,NCOA4,1
HALLMARK_ANDROGEN_RESPONSE,XRCC6,1
HALLMARK_MYC_TARGETS_V1,XRCC6,1
HALLMARK_E2F_TARGETS,XRCC6,1
HALLMARK_ANDROGEN_RESPONSE,XRCC5,1
HALLMARK_ANDROGEN_RESPONSE,NGLY1,1
HALLMARK_ANDROGEN_RESPONSE,KLK3,1
HALLMARK_ANDROGEN_RESPONSE,ABCC4,1
HALLMARK_ANDROGEN_RESPONSE,STK39,1
HALLMARK_ANDROGEN_RESPONSE,INSIG1,1
HALLMARK_APICAL_JUNCTION,INSIG1,1
HALLMARK_MTORC1_SIGNALING,INSIG1,1
HALLMARK_UV_RESPONSE_DN,INSIG1,1
HALLMARK_ANDROGEN_RESPONSE,PGM3,1
HALLMARK_ANDROGEN_RESPONSE,GUCY1A1,1
HALLMARK_KRAS_SIGNALING_UP,GUCY1A1,1
HALLMARK_ANDROGEN_RESPONSE,RAB4A,1
HALLMARK_UNFOLDED_PROTEIN_RESPONSE,SPCS3,1
HALLMARK_ANDROGEN_RESPONSE,SPCS3,1
HALLMARK_ANDROGEN_RESPONSE,MAK,1
HALLMARK_ANDROGEN_RESPONSE,CDK6,1
HALLMARK_HEDGEHOG_SIGNALING,CDK6,1
HALLMARK_MYOGENESIS,ACSL1,1
HALLMARK_FATTY_ACID_METABOLISM,ACSL1,1
HALLMARK_BILE_ACID_METABOLISM,ACSL1,1
HALLMARK_PEROXISOME,ACSL1,1
HALLMARK_MYOGENESIS,BDKRB2,1
HALLMARK_MYOGENESIS,COL1A1,1
HALLMARK_UV_RESPONSE_DN,COL1A1,1
HALLMARK_EPITHELIAL_MESENCHYMAL_TRANSITION,COL1A1,1
HALLMARK_MYOGENESIS,MYOZ1,1
HALLMARK_MYOGENESIS,NCAM1,1
HALLMARK_MYOGENESIS,RB1,1
HALLMARK_P53_PATHWAY,RB1,1
HALLMARK_MYOGENESIS,COL6A2,1
HALLMARK_EPITHELIAL_MESENCHYMAL_TRANSITION,COL6A2,1
HALLMARK_MYOGENESIS,CNN3,1
HALLMARK_MYOGENESIS,KIFC3,1
HALLMARK_MYOGENESIS,TPM2,1
HALLMARK_EPITHELIAL_MESENCHYMAL_TRANSITION,TPM2,1
HALLMARK_MYOGENESIS,MYH3,1
HALLMARK_MYOGENESIS,COX7A1,1
HALLMARK_MYOGENESIS,CACNA1H,1
HALLMARK_GLYCOLYSIS,CACNA1H,1
HALLMARK_MYOGENESIS,MB,1
HALLMARK_MYOGENESIS,SGCA,1
HALLMARK_MYOGENESIS,PTP4A3,1
HALLMARK_IL2_STAT5_SIGNALING,PRNP,1
HALLMARK_MYOGENESIS,PRNP,1
HALLMARK_REACTIVE_OXYGEN_SPECIES_PATHWAY,PRNP,1
HALLMARK_MYOGENESIS,MYL6B,1
HALLMARK_MYOGENESIS,MYOM2,1
HALLMARK_MYOGENESIS,RYR1,1
HALLMARK_KRAS_SIGNALING_DN,RYR1,1
HALLMARK_MYOGENESIS,FHL1,1
HALLMARK_MYOGENESIS,ATP2A1,1
HALLMARK_MYOGENESIS,KLF5,1
HALLMARK_COAGULATION,CFD,1
HALLMARK_MYOGENESIS,CFD,1
HALLMARK_MYOGENESIS,MYL7,1
HALLMARK_MYOGENESIS,DENND2B,1
HALLMARK_MYOGENESIS,DMPK,1
HALLMARK_APICAL_JUNCTION,ITGB1,1
HALLMARK_MYOGENESIS,ITGB1,1
HALLMARK_EPITHELIAL_MESENCHYMAL_TRANSITION,ITGB1,1
HALLMARK_APICAL_JUNCTION,AKT2,1
HALLMARK_MYOGENESIS,AKT2,1
HALLMARK_KRAS_SIGNALING_UP,AKT2,1
HALLMARK_MYOGENESIS,MAPRE3,1
HALLMARK_MYOGENESIS,CKMT2,1
HALLMARK_MYOGENESIS,AGRN,1
HALLMARK_GLYCOLYSIS,AGRN,1
HALLMARK_MYOGENESIS,SGCD,1
HALLMARK_EPITHELIAL_MESENCHYMAL_TRANSITION,SGCD,1
HALLMARK_MYOGENESIS,APLNR,1
HALLMARK_INFLAMMATORY_RESPONSE,APLNR,1
HALLMARK_MYOGENESIS,MYH4,1
HALLMARK_MYOGENESIS,EPHB3,1
HALLMARK_MYOGENESIS,TPM3,1
HALLMARK_MYOGENESIS,MEF2A,1
HALLMARK_MYOGENESIS,TNNT1,1
HALLMARK_HEME_METABOLISM,SLC6A8,1
HALLMARK_MYOGENESIS,SLC6A8,1
HALLMARK_UV_RESPONSE_UP,SLC6A8,1
HALLMARK_EPITHELIAL_MESENCHYMAL_TRANSITION,SLC6A8,1
HALLMARK_MYOGENESIS,MYOG,1
HALLMARK_MYOGENESIS,CTF1,1
HALLMARK_MYOGENESIS,SMTN,1
HALLMARK_MYOGENESIS,CAV3,1
HALLMARK_MYOGENESIS,SGCG,1
HALLMARK_EPITHELIAL_MESENCHYMAL_TRANSITION,SGCG,1
HALLMARK_MYOGENESIS,CASQ2,1
HALLMARK_UNFOLDED_PROTEIN_RESPONSE,EIF4A2,1
HALLMARK_MYOGENESIS,EIF4A2,1
HALLMARK_MYOGENESIS,MAPK12,1
HALLMARK_MYOGENESIS,MRAS,1
HALLMARK_MYOGENESIS,LAMA2,1
HALLMARK_EPITHELIAL_MESENCHYMAL_TRANSITION,LAMA2,1
HALLMARK_MYOGENESIS,GABARAPL2,1
HALLMARK_MYOGENESIS,FXYD1,1
HALLMARK_MYOGENESIS,MYF6,1
HALLMARK_MYOGENESIS,TCAP,1
HALLMARK_APICAL_JUNCTION,KCNH2,1
HALLMARK_MYOGENESIS,KCNH2,1
HALLMARK_UV_RESPONSE_UP,KCNH2,1
HALLMARK_MYOGENESIS,FKBP1B,1
HALLMARK_MYOGENESIS,PKIA,1
HALLMARK_MYOGENESIS,TNNI1,1
HALLMARK_P53_PATHWAY,TNNI1,1
HALLMARK_MYOGENESIS,CDH13,1
HALLMARK_P53_PATHWAY,CDH13,1
HALLMARK_COMPLEMENT,CDH13,1
HALLMARK_MYOGENESIS,TNNT2,1
HALLMARK_KRAS_SIGNALING_UP,TNNT2,1
HALLMARK_APICAL_JUNCTION,ACTN2,1
HALLMARK_MYOGENESIS,ACTN2,1
HALLMARK_COMPLEMENT,ACTN2,1
HALLMARK_MYOGENESIS,GJA5,1
HALLMARK_MYOGENESIS,EFS,1
HALLMARK_MYOGENESIS,SH2B1,1
HALLMARK_MYOGENESIS,MYH7,1
HALLMARK_KRAS_SIGNALING_DN,MYH7,1
HALLMARK_MYOGENESIS,CHRNA1,1
HALLMARK_MYOGENESIS,AGL,1
HALLMARK_GLYCOLYSIS,AGL,1
HALLMARK_MYOGENESIS,PLXNB2,1
HALLMARK_P53_PATHWAY,PLXNB2,1
HALLMARK_MYOGENESIS,TNNI2,1
HALLMARK_MYOGENESIS,CHRNB1,1
HALLMARK_XENOBIOTIC_METABOLISM,IGF1,1
HALLMARK_MYOGENESIS,IGF1,1
HALLMARK_MYOGENESIS,PICK1,1
HALLMARK_COAGULATION,SIRT2,1
HALLMARK_MYOGENESIS,SIRT2,1
HALLMARK_MYOGENESIS,CAMK2B,1
HALLMARK_MYOGENESIS,HRC,1
HALLMARK_MYOGENESIS,DES,1
HALLMARK_MYOGENESIS,SCHIP1,1
HALLMARK_UV_RESPONSE_DN,SCHIP1,1
HALLMARK_MYOGENESIS,ITGB5,1
HALLMARK_EPITHELIAL_MESENCHYMAL_TRANSITION,ITGB5,1
HALLMARK_MYOGENESIS,HSPB2,1
HALLMARK_MYOGENESIS,ADAM12,1
HALLMARK_EPITHELIAL_MESENCHYMAL_TRANSITION,ADAM12,1
HALLMARK_MYOGENESIS,FOXO4,1
HALLMARK_MYOGENESIS,SOD3,1
HALLMARK_MYOGENESIS,KCNH1,1
HALLMARK_MYOGENESIS,CASQ1,1
HALLMARK_MYOGENESIS,COL3A1,1
HALLMARK_UV_RESPONSE_DN,COL3A1,1
HALLMARK_EPITHELIAL_MESENCHYMAL_TRANSITION,COL3A1,1
HALLMARK_ANGIOGENESIS,COL3A1,1
HALLMARK_MYOGENESIS,TAGLN,1
HALLMARK_EPITHELIAL_MESENCHYMAL_TRANSITION,TAGLN,1
HALLMARK_MYOGENESIS,NOS1,1
HALLMARK_KRAS_SIGNALING_DN,NOS1,1
HALLMARK_SPERMATOGENESIS,NOS1,1
HALLMARK_MYOGENESIS,COL6A3,1
HALLMARK_EPITHELIAL_MESENCHYMAL_TRANSITION,COL6A3,1
HALLMARK_APICAL_JUNCTION,SPEG,1
HALLMARK_MYOGENESIS,SPEG,1
HALLMARK_APICAL_JUNCTION,ITGB4,1
HALLMARK_MYOGENESIS,ITGB4,1
HALLMARK_P53_PATHWAY,ITGB4,1
HALLMARK_MYOGENESIS,MYH11,1
HALLMARK_MYOGENESIS,MYH8,1
HALLMARK_MYOGENESIS,VIPR1,1
HALLMARK_MYOGENESIS,FST,1
HALLMARK_MYOGENESIS,MEF2C,1
HALLMARK_MYOGENESIS,MYH1,1
HALLMARK_MYOGENESIS,SH3BGR,1
HALLMARK_MYOGENESIS,APOD,1
HALLMARK_KRAS_SIGNALING_UP,APOD,1
HALLMARK_MYOGENESIS,MEF2D,1
HALLMARK_APICAL_JUNCTION,SORBS3,1
HALLMARK_MYOGENESIS,SORBS3,1
HALLMARK_ALLOGRAFT_REJECTION,ACHE,1
HALLMARK_MYOGENESIS,ACHE,1
HALLMARK_HEDGEHOG_SIGNALING,ACHE,1
HALLMARK_MYOGENESIS,FLII,1
HALLMARK_MYOGENESIS,MYL11,1
HALLMARK_MYOGENESIS,PDE4DIP,1
HALLMARK_MYOGENESIS,CKM,1
HALLMARK_KRAS_SIGNALING_DN,CKM,1
HALLMARK_MYOGENESIS,LDB3,1
HALLMARK_MYOGENESIS,PTGIS,1
HALLMARK_MYOGENESIS,TEAD4,1
HALLMARK_REACTIVE_OXYGEN_SPECIES_PATHWAY,NQO1,1
HALLMARK_XENOBIOTIC_METABOLISM,NQO1,1
HALLMARK_MYOGENESIS,NQO1,1
HALLMARK_MYOGENESIS,CHRNG,1
HALLMARK_KRAS_SIGNALING_DN,CHRNG,1
HALLMARK_MYOGENESIS,PDLIM7,1
HALLMARK_BILE_ACID_METABOLISM,PFKM,1
HALLMARK_MYOGENESIS,PFKM,1
HALLMARK_IL2_STAT5_SIGNALING,MYO1C,1
HALLMARK_MYOGENESIS,MYO1C,1
HALLMARK_MYOGENESIS,CRYAB,1
HALLMARK_MYOGENESIS,PC,1
HALLMARK_XENOBIOTIC_METABOLISM,PC,1
HALLMARK_GLYCOLYSIS,PC,1
HALLMARK_HEME_METABOLISM,PC,1
HALLMARK_IL2_STAT5_SIGNALING,SYNGR2,1
HALLMARK_MYOGENESIS,SYNGR2,1
HALLMARK_MYOGENESIS,IGFBP7,1
HALLMARK_MYOGENESIS,SLN,1
HALLMARK_MTORC1_SIGNALING,RIT1,1
HALLMARK_PI3K_AKT_MTOR_SIGNALING,RIT1,1
HALLMARK_MYOGENESIS,RIT1,1
HALLMARK_COAGULATION,SPARC,1
HALLMARK_MYOGENESIS,SPARC,1
HALLMARK_EPITHELIAL_MESENCHYMAL_TRANSITION,SPARC,1
HALLMARK_MYOGENESIS,MYBPH,1
HALLMARK_PI3K_AKT_MTOR_SIGNALING,TSC2,1
HALLMARK_MYOGENESIS,TSC2,1
HALLMARK_MYOGENESIS,MYL4,1
HALLMARK_HEME_METABOLISM,MYL4,1
HALLMARK_MYOGENESIS,CACNG1,1
HALLMARK_KRAS_SIGNALING_DN,CACNG1,1
HALLMARK_APICAL_JUNCTION,ACTA1,1
HALLMARK_MYOGENESIS,ACTA1,1
HALLMARK_MYOGENESIS,COL4A2,1
HALLMARK_COMPLEMENT,COL4A2,1
HALLMARK_EPITHELIAL_MESENCHYMAL_TRANSITION,COL4A2,1
HALLMARK_MYOGENESIS,OCEL1,1
HALLMARK_APICAL_JUNCTION,ACTN3,1
HALLMARK_MYOGENESIS,ACTN3,1
HALLMARK_MYOGENESIS,FGF2,1
HALLMARK_EPITHELIAL_MESENCHYMAL_TRANSITION,FGF2,1
HALLMARK_APICAL_JUNCTION,ACTC1,1
HALLMARK_MYOGENESIS,ACTC1,1
HALLMARK_KRAS_SIGNALING_DN,ACTC1,1
HALLMARK_OXIDATIVE_PHOSPHORYLATION,ATP6AP1,1
HALLMARK_MYOGENESIS,ATP6AP1,1
HALLMARK_MYOGENESIS,COX6A2,1
HALLMARK_MYOGENESIS,PVALB,1
HALLMARK_MYOGENESIS,MYL2,1
HALLMARK_MYOGENESIS,TNNC2,1
HALLMARK_MYOGENESIS,MYL3,1
HALLMARK_MYOGENESIS,DAPK2,1
HALLMARK_MYOGENESIS,CSRP3,1
HALLMARK_MYOGENESIS,ANKRD2,1
HALLMARK_MYOGENESIS,MYBPC3,1
HALLMARK_MYOGENESIS,GNAO1,1
HALLMARK_MYOGENESIS,FABP3,1
HALLMARK_MYOGENESIS,AEBP1,1
HALLMARK_MYOGENESIS,MYH2,1
HALLMARK_MYOGENESIS,MYL1,1
HALLMARK_MTORC1_SIGNALING,IFRD1,1
HALLMARK_MYC_TARGETS_V1,IFRD1,1
HALLMARK_MYOGENESIS,IFRD1,1
HALLMARK_MYOGENESIS,LPIN1,1
HALLMARK_SPERMATOGENESIS,LPIN1,1
HALLMARK_MYOGENESIS,MYOM1,1
HALLMARK_MYOGENESIS,TNNT3,1
HALLMARK_REACTIVE_OXYGEN_SPECIES_PATHWAY,LSP1,1
HALLMARK_MYOGENESIS,LSP1,1
HALLMARK_PROTEIN_SECRETION,CLTA,1
HALLMARK_PROTEIN_SECRETION,SNAP23,1
HALLMARK_PROTEIN_SECRETION,MAPK1,1
HALLMARK_PI3K_AKT_MTOR_SIGNALING,MAPK1,1
HALLMARK_PROTEIN_SECRETION,STX7,1
HALLMARK_PROTEIN_SECRETION,DOP1A,1
HALLMARK_PROTEIN_SECRETION,BET1,1
HALLMARK_PROTEIN_SECRETION,GBF1,1
HALLMARK_UV_RESPONSE_UP,AP2S1,1
HALLMARK_PROTEIN_SECRETION,AP2S1,1
HALLMARK_PROTEIN_SECRETION,COPB1,1
HALLMARK_PROTEIN_SECRETION,SEC22B,1
HALLMARK_PROTEIN_SECRETION,GALC,1
HALLMARK_PROTEIN_SECRETION,CAV2,1
HALLMARK_PROTEIN_SECRETION,GNAS,1
HALLMARK_PROTEIN_SECRETION,TOM1L1,1
HALLMARK_PROTEIN_SECRETION,CD63,1
HALLMARK_PROTEIN_SECRETION,ERGIC3,1
HALLMARK_MTORC1_SIGNALING,M6PR,1
HALLMARK_PROTEIN_SECRETION,M6PR,1
HALLMARK_PROTEIN_SECRETION,SCAMP1,1
HALLMARK_PROTEIN_SECRETION,NAPG,1
HALLMARK_PROTEIN_SECRETION,RAB22A,1
HALLMARK_PROTEIN_SECRETION,STX12,1
HALLMARK_PROTEIN_SECRETION,STAM,1
HALLMARK_PROTEIN_SECRETION,ARFGEF2,1
HALLMARK_MTORC1_SIGNALING,USO1,1
HALLMARK_PROTEIN_SECRETION,USO1,1
HALLMARK_MTORC1_SIGNALING,YKT6,1
HALLMARK_UV_RESPONSE_UP,YKT6,1
HALLMARK_PROTEIN_SECRETION,YKT6,1
HALLMARK_PROTEIN_SECRETION,SCAMP3,1
HALLMARK_PI3K_AKT_MTOR_SIGNALING,ARF1,1
HALLMARK_PROTEIN_SECRETION,ARF1,1
HALLMARK_PROTEIN_SECRETION,AP1G1,1
HALLMARK_PROTEIN_SECRETION,ATP1A1,1
HALLMARK_KRAS_SIGNALING_DN,ATP6V1B1,1
HALLMARK_PROTEIN_SECRETION,ATP6V1B1,1
HALLMARK_PROTEIN_SECRETION,AP2B1,1
HALLMARK_PROTEIN_SECRETION,TMX1,1
HALLMARK_PROTEIN_SECRETION,VPS45,1
HALLMARK_APICAL_SURFACE,ADAM10,1
HALLMARK_PROTEIN_SECRETION,ADAM10,1
HALLMARK_PROTEIN_SECRETION,GOLGA4,1
HALLMARK_PROTEIN_SECRETION,NAPA,1
HALLMARK_MTORC1_SIGNALING,CTSC,1
HALLMARK_PROTEIN_SECRETION,CTSC,1
HALLMARK_COMPLEMENT,CTSC,1
HALLMARK_PROTEIN_SECRETION,ARCN1,1
HALLMARK_PROTEIN_SECRETION,MON2,1
HALLMARK_HEME_METABOLISM,CLCN3,1
HALLMARK_PROTEIN_SECRETION,CLCN3,1
HALLMARK_MYC_TARGETS_V1,AP3S1,1
HALLMARK_PROTEIN_SECRETION,AP3S1,1
HALLMARK_PROTEIN_SECRETION,SGMS1,1
HALLMARK_PROTEIN_SECRETION,SH3GL2,1
HALLMARK_PROTEIN_SECRETION,RAB9A,1
HALLMARK_PROTEIN_SECRETION,CLTC,1
HALLMARK_PI3K_AKT_MTOR_SIGNALING,CLTC,1
HALLMARK_PROTEIN_SECRETION,RAB14,1
HALLMARK_PROTEIN_SECRETION,AP3B1,1
HALLMARK_PROTEIN_SECRETION,SCRN1,1
HALLMARK_PROTEIN_SECRETION,COPE,1
HALLMARK_E2F_TARGETS,ANP32E,1
HALLMARK_PROTEIN_SECRETION,ANP32E,1
HALLMARK_PROTEIN_SECRETION,OCRL,1
HALLMARK_UNFOLDED_PROTEIN_RESPONSE,SEC31A,1
HALLMARK_PROTEIN_SECRETION,SEC31A,1
HALLMARK_PI3K_AKT_MTOR_SIGNALING,AP2M1,1
HALLMARK_PROTEIN_SECRETION,AP2M1,1
HALLMARK_PROTEIN_SECRETION,CLN5,1
HALLMARK_PROTEIN_SECRETION,RER1,1
HALLMARK_PROTEIN_SECRETION,STX16,1
HALLMARK_UNFOLDED_PROTEIN_RESPONSE,GOSR2,1
HALLMARK_PROTEIN_SECRETION,GOSR2,1
HALLMARK_UV_RESPONSE_DN,ICA1,1
HALLMARK_PROTEIN_SECRETION,ICA1,1
HALLMARK_PROTEIN_SECRETION,ARFIP1,1
HALLMARK_PROTEIN_SECRETION,TMED10,1
HALLMARK_PROTEIN_SECRETION,VAMP4,1
HALLMARK_GLYCOLYSIS,COPB2,1
HALLMARK_PROTEIN_SECRETION,COPB2,1
HALLMARK_OXIDATIVE_PHOSPHORYLATION,ATP6V1H,1
HALLMARK_PROTEIN_SECRETION,ATP6V1H,1
HALLMARK_PROTEIN_SECRETION,TSPAN8,1
HALLMARK_E2F_TARGETS,ZW10,1
HALLMARK_PROTEIN_SECRETION,ZW10,1
HALLMARK_PROTEIN_SECRETION,RAB2A,1
HALLMARK_PROTEIN_SECRETION,RAB5A,1
HALLMARK_PROTEIN_SECRETION,YIPF6,1
HALLMARK_PROTEIN_SECRETION,BNIP3,1
HALLMARK_PROTEIN_SECRETION,SNX2,1
HALLMARK_GLYCOLYSIS,COG2,1
HALLMARK_PROTEIN_SECRETION,COG2,1
HALLMARK_PROTEIN_SECRETION,ARFGAP3,1
HALLMARK_PROTEIN_SECRETION,VAMP3,1
HALLMARK_HEME_METABOLISM,LAMP2,1
HALLMARK_COAGULATION,LAMP2,1
HALLMARK_COMPLEMENT,LAMP2,1
HALLMARK_PROTEIN_SECRETION,LAMP2,1
HALLMARK_PROTEIN_SECRETION,VAMP7,1
HALLMARK_PEROXISOME,VPS4B,1
HALLMARK_PROTEIN_SECRETION,VPS4B,1
HALLMARK_INTERFERON_GAMMA_RESPONSE,RNF31,1
HALLMARK_INTERFERON_ALPHA_RESPONSE,RNF31,1
HALLMARK_INTERFERON_ALPHA_RESPONSE,OAS1,1
HALLMARK_INTERFERON_GAMMA_RESPONSE,OGFR,1
HALLMARK_INTERFERON_ALPHA_RESPONSE,OGFR,1
HALLMARK_INTERFERON_GAMMA_RESPONSE,TRAFD1,1
HALLMARK_INTERFERON_ALPHA_RESPONSE,TRAFD1,1
HALLMARK_P53_PATHWAY,TRAFD1,1
HALLMARK_INTERFERON_GAMMA_RESPONSE,IRF2,1
HALLMARK_INTERFERON_ALPHA_RESPONSE,IRF2,1
HALLMARK_COMPLEMENT,IRF2,1
HALLMARK_MTORC1_SIGNALING,PSMA3,1
HALLMARK_INTERFERON_GAMMA_RESPONSE,PSMA3,1
HALLMARK_INTERFERON_ALPHA_RESPONSE,PSMA3,1
HALLMARK_INTERFERON_GAMMA_RESPONSE,PARP14,1
HALLMARK_INTERFERON_ALPHA_RESPONSE,PARP14,1
HALLMARK_INTERFERON_GAMMA_RESPONSE,LY6E,1
HALLMARK_INTERFERON_ALPHA_RESPONSE,LY6E,1
HALLMARK_INFLAMMATORY_RESPONSE,LY6E,1
HALLMARK_INTERFERON_GAMMA_RESPONSE,IFI35,1
HALLMARK_INTERFERON_ALPHA_RESPONSE,IFI35,1
HALLMARK_INTERFERON_GAMMA_RESPONSE,IFIT3,1
HALLMARK_INTERFERON_ALPHA_RESPONSE,IFIT3,1
HALLMARK_INTERFERON_GAMMA_RESPONSE,IFITM2,1
HALLMARK_INTERFERON_ALPHA_RESPONSE,IFITM2,1
HALLMARK_ALLOGRAFT_REJECTION,CD74,1
HALLMARK_INTERFERON_GAMMA_RESPONSE,CD74,1
HALLMARK_INTERFERON_ALPHA_RESPONSE,CD74,1
HALLMARK_INTERFERON_GAMMA_RESPONSE,IFI27,1
HALLMARK_INTERFERON_ALPHA_RESPONSE,IFI27,1
HALLMARK_INTERFERON_GAMMA_RESPONSE,SAMD9L,1
HALLMARK_INTERFERON_ALPHA_RESPONSE,SAMD9L,1
HALLMARK_INTERFERON_ALPHA_RESPONSE,HLA-C,1
HALLMARK_INTERFERON_GAMMA_RESPONSE,MX1,1
HALLMARK_INTERFERON_ALPHA_RESPONSE,MX1,1
HALLMARK_KRAS_SIGNALING_DN,MX1,1
HALLMARK_INTERFERON_ALPHA_RESPONSE,PARP9,1
HALLMARK_INTERFERON_GAMMA_RESPONSE,PSMB9,1
HALLMARK_INTERFERON_ALPHA_RESPONSE,PSMB9,1
HALLMARK_COMPLEMENT,PSMB9,1
HALLMARK_INTERFERON_GAMMA_RESPONSE,HELZ2,1
HALLMARK_INTERFERON_ALPHA_RESPONSE,HELZ2,1
HALLMARK_INTERFERON_ALPHA_RESPONSE,IFITM1,1
HALLMARK_INFLAMMATORY_RESPONSE,IFITM1,1
HALLMARK_INTERFERON_GAMMA_RESPONSE,PSMB8,1
HALLMARK_INTERFERON_ALPHA_RESPONSE,PSMB8,1
HALLMARK_KRAS_SIGNALING_UP,PSMB8,1
HALLMARK_ALLOGRAFT_REJECTION,IL15,1
HALLMARK_INTERFERON_GAMMA_RESPONSE,IL15,1
HALLMARK_INTERFERON_ALPHA_RESPONSE,IL15,1
HALLMARK_INFLAMMATORY_RESPONSE,IL15,1
HALLMARK_EPITHELIAL_MESENCHYMAL_TRANSITION,IL15,1
HALLMARK_ALLOGRAFT_REJECTION,CD47,1
HALLMARK_INTERFERON_ALPHA_RESPONSE,CD47,1
HALLMARK_INTERFERON_ALPHA_RESPONSE,TENT5A,1
HALLMARK_INTERFERON_GAMMA_RESPONSE,TRIM14,1
HALLMARK_INTERFERON_ALPHA_RESPONSE,TRIM14,1
HALLMARK_INTERFERON_ALPHA_RESPONSE,LPAR6,1
HALLMARK_INTERFERON_ALPHA_RESPONSE,CNP,1
HALLMARK_UV_RESPONSE_UP,CNP,1
HALLMARK_ALLOGRAFT_REJECTION,WARS1,1
HALLMARK_MTORC1_SIGNALING,WARS1,1
HALLMARK_INTERFERON_GAMMA_RESPONSE,WARS1,1
HALLMARK_INTERFERON_ALPHA_RESPONSE,WARS1,1
HALLMARK_INTERFERON_GAMMA_RESPONSE,PSME2,1
HALLMARK_INTERFERON_ALPHA_RESPONSE,PSME2,1
HALLMARK_INTERFERON_ALPHA_RESPONSE,NCOA7,1
HALLMARK_INTERFERON_GAMMA_RESPONSE,LGALS3BP,1
HALLMARK_INTERFERON_ALPHA_RESPONSE,LGALS3BP,1
HALLMARK_INTERFERON_GAMMA_RESPONSE,PNPT1,1
HALLMARK_INTERFERON_ALPHA_RESPONSE,PNPT1,1
HALLMARK_INTERFERON_GAMMA_RESPONSE,TRIM21,1
HALLMARK_INTERFERON_ALPHA_RESPONSE,TRIM21,1
HALLMARK_INTERFERON_GAMMA_RESPONSE,RTP4,1
HALLMARK_INTERFERON_ALPHA_RESPONSE,RTP4,1
HALLMARK_INFLAMMATORY_RESPONSE,RTP4,1
HALLMARK_INTERFERON_GAMMA_RESPONSE,BATF2,1
HALLMARK_INTERFERON_ALPHA_RESPONSE,BATF2,1
HALLMARK_INTERFERON_GAMMA_RESPONSE,CMTR1,1
HALLMARK_INTERFERON_ALPHA_RESPONSE,CMTR1,1
HALLMARK_INTERFERON_GAMMA_RESPONSE,DDX60,1
HALLMARK_INTERFERON_ALPHA_RESPONSE,DDX60,1
HALLMARK_INTERFERON_ALPHA_RESPONSE,MOV10,1
HALLMARK_INTERFERON_ALPHA_RESPONSE,PROCR,1
HALLMARK_P53_PATHWAY,PROCR,1
HALLMARK_INTERFERON_GAMMA_RESPONSE,LAP3,1
HALLMARK_INTERFERON_ALPHA_RESPONSE,LAP3,1
HALLMARK_COMPLEMENT,LAP3,1
HALLMARK_INTERFERON_ALPHA_RESPONSE,MVB12A,1
HALLMARK_INTERFERON_GAMMA_RESPONSE,NMI,1
HALLMARK_INTERFERON_ALPHA_RESPONSE,NMI,1
HALLMARK_INFLAMMATORY_RESPONSE,NMI,1
HALLMARK_ALLOGRAFT_REJECTION,IRF7,1
HALLMARK_INTERFERON_GAMMA_RESPONSE,IRF7,1
HALLMARK_INTERFERON_ALPHA_RESPONSE,IRF7,1
HALLMARK_INFLAMMATORY_RESPONSE,IRF7,1
HALLMARK_COMPLEMENT,IRF7,1
HALLMARK_INTERFERON_GAMMA_RESPONSE,C1S,1
HALLMARK_INTERFERON_ALPHA_RESPONSE,C1S,1
HALLMARK_COAGULATION,C1S,1
HALLMARK_COMPLEMENT,C1S,1
HALLMARK_INTERFERON_GAMMA_RESPONSE,ISG15,1
HALLMARK_INTERFERON_ALPHA_RESPONSE,ISG15,1
HALLMARK_FATTY_ACID_METABOLISM,PSME1,1
HALLMARK_INTERFERON_GAMMA_RESPONSE,PSME1,1
HALLMARK_INTERFERON_ALPHA_RESPONSE,PSME1,1
HALLMARK_INTERFERON_GAMMA_RESPONSE,ADAR,1
HALLMARK_INTERFERON_ALPHA_RESPONSE,ADAR,1
HALLMARK_INTERFERON_GAMMA_RESPONSE,GBP4,1
HALLMARK_INTERFERON_ALPHA_RESPONSE,GBP4,1
HALLMARK_IL2_STAT5_SIGNALING,GBP4,1
HALLMARK_INTERFERON_GAMMA_RESPONSE,TRIM26,1
HALLMARK_INTERFERON_ALPHA_RESPONSE,TRIM26,1
HALLMARK_INTERFERON_GAMMA_RESPONSE,TDRD7,1
HALLMARK_INTERFERON_ALPHA_RESPONSE,TDRD7,1
HALLMARK_INTERFERON_GAMMA_RESPONSE,PARP12,1
HALLMARK_INTERFERON_ALPHA_RESPONSE,PARP12,1
HALLMARK_INTERFERON_GAMMA_RESPONSE,EPSTI1,1
HALLMARK_INTERFERON_ALPHA_RESPONSE,EPSTI1,1
HALLMARK_INTERFERON_ALPHA_RESPONSE,NUB1,1
HALLMARK_FATTY_ACID_METABOLISM,UBE2L6,1
HALLMARK_INTERFERON_GAMMA_RESPONSE,UBE2L6,1
HALLMARK_INTERFERON_ALPHA_RESPONSE,UBE2L6,1
HALLMARK_INTERFERON_ALPHA_RESPONSE,TRIM5,1
HALLMARK_INTERFERON_ALPHA_RESPONSE,SAMD9,1
HALLMARK_INTERFERON_GAMMA_RESPONSE,IFI44L,1
HALLMARK_INTERFERON_ALPHA_RESPONSE,IFI44L,1
HALLMARK_KRAS_SIGNALING_DN,IFI44L,1
HALLMARK_INTERFERON_GAMMA_RESPONSE,SLC25A28,1
HALLMARK_INTERFERON_ALPHA_RESPONSE,SLC25A28,1
HALLMARK_INTERFERON_ALPHA_RESPONSE,LAMP3,1
HALLMARK_INFLAMMATORY_RESPONSE,LAMP3,1
HALLMARK_INTERFERON_GAMMA_RESPONSE,OASL,1
HALLMARK_INTERFERON_ALPHA_RESPONSE,OASL,1
HALLMARK_INTERFERON_GAMMA_RESPONSE,DHX58,1
HALLMARK_INTERFERON_ALPHA_RESPONSE,DHX58,1
HALLMARK_ALLOGRAFT_REJECTION,GBP2,1
HALLMARK_INTERFERON_ALPHA_RESPONSE,GBP2,1
HALLMARK_INTERFERON_GAMMA_RESPONSE,USP18,1
HALLMARK_INTERFERON_ALPHA_RESPONSE,USP18,1
HALLMARK_INTERFERON_GAMMA_RESPONSE,RSAD2,1
HALLMARK_INTERFERON_ALPHA_RESPONSE,RSAD2,1
HALLMARK_KRAS_SIGNALING_DN,RSAD2,1
HALLMARK_INTERFERON_GAMMA_RESPONSE,SP110,1
HALLMARK_INTERFERON_ALPHA_RESPONSE,SP110,1
HALLMARK_INTERFERON_ALPHA_RESPONSE,SELL,1
HALLMARK_IL2_STAT5_SIGNALING,SELL,1
HALLMARK_INFLAMMATORY_RESPONSE,SELL,1
HALLMARK_INTERFERON_ALPHA_RESPONSE,UBA7,1
HALLMARK_INTERFERON_GAMMA_RESPONSE,IFI44,1
HALLMARK_INTERFERON_ALPHA_RESPONSE,IFI44,1
HALLMARK_INTERFERON_GAMMA_RESPONSE,HERC6,1
HALLMARK_INTERFERON_ALPHA_RESPONSE,HERC6,1
HALLMARK_INTERFERON_GAMMA_RESPONSE,BST2,1
HALLMARK_INTERFERON_ALPHA_RESPONSE,BST2,1
HALLMARK_INFLAMMATORY_RESPONSE,BST2,1
HALLMARK_INTERFERON_GAMMA_RESPONSE,EIF2AK2,1
HALLMARK_INTERFERON_ALPHA_RESPONSE,EIF2AK2,1
HALLMARK_INFLAMMATORY_RESPONSE,EIF2AK2,1
HALLMARK_INTERFERON_GAMMA_RESPONSE,TRIM25,1
HALLMARK_INTERFERON_ALPHA_RESPONSE,TRIM25,1
HALLMARK_INTERFERON_ALPHA_RESPONSE,GMPR,1
HALLMARK_INTERFERON_ALPHA_RESPONSE,TMEM140,1
HALLMARK_MTORC1_SIGNALING,IFI30,1
HALLMARK_INTERFERON_GAMMA_RESPONSE,IFI30,1
HALLMARK_INTERFERON_ALPHA_RESPONSE,IFI30,1
HALLMARK_P53_PATHWAY,IFI30,1
HALLMARK_INTERFERON_GAMMA_RESPONSE,METTL7B,1
HALLMARK_INTERFERON_GAMMA_RESPONSE,ST3GAL5,1
HALLMARK_APICAL_JUNCTION,VCAM1,1
HALLMARK_INTERFERON_GAMMA_RESPONSE,VCAM1,1
HALLMARK_EPITHELIAL_MESENCHYMAL_TRANSITION,VCAM1,1
HALLMARK_INTERFERON_GAMMA_RESPONSE,HLA-B,1
HALLMARK_INTERFERON_GAMMA_RESPONSE,MX2,1
HALLMARK_INTERFERON_GAMMA_RESPONSE,LATS2,1
HALLMARK_ALLOGRAFT_REJECTION,HLA-DMA,1
HALLMARK_INTERFERON_GAMMA_RESPONSE,HLA-DMA,1
HALLMARK_INTERFERON_GAMMA_RESPONSE,EIF4E3,1
HALLMARK_INTERFERON_GAMMA_RESPONSE,SRI,1
HALLMARK_INFLAMMATORY_RESPONSE,SRI,1
HALLMARK_UV_RESPONSE_DN,SRI,1
HALLMARK_INTERFERON_GAMMA_RESPONSE,NUP93,1
HALLMARK_INTERFERON_GAMMA_RESPONSE,OAS3,1
HALLMARK_ALLOGRAFT_REJECTION,LCP2,1
HALLMARK_INTERFERON_GAMMA_RESPONSE,LCP2,1
HALLMARK_INFLAMMATORY_RESPONSE,LCP2,1
HALLMARK_COMPLEMENT,LCP2,1
HALLMARK_INTERFERON_GAMMA_RESPONSE,P2RY14,1
HALLMARK_ALLOGRAFT_REJECTION,GZMA,1
HALLMARK_INTERFERON_GAMMA_RESPONSE,GZMA,1
HALLMARK_COMPLEMENT,GZMA,1
HALLMARK_ALLOGRAFT_REJECTION,IFNAR2,1
HALLMARK_INTERFERON_GAMMA_RESPONSE,IFNAR2,1
HALLMARK_INTERFERON_GAMMA_RESPONSE,PLA2G4A,1
HALLMARK_COMPLEMENT,PLA2G4A,1
HALLMARK_ALLOGRAFT_REJECTION,IL2RB,1
HALLMARK_APICAL_SURFACE,IL2RB,1
HALLMARK_INTERFERON_GAMMA_RESPONSE,IL2RB,1
HALLMARK_IL2_STAT5_SIGNALING,IL2RB,1
HALLMARK_INFLAMMATORY_RESPONSE,IL2RB,1
HALLMARK_ALLOGRAFT_REJECTION,HLA-A,1
HALLMARK_INTERFERON_GAMMA_RESPONSE,HLA-A,1
HALLMARK_INTERFERON_GAMMA_RESPONSE,HLA-DRB1,1
HALLMARK_INTERFERON_GAMMA_RESPONSE,IL10RA,1
HALLMARK_IL2_STAT5_SIGNALING,IL10RA,1
HALLMARK_INFLAMMATORY_RESPONSE,IL10RA,1
HALLMARK_KRAS_SIGNALING_UP,IL10RA,1
HALLMARK_INTERFERON_GAMMA_RESPONSE,KLRK1,1
HALLMARK_INTERFERON_GAMMA_RESPONSE,SLAMF7,1
HALLMARK_INTERFERON_GAMMA_RESPONSE,NCOA3,1
HALLMARK_IL2_STAT5_SIGNALING,NCOA3,1
HALLMARK_ALLOGRAFT_REJECTION,CD86,1
HALLMARK_APICAL_JUNCTION,CD86,1
HALLMARK_INTERFERON_GAMMA_RESPONSE,CD86,1
HALLMARK_IL2_STAT5_SIGNALING,CD86,1
HALLMARK_INTERFERON_GAMMA_RESPONSE,XCL1,1
HALLMARK_ALLOGRAFT_REJECTION,PSMB10,1
HALLMARK_XENOBIOTIC_METABOLISM,PSMB10,1
HALLMARK_INTERFERON_GAMMA_RESPONSE,PSMB10,1
HALLMARK_ALLOGRAFT_REJECTION,HLA-G,1
HALLMARK_INTERFERON_GAMMA_RESPONSE,HLA-G,1
HALLMARK_INTERFERON_GAMMA_RESPONSE,XAF1,1
HALLMARK_INTERFERON_GAMMA_RESPONSE,BANK1,1
HALLMARK_MTORC1_SIGNALING,MTHFD2,1
HALLMARK_INTERFERON_GAMMA_RESPONSE,MTHFD2,1
HALLMARK_UNFOLDED_PROTEIN_RESPONSE,MTHFD2,1
HALLMARK_E2F_TARGETS,MTHFD2,1
HALLMARK_INTERFERON_GAMMA_RESPONSE,GPR18,1
HALLMARK_INTERFERON_GAMMA_RESPONSE,SERPING1,1
HALLMARK_COAGULATION,SERPING1,1
HALLMARK_COMPLEMENT,SERPING1,1
HALLMARK_INTERFERON_GAMMA_RESPONSE,NOD1,1
HALLMARK_PI3K_AKT_MTOR_SIGNALING,NOD1,1
HALLMARK_INTERFERON_GAMMA_RESPONSE,FPR1,1
HALLMARK_INFLAMMATORY_RESPONSE,FPR1,1
HALLMARK_INTERFERON_GAMMA_RESPONSE,LYSMD2,1
HALLMARK_ALLOGRAFT_REJECTION,ST8SIA4,1
HALLMARK_INTERFERON_GAMMA_RESPONSE,ST8SIA4,1
HALLMARK_INTERFERON_GAMMA_RESPONSE,RBCK1,1
HALLMARK_GLYCOLYSIS,RBCK1,1
HALLMARK_INTERFERON_GAMMA_RESPONSE,VAMP8,1
HALLMARK_P53_PATHWAY,VAMP8,1
HALLMARK_INTERFERON_GAMMA_RESPONSE,VAMP5,1
HALLMARK_INTERFERON_GAMMA_RESPONSE,GBP6,1
HALLMARK_MYC_TARGETS_V1,PSMA2,1
HALLMARK_INTERFERON_GAMMA_RESPONSE,PSMA2,1
HALLMARK_INTERFERON_GAMMA_RESPONSE,RNF213,1
HALLMARK_XENOBIOTIC_METABOLISM,CFB,1
HALLMARK_INTERFERON_GAMMA_RESPONSE,CFB,1
HALLMARK_COAGULATION,CFB,1
HALLMARK_KRAS_SIGNALING_UP,CFB,1
HALLMARK_COMPLEMENT,CFB,1
HALLMARK_ALLOGRAFT_REJECTION,IRF4,1
HALLMARK_INTERFERON_GAMMA_RESPONSE,IRF4,1
HALLMARK_IL2_STAT5_SIGNALING,IRF4,1
HALLMARK_MTORC1_SIGNALING,FGL2,1
HALLMARK_INTERFERON_GAMMA_RESPONSE,FGL2,1
HALLMARK_IL2_STAT5_SIGNALING,FGL2,1
HALLMARK_INTERFERON_GAMMA_RESPONSE,IRF5,1
HALLMARK_PEROXISOME,MVP,1
HALLMARK_INTERFERON_GAMMA_RESPONSE,MVP,1
HALLMARK_KRAS_SIGNALING_UP,BPGM,1
HALLMARK_HEME_METABOLISM,BPGM,1
HALLMARK_INTERFERON_GAMMA_RESPONSE,BPGM,1
HALLMARK_ALLOGRAFT_REJECTION,HLA-DQA1,1
HALLMARK_INTERFERON_GAMMA_RESPONSE,HLA-DQA1,1
HALLMARK_INTERFERON_GAMMA_RESPONSE,IDO1,1
HALLMARK_INTERFERON_GAMMA_RESPONSE,RIPK1,1
HALLMARK_PI3K_AKT_MTOR_SIGNALING,RIPK1,1
HALLMARK_INTERFERON_GAMMA_RESPONSE,NLRC5,1
HALLMARK_APICAL_JUNCTION,CD274,1
HALLMARK_INTERFERON_GAMMA_RESPONSE,CD274,1
HALLMARK_INTERFERON_GAMMA_RESPONSE,APOL6,1
HALLMARK_INTERFERON_GAMMA_RESPONSE,CMKLR1,1
HALLMARK_INFLAMMATORY_RESPONSE,CMKLR1,1
HALLMARK_KRAS_SIGNALING_UP,CMKLR1,1
HALLMARK_INTERFERON_GAMMA_RESPONSE,PELI1,1
HALLMARK_INTERFERON_GAMMA_RESPONSE,ZNFX1,1
HALLMARK_ALLOGRAFT_REJECTION,IRF8,1
HALLMARK_XENOBIOTIC_METABOLISM,IRF8,1
HALLMARK_INTERFERON_GAMMA_RESPONSE,IRF8,1
HALLMARK_IL2_STAT5_SIGNALING,IRF8,1
HALLMARK_KRAS_SIGNALING_UP,IRF8,1
HALLMARK_INTERFERON_GAMMA_RESPONSE,CFH,1
HALLMARK_COAGULATION,CFH,1
HALLMARK_KRAS_SIGNALING_UP,CFH,1
HALLMARK_COMPLEMENT,CFH,1
HALLMARK_PEROXISOME,ISOC1,1
HALLMARK_BILE_ACID_METABOLISM,ISOC1,1
HALLMARK_INTERFERON_GAMMA_RESPONSE,ISOC1,1
HALLMARK_ALLOGRAFT_REJECTION,TAPBP,1
HALLMARK_INTERFERON_GAMMA_RESPONSE,TAPBP,1
HALLMARK_INFLAMMATORY_RESPONSE,TAPBP,1
HALLMARK_INTERFERON_GAMMA_RESPONSE,SELP,1
HALLMARK_IL2_STAT5_SIGNALING,SELP,1
HALLMARK_INTERFERON_GAMMA_RESPONSE,SPPL2A,1
HALLMARK_INTERFERON_GAMMA_RESPONSE,SECTM1,1
HALLMARK_INTERFERON_GAMMA_RESPONSE,IFIT1,1
HALLMARK_UNFOLDED_PROTEIN_RESPONSE,IFIT1,1
HALLMARK_MYC_TARGETS_V1,PSMB2,1
HALLMARK_INTERFERON_GAMMA_RESPONSE,PSMB2,1
HALLMARK_INTERFERON_GAMMA_RESPONSE,ITGB7,1
HALLMARK_INTERFERON_GAMMA_RESPONSE,TOR1B,1
HALLMARK_XENOBIOTIC_METABOLISM,UPP1,1
HALLMARK_INTERFERON_GAMMA_RESPONSE,UPP1,1
HALLMARK_P53_PATHWAY,UPP1,1
HALLMARK_INTERFERON_GAMMA_RESPONSE,C1R,1
HALLMARK_COAGULATION,C1R,1
HALLMARK_COMPLEMENT,C1R,1
HALLMARK_INTERFERON_GAMMA_RESPONSE,SAMHD1,1
HALLMARK_INTERFERON_GAMMA_RESPONSE,IL18BP,1
HALLMARK_ALLOGRAFT_REJECTION,STAT4,1
HALLMARK_INTERFERON_GAMMA_RESPONSE,STAT4,1
HALLMARK_ALLOGRAFT_REJECTION,CD40,1
HALLMARK_INTERFERON_GAMMA_RESPONSE,CD40,1
HALLMARK_INFLAMMATORY_RESPONSE,CD40,1
HALLMARK_INTERFERON_GAMMA_RESPONSE,ZBP1,1
HALLMARK_INTERFERON_GAMMA_RESPONSE,FCGR1A,1
HALLMARK_INTERFERON_GAMMA_RESPONSE,OAS2,1
HALLMARK_INTERFERON_GAMMA_RESPONSE,AUTS2,1
HALLMARK_INTERFERON_GAMMA_RESPONSE,CIITA,1
HALLMARK_INTERFERON_GAMMA_RESPONSE,MARCHF1,1
HALLMARK_APICAL_JUNCTION,ITGA10,1
HALLMARK_APICAL_JUNCTION,BAIAP2,1
HALLMARK_P53_PATHWAY,BAIAP2,1
HALLMARK_APICAL_JUNCTION,NECTIN3,1
HALLMARK_APICAL_JUNCTION,CDH3,1
HALLMARK_APICAL_JUNCTION,LDLRAP1,1
HALLMARK_APICAL_JUNCTION,CLDN8,1
HALLMARK_KRAS_SIGNALING_DN,CLDN8,1
HALLMARK_APICAL_JUNCTION,SIRPA,1
HALLMARK_APICAL_JUNCTION,TRO,1
HALLMARK_APICAL_JUNCTION,ALOX15B,1
HALLMARK_P53_PATHWAY,ALOX15B,1
HALLMARK_APICAL_JUNCTION,LAYN,1
HALLMARK_APICAL_JUNCTION,NEXN,1
HALLMARK_APICAL_JUNCTION,COL17A1,1
HALLMARK_APICAL_JUNCTION,VAV2,1
HALLMARK_ANGIOGENESIS,VAV2,1
HALLMARK_UV_RESPONSE_DN,VAV2,1
HALLMARK_APICAL_JUNCTION,TSPAN4,1
HALLMARK_APICAL_JUNCTION,PFN1,1
HALLMARK_PI3K_AKT_MTOR_SIGNALING,PFN1,1
HALLMARK_COMPLEMENT,PFN1,1
HALLMARK_ALLOGRAFT_REJECTION,MMP9,1
HALLMARK_APICAL_JUNCTION,MMP9,1
HALLMARK_COAGULATION,MMP9,1
HALLMARK_KRAS_SIGNALING_UP,MMP9,1
HALLMARK_APICAL_JUNCTION,FLNC,1
HALLMARK_APICAL_JUNCTION,CNN2,1
HALLMARK_APICAL_JUNCTION,CERCAM,1
HALLMARK_APICAL_JUNCTION,AMIGO1,1
HALLMARK_APICAL_JUNCTION,CD99,1
HALLMARK_APICAL_JUNCTION,CDH4,1
HALLMARK_APICAL_JUNCTION,NECTIN1,1
HALLMARK_APICAL_JUNCTION,GRB7,1
HALLMARK_APICAL_JUNCTION,AMIGO2,1
HALLMARK_APICAL_JUNCTION,CTNND1,1
HALLMARK_APICAL_JUNCTION,PKD1,1
HALLMARK_APICAL_JUNCTION,NRTN,1
HALLMARK_APICAL_JUNCTION,SLC30A3,1
HALLMARK_KRAS_SIGNALING_DN,SLC30A3,1
HALLMARK_APICAL_JUNCTION,RRAS,1
HALLMARK_APICAL_JUNCTION,ATP1A3,1
HALLMARK_APICAL_JUNCTION,NFASC,1
HALLMARK_APICAL_JUNCTION,THBS3,1
HALLMARK_APICAL_JUNCTION,INPPL1,1
HALLMARK_APICAL_JUNCTION,LIMA1,1
HALLMARK_APICAL_JUNCTION,ITGA2,1
HALLMARK_COAGULATION,ITGA2,1
HALLMARK_EPITHELIAL_MESENCHYMAL_TRANSITION,ITGA2,1
HALLMARK_KRAS_SIGNALING_UP,ITGA2,1
HALLMARK_APICAL_JUNCTION,CLDN15,1
HALLMARK_APICAL_JUNCTION,ICAM5,1
HALLMARK_APICAL_JUNCTION,ITGA3,1
HALLMARK_APICAL_JUNCTION,TNFRSF11B,1
HALLMARK_EPITHELIAL_MESENCHYMAL_TRANSITION,TNFRSF11B,1
HALLMARK_APICAL_JUNCTION,AMH,1
HALLMARK_APICAL_JUNCTION,DSC3,1
HALLMARK_APICAL_JUNCTION,YWHAH,1
HALLMARK_FATTY_ACID_METABOLISM,YWHAH,1
HALLMARK_PEROXISOME,YWHAH,1
HALLMARK_APICAL_JUNCTION,IRS1,1
HALLMARK_UV_RESPONSE_DN,IRS1,1
HALLMARK_APICAL_JUNCTION,CDH8,1
HALLMARK_APICAL_JUNCTION,RAC2,1
HALLMARK_APICAL_JUNCTION,NRAP,1
HALLMARK_APICAL_JUNCTION,HRAS,1
HALLMARK_P53_PATHWAY,HRAS,1
HALLMARK_PEROXISOME,HRAS,1
HALLMARK_PI3K_AKT_MTOR_SIGNALING,HRAS,1
HALLMARK_APICAL_JUNCTION,CRB3,1
HALLMARK_APICAL_JUNCTION,CNTN1,1
HALLMARK_APICAL_JUNCTION,MADCAM1,1
HALLMARK_APICAL_JUNCTION,SRC,1
HALLMARK_COMPLEMENT,SRC,1
HALLMARK_ALLOGRAFT_REJECTION,PTPRC,1
HALLMARK_APICAL_JUNCTION,PTPRC,1
HALLMARK_APICAL_JUNCTION,ADAM15,1
HALLMARK_APICAL_JUNCTION,GAMT,1
HALLMARK_KRAS_SIGNALING_DN,GAMT,1
HALLMARK_APICAL_JUNCTION,BMP1,1
HALLMARK_COAGULATION,BMP1,1
HALLMARK_EPITHELIAL_MESENCHYMAL_TRANSITION,BMP1,1
HALLMARK_APICAL_JUNCTION,MSN,1
HALLMARK_APICAL_JUNCTION,LAMA3,1
HALLMARK_EPITHELIAL_MESENCHYMAL_TRANSITION,LAMA3,1
HALLMARK_APICAL_JUNCTION,MPZL1,1
HALLMARK_APICAL_JUNCTION,DMP1,1
HALLMARK_APICAL_JUNCTION,MYL9,1
HALLMARK_EPITHELIAL_MESENCHYMAL_TRANSITION,MYL9,1
HALLMARK_APICAL_JUNCTION,CDSN,1
HALLMARK_APICAL_JUNCTION,EXOC4,1
HALLMARK_APICAL_JUNCTION,TIAL1,1
HALLMARK_APICAL_JUNCTION,WNK4,1
HALLMARK_APICAL_JUNCTION,CD276,1
HALLMARK_APICAL_JUNCTION,MAP4K2,1
HALLMARK_APICAL_JUNCTION,CLDN11,1
HALLMARK_APICAL_JUNCTION,CD209,1
HALLMARK_APICAL_JUNCTION,CX3CL1,1
HALLMARK_APICAL_SURFACE,CX3CL1,1
HALLMARK_INFLAMMATORY_RESPONSE,CX3CL1,1
HALLMARK_APICAL_JUNCTION,ICAM4,1
HALLMARK_INFLAMMATORY_RESPONSE,ICAM4,1
HALLMARK_HEME_METABOLISM,ICAM4,1
HALLMARK_APICAL_JUNCTION,DHX16,1
HALLMARK_APICAL_JUNCTION,PTEN,1
HALLMARK_UV_RESPONSE_DN,PTEN,1
HALLMARK_PI3K_AKT_MTOR_SIGNALING,PTEN,1
HALLMARK_APICAL_JUNCTION,PLCG1,1
HALLMARK_PI3K_AKT_MTOR_SIGNALING,PLCG1,1
HALLMARK_APICAL_JUNCTION,JUP,1
HALLMARK_XENOBIOTIC_METABOLISM,JUP,1
HALLMARK_KRAS_SIGNALING_UP,JUP,1
HALLMARK_APICAL_JUNCTION,SLIT2,1
HALLMARK_EPITHELIAL_MESENCHYMAL_TRANSITION,SLIT2,1
HALLMARK_APICAL_JUNCTION,CLDN19,1
HALLMARK_APICAL_JUNCTION,ADAMTS5,1
HALLMARK_APICAL_JUNCTION,PPP2R2C,1
HALLMARK_APICAL_JUNCTION,TUBG1,1
HALLMARK_MTORC1_SIGNALING,TUBG1,1
HALLMARK_E2F_TARGETS,TUBG1,1
HALLMARK_APICAL_JUNCTION,CTNNA1,1
HALLMARK_APICAL_JUNCTION,NECTIN4,1
HALLMARK_APICAL_JUNCTION,CLDN6,1
HALLMARK_APICAL_JUNCTION,MAPK11,1
HALLMARK_APICAL_JUNCTION,PCDH1,1
HALLMARK_APICAL_JUNCTION,CADM3,1
HALLMARK_APICAL_JUNCTION,DSC1,1
HALLMARK_APICAL_JUNCTION,PECAM1,1
HALLMARK_COAGULATION,PECAM1,1
HALLMARK_KRAS_SIGNALING_UP,PECAM1,1
HALLMARK_APICAL_JUNCTION,JAM3,1
HALLMARK_SPERMATOGENESIS,JAM3,1
HALLMARK_APICAL_JUNCTION,NRXN2,1
HALLMARK_APICAL_JUNCTION,ARPC2,1
HALLMARK_APICAL_JUNCTION,NLGN3,1
HALLMARK_APICAL_JUNCTION,CDH11,1
HALLMARK_EPITHELIAL_MESENCHYMAL_TRANSITION,CDH11,1
HALLMARK_APICAL_JUNCTION,ZYX,1
HALLMARK_APICAL_JUNCTION,ITGA9,1
HALLMARK_APICAL_JUNCTION,SGCE,1
HALLMARK_APICAL_JUNCTION,GNAI2,1
HALLMARK_COMPLEMENT,GNAI2,1
HALLMARK_APICAL_JUNCTION,SHC1,1
HALLMARK_UNFOLDED_PROTEIN_RESPONSE,SHC1,1
HALLMARK_APICAL_JUNCTION,CDH15,1
HALLMARK_APICAL_JUNCTION,CLDN5,1
HALLMARK_APICAL_JUNCTION,CLDN4,1
HALLMARK_APICAL_JUNCTION,CLDN14,1
HALLMARK_APICAL_JUNCTION,VWF,1
HALLMARK_COAGULATION,VWF,1
HALLMARK_APICAL_JUNCTION,SYK,1
HALLMARK_ALLOGRAFT_REJECTION,FYB1,1
HALLMARK_APICAL_JUNCTION,FYB1,1
HALLMARK_APICAL_JUNCTION,MPZL2,1
HALLMARK_KRAS_SIGNALING_UP,MPZL2,1
HALLMARK_ALLOGRAFT_REJECTION,THY1,1
HALLMARK_APICAL_JUNCTION,THY1,1
HALLMARK_APICAL_SURFACE,THY1,1
HALLMARK_HEDGEHOG_SIGNALING,THY1,1
HALLMARK_EPITHELIAL_MESENCHYMAL_TRANSITION,THY1,1
HALLMARK_APICAL_JUNCTION,PALS1,1
HALLMARK_APICAL_JUNCTION,NEGR1,1
HALLMARK_APICAL_JUNCTION,CDH6,1
HALLMARK_EPITHELIAL_MESENCHYMAL_TRANSITION,CDH6,1
HALLMARK_APICAL_JUNCTION,CADM2,1
HALLMARK_APICAL_JUNCTION,ADRA1B,1
HALLMARK_APICAL_JUNCTION,NECTIN2,1
HALLMARK_APICAL_JUNCTION,CDK8,1
HALLMARK_APICAL_JUNCTION,ACTG2,1
HALLMARK_APICAL_JUNCTION,EVL,1
HALLMARK_APICAL_JUNCTION,ADAM23,1
HALLMARK_APICAL_JUNCTION,SKAP2,1
HALLMARK_MTORC1_SIGNALING,SKAP2,1
HALLMARK_APICAL_JUNCTION,ADAM9,1
HALLMARK_COAGULATION,ADAM9,1
HALLMARK_COMPLEMENT,ADAM9,1
HALLMARK_APICAL_JUNCTION,CLDN9,1
HALLMARK_GLYCOLYSIS,CLDN9,1
HALLMARK_APICAL_JUNCTION,VCAN,1
HALLMARK_ANGIOGENESIS,VCAN,1
HALLMARK_GLYCOLYSIS,VCAN,1
HALLMARK_EPITHELIAL_MESENCHYMAL_TRANSITION,VCAN,1
HALLMARK_APICAL_JUNCTION,TMEM8B,1
HALLMARK_APICAL_SURFACE,TMEM8B,1
HALLMARK_APICAL_JUNCTION,PIK3R3,1
HALLMARK_MTORC1_SIGNALING,PIK3R3,1
HALLMARK_UV_RESPONSE_DN,PIK3R3,1
HALLMARK_PI3K_AKT_MTOR_SIGNALING,PIK3R3,1
HALLMARK_APICAL_JUNCTION,PDZD3,1
HALLMARK_APICAL_JUNCTION,PBX2,1
HALLMARK_APICAL_JUNCTION,CD34,1
HALLMARK_APICAL_JUNCTION,NLGN2,1
HALLMARK_APICAL_JUNCTION,PARVA,1
HALLMARK_APICAL_JUNCTION,CAP1,1
HALLMARK_APICAL_JUNCTION,STX4,1
HALLMARK_COMPLEMENT,STX4,1
HALLMARK_APICAL_JUNCTION,FBN1,1
HALLMARK_COAGULATION,FBN1,1
HALLMARK_EPITHELIAL_MESENCHYMAL_TRANSITION,FBN1,1
HALLMARK_APICAL_JUNCTION,ICAM2,1
HALLMARK_APICAL_JUNCTION,ARHGEF6,1
HALLMARK_APICAL_JUNCTION,NF2,1
HALLMARK_SPERMATOGENESIS,NF2,1
HALLMARK_APICAL_JUNCTION,AKT3,1
HALLMARK_PANCREAS_BETA_CELLS,AKT3,1
HALLMARK_UV_RESPONSE_DN,AKT3,1
HALLMARK_APICAL_JUNCTION,PIK3CB,1
HALLMARK_APICAL_JUNCTION,COL16A1,1
HALLMARK_EPITHELIAL_MESENCHYMAL_TRANSITION,COL16A1,1
HALLMARK_APICAL_JUNCTION,IKBKG,1
HALLMARK_APICAL_JUNCTION,ACTB,1
HALLMARK_APICAL_JUNCTION,CLDN18,1
HALLMARK_APICAL_JUNCTION,PARD6G,1
HALLMARK_APICAL_JUNCTION,KRT31,1
HALLMARK_APICAL_JUNCTION,RSU1,1
HALLMARK_APICAL_JUNCTION,MYL12B,1
HALLMARK_APICAL_JUNCTION,VASP,1
HALLMARK_APICAL_JUNCTION,SYMPK,1
HALLMARK_APICAL_JUNCTION,COL9A1,1
HALLMARK_APICAL_SURFACE,NCOA6,1
HALLMARK_APICAL_SURFACE,GATA3,1
HALLMARK_COMPLEMENT,GATA3,1
HALLMARK_APICAL_SURFACE,CRYBG1,1
HALLMARK_APICAL_SURFACE,NTNG1,1
HALLMARK_APICAL_SURFACE,RTN4RL1,1
HALLMARK_APICAL_SURFACE,AKAP7,1
HALLMARK_APICAL_SURFACE,SULF2,1
HALLMARK_APICAL_SURFACE,ATP6V0A4,1
HALLMARK_APICAL_SURFACE,RHCG,1
HALLMARK_APICAL_SURFACE,MAL,1
HALLMARK_APICAL_SURFACE,GSTM3,1
HALLMARK_SPERMATOGENESIS,GSTM3,1
HALLMARK_APICAL_SURFACE,PKHD1,1
HALLMARK_APICAL_SURFACE,MDGA1,1
HALLMARK_APICAL_SURFACE,SLC34A3,1
HALLMARK_APICAL_SURFACE,GHRL,1
HALLMARK_APICAL_SURFACE,DCBLD2,1
HALLMARK_INFLAMMATORY_RESPONSE,DCBLD2,1
HALLMARK_KRAS_SIGNALING_UP,DCBLD2,1
HALLMARK_APICAL_SURFACE,CD160,1
HALLMARK_APICAL_SURFACE,GAS1,1
HALLMARK_EPITHELIAL_MESENCHYMAL_TRANSITION,GAS1,1
HALLMARK_APICAL_SURFACE,CROCC,1
HALLMARK_APICAL_SURFACE,AFAP1L2,1
HALLMARK_ALLOGRAFT_REJECTION,LYN,1
HALLMARK_APICAL_SURFACE,LYN,1
HALLMARK_INFLAMMATORY_RESPONSE,LYN,1
HALLMARK_UV_RESPONSE_UP,LYN,1
HALLMARK_COMPLEMENT,LYN,1
HALLMARK_APICAL_SURFACE,ATP8B1,1
HALLMARK_APICAL_SURFACE,LYPD3,1
HALLMARK_KRAS_SIGNALING_DN,LYPD3,1
HALLMARK_APICAL_SURFACE,SCUBE1,1
HALLMARK_APICAL_SURFACE,SLC22A12,1
HALLMARK_APICAL_SURFACE,EPHB4,1
HALLMARK_APICAL_SURFACE,FLOT2,1
HALLMARK_APICAL_SURFACE,PCSK9,1
HALLMARK_COMPLEMENT,PCSK9,1
HALLMARK_APICAL_SURFACE,SLC2A4,1
HALLMARK_HEDGEHOG_SIGNALING,L1CAM,1
HALLMARK_XENOBIOTIC_METABOLISM,PLG,1
HALLMARK_HEDGEHOG_SIGNALING,PLG,1
HALLMARK_COAGULATION,PLG,1
HALLMARK_COMPLEMENT,PLG,1
HALLMARK_HEDGEHOG_SIGNALING,AMOT,1
HALLMARK_HEDGEHOG_SIGNALING,UNC5C,1
HALLMARK_HEDGEHOG_SIGNALING,DPYSL2,1
HALLMARK_IL2_STAT5_SIGNALING,NRP1,1
HALLMARK_UV_RESPONSE_DN,NRP1,1
HALLMARK_HEDGEHOG_SIGNALING,NRP1,1
HALLMARK_ANGIOGENESIS,NRP1,1
HALLMARK_KRAS_SIGNALING_UP,NRP1,1
HALLMARK_HEDGEHOG_SIGNALING,SHH,1
HALLMARK_HEDGEHOG_SIGNALING,NRP2,1
HALLMARK_HEDGEHOG_SIGNALING,LDB1,1
HALLMARK_HEDGEHOG_SIGNALING,ADGRG1,1
HALLMARK_HEDGEHOG_SIGNALING,CRMP1,1
HALLMARK_HEDGEHOG_SIGNALING,SCG2,1
HALLMARK_EPITHELIAL_MESENCHYMAL_TRANSITION,SCG2,1
HALLMARK_HEDGEHOG_SIGNALING,GLI1,1
HALLMARK_HEDGEHOG_SIGNALING,CDK5R1,1
HALLMARK_P53_PATHWAY,CDK5R1,1
HALLMARK_COMPLEMENT,CDK5R1,1
HALLMARK_HEDGEHOG_SIGNALING,SLIT1,1
HALLMARK_HEDGEHOG_SIGNALING,TLE1,1
HALLMARK_HEDGEHOG_SIGNALING,NKX6-1,1
HALLMARK_PANCREAS_BETA_CELLS,NKX6-1,1
HALLMARK_HEDGEHOG_SIGNALING,NRCAM,1
HALLMARK_HEDGEHOG_SIGNALING,RTN1,1
HALLMARK_ALLOGRAFT_REJECTION,GZMB,1
HALLMARK_COMPLEMENT,GZMB,1
HALLMARK_COMPLEMENT,PRCP,1
HALLMARK_COMPLEMENT,PIK3CG,1
HALLMARK_COMPLEMENT,PRDM4,1
HALLMARK_COAGULATION,F10,1
HALLMARK_XENOBIOTIC_METABOLISM,F10,1
HALLMARK_COMPLEMENT,F10,1
HALLMARK_COMPLEMENT,PRSS36,1
HALLMARK_P53_PATHWAY,CTSD,1
HALLMARK_COMPLEMENT,CTSD,1
HALLMARK_COAGULATION,DUSP6,1
HALLMARK_KRAS_SIGNALING_UP,DUSP6,1
HALLMARK_COMPLEMENT,DUSP6,1
HALLMARK_COMPLEMENT,CD46,1
HALLMARK_COMPLEMENT,LIPA,1
HALLMARK_COAGULATION,CTSH,1
HALLMARK_COMPLEMENT,CTSH,1
HALLMARK_COMPLEMENT,GMFB,1
HALLMARK_COMPLEMENT,ZEB1,1
HALLMARK_COAGULATION,CPQ,1
HALLMARK_COMPLEMENT,CPQ,1
HALLMARK_COAGULATION,FN1,1
HALLMARK_EPITHELIAL_MESENCHYMAL_TRANSITION,FN1,1
HALLMARK_COMPLEMENT,FN1,1
HALLMARK_INFLAMMATORY_RESPONSE,CD55,1
HALLMARK_COMPLEMENT,CD55,1
HALLMARK_COMPLEMENT,SIRT6,1
HALLMARK_COAGULATION,LRP1,1
HALLMARK_EPITHELIAL_MESENCHYMAL_TRANSITION,LRP1,1
HALLMARK_COMPLEMENT,LRP1,1
HALLMARK_COMPLEMENT,ERAP2,1
HALLMARK_COMPLEMENT,GZMK,1
HALLMARK_OXIDATIVE_PHOSPHORYLATION,PDP1,1
HALLMARK_COMPLEMENT,PDP1,1
HALLMARK_COMPLEMENT,MMP13,1
HALLMARK_COMPLEMENT,RBSN,1
HALLMARK_COAGULATION,TMPRSS6,1
HALLMARK_COMPLEMENT,TMPRSS6,1
HALLMARK_COMPLEMENT,PHEX,1
HALLMARK_COMPLEMENT,CBLB,1
HALLMARK_COMPLEMENT,DOCK10,1
HALLMARK_COMPLEMENT,AKAP10,1
HALLMARK_KRAS_SIGNALING_UP,FCER1G,1
HALLMARK_COMPLEMENT,FCER1G,1
HALLMARK_COMPLEMENT,CTSL,1
HALLMARK_MTORC1_SIGNALING,LTA4H,1
HALLMARK_COAGULATION,LTA4H,1
HALLMARK_COMPLEMENT,LTA4H,1
HALLMARK_COMPLEMENT,ZFPM2,1
HALLMARK_COMPLEMENT,PIK3CA,1
HALLMARK_COMPLEMENT,VCPIP1,1
HALLMARK_COMPLEMENT,PCLO,1
HALLMARK_INFLAMMATORY_RESPONSE,RHOG,1
HALLMARK_COMPLEMENT,RHOG,1
HALLMARK_COMPLEMENT,DOCK9,1
HALLMARK_COAGULATION,FYN,1
HALLMARK_UV_RESPONSE_DN,FYN,1
HALLMARK_COMPLEMENT,FYN,1
HALLMARK_COMPLEMENT,MSRB1,1
HALLMARK_COMPLEMENT,PPP4C,1
HALLMARK_COMPLEMENT,CALM1,1
HALLMARK_COMPLEMENT,SH2B3,1
HALLMARK_COMPLEMENT,CASP5,1
HALLMARK_COAGULATION,RABIF,1
HALLMARK_COMPLEMENT,RABIF,1
HALLMARK_PI3K_AKT_MTOR_SIGNALING,RAF1,1
HALLMARK_INFLAMMATORY_RESPONSE,RAF1,1
HALLMARK_COMPLEMENT,RAF1,1
HALLMARK_COMPLEMENT,GNB4,1
HALLMARK_PANCREAS_BETA_CELLS,DPP4,1
HALLMARK_COAGULATION,DPP4,1
HALLMARK_COMPLEMENT,DPP4,1
HALLMARK_COAGULATION,PREP,1
HALLMARK_COMPLEMENT,PREP,1
HALLMARK_XENOBIOTIC_METABOLISM,HNF4A,1
HALLMARK_COAGULATION,HNF4A,1
HALLMARK_COMPLEMENT,HNF4A,1
HALLMARK_COMPLEMENT,FCN1,1
HALLMARK_COMPLEMENT,DGKG,1
HALLMARK_COMPLEMENT,ITGAM,1
HALLMARK_COAGULATION,CSRP1,1
HALLMARK_COMPLEMENT,CSRP1,1
HALLMARK_COAGULATION,KLKB1,1
HALLMARK_COMPLEMENT,KLKB1,1
HALLMARK_IL2_STAT5_SIGNALING,SERPINC1,1
HALLMARK_COAGULATION,SERPINC1,1
HALLMARK_COMPLEMENT,SERPINC1,1
HALLMARK_ALLOGRAFT_REJECTION,WAS,1
HALLMARK_COMPLEMENT,WAS,1
HALLMARK_COMPLEMENT,MT3,1
HALLMARK_HEME_METABOLISM,USP15,1
HALLMARK_COMPLEMENT,USP15,1
HALLMARK_ALLOGRAFT_REJECTION,CTSS,1
HALLMARK_KRAS_SIGNALING_UP,CTSS,1
HALLMARK_COMPLEMENT,CTSS,1
HALLMARK_COMPLEMENT,CR2,1
HALLMARK_COMPLEMENT,PPP2CB,1
HALLMARK_GLYCOLYSIS,PPP2CB,1
HALLMARK_COMPLEMENT,APOBEC3G,1
HALLMARK_COMPLEMENT,MMP12,1
HALLMARK_COAGULATION,MMP8,1
HALLMARK_COMPLEMENT,MMP8,1
HALLMARK_ALLOGRAFT_REJECTION,LCK,1
HALLMARK_BILE_ACID_METABOLISM,LCK,1
HALLMARK_PI3K_AKT_MTOR_SIGNALING,LCK,1
HALLMARK_INFLAMMATORY_RESPONSE,LCK,1
HALLMARK_COMPLEMENT,LCK,1
HALLMARK_COAGULATION,C9,1
HALLMARK_COMPLEMENT,C9,1
HALLMARK_COMPLEMENT,CPM,1
HALLMARK_COMPLEMENT,S100A12,1
HALLMARK_COAGULATION,CTSV,1
HALLMARK_UV_RESPONSE_UP,CTSV,1
HALLMARK_COMPLEMENT,CTSV,1
HALLMARK_COMPLEMENT,KCNIP2,1
HALLMARK_COAGULATION,GNB2,1
HALLMARK_COMPLEMENT,GNB2,1
HALLMARK_COAGULATION,GP1BA,1
HALLMARK_INFLAMMATORY_RESPONSE,GP1BA,1
HALLMARK_KRAS_SIGNALING_DN,GP1BA,1
HALLMARK_COMPLEMENT,GP1BA,1
HALLMARK_COMPLEMENT,F5,1
HALLMARK_COAGULATION,MMP15,1
HALLMARK_COMPLEMENT,MMP15,1
HALLMARK_COAGULATION,C1QA,1
HALLMARK_COMPLEMENT,C1QA,1
HALLMARK_ALLOGRAFT_REJECTION,CD40LG,1
HALLMARK_KRAS_SIGNALING_DN,CD40LG,1
HALLMARK_COMPLEMENT,CD40LG,1
HALLMARK_UV_RESPONSE_UP,C4BPB,1
HALLMARK_COMPLEMENT,C4BPB,1
HALLMARK_COMPLEMENT,DGKH,1
HALLMARK_COMPLEMENT,CASP10,1
HALLMARK_COMPLEMENT,KIF2A,1
HALLMARK_GLYCOLYSIS,KIF2A,1
HALLMARK_SPERMATOGENESIS,SCG3,1
HALLMARK_KRAS_SIGNALING_UP,SCG3,1
HALLMARK_COMPLEMENT,SCG3,1
HALLMARK_COMPLEMENT,GNG2,1
HALLMARK_COMPLEMENT,USP16,1
HALLMARK_COMPLEMENT,GCA,1
HALLMARK_COMPLEMENT,ITIH1,1
HALLMARK_COAGULATION,ITIH1,1
HALLMARK_XENOBIOTIC_METABOLISM,ITIH1,1
HALLMARK_COMPLEMENT,CALM3,1
HALLMARK_COMPLEMENT,USP14,1
HALLMARK_COAGULATION,ANG,1
HALLMARK_COMPLEMENT,ANG,1
HALLMARK_GLYCOLYSIS,ANG,1
HALLMARK_REACTIVE_OXYGEN_SPECIES_PATHWAY,ATOX1,1
HALLMARK_COMPLEMENT,ATOX1,1
HALLMARK_COMPLEMENT,L3MBTL4,1
HALLMARK_COMPLEMENT,RCE1,1
HALLMARK_COMPLEMENT,KLK1,1
HALLMARK_COMPLEMENT,F7,1
HALLMARK_COMPLEMENT,USP8,1
HALLMARK_UV_RESPONSE_UP,PRKCD,1
HALLMARK_COMPLEMENT,PRKCD,1
HALLMARK_COMPLEMENT,PRSS3,1
HALLMARK_COAGULATION,GP9,1
HALLMARK_COMPLEMENT,GP9,1
HALLMARK_COAGULATION,S100A13,1
HALLMARK_COMPLEMENT,S100A13,1
HALLMARK_COMPLEMENT,ADRA2B,1
HALLMARK_COMPLEMENT,C1QC,1
HALLMARK_COMPLEMENT,DYRK2,1
HALLMARK_COMPLEMENT,HPCAL4,1
HALLMARK_COMPLEMENT,PLA2G7,1
HALLMARK_COMPLEMENT,BRPF3,1
HALLMARK_COAGULATION,APOC1,1
HALLMARK_COMPLEMENT,APOC1,1
HALLMARK_COMPLEMENT,SPOCK2,1
HALLMARK_COMPLEMENT,CD59,1
HALLMARK_EPITHELIAL_MESENCHYMAL_TRANSITION,CD59,1
HALLMARK_COMPLEMENT,APOA4,1
HALLMARK_COAGULATION,MMP14,1
HALLMARK_EPITHELIAL_MESENCHYMAL_TRANSITION,MMP14,1
HALLMARK_INFLAMMATORY_RESPONSE,MMP14,1
HALLMARK_UV_RESPONSE_UP,MMP14,1
HALLMARK_COMPLEMENT,MMP14,1
HALLMARK_COMPLEMENT,APOBEC3F,1
HALLMARK_COMPLEMENT,HSPA1A,1
HALLMARK_COMPLEMENT,CR1,1
HALLMARK_COAGULATION,CTSO,1
HALLMARK_COMPLEMENT,CTSO,1
HALLMARK_COMPLEMENT,RNF4,1
HALLMARK_OXIDATIVE_PHOSPHORYLATION,FDX1,1
HALLMARK_COMPLEMENT,FDX1,1
HALLMARK_COMPLEMENT,GNGT2,1
HALLMARK_COMPLEMENT,KCNIP3,1
HALLMARK_ALLOGRAFT_REJECTION,C2,1
HALLMARK_COAGULATION,C2,1
HALLMARK_COMPLEMENT,C2,1
HALLMARK_HEME_METABOLISM,CTSB,1
HALLMARK_COAGULATION,CTSB,1
HALLMARK_COMPLEMENT,CTSB,1
HALLMARK_COAGULATION,F8,1
HALLMARK_COMPLEMENT,F8,1
HALLMARK_MYC_TARGETS_V1,NHP2,1
HALLMARK_UNFOLDED_PROTEIN_RESPONSE,NHP2,1
HALLMARK_OXIDATIVE_PHOSPHORYLATION,HSPA9,1
HALLMARK_MTORC1_SIGNALING,HSPA9,1
HALLMARK_UNFOLDED_PROTEIN_RESPONSE,HSPA9,1
HALLMARK_UNFOLDED_PROTEIN_RESPONSE,DNAJA4,1
HALLMARK_UNFOLDED_PROTEIN_RESPONSE,SLC30A5,1
HALLMARK_UNFOLDED_PROTEIN_RESPONSE,NFYA,1
HALLMARK_MTORC1_SIGNALING,SERP1,1
HALLMARK_UNFOLDED_PROTEIN_RESPONSE,SERP1,1
HALLMARK_MYC_TARGETS_V2,NOP56,1
HALLMARK_MYC_TARGETS_V1,NOP56,1
HALLMARK_UNFOLDED_PROTEIN_RESPONSE,NOP56,1
HALLMARK_E2F_TARGETS,NOP56,1
HALLMARK_UNFOLDED_PROTEIN_RESPONSE,FKBP14,1
HALLMARK_UNFOLDED_PROTEIN_RESPONSE,SDAD1,1
HALLMARK_UNFOLDED_PROTEIN_RESPONSE,ZBTB17,1
HALLMARK_UNFOLDED_PROTEIN_RESPONSE,WIPI1,1
HALLMARK_UNFOLDED_PROTEIN_RESPONSE,TATDN2,1
HALLMARK_UNFOLDED_PROTEIN_RESPONSE,EDC4,1
HALLMARK_UNFOLDED_PROTEIN_RESPONSE,EIF4A3,1
HALLMARK_UNFOLDED_PROTEIN_RESPONSE,LSM1,1
HALLMARK_UNFOLDED_PROTEIN_RESPONSE,ATF4,1
HALLMARK_MTORC1_SIGNALING,SSR1,1
HALLMARK_UNFOLDED_PROTEIN_RESPONSE,SSR1,1
HALLMARK_UNFOLDED_PROTEIN_RESPONSE,DCP1A,1
HALLMARK_UNFOLDED_PROTEIN_RESPONSE,DCTN1,1
HALLMARK_UNFOLDED_PROTEIN_RESPONSE,CNOT6,1
HALLMARK_UNFOLDED_PROTEIN_RESPONSE,SPCS1,1
HALLMARK_PANCREAS_BETA_CELLS,SPCS1,1
HALLMARK_MYC_TARGETS_V2,EXOSC5,1
HALLMARK_UNFOLDED_PROTEIN_RESPONSE,EXOSC5,1
HALLMARK_UNFOLDED_PROTEIN_RESPONSE,CHAC1,1
HALLMARK_ALLOGRAFT_REJECTION,NPM1,1
HALLMARK_MYC_TARGETS_V1,NPM1,1
HALLMARK_UNFOLDED_PROTEIN_RESPONSE,NPM1,1
HALLMARK_MYC_TARGETS_V2,NPM1,1
HALLMARK_UNFOLDED_PROTEIN_RESPONSE,MTREX,1
HALLMARK_MTORC1_SIGNALING,CALR,1
HALLMARK_UNFOLDED_PROTEIN_RESPONSE,CALR,1
HALLMARK_PI3K_AKT_MTOR_SIGNALING,CALR,1
HALLMARK_UNFOLDED_PROTEIN_RESPONSE,NOP14,1
HALLMARK_UNFOLDED_PROTEIN_RESPONSE,YIF1A,1
HALLMARK_UNFOLDED_PROTEIN_RESPONSE,LSM4,1
HALLMARK_MTORC1_SIGNALING,PSAT1,1
HALLMARK_UNFOLDED_PROTEIN_RESPONSE,PSAT1,1
HALLMARK_UNFOLDED_PROTEIN_RESPONSE,EXOSC10,1
HALLMARK_UNFOLDED_PROTEIN_RESPONSE,EXOC2,1
HALLMARK_UNFOLDED_PROTEIN_RESPONSE,SKIC3,1
HALLMARK_UNFOLDED_PROTEIN_RESPONSE,ERN1,1
HALLMARK_UNFOLDED_PROTEIN_RESPONSE,CEBPG,1
HALLMARK_UV_RESPONSE_UP,CEBPG,1
HALLMARK_UNFOLDED_PROTEIN_RESPONSE,KHSRP,1
HALLMARK_MYC_TARGETS_V1,EIF2S1,1
HALLMARK_UNFOLDED_PROTEIN_RESPONSE,EIF2S1,1
HALLMARK_E2F_TARGETS,EIF2S1,1
HALLMARK_UNFOLDED_PROTEIN_RESPONSE,PDIA6,1
HALLMARK_UNFOLDED_PROTEIN_RESPONSE,NFYB,1
HALLMARK_UNFOLDED_PROTEIN_RESPONSE,ALDH18A1,1
HALLMARK_UNFOLDED_PROTEIN_RESPONSE,ARFGAP1,1
HALLMARK_UNFOLDED_PROTEIN_RESPONSE,CNOT4,1
HALLMARK_MTORC1_SIGNALING,HSP90B1,1
HALLMARK_PI3K_AKT_MTOR_SIGNALING,HSP90B1,1
HALLMARK_UNFOLDED_PROTEIN_RESPONSE,HSP90B1,1
HALLMARK_UNFOLDED_PROTEIN_RESPONSE,EXOSC9,1
HALLMARK_UNFOLDED_PROTEIN_RESPONSE,PDIA5,1
HALLMARK_UNFOLDED_PROTEIN_RESPONSE,BAG3,1
HALLMARK_UNFOLDED_PROTEIN_RESPONSE,SRPRA,1
HALLMARK_MYC_TARGETS_V1,IARS1,1
HALLMARK_UNFOLDED_PROTEIN_RESPONSE,IARS1,1
HALLMARK_UNFOLDED_PROTEIN_RESPONSE,ATP6V0D1,1
HALLMARK_UNFOLDED_PROTEIN_RESPONSE,YWHAZ,1
HALLMARK_MTORC1_SIGNALING,ASNS,1
HALLMARK_HEME_METABOLISM,ASNS,1
HALLMARK_UNFOLDED_PROTEIN_RESPONSE,ASNS,1
HALLMARK_UV_RESPONSE_UP,ASNS,1
HALLMARK_UNFOLDED_PROTEIN_RESPONSE,EXOSC2,1
HALLMARK_UNFOLDED_PROTEIN_RESPONSE,FUS,1
HALLMARK_UNFOLDED_PROTEIN_RESPONSE,DCP2,1
HALLMARK_UNFOLDED_PROTEIN_RESPONSE,ATF6,1
HALLMARK_UNFOLDED_PROTEIN_RESPONSE,CXXC1,1
HALLMARK_UNFOLDED_PROTEIN_RESPONSE,CNOT2,1
HALLMARK_UNFOLDED_PROTEIN_RESPONSE,EEF2,1
HALLMARK_UNFOLDED_PROTEIN_RESPONSE,RRP9,1
HALLMARK_MTORC1_SIGNALING,RRP9,1
HALLMARK_MYC_TARGETS_V2,RRP9,1
HALLMARK_MYC_TARGETS_V1,RRP9,1
HALLMARK_UNFOLDED_PROTEIN_RESPONSE,TSPYL2,1
HALLMARK_P53_PATHWAY,TSPYL2,1
HALLMARK_UNFOLDED_PROTEIN_RESPONSE,XPOT,1
HALLMARK_MYC_TARGETS_V1,XPOT,1
HALLMARK_UNFOLDED_PROTEIN_RESPONSE,BANF1,1
HALLMARK_MTORC1_SIGNALING,EDEM1,1
HALLMARK_UNFOLDED_PROTEIN_RESPONSE,EDEM1,1
HALLMARK_MYC_TARGETS_V1,EIF4E,1
HALLMARK_PI3K_AKT_MTOR_SIGNALING,EIF4E,1
HALLMARK_UNFOLDED_PROTEIN_RESPONSE,EIF4E,1
HALLMARK_UNFOLDED_PROTEIN_RESPONSE,RPS14,1
HALLMARK_UNFOLDED_PROTEIN_RESPONSE,EXOSC4,1
HALLMARK_UNFOLDED_PROTEIN_RESPONSE,HERPUD1,1
HALLMARK_UNFOLDED_PROTEIN_RESPONSE,EXOSC1,1
HALLMARK_UNFOLDED_PROTEIN_RESPONSE,PARN,1
HALLMARK_UNFOLDED_PROTEIN_RESPONSE,PAIP1,1
HALLMARK_UNFOLDED_PROTEIN_RESPONSE,DDX10,1
HALLMARK_UNFOLDED_PROTEIN_RESPONSE,SEC11A,1
HALLMARK_MTORC1_SIGNALING,SEC11A,1
HALLMARK_PANCREAS_BETA_CELLS,SEC11A,1
HALLMARK_UNFOLDED_PROTEIN_RESPONSE,SRPRB,1
HALLMARK_PANCREAS_BETA_CELLS,SRPRB,1
HALLMARK_MYC_TARGETS_V1,EIF4A1,1
HALLMARK_UNFOLDED_PROTEIN_RESPONSE,EIF4A1,1
HALLMARK_UNFOLDED_PROTEIN_RESPONSE,IMP3,1
HALLMARK_UNFOLDED_PROTEIN_RESPONSE,POP4,1
HALLMARK_UNFOLDED_PROTEIN_RESPONSE,HYOU1,1
HALLMARK_UNFOLDED_PROTEIN_RESPONSE,EIF4G1,1
HALLMARK_UNFOLDED_PROTEIN_RESPONSE,EIF4EBP1,1
HALLMARK_UNFOLDED_PROTEIN_RESPONSE,EIF2AK3,1
HALLMARK_UNFOLDED_PROTEIN_RESPONSE,TARS1,1
HALLMARK_UV_RESPONSE_UP,TARS1,1
HALLMARK_PI3K_AKT_MTOR_SIGNALING,PRKAR2A,1
HALLMARK_SPERMATOGENESIS,PRKAR2A,1
HALLMARK_PI3K_AKT_MTOR_SIGNALING,MAPK8,1
HALLMARK_PI3K_AKT_MTOR_SIGNALING,SMAD2,1
HALLMARK_MTORC1_SIGNALING,SLA,1
HALLMARK_PI3K_AKT_MTOR_SIGNALING,SLA,1
HALLMARK_ALLOGRAFT_REJECTION,PRKCB,1
HALLMARK_PI3K_AKT_MTOR_SIGNALING,PRKCB,1
HALLMARK_ALLOGRAFT_REJECTION,IL4,1
HALLMARK_PI3K_AKT_MTOR_SIGNALING,IL4,1
HALLMARK_PI3K_AKT_MTOR_SIGNALING,MKNK2,1
HALLMARK_P53_PATHWAY,MKNK2,1
HALLMARK_PI3K_AKT_MTOR_SIGNALING,NGF,1
HALLMARK_KRAS_SIGNALING_UP,NGF,1
HALLMARK_PI3K_AKT_MTOR_SIGNALING,ITPR2,1
HALLMARK_PI3K_AKT_MTOR_SIGNALING,MKNK1,1
HALLMARK_PI3K_AKT_MTOR_SIGNALING,PRKAG1,1
HALLMARK_MTORC1_SIGNALING,ACACA,1
HALLMARK_PI3K_AKT_MTOR_SIGNALING,ACACA,1
HALLMARK_PI3K_AKT_MTOR_SIGNALING,PAK4,1
HALLMARK_PI3K_AKT_MTOR_SIGNALING,MAPK10,1
HALLMARK_PI3K_AKT_MTOR_SIGNALING,CAB39,1
HALLMARK_PI3K_AKT_MTOR_SIGNALING,RPS6KA1,1
HALLMARK_PI3K_AKT_MTOR_SIGNALING,ARPC3,1
HALLMARK_PI3K_AKT_MTOR_SIGNALING,IRAK4,1
HALLMARK_PI3K_AKT_MTOR_SIGNALING,GNGT1,1
HALLMARK_ALLOGRAFT_REJECTION,UBE2N,1
HALLMARK_PI3K_AKT_MTOR_SIGNALING,UBE2N,1
HALLMARK_PI3K_AKT_MTOR_SIGNALING,CFL1,1
HALLMARK_PI3K_AKT_MTOR_SIGNALING,CSNK2B,1
HALLMARK_PI3K_AKT_MTOR_SIGNALING,ECSIT,1
HALLMARK_PI3K_AKT_MTOR_SIGNALING,MAPK9,1
HALLMARK_PI3K_AKT_MTOR_SIGNALING,NFKBIB,1
HALLMARK_MTORC1_SIGNALING,NFKBIB,1
HALLMARK_PI3K_AKT_MTOR_SIGNALING,PIN1,1
HALLMARK_PI3K_AKT_MTOR_SIGNALING,FGF6,1
HALLMARK_PI3K_AKT_MTOR_SIGNALING,AKT1S1,1
HALLMARK_PI3K_AKT_MTOR_SIGNALING,ATF1,1
HALLMARK_PI3K_AKT_MTOR_SIGNALING,MAP2K6,1
HALLMARK_PI3K_AKT_MTOR_SIGNALING,RALB,1
HALLMARK_PI3K_AKT_MTOR_SIGNALING,PPP2R1B,1
HALLMARK_PI3K_AKT_MTOR_SIGNALING,PLA2G12A,1
HALLMARK_PI3K_AKT_MTOR_SIGNALING,PITX2,1
HALLMARK_PI3K_AKT_MTOR_SIGNALING,GRK2,1
HALLMARK_MTORC1_SIGNALING,ACTR3,1
HALLMARK_PI3K_AKT_MTOR_SIGNALING,ACTR3,1
HALLMARK_PI3K_AKT_MTOR_SIGNALING,RPTOR,1
HALLMARK_PI3K_AKT_MTOR_SIGNALING,CAMK4,1
HALLMARK_SPERMATOGENESIS,CAMK4,1
HALLMARK_PI3K_AKT_MTOR_SIGNALING,GNA14,1
HALLMARK_PI3K_AKT_MTOR_SIGNALING,YWHAB,1
HALLMARK_PI3K_AKT_MTOR_SIGNALING,DAPP1,1
HALLMARK_MTORC1_SIGNALING,DAPP1,1
HALLMARK_PI3K_AKT_MTOR_SIGNALING,THEM4,1
HALLMARK_PI3K_AKT_MTOR_SIGNALING,FGF17,1
HALLMARK_PI3K_AKT_MTOR_SIGNALING,MAPKAP1,1
HALLMARK_PI3K_AKT_MTOR_SIGNALING,PRKAA2,1
HALLMARK_PI3K_AKT_MTOR_SIGNALING,VAV3,1
HALLMARK_PI3K_AKT_MTOR_SIGNALING,ADCY2,1
HALLMARK_MTORC1_SIGNALING,GSK3B,1
HALLMARK_PI3K_AKT_MTOR_SIGNALING,GSK3B,1
HALLMARK_ALLOGRAFT_REJECTION,TRAF2,1
HALLMARK_PI3K_AKT_MTOR_SIGNALING,TRAF2,1
HALLMARK_PI3K_AKT_MTOR_SIGNALING,DUSP3,1
HALLMARK_COAGULATION,RAC1,1
HALLMARK_PI3K_AKT_MTOR_SIGNALING,RAC1,1
HALLMARK_MTORC1_SIGNALING,ACTR2,1
HALLMARK_PI3K_AKT_MTOR_SIGNALING,ACTR2,1
HALLMARK_PI3K_AKT_MTOR_SIGNALING,FGF22,1
HALLMARK_KRAS_SIGNALING_DN,FGF22,1
HALLMARK_PI3K_AKT_MTOR_SIGNALING,PLCB1,1
HALLMARK_MTORC1_SIGNALING,TBK1,1
HALLMARK_PI3K_AKT_MTOR_SIGNALING,TBK1,1
HALLMARK_PI3K_AKT_MTOR_SIGNALING,PIKFYVE,1
HALLMARK_PI3K_AKT_MTOR_SIGNALING,CAB39L,1
HALLMARK_KRAS_SIGNALING_UP,CAB39L,1
HALLMARK_XENOBIOTIC_METABOLISM,GCLC,1
HALLMARK_MTORC1_SIGNALING,GCLC,1
HALLMARK_HEME_METABOLISM,GCLC,1
HALLMARK_REACTIVE_OXYGEN_SPECIES_PATHWAY,GCLC,1
HALLMARK_GLYCOLYSIS,GCLC,1
HALLMARK_MTORC1_SIGNALING,UCHL5,1
HALLMARK_MTORC1_SIGNALING,MCM4,1
HALLMARK_MYC_TARGETS_V2,MCM4,1
HALLMARK_MYC_TARGETS_V1,MCM4,1
HALLMARK_E2F_TARGETS,MCM4,1
HALLMARK_ALLOGRAFT_REJECTION,CFP,1
HALLMARK_MTORC1_SIGNALING,CFP,1
HALLMARK_MTORC1_SIGNALING,IGFBP5,1
HALLMARK_UV_RESPONSE_DN,IGFBP5,1
HALLMARK_MTORC1_SIGNALING,HSPE1,1
HALLMARK_MYC_TARGETS_V2,HSPE1,1
HALLMARK_MYC_TARGETS_V1,HSPE1,1
HALLMARK_MTORC1_SIGNALING,FKBP2,1
HALLMARK_FATTY_ACID_METABOLISM,RDH11,1
HALLMARK_MTORC1_SIGNALING,RDH11,1
HALLMARK_PEROXISOME,RDH11,1
HALLMARK_OXIDATIVE_PHOSPHORYLATION,ATP5MC1,1
HALLMARK_MTORC1_SIGNALING,ATP5MC1,1
HALLMARK_MTORC1_SIGNALING,POLR3G,1
HALLMARK_MTORC1_SIGNALING,PSMD12,1
HALLMARK_MTORC1_SIGNALING,PPA1,1
HALLMARK_MTORC1_SIGNALING,NUP205,1
HALLMARK_E2F_TARGETS,NUP205,1
HALLMARK_REACTIVE_OXYGEN_SPECIES_PATHWAY,G6PD,1
HALLMARK_MTORC1_SIGNALING,G6PD,1
HALLMARK_GLYCOLYSIS,G6PD,1
HALLMARK_MTORC1_SIGNALING,NUPR1,1
HALLMARK_P53_PATHWAY,NUPR1,1
HALLMARK_MTORC1_SIGNALING,PSMC6,1
HALLMARK_MYC_TARGETS_V1,PSMC6,1
HALLMARK_MTORC1_SIGNALING,UFM1,1
HALLMARK_MTORC1_SIGNALING,CYB5B,1
HALLMARK_UV_RESPONSE_UP,CYB5B,1
HALLMARK_MTORC1_SIGNALING,CACYBP,1
HALLMARK_MTORC1_SIGNALING,PSMB5,1
HALLMARK_MTORC1_SIGNALING,HSPA4,1
HALLMARK_MTORC1_SIGNALING,NFYC,1
HALLMARK_MTORC1_SIGNALING,EPRS1,1
HALLMARK_MYC_TARGETS_V1,EPRS1,1
HALLMARK_REACTIVE_OXYGEN_SPECIES_PATHWAY,TXNRD1,1
HALLMARK_MTORC1_SIGNALING,TXNRD1,1
HALLMARK_MTORC1_SIGNALING,STIP1,1
HALLMARK_UV_RESPONSE_UP,STIP1,1
HALLMARK_MTORC1_SIGNALING,HSPD1,1
HALLMARK_MYC_TARGETS_V1,HSPD1,1
HALLMARK_MYC_TARGETS_V2,HSPD1,1
HALLMARK_ALLOGRAFT_REJECTION,BCAT1,1
HALLMARK_XENOBIOTIC_METABOLISM,BCAT1,1
HALLMARK_MTORC1_SIGNALING,BCAT1,1
HALLMARK_MTORC1_SIGNALING,CORO1A,1
HALLMARK_MTORC1_SIGNALING,PSME3,1
HALLMARK_MTORC1_SIGNALING,CCT6A,1
HALLMARK_MTORC1_SIGNALING,CANX,1
HALLMARK_MYC_TARGETS_V1,CANX,1
HALLMARK_MTORC1_SIGNALING,ARPC5L,1
HALLMARK_MTORC1_SIGNALING,PNO1,1
HALLMARK_MTORC1_SIGNALING,PHGDH,1
HALLMARK_MTORC1_SIGNALING,ABCF2,1
HALLMARK_MTORC1_SIGNALING,PSMA4,1
HALLMARK_MYC_TARGETS_V1,PSMA4,1
HALLMARK_MTORC1_SIGNALING,PDAP1,1
HALLMARK_UV_RESPONSE_UP,PDAP1,1
HALLMARK_XENOBIOTIC_METABOLISM,SHMT2,1
HALLMARK_MTORC1_SIGNALING,SHMT2,1
HALLMARK_MTORC1_SIGNALING,EGLN3,1
HALLMARK_GLYCOLYSIS,EGLN3,1
HALLMARK_MTORC1_SIGNALING,PSMD14,1
HALLMARK_MYC_TARGETS_V1,PSMD14,1
HALLMARK_ALLOGRAFT_REJECTION,ITGB2,1
HALLMARK_MTORC1_SIGNALING,ITGB2,1
HALLMARK_KRAS_SIGNALING_UP,ITGB2,1
HALLMARK_MTORC1_SIGNALING,RPN1,1
HALLMARK_UV_RESPONSE_UP,RPN1,1
HALLMARK_MTORC1_SIGNALING,RAB1A,1
HALLMARK_MTORC1_SIGNALING,EIF2S2,1
HALLMARK_MYC_TARGETS_V1,EIF2S2,1
HALLMARK_MTORC1_SIGNALING,PPIA,1
HALLMARK_MYC_TARGETS_V1,PPIA,1
HALLMARK_GLYCOLYSIS,PPIA,1
HALLMARK_MTORC1_SIGNALING,PSPH,1
HALLMARK_REACTIVE_OXYGEN_SPECIES_PATHWAY,PRDX1,1
HALLMARK_MTORC1_SIGNALING,PRDX1,1
HALLMARK_PEROXISOME,PRDX1,1
HALLMARK_MTORC1_SIGNALING,GOT1,1
HALLMARK_GLYCOLYSIS,GOT1,1
HALLMARK_MTORC1_SIGNALING,SERPINH1,1
HALLMARK_EPITHELIAL_MESENCHYMAL_TRANSITION,SERPINH1,1
HALLMARK_MTORC1_SIGNALING,COPS5,1
HALLMARK_MYC_TARGETS_V1,COPS5,1
HALLMARK_MTORC1_SIGNALING,GMPS,1
HALLMARK_HEME_METABOLISM,GMPS,1
HALLMARK_MTORC1_SIGNALING,TOMM40,1
HALLMARK_MTORC1_SIGNALING,DHFR,1
HALLMARK_MTORC1_SIGNALING,PSMC2,1
HALLMARK_MTORC1_SIGNALING,HMBS,1
HALLMARK_HEME_METABOLISM,HMBS,1
HALLMARK_MTORC1_SIGNALING,MTHFD2L,1
HALLMARK_MTORC1_SIGNALING,EEF1E1,1
HALLMARK_XENOBIOTIC_METABOLISM,ATP2A2,1
HALLMARK_MTORC1_SIGNALING,ATP2A2,1
HALLMARK_INFLAMMATORY_RESPONSE,ATP2A2,1
HALLMARK_MTORC1_SIGNALING,TCEA1,1
HALLMARK_HEME_METABOLISM,TCEA1,1
HALLMARK_MTORC1_SIGNALING,GGA2,1
HALLMARK_MTORC1_SIGNALING,PLOD2,1
HALLMARK_GLYCOLYSIS,PLOD2,1
HALLMARK_EPITHELIAL_MESENCHYMAL_TRANSITION,PLOD2,1
HALLMARK_MTORC1_SIGNALING,PSMC4,1
HALLMARK_MYC_TARGETS_V1,PSMC4,1
HALLMARK_GLYCOLYSIS,PSMC4,1
HALLMARK_MTORC1_SIGNALING,SLC7A11,1
HALLMARK_HEME_METABOLISM,SLC7A11,1
HALLMARK_P53_PATHWAY,SLC7A11,1
HALLMARK_MTORC1_SIGNALING,SRD5A1,1
HALLMARK_MTORC1_SIGNALING,PITPNB,1
HALLMARK_OXIDATIVE_PHOSPHORYLATION,ATP6V1D,1
HALLMARK_MTORC1_SIGNALING,ATP6V1D,1
HALLMARK_MTORC1_SIGNALING,SYTL2,1
HALLMARK_MTORC1_SIGNALING,CCNG1,1
HALLMARK_P53_PATHWAY,CCNG1,1
HALLMARK_MTORC1_SIGNALING,RRM2,1
HALLMARK_E2F_TARGETS,RRM2,1
HALLMARK_MTORC1_SIGNALING,UNG,1
HALLMARK_MYC_TARGETS_V2,UNG,1
HALLMARK_E2F_TARGETS,UNG,1
HALLMARK_MTORC1_SIGNALING,NUFIP1,1
HALLMARK_MTORC1_SIGNALING,RPA1,1
HALLMARK_E2F_TARGETS,RPA1,1
HALLMARK_MTORC1_SIGNALING,PSMD13,1
HALLMARK_MTORC1_SIGNALING,TFRC,1
HALLMARK_HEME_METABOLISM,TFRC,1
HALLMARK_E2F_TARGETS,TFRC,1
HALLMARK_UV_RESPONSE_UP,TFRC,1
HALLMARK_MTORC1_SIGNALING,SDF2L1,1
HALLMARK_SPERMATOGENESIS,PSMG1,1
HALLMARK_MTORC1_SIGNALING,PSMG1,1
HALLMARK_MTORC1_SIGNALING,MLLT11,1
HALLMARK_E2F_TARGETS,PAICS,1
HALLMARK_E2F_TARGETS,PSMC3IP,1
HALLMARK_E2F_TARGETS,GINS4,1
HALLMARK_E2F_TARGETS,LYAR,1
HALLMARK_E2F_TARGETS,UBR7,1
HALLMARK_IL2_STAT5_SIGNALING,CCNE1,1
HALLMARK_E2F_TARGETS,CCNE1,1
HALLMARK_UV_RESPONSE_UP,CCNE1,1
HALLMARK_E2F_TARGETS,MELK,1
HALLMARK_E2F_TARGETS,NUP107,1
HALLMARK_E2F_TARGETS,NCAPD2,1
HALLMARK_E2F_TARGETS,NAA38,1
HALLMARK_REACTIVE_OXYGEN_SPECIES_PATHWAY,PRDX4,1
HALLMARK_MYC_TARGETS_V1,PRDX4,1
HALLMARK_E2F_TARGETS,PRDX4,1
HALLMARK_E2F_TARGETS,IPO7,1
HALLMARK_MYC_TARGETS_V1,NAP1L1,1
HALLMARK_E2F_TARGETS,NAP1L1,1
HALLMARK_E2F_TARGETS,CENPM,1
HALLMARK_E2F_TARGETS,CIT,1
HALLMARK_E2F_TARGETS,RAD1,1
HALLMARK_E2F_TARGETS,EXOSC8,1
HALLMARK_E2F_TARGETS,DNMT1,1
HALLMARK_E2F_TARGETS,BUB1B,1
HALLMARK_MYC_TARGETS_V1,MCM7,1
HALLMARK_E2F_TARGETS,MCM7,1
HALLMARK_EPITHELIAL_MESENCHYMAL_TRANSITION,MCM7,1
HALLMARK_E2F_TARGETS,ORC2,1
HALLMARK_MYC_TARGETS_V1,ORC2,1
HALLMARK_E2F_TARGETS,SLBP,1
HALLMARK_E2F_TARGETS,MSH2,1
HALLMARK_PEROXISOME,MSH2,1
HALLMARK_MYC_TARGETS_V1,RAN,1
HALLMARK_E2F_TARGETS,RAN,1
HALLMARK_E2F_TARGETS,DCLRE1B,1
HALLMARK_E2F_TARGETS,UBE2T,1
HALLMARK_E2F_TARGETS,MXD3,1
HALLMARK_E2F_TARGETS,EED,1
HALLMARK_E2F_TARGETS,DCK,1
HALLMARK_E2F_TARGETS,ATAD2,1
HALLMARK_E2F_TARGETS,CHEK2,1
HALLMARK_E2F_TARGETS,SPAG5,1
HALLMARK_MYC_TARGETS_V1,POLD2,1
HALLMARK_E2F_TARGETS,POLD2,1
HALLMARK_E2F_TARGETS,LUC7L3,1
HALLMARK_E2F_TARGETS,CBX5,1
HALLMARK_E2F_TARGETS,ASF1A,1
HALLMARK_E2F_TARGETS,NBN,1
HALLMARK_FATTY_ACID_METABOLISM,NBN,1
HALLMARK_E2F_TARGETS,SMC6,1
HALLMARK_E2F_TARGETS,PNN,1
HALLMARK_E2F_TARGETS,TIPIN,1
HALLMARK_E2F_TARGETS,E2F8,1
HALLMARK_E2F_TARGETS,PSIP1,1
HALLMARK_E2F_TARGETS,RAD50,1
HALLMARK_E2F_TARGETS,CNOT9,1
HALLMARK_E2F_TARGETS,SNRPB,1
HALLMARK_E2F_TARGETS,GINS3,1
HALLMARK_E2F_TARGETS,PPP1R8,1
HALLMARK_E2F_TARGETS,TK1,1
HALLMARK_E2F_TARGETS,DCTPP1,1
HALLMARK_MYC_TARGETS_V2,DCTPP1,1
HALLMARK_E2F_TARGETS,TCF19,1
HALLMARK_E2F_TARGETS,TIMELESS,1
HALLMARK_ALLOGRAFT_REJECTION,CDKN2A,1
HALLMARK_P53_PATHWAY,CDKN2A,1
HALLMARK_E2F_TARGETS,CDKN2A,1
HALLMARK_E2F_TARGETS,GINS1,1
HALLMARK_E2F_TARGETS,BRMS1L,1
HALLMARK_E2F_TARGETS,CDCA8,1
HALLMARK_E2F_TARGETS,TRIP13,1
HALLMARK_MYC_TARGETS_V1,RANBP1,1
HALLMARK_E2F_TARGETS,RANBP1,1
HALLMARK_E2F_TARGETS,WDR90,1
HALLMARK_E2F_TARGETS,POP7,1
HALLMARK_MYC_TARGETS_V1,DEK,1
HALLMARK_E2F_TARGETS,DEK,1
HALLMARK_E2F_TARGETS,DEPDC1,1
HALLMARK_GLYCOLYSIS,DEPDC1,1
HALLMARK_E2F_TARGETS,ASF1B,1
HALLMARK_E2F_TARGETS,MRE11,1
HALLMARK_E2F_TARGETS,MMS22L,1
HALLMARK_E2F_TARGETS,DONSON,1
HALLMARK_E2F_TARGETS,RAD51AP1,1
HALLMARK_MYC_TARGETS_V1,USP1,1
HALLMARK_E2F_TARGETS,USP1,1
HALLMARK_E2F_TARGETS,DIAPH3,1
HALLMARK_E2F_TARGETS,SHMT1,1
HALLMARK_E2F_TARGETS,HELLS,1
HALLMARK_P53_PATHWAY,RAD51C,1
HALLMARK_E2F_TARGETS,RAD51C,1
HALLMARK_E2F_TARGETS,CSE1L,1
HALLMARK_E2F_TARGETS,DSCC1,1
HALLMARK_E2F_TARGETS,PAN2,1
HALLMARK_E2F_TARGETS,PMS2,1
HALLMARK_P53_PATHWAY,CCP110,1
HALLMARK_E2F_TARGETS,CCP110,1
HALLMARK_P53_PATHWAY,PPM1D,1
HALLMARK_E2F_TARGETS,PPM1D,1
HALLMARK_E2F_TARGETS,NUP153,1
HALLMARK_MYC_TARGETS_V1,CTPS1,1
HALLMARK_PEROXISOME,CTPS1,1
HALLMARK_E2F_TARGETS,CTPS1,1
HALLMARK_E2F_TARGETS,MLH1,1
HALLMARK_E2F_TARGETS,PRPS1,1
HALLMARK_GLYCOLYSIS,PRPS1,1
HALLMARK_E2F_TARGETS,ING3,1
HALLMARK_E2F_TARGETS,KIF18B,1
HALLMARK_E2F_TARGETS,PRKDC,1
HALLMARK_E2F_TARGETS,SPC24,1
HALLMARK_E2F_TARGETS,SPC25,1
HALLMARK_E2F_TARGETS,CDCA3,1
HALLMARK_E2F_TARGETS,RBBP7,1
HALLMARK_E2F_TARGETS,PHF5A,1
HALLMARK_E2F_TARGETS,TUBB,1
HALLMARK_E2F_TARGETS,TBRG4,1
HALLMARK_MYC_TARGETS_V2,TBRG4,1
HALLMARK_MYC_TARGETS_V1,PABPC1,1
HALLMARK_PEROXISOME,PABPC1,1
HALLMARK_MYC_TARGETS_V1,RPL22,1
HALLMARK_MYC_TARGETS_V1,RUVBL2,1
HALLMARK_MYC_TARGETS_V1,POLE3,1
HALLMARK_UV_RESPONSE_UP,POLE3,1
HALLMARK_MYC_TARGETS_V1,YWHAQ,1
HALLMARK_MYC_TARGETS_V1,SRSF3,1
HALLMARK_MYC_TARGETS_V1,RPL34,1
HALLMARK_MYC_TARGETS_V1,UBE2L3,1
HALLMARK_MYC_TARGETS_V1,HDDC2,1
HALLMARK_MYC_TARGETS_V1,SNRPB2,1
HALLMARK_MYC_TARGETS_V1,RACK1,1
HALLMARK_P53_PATHWAY,RACK1,1
HALLMARK_MYC_TARGETS_V1,PSMA1,1
HALLMARK_MYC_TARGETS_V1,CCT5,1
HALLMARK_FATTY_ACID_METABOLISM,APEX1,1
HALLMARK_MYC_TARGETS_V1,APEX1,1
HALLMARK_MYC_TARGETS_V1,HNRNPR,1
HALLMARK_OXIDATIVE_PHOSPHORYLATION,VDAC1,1
HALLMARK_MYC_TARGETS_V1,VDAC1,1
HALLMARK_MYC_TARGETS_V1,SNRPG,1
HALLMARK_MYC_TARGETS_V2,CBX3,1
HALLMARK_MYC_TARGETS_V1,CBX3,1
HALLMARK_MYC_TARGETS_V1,EIF4G2,1
HALLMARK_MYC_TARGETS_V1,SERBP1,1
HALLMARK_MYC_TARGETS_V1,EIF4H,1
HALLMARK_MYC_TARGETS_V1,PSMD7,1
HALLMARK_MYC_TARGETS_V1,TARDBP,1
HALLMARK_MYC_TARGETS_V1,RRM1,1
HALLMARK_MYC_TARGETS_V1,TRIM28,1
HALLMARK_MYC_TARGETS_V1,PSMA7,1
HALLMARK_MYC_TARGETS_V1,RNPS1,1
HALLMARK_MYC_TARGETS_V1,FAM120A,1
HALLMARK_MYC_TARGETS_V1,PSMA6,1
HALLMARK_XENOBIOTIC_METABOLISM,KARS1,1
HALLMARK_MYC_TARGETS_V1,KARS1,1
HALLMARK_MYC_TARGETS_V1,SNRPA,1
HALLMARK_MYC_TARGETS_V1,HNRNPC,1
HALLMARK_MYC_TARGETS_V1,FBL,1
HALLMARK_XENOBIOTIC_METABOLISM,ACP1,1
HALLMARK_MYC_TARGETS_V1,ACP1,1
HALLMARK_MYC_TARGETS_V1,HNRNPA3,1
HALLMARK_MYC_TARGETS_V1,RPS10,1
HALLMARK_MYC_TARGETS_V1,SF3B3,1
HALLMARK_MYC_TARGETS_V1,RPLP0,1
HALLMARK_MYC_TARGETS_V1,HNRNPA1,1
HALLMARK_MYC_TARGETS_V1,DHX15,1
HALLMARK_MYC_TARGETS_V1,RPS6,1
HALLMARK_MYC_TARGETS_V1,EIF1AX,1
HALLMARK_MYC_TARGETS_V1,SRPK1,1
HALLMARK_OXIDATIVE_PHOSPHORYLATION,TOMM70,1
HALLMARK_MYC_TARGETS_V1,TOMM70,1
HALLMARK_MYC_TARGETS_V1,ERH,1
HALLMARK_MYC_TARGETS_V2,GNL3,1
HALLMARK_MYC_TARGETS_V1,GNL3,1
HALLMARK_MYC_TARGETS_V1,SNRPA1,1
HALLMARK_MYC_TARGETS_V1,MRPS18B,1
HALLMARK_MYC_TARGETS_V1,CCT2,1
HALLMARK_MYC_TARGETS_V1,PSMD1,1
HALLMARK_MYC_TARGETS_V1,LSM2,1
HALLMARK_MYC_TARGETS_V1,U2AF1,1
HALLMARK_XENOBIOTIC_METABOLISM,PTGES3,1
HALLMARK_MYC_TARGETS_V1,PTGES3,1
HALLMARK_MYC_TARGETS_V2,AIMP2,1
HALLMARK_MYC_TARGETS_V1,AIMP2,1
HALLMARK_MYC_TARGETS_V1,SSB,1
HALLMARK_MYC_TARGETS_V1,CSTF2,1
HALLMARK_MYC_TARGETS_V1,PRPF31,1
HALLMARK_MYC_TARGETS_V1,SNRPD2,1
HALLMARK_OXIDATIVE_PHOSPHORYLATION,SLC25A3,1
HALLMARK_MYC_TARGETS_V1,SLC25A3,1
HALLMARK_MYC_TARGETS_V1,PRPS2,1
HALLMARK_MYC_TARGETS_V1,RSL1D1,1
HALLMARK_OXIDATIVE_PHOSPHORYLATION,GOT2,1
HALLMARK_MYC_TARGETS_V1,GOT2,1
HALLMARK_GLYCOLYSIS,GOT2,1
HALLMARK_MYC_TARGETS_V1,RPL14,1
HALLMARK_MYC_TARGETS_V1,CCT4,1
HALLMARK_MYC_TARGETS_V2,PHB1,1
HALLMARK_MYC_TARGETS_V1,PHB1,1
HALLMARK_MYC_TARGETS_V1,RPS5,1
HALLMARK_MYC_TARGETS_V1,MRPL9,1
HALLMARK_MYC_TARGETS_V1,UBA2,1
HALLMARK_MYC_TARGETS_V1,HSP90AB1,1
HALLMARK_MYC_TARGETS_V1,EIF3B,1
HALLMARK_ALLOGRAFT_REJECTION,ABCE1,1
HALLMARK_MYC_TARGETS_V1,ABCE1,1
HALLMARK_OXIDATIVE_PHOSPHORYLATION,VDAC3,1
HALLMARK_SPERMATOGENESIS,VDAC3,1
HALLMARK_MYC_TARGETS_V1,VDAC3,1
HALLMARK_ALLOGRAFT_REJECTION,EIF3J,1
HALLMARK_MYC_TARGETS_V1,EIF3J,1
HALLMARK_MYC_TARGETS_V1,SNRPD3,1
HALLMARK_MYC_TARGETS_V1,SF3A1,1
HALLMARK_MYC_TARGETS_V1,TCP1,1
HALLMARK_MYC_TARGETS_V1,EXOSC7,1
HALLMARK_UV_RESPONSE_UP,MRPL23,1
HALLMARK_MYC_TARGETS_V1,MRPL23,1
HALLMARK_MYC_TARGETS_V1,RPL6,1
HALLMARK_MYC_TARGETS_V1,PSMB3,1
HALLMARK_MYC_TARGETS_V1,CLNS1A,1
HALLMARK_MYC_TARGETS_V1,GLO1,1
HALLMARK_MYC_TARGETS_V1,CCT7,1
HALLMARK_MYC_TARGETS_V1,CAD,1
HALLMARK_MYC_TARGETS_V1,CNBP,1
HALLMARK_PEROXISOME,CNBP,1
HALLMARK_MYC_TARGETS_V2,SRM,1
HALLMARK_MYC_TARGETS_V1,SRM,1
HALLMARK_MYC_TARGETS_V1,EEF1B2,1
HALLMARK_MYC_TARGETS_V1,RPL18,1
HALLMARK_P53_PATHWAY,RPL18,1
HALLMARK_MYC_TARGETS_V1,PPM1G,1
HALLMARK_MYC_TARGETS_V1,SRSF7,1
HALLMARK_MYC_TARGETS_V1,LSM7,1
HALLMARK_MYC_TARGETS_V1,PCBP1,1
HALLMARK_OXIDATIVE_PHOSPHORYLATION,PHB2,1
HALLMARK_MYC_TARGETS_V1,PHB2,1
HALLMARK_MYC_TARGETS_V1,PSMD8,1
HALLMARK_MYC_TARGETS_V1,PWP1,1
HALLMARK_MYC_TARGETS_V1,VBP1,1
HALLMARK_MYC_TARGETS_V1,RPS3,1
HALLMARK_MYC_TARGETS_V1,RPS2,1
HALLMARK_MYC_TARGETS_V1,PABPC4,1
HALLMARK_MYC_TARGETS_V1,TXNL4A,1
HALLMARK_MYC_TARGETS_V1,PSMD3,1
HALLMARK_MYC_TARGETS_V1,SSBP1,1
HALLMARK_HEME_METABOLISM,HDGF,1
HALLMARK_MYC_TARGETS_V1,HDGF,1
HALLMARK_MYC_TARGETS_V1,DDX21,1
HALLMARK_UV_RESPONSE_UP,DDX21,1
HALLMARK_MYC_TARGETS_V1,TUFM,1
HALLMARK_MYC_TARGETS_V1,STARD7,1
HALLMARK_MYC_TARGETS_V1,UBE2E1,1
HALLMARK_MYC_TARGETS_V1,NCBP1,1
HALLMARK_MYC_TARGETS_V1,CCT3,1
HALLMARK_MYC_TARGETS_V1,C1QBP,1
HALLMARK_OXIDATIVE_PHOSPHORYLATION,COX5A,1
HALLMARK_MYC_TARGETS_V1,COX5A,1
HALLMARK_MYC_TARGETS_V1,HNRNPA2B1,1
HALLMARK_ALLOGRAFT_REJECTION,EIF3D,1
HALLMARK_MYC_TARGETS_V1,EIF3D,1
HALLMARK_MYC_TARGETS_V2,DDX18,1
HALLMARK_MYC_TARGETS_V1,DDX18,1
HALLMARK_MYC_TARGETS_V1,ILF2,1
HALLMARK_MYC_TARGETS_V2,NOP16,1
HALLMARK_MYC_TARGETS_V1,NOP16,1
HALLMARK_MYC_TARGETS_V1,SET,1
HALLMARK_MYC_TARGETS_V2,MAP3K6,1
HALLMARK_IL2_STAT5_SIGNALING,SLC29A2,1
HALLMARK_MYC_TARGETS_V2,SLC29A2,1
HALLMARK_MYC_TARGETS_V2,RCL1,1
HALLMARK_HEME_METABOLISM,RCL1,1
HALLMARK_MYC_TARGETS_V2,FARSA,1
HALLMARK_MYC_TARGETS_V2,TCOF1,1
HALLMARK_MYC_TARGETS_V2,IMP4,1
HALLMARK_MYC_TARGETS_V2,PPRC1,1
HALLMARK_MYC_TARGETS_V2,WDR74,1
HALLMARK_MYC_TARGETS_V2,MRTO4,1
HALLMARK_IL2_STAT5_SIGNALING,NOP2,1
HALLMARK_MYC_TARGETS_V2,NOP2,1
HALLMARK_MYC_TARGETS_V2,PPAN,1
HALLMARK_MYC_TARGETS_V2,BYSL,1
HALLMARK_MYC_TARGETS_V2,NOC4L,1
HALLMARK_MYC_TARGETS_V2,WDR43,1
HALLMARK_MYC_TARGETS_V2,PES1,1
HALLMARK_MYC_TARGETS_V2,TFB2M,1
HALLMARK_MYC_TARGETS_V2,GRWD1,1
HALLMARK_OXIDATIVE_PHOSPHORYLATION,SUPV3L1,1
HALLMARK_MYC_TARGETS_V2,SUPV3L1,1
HALLMARK_MYC_TARGETS_V2,MPHOSPH10,1
HALLMARK_IL2_STAT5_SIGNALING,PUS1,1
HALLMARK_MYC_TARGETS_V2,PUS1,1
HALLMARK_MYC_TARGETS_V2,PRMT3,1
HALLMARK_MYC_TARGETS_V2,UTP20,1
HALLMARK_MYC_TARGETS_V2,LAS1L,1
HALLMARK_MYC_TARGETS_V2,IPO4,1
HALLMARK_MYC_TARGETS_V2,NIP7,1
HALLMARK_MYC_TARGETS_V2,RABEPK,1
HALLMARK_MYC_TARGETS_V2,NDUFAF4,1
HALLMARK_EPITHELIAL_MESENCHYMAL_TRANSITION,COL7A1,1
HALLMARK_EPITHELIAL_MESENCHYMAL_TRANSITION,ECM2,1
HALLMARK_EPITHELIAL_MESENCHYMAL_TRANSITION,NID2,1
HALLMARK_EPITHELIAL_MESENCHYMAL_TRANSITION,EFEMP2,1
HALLMARK_UV_RESPONSE_DN,SNAI2,1
HALLMARK_EPITHELIAL_MESENCHYMAL_TRANSITION,SNAI2,1
HALLMARK_EPITHELIAL_MESENCHYMAL_TRANSITION,BASP1,1
HALLMARK_EPITHELIAL_MESENCHYMAL_TRANSITION,SGCB,1
HALLMARK_IL2_STAT5_SIGNALING,APLP1,1
HALLMARK_EPITHELIAL_MESENCHYMAL_TRANSITION,APLP1,1
HALLMARK_EPITHELIAL_MESENCHYMAL_TRANSITION,COL8A2,1
HALLMARK_EPITHELIAL_MESENCHYMAL_TRANSITION,ANPEP,1
HALLMARK_EPITHELIAL_MESENCHYMAL_TRANSITION,MSX1,1
HALLMARK_ANGIOGENESIS,MSX1,1
HALLMARK_UV_RESPONSE_UP,MSX1,1
HALLMARK_EPITHELIAL_MESENCHYMAL_TRANSITION,ACTA2,1
HALLMARK_FATTY_ACID_METABOLISM,LGALS1,1
HALLMARK_EPITHELIAL_MESENCHYMAL_TRANSITION,LGALS1,1
HALLMARK_EPITHELIAL_MESENCHYMAL_TRANSITION,GPX7,1
HALLMARK_EPITHELIAL_MESENCHYMAL_TRANSITION,FBN2,1
HALLMARK_EPITHELIAL_MESENCHYMAL_TRANSITION,ELN,1
HALLMARK_EPITHELIAL_MESENCHYMAL_TRANSITION,CALU,1
HALLMARK_UV_RESPONSE_DN,DAB2,1
HALLMARK_EPITHELIAL_MESENCHYMAL_TRANSITION,DAB2,1
HALLMARK_EPITHELIAL_MESENCHYMAL_TRANSITION,COL12A1,1
HALLMARK_EPITHELIAL_MESENCHYMAL_TRANSITION,PPIB,1
HALLMARK_EPITHELIAL_MESENCHYMAL_TRANSITION,VIM,1
HALLMARK_EPITHELIAL_MESENCHYMAL_TRANSITION,MATN2,1
HALLMARK_EPITHELIAL_MESENCHYMAL_TRANSITION,PDLIM4,1
HALLMARK_EPITHELIAL_MESENCHYMAL_TRANSITION,CRLF1,1
HALLMARK_EPITHELIAL_MESENCHYMAL_TRANSITION,SPOCK1,1
HALLMARK_ANGIOGENESIS,POSTN,1
HALLMARK_EPITHELIAL_MESENCHYMAL_TRANSITION,POSTN,1
HALLMARK_UV_RESPONSE_DN,COL1A2,1
HALLMARK_EPITHELIAL_MESENCHYMAL_TRANSITION,COL1A2,1
HALLMARK_EPITHELIAL_MESENCHYMAL_TRANSITION,DPYSL3,1
HALLMARK_UV_RESPONSE_DN,RGS4,1
HALLMARK_EPITHELIAL_MESENCHYMAL_TRANSITION,RGS4,1
HALLMARK_UV_RESPONSE_DN,BDNF,1
HALLMARK_EPITHELIAL_MESENCHYMAL_TRANSITION,BDNF,1
HALLMARK_EPITHELIAL_MESENCHYMAL_TRANSITION,WIPF1,1
HALLMARK_EPITHELIAL_MESENCHYMAL_TRANSITION,FERMT2,1
HALLMARK_GLYCOLYSIS,QSOX1,1
HALLMARK_EPITHELIAL_MESENCHYMAL_TRANSITION,QSOX1,1
HALLMARK_EPITHELIAL_MESENCHYMAL_TRANSITION,PTHLH,1
HALLMARK_EPITHELIAL_MESENCHYMAL_TRANSITION,LOXL1,1
HALLMARK_EPITHELIAL_MESENCHYMAL_TRANSITION,NTM,1
HALLMARK_EPITHELIAL_MESENCHYMAL_TRANSITION,EDIL3,1
HALLMARK_COAGULATION,MMP3,1
HALLMARK_EPITHELIAL_MESENCHYMAL_TRANSITION,MMP3,1
HALLMARK_INFLAMMATORY_RESPONSE,PVR,1
HALLMARK_EPITHELIAL_MESENCHYMAL_TRANSITION,PVR,1
HALLMARK_EPITHELIAL_MESENCHYMAL_TRANSITION,GLIPR1,1
HALLMARK_IL2_STAT5_SIGNALING,SPP1,1
HALLMARK_EPITHELIAL_MESENCHYMAL_TRANSITION,SPP1,1
HALLMARK_ANGIOGENESIS,SPP1,1
HALLMARK_KRAS_SIGNALING_UP,SPP1,1
HALLMARK_UV_RESPONSE_DN,PMP22,1
HALLMARK_EPITHELIAL_MESENCHYMAL_TRANSITION,PMP22,1
HALLMARK_EPITHELIAL_MESENCHYMAL_TRANSITION,NNMT,1
HALLMARK_EPITHELIAL_MESENCHYMAL_TRANSITION,MXRA5,1
HALLMARK_EPITHELIAL_MESENCHYMAL_TRANSITION,PCOLCE2,1
HALLMARK_UV_RESPONSE_DN,FBLN5,1
HALLMARK_EPITHELIAL_MESENCHYMAL_TRANSITION,FBLN5,1
HALLMARK_EPITHELIAL_MESENCHYMAL_TRANSITION,TPM4,1
HALLMARK_COAGULATION,MMP1,1
HALLMARK_EPITHELIAL_MESENCHYMAL_TRANSITION,MMP1,1
HALLMARK_EPITHELIAL_MESENCHYMAL_TRANSITION,FSTL3,1
HALLMARK_KRAS_SIGNALING_DN,IGFBP2,1
HALLMARK_UV_RESPONSE_UP,IGFBP2,1
HALLMARK_EPITHELIAL_MESENCHYMAL_TRANSITION,IGFBP2,1
HALLMARK_EPITHELIAL_MESENCHYMAL_TRANSITION,SLIT3,1
HALLMARK_EPITHELIAL_MESENCHYMAL_TRANSITION,MFAP5,1
HALLMARK_EPITHELIAL_MESENCHYMAL_TRANSITION,FBLN2,1
HALLMARK_EPITHELIAL_MESENCHYMAL_TRANSITION,PCOLCE,1
HALLMARK_P53_PATHWAY,FUCA1,1
HALLMARK_KRAS_SIGNALING_UP,FUCA1,1
HALLMARK_EPITHELIAL_MESENCHYMAL_TRANSITION,FUCA1,1
HALLMARK_EPITHELIAL_MESENCHYMAL_TRANSITION,COPA,1
HALLMARK_EPITHELIAL_MESENCHYMAL_TRANSITION,MGP,1
HALLMARK_EPITHELIAL_MESENCHYMAL_TRANSITION,MATN3,1
HALLMARK_ANGIOGENESIS,COL5A2,1
HALLMARK_UV_RESPONSE_DN,COL5A2,1
HALLMARK_EPITHELIAL_MESENCHYMAL_TRANSITION,COL5A2,1
HALLMARK_EPITHELIAL_MESENCHYMAL_TRANSITION,COLGALT1,1
HALLMARK_IL2_STAT5_SIGNALING,NT5E,1
HALLMARK_GLYCOLYSIS,NT5E,1
HALLMARK_EPITHELIAL_MESENCHYMAL_TRANSITION,NT5E,1
HALLMARK_INFLAMMATORY_RESPONSE,EMP3,1
HALLMARK_EPITHELIAL_MESENCHYMAL_TRANSITION,EMP3,1
HALLMARK_EPITHELIAL_MESENCHYMAL_TRANSITION,CALD1,1
HALLMARK_UV_RESPONSE_DN,LAMC1,1
HALLMARK_EPITHELIAL_MESENCHYMAL_TRANSITION,LAMC1,1
HALLMARK_EPITHELIAL_MESENCHYMAL_TRANSITION,CXCL8,1
HALLMARK_INFLAMMATORY_RESPONSE,CXCL8,1
HALLMARK_P53_PATHWAY,SDC1,1
HALLMARK_GLYCOLYSIS,SDC1,1
HALLMARK_EPITHELIAL_MESENCHYMAL_TRANSITION,SDC1,1
HALLMARK_GLYCOLYSIS,PLOD1,1
HALLMARK_EPITHELIAL_MESENCHYMAL_TRANSITION,PLOD1,1
HALLMARK_EPITHELIAL_MESENCHYMAL_TRANSITION,COL5A3,1
HALLMARK_EPITHELIAL_MESENCHYMAL_TRANSITION,FMOD,1
HALLMARK_EPITHELIAL_MESENCHYMAL_TRANSITION,SFRP4,1
HALLMARK_EPITHELIAL_MESENCHYMAL_TRANSITION,PFN2,1
HALLMARK_EPITHELIAL_MESENCHYMAL_TRANSITION,THBS2,1
HALLMARK_EPITHELIAL_MESENCHYMAL_TRANSITION,SNTB1,1
HALLMARK_EPITHELIAL_MESENCHYMAL_TRANSITION,GREM1,1
HALLMARK_EPITHELIAL_MESENCHYMAL_TRANSITION,VEGFC,1
HALLMARK_EPITHELIAL_MESENCHYMAL_TRANSITION,IL32,1
HALLMARK_EPITHELIAL_MESENCHYMAL_TRANSITION,CTHRC1,1
HALLMARK_ANGIOGENESIS,FSTL1,1
HALLMARK_EPITHELIAL_MESENCHYMAL_TRANSITION,FSTL1,1
HALLMARK_EPITHELIAL_MESENCHYMAL_TRANSITION,LOXL2,1
HALLMARK_EPITHELIAL_MESENCHYMAL_TRANSITION,PLOD3,1
HALLMARK_COAGULATION,COMP,1
HALLMARK_EPITHELIAL_MESENCHYMAL_TRANSITION,COMP,1
HALLMARK_EPITHELIAL_MESENCHYMAL_TRANSITION,TPM1,1
HALLMARK_ALLOGRAFT_REJECTION,CAPG,1
HALLMARK_IL2_STAT5_SIGNALING,CAPG,1
HALLMARK_EPITHELIAL_MESENCHYMAL_TRANSITION,CAPG,1
HALLMARK_EPITHELIAL_MESENCHYMAL_TRANSITION,CDH2,1
HALLMARK_EPITHELIAL_MESENCHYMAL_TRANSITION,FOXC2,1
HALLMARK_INFLAMMATORY_RESPONSE,ITGA5,1
HALLMARK_EPITHELIAL_MESENCHYMAL_TRANSITION,ITGA5,1
HALLMARK_EPITHELIAL_MESENCHYMAL_TRANSITION,P3H1,1
HALLMARK_COAGULATION,HTRA1,1
HALLMARK_EPITHELIAL_MESENCHYMAL_TRANSITION,HTRA1,1
HALLMARK_KRAS_SIGNALING_UP,PRRX1,1
HALLMARK_EPITHELIAL_MESENCHYMAL_TRANSITION,PRRX1,1
HALLMARK_EPITHELIAL_MESENCHYMAL_TRANSITION,ABI3BP,1
HALLMARK_EPITHELIAL_MESENCHYMAL_TRANSITION,LRRC15,1
HALLMARK_PEROXISOME,CADM1,1
HALLMARK_EPITHELIAL_MESENCHYMAL_TRANSITION,CADM1,1
HALLMARK_UV_RESPONSE_DN,COL11A1,1
HALLMARK_EPITHELIAL_MESENCHYMAL_TRANSITION,COL11A1,1
HALLMARK_XENOBIOTIC_METABOLISM,FBLN1,1
HALLMARK_EPITHELIAL_MESENCHYMAL_TRANSITION,FBLN1,1
HALLMARK_EPITHELIAL_MESENCHYMAL_TRANSITION,SERPINE2,1
HALLMARK_EPITHELIAL_MESENCHYMAL_TRANSITION,MAGEE1,1
HALLMARK_EPITHELIAL_MESENCHYMAL_TRANSITION,FAP,1
HALLMARK_IL2_STAT5_SIGNALING,ECM1,1
HALLMARK_EPITHELIAL_MESENCHYMAL_TRANSITION,ECM1,1
HALLMARK_UV_RESPONSE_DN,CAP2,1
HALLMARK_EPITHELIAL_MESENCHYMAL_TRANSITION,CAP2,1
HALLMARK_EPITHELIAL_MESENCHYMAL_TRANSITION,SFRP1,1
HALLMARK_EPITHELIAL_MESENCHYMAL_TRANSITION,PRSS2,1
HALLMARK_EPITHELIAL_MESENCHYMAL_TRANSITION,OXTR,1
HALLMARK_EPITHELIAL_MESENCHYMAL_TRANSITION,LAMA1,1
HALLMARK_INFLAMMATORY_RESPONSE,CD70,1
HALLMARK_INFLAMMATORY_RESPONSE,SLC28A2,1
HALLMARK_IL2_STAT5_SIGNALING,PTGER2,1
HALLMARK_INFLAMMATORY_RESPONSE,PTGER2,1
HALLMARK_INFLAMMATORY_RESPONSE,RNF144B,1
HALLMARK_INFLAMMATORY_RESPONSE,CD82,1
HALLMARK_P53_PATHWAY,CD82,1
HALLMARK_INFLAMMATORY_RESPONSE,OSM,1
HALLMARK_INFLAMMATORY_RESPONSE,HRH1,1
HALLMARK_INFLAMMATORY_RESPONSE,LTA,1
HALLMARK_INFLAMMATORY_RESPONSE,AXL,1
HALLMARK_ALLOGRAFT_REJECTION,NLRP3,1
HALLMARK_INFLAMMATORY_RESPONSE,NLRP3,1
HALLMARK_INFLAMMATORY_RESPONSE,SCN1B,1
HALLMARK_KRAS_SIGNALING_UP,SCN1B,1
HALLMARK_INFLAMMATORY_RESPONSE,CALCRL,1
HALLMARK_HEME_METABOLISM,SLC11A2,1
HALLMARK_INFLAMMATORY_RESPONSE,SLC11A2,1
HALLMARK_INFLAMMATORY_RESPONSE,FFAR2,1
HALLMARK_INFLAMMATORY_RESPONSE,TNFSF15,1
HALLMARK_ALLOGRAFT_REJECTION,STAB1,1
HALLMARK_INFLAMMATORY_RESPONSE,STAB1,1
HALLMARK_COAGULATION,HPN,1
HALLMARK_INFLAMMATORY_RESPONSE,HPN,1
HALLMARK_INFLAMMATORY_RESPONSE,PCDH7,1
HALLMARK_INFLAMMATORY_RESPONSE,SLC4A4,1
HALLMARK_INFLAMMATORY_RESPONSE,BDKRB1,1
HALLMARK_INFLAMMATORY_RESPONSE,KCNA3,1
HALLMARK_INFLAMMATORY_RESPONSE,MARCO,1
HALLMARK_INFLAMMATORY_RESPONSE,CLEC5A,1
HALLMARK_INFLAMMATORY_RESPONSE,CCL24,1
HALLMARK_INFLAMMATORY_RESPONSE,MSR1,1
HALLMARK_INFLAMMATORY_RESPONSE,MEFV,1
HALLMARK_KRAS_SIGNALING_DN,MEFV,1
HALLMARK_INFLAMMATORY_RESPONSE,PROK2,1
HALLMARK_ALLOGRAFT_REJECTION,IL10,1
HALLMARK_IL2_STAT5_SIGNALING,IL10,1
HALLMARK_INFLAMMATORY_RESPONSE,IL10,1
HALLMARK_INFLAMMATORY_RESPONSE,RGS1,1
HALLMARK_ALLOGRAFT_REJECTION,TLR3,1
HALLMARK_INFLAMMATORY_RESPONSE,TLR3,1
HALLMARK_INFLAMMATORY_RESPONSE,SGMS2,1
HALLMARK_INFLAMMATORY_RESPONSE,SLAMF1,1
HALLMARK_IL2_STAT5_SIGNALING,AHR,1
HALLMARK_INFLAMMATORY_RESPONSE,AHR,1
HALLMARK_INFLAMMATORY_RESPONSE,CYBB,1
HALLMARK_INFLAMMATORY_RESPONSE,SLC31A2,1
HALLMARK_COAGULATION,MEP1A,1
HALLMARK_INFLAMMATORY_RESPONSE,MEP1A,1
HALLMARK_REACTIVE_OXYGEN_SPECIES_PATHWAY,SELENOS,1
HALLMARK_INFLAMMATORY_RESPONSE,SELENOS,1
HALLMARK_INFLAMMATORY_RESPONSE,NPFFR2,1
HALLMARK_INFLAMMATORY_RESPONSE,ADGRE1,1
HALLMARK_INFLAMMATORY_RESPONSE,LPAR1,1
HALLMARK_UV_RESPONSE_DN,LPAR1,1
HALLMARK_ALLOGRAFT_REJECTION,CCL22,1
HALLMARK_INFLAMMATORY_RESPONSE,CCL22,1
HALLMARK_INFLAMMATORY_RESPONSE,CCL17,1
HALLMARK_INFLAMMATORY_RESPONSE,GPR132,1
HALLMARK_INFLAMMATORY_RESPONSE,CXCR6,1
HALLMARK_INFLAMMATORY_RESPONSE,BEST1,1
HALLMARK_INFLAMMATORY_RESPONSE,TACR3,1
HALLMARK_UV_RESPONSE_UP,TACR3,1
HALLMARK_INFLAMMATORY_RESPONSE,KCNJ2,1
HALLMARK_INFLAMMATORY_RESPONSE,CSF3,1
HALLMARK_XENOBIOTIC_METABOLISM,AQP9,1
HALLMARK_BILE_ACID_METABOLISM,AQP9,1
HALLMARK_INFLAMMATORY_RESPONSE,AQP9,1
HALLMARK_INFLAMMATORY_RESPONSE,PTAFR,1
HALLMARK_INFLAMMATORY_RESPONSE,PTGIR,1
HALLMARK_UV_RESPONSE_DN,MET,1
HALLMARK_INFLAMMATORY_RESPONSE,MET,1
HALLMARK_GLYCOLYSIS,MET,1
HALLMARK_ALLOGRAFT_REJECTION,IL18RAP,1
HALLMARK_INFLAMMATORY_RESPONSE,IL18RAP,1
HALLMARK_ALLOGRAFT_REJECTION,ACVR2A,1
HALLMARK_INFLAMMATORY_RESPONSE,ACVR2A,1
HALLMARK_UV_RESPONSE_DN,ACVR2A,1
HALLMARK_INFLAMMATORY_RESPONSE,PDPN,1
HALLMARK_INFLAMMATORY_RESPONSE,OPRK1,1
HALLMARK_INFLAMMATORY_RESPONSE,ROS1,1
HALLMARK_INFLAMMATORY_RESPONSE,KCNMB2,1
HALLMARK_INFLAMMATORY_RESPONSE,C3AR1,1
HALLMARK_KRAS_SIGNALING_UP,C3AR1,1
HALLMARK_INFLAMMATORY_RESPONSE,NMUR1,1
HALLMARK_IL2_STAT5_SIGNALING,RGS16,1
HALLMARK_INFLAMMATORY_RESPONSE,RGS16,1
HALLMARK_P53_PATHWAY,RGS16,1
HALLMARK_KRAS_SIGNALING_UP,RGS16,1
HALLMARK_IL2_STAT5_SIGNALING,CD48,1
HALLMARK_INFLAMMATORY_RESPONSE,CD48,1
HALLMARK_INFLAMMATORY_RESPONSE,GABBR1,1
HALLMARK_INFLAMMATORY_RESPONSE,SEMA4D,1
HALLMARK_INFLAMMATORY_RESPONSE,NOD2,1
HALLMARK_ALLOGRAFT_REJECTION,TLR1,1
HALLMARK_INFLAMMATORY_RESPONSE,TLR1,1
HALLMARK_INFLAMMATORY_RESPONSE,SCARF1,1
HALLMARK_INFLAMMATORY_RESPONSE,ATP2C1,1
HALLMARK_UV_RESPONSE_DN,ATP2C1,1
HALLMARK_INFLAMMATORY_RESPONSE,SELE,1
HALLMARK_INFLAMMATORY_RESPONSE,P2RX7,1
HALLMARK_INFLAMMATORY_RESPONSE,C5AR1,1
HALLMARK_INFLAMMATORY_RESPONSE,IRAK2,1
HALLMARK_INFLAMMATORY_RESPONSE,TACR1,1
HALLMARK_INFLAMMATORY_RESPONSE,CCR7,1
HALLMARK_IL2_STAT5_SIGNALING,P2RX4,1
HALLMARK_INFLAMMATORY_RESPONSE,P2RX4,1
HALLMARK_INFLAMMATORY_RESPONSE,ITGB8,1
HALLMARK_INFLAMMATORY_RESPONSE,SLC1A2,1
HALLMARK_INFLAMMATORY_RESPONSE,SLC31A1,1
HALLMARK_INFLAMMATORY_RESPONSE,HAS2,1
HALLMARK_UV_RESPONSE_DN,HAS2,1
HALLMARK_INFLAMMATORY_RESPONSE,VIP,1
HALLMARK_INFLAMMATORY_RESPONSE,NDP,1
HALLMARK_XENOBIOTIC_METABOLISM,GAD1,1
HALLMARK_SPERMATOGENESIS,GAD1,1
HALLMARK_XENOBIOTIC_METABOLISM,ATOH8,1
HALLMARK_OXIDATIVE_PHOSPHORYLATION,ALAS1,1
HALLMARK_XENOBIOTIC_METABOLISM,ALAS1,1
HALLMARK_UV_RESPONSE_UP,ALAS1,1
HALLMARK_XENOBIOTIC_METABOLISM,ABCD2,1
HALLMARK_BILE_ACID_METABOLISM,ABCD2,1
HALLMARK_PEROXISOME,ABCD2,1
HALLMARK_FATTY_ACID_METABOLISM,ALDH3A1,1
HALLMARK_XENOBIOTIC_METABOLISM,ALDH3A1,1
HALLMARK_XENOBIOTIC_METABOLISM,LCAT,1
HALLMARK_XENOBIOTIC_METABOLISM,ENPEP,1
HALLMARK_XENOBIOTIC_METABOLISM,ABCC2,1
HALLMARK_XENOBIOTIC_METABOLISM,ANGPTL3,1
HALLMARK_XENOBIOTIC_METABOLISM,DDAH2,1
HALLMARK_XENOBIOTIC_METABOLISM,TKFC,1
HALLMARK_BILE_ACID_METABOLISM,HACL1,1
HALLMARK_XENOBIOTIC_METABOLISM,HACL1,1
HALLMARK_XENOBIOTIC_METABOLISM,DHPS,1
HALLMARK_XENOBIOTIC_METABOLISM,MAN1A1,1
HALLMARK_FATTY_ACID_METABOLISM,GABARAPL1,1
HALLMARK_XENOBIOTIC_METABOLISM,GABARAPL1,1
HALLMARK_IL2_STAT5_SIGNALING,GABARAPL1,1
HALLMARK_FATTY_ACID_METABOLISM,ALDH9A1,1
HALLMARK_XENOBIOTIC_METABOLISM,ALDH9A1,1
HALLMARK_PEROXISOME,ALDH9A1,1
HALLMARK_BILE_ACID_METABOLISM,ALDH9A1,1
HALLMARK_GLYCOLYSIS,ALDH9A1,1
HALLMARK_FATTY_ACID_METABOLISM,TDO2,1
HALLMARK_XENOBIOTIC_METABOLISM,TDO2,1
HALLMARK_XENOBIOTIC_METABOLISM,CYP26A1,1
HALLMARK_FATTY_ACID_METABOLISM,ADH7,1
HALLMARK_XENOBIOTIC_METABOLISM,ADH7,1
HALLMARK_FATTY_ACID_METABOLISM,MAOA,1
HALLMARK_XENOBIOTIC_METABOLISM,MAOA,1
HALLMARK_UV_RESPONSE_UP,MAOA,1
HALLMARK_OXIDATIVE_PHOSPHORYLATION,PDK4,1
HALLMARK_XENOBIOTIC_METABOLISM,PDK4,1
HALLMARK_XENOBIOTIC_METABOLISM,TTPA,1
HALLMARK_XENOBIOTIC_METABOLISM,LPIN2,1
HALLMARK_HEME_METABOLISM,LPIN2,1
HALLMARK_XENOBIOTIC_METABOLISM,AKR1C3,1
HALLMARK_ALLOGRAFT_REJECTION,MBL2,1
HALLMARK_COAGULATION,MBL2,1
HALLMARK_XENOBIOTIC_METABOLISM,MBL2,1
HALLMARK_XENOBIOTIC_METABOLISM,G6PC1,1
HALLMARK_XENOBIOTIC_METABOLISM,HRG,1
HALLMARK_COAGULATION,HRG,1
HALLMARK_XENOBIOTIC_METABOLISM,GSTA3,1
HALLMARK_XENOBIOTIC_METABOLISM,CES1,1
HALLMARK_XENOBIOTIC_METABOLISM,PTGDS,1
HALLMARK_XENOBIOTIC_METABOLISM,ARPP19,1
HALLMARK_GLYCOLYSIS,ARPP19,1
HALLMARK_XENOBIOTIC_METABOLISM,HSD11B1,1
HALLMARK_KRAS_SIGNALING_UP,HSD11B1,1
HALLMARK_XENOBIOTIC_METABOLISM,ESR1,1
HALLMARK_FATTY_ACID_METABOLISM,ADH1C,1
HALLMARK_XENOBIOTIC_METABOLISM,ADH1C,1
HALLMARK_XENOBIOTIC_METABOLISM,PYCR1,1
HALLMARK_XENOBIOTIC_METABOLISM,PINK1,1
HALLMARK_XENOBIOTIC_METABOLISM,CNDP2,1
HALLMARK_XENOBIOTIC_METABOLISM,COMT,1
HALLMARK_XENOBIOTIC_METABOLISM,CCL25,1
HALLMARK_XENOBIOTIC_METABOLISM,GSTM4,1
HALLMARK_XENOBIOTIC_METABOLISM,NDRG2,1
HALLMARK_XENOBIOTIC_METABOLISM,TAT,1
HALLMARK_XENOBIOTIC_METABOLISM,NPC1,1
HALLMARK_BILE_ACID_METABOLISM,NPC1,1
HALLMARK_XENOBIOTIC_METABOLISM,TYR,1
HALLMARK_HEME_METABOLISM,TYR,1
HALLMARK_XENOBIOTIC_METABOLISM,SERPINA6,1
HALLMARK_PEROXISOME,SERPINA6,1
HALLMARK_BILE_ACID_METABOLISM,SERPINA6,1
HALLMARK_XENOBIOTIC_METABOLISM,CRP,1
HALLMARK_FATTY_ACID_METABOLISM,PTS,1
HALLMARK_XENOBIOTIC_METABOLISM,PTS,1
HALLMARK_XENOBIOTIC_METABOLISM,CYP1A2,1
HALLMARK_XENOBIOTIC_METABOLISM,ADH5,1
HALLMARK_XENOBIOTIC_METABOLISM,PGRMC1,1
HALLMARK_XENOBIOTIC_METABOLISM,SPINT2,1
HALLMARK_XENOBIOTIC_METABOLISM,CYP2E1,1
HALLMARK_XENOBIOTIC_METABOLISM,ARG1,1
HALLMARK_KRAS_SIGNALING_UP,ARG1,1
HALLMARK_XENOBIOTIC_METABOLISM,MARCHF6,1
HALLMARK_XENOBIOTIC_METABOLISM,CDO1,1
HALLMARK_UV_RESPONSE_UP,CDO1,1
HALLMARK_XENOBIOTIC_METABOLISM,ABHD6,1
HALLMARK_XENOBIOTIC_METABOLISM,LONP1,1
HALLMARK_XENOBIOTIC_METABOLISM,LEAP2,1
HALLMARK_XENOBIOTIC_METABOLISM,MTHFD1,1
HALLMARK_XENOBIOTIC_METABOLISM,GART,1
HALLMARK_XENOBIOTIC_METABOLISM,PTGR1,1
HALLMARK_XENOBIOTIC_METABOLISM,ITIH4,1
HALLMARK_FATTY_ACID_METABOLISM,CYP1A1,1
HALLMARK_XENOBIOTIC_METABOLISM,CYP1A1,1
HALLMARK_UV_RESPONSE_UP,CYP1A1,1
HALLMARK_XENOBIOTIC_METABOLISM,AHCY,1
HALLMARK_IL2_STAT5_SIGNALING,AHCY,1
HALLMARK_XENOBIOTIC_METABOLISM,SLC22A1,1
HALLMARK_XENOBIOTIC_METABOLISM,ACSM1,1
HALLMARK_XENOBIOTIC_METABOLISM,RAP1GAP,1
HALLMARK_HEME_METABOLISM,RAP1GAP,1
HALLMARK_COAGULATION,F11,1
HALLMARK_XENOBIOTIC_METABOLISM,F11,1
HALLMARK_FATTY_ACID_METABOLISM,FMO1,1
HALLMARK_XENOBIOTIC_METABOLISM,FMO1,1
HALLMARK_UV_RESPONSE_UP,FMO1,1
HALLMARK_XENOBIOTIC_METABOLISM,FETUB,1
HALLMARK_XENOBIOTIC_METABOLISM,GSTO1,1
HALLMARK_IL2_STAT5_SIGNALING,GSTO1,1
HALLMARK_XENOBIOTIC_METABOLISM,SAR1B,1
HALLMARK_OXIDATIVE_PHOSPHORYLATION,CYB5A,1
HALLMARK_XENOBIOTIC_METABOLISM,CYB5A,1
HALLMARK_GLYCOLYSIS,CYB5A,1
HALLMARK_FATTY_ACID_METABOLISM,EPHX1,1
HALLMARK_XENOBIOTIC_METABOLISM,EPHX1,1
HALLMARK_P53_PATHWAY,EPHX1,1
HALLMARK_UV_RESPONSE_UP,EPHX1,1
HALLMARK_XENOBIOTIC_METABOLISM,TMBIM6,1
HALLMARK_UV_RESPONSE_UP,TMBIM6,1
HALLMARK_XENOBIOTIC_METABOLISM,DDC,1
HALLMARK_XENOBIOTIC_METABOLISM,ACOX3,1
HALLMARK_XENOBIOTIC_METABOLISM,GCKR,1
HALLMARK_XENOBIOTIC_METABOLISM,ABCC3,1
HALLMARK_XENOBIOTIC_METABOLISM,CYFIP2,1
HALLMARK_P53_PATHWAY,CYFIP2,1
HALLMARK_XENOBIOTIC_METABOLISM,CYP2J2,1
HALLMARK_XENOBIOTIC_METABOLISM,SLC12A4,1
HALLMARK_XENOBIOTIC_METABOLISM,HSD17B2,1
HALLMARK_XENOBIOTIC_METABOLISM,UPB1,1
HALLMARK_XENOBIOTIC_METABOLISM,CYP4F2,1
HALLMARK_XENOBIOTIC_METABOLISM,TPST1,1
HALLMARK_GLYCOLYSIS,TPST1,1
HALLMARK_XENOBIOTIC_METABOLISM,SLC35B1,1
HALLMARK_FATTY_ACID_METABOLISM,CBR1,1
HALLMARK_XENOBIOTIC_METABOLISM,CBR1,1
HALLMARK_XENOBIOTIC_METABOLISM,HGFAC,1
HALLMARK_XENOBIOTIC_METABOLISM,EPHA2,1
HALLMARK_P53_PATHWAY,EPHA2,1
HALLMARK_XENOBIOTIC_METABOLISM,PROS1,1
HALLMARK_COAGULATION,PROS1,1
HALLMARK_XENOBIOTIC_METABOLISM,RBP4,1
HALLMARK_KRAS_SIGNALING_UP,RBP4,1
HALLMARK_XENOBIOTIC_METABOLISM,DHRS1,1
HALLMARK_XENOBIOTIC_METABOLISM,PMM1,1
HALLMARK_P53_PATHWAY,PMM1,1
HALLMARK_XENOBIOTIC_METABOLISM,HES6,1
HALLMARK_XENOBIOTIC_METABOLISM,SSR3,1
HALLMARK_XENOBIOTIC_METABOLISM,PGD,1
HALLMARK_XENOBIOTIC_METABOLISM,ENTPD5,1
HALLMARK_OXIDATIVE_PHOSPHORYLATION,ETFDH,1
HALLMARK_FATTY_ACID_METABOLISM,ETFDH,1
HALLMARK_XENOBIOTIC_METABOLISM,ETFDH,1
HALLMARK_XENOBIOTIC_METABOLISM,GSTT2,1
HALLMARK_XENOBIOTIC_METABOLISM,CROT,1
HALLMARK_KRAS_SIGNALING_UP,CROT,1
HALLMARK_BILE_ACID_METABOLISM,CROT,1
HALLMARK_XENOBIOTIC_METABOLISM,SLC35D1,1
HALLMARK_P53_PATHWAY,SLC35D1,1
HALLMARK_FATTY_ACID_METABOLISM,FABP1,1
HALLMARK_XENOBIOTIC_METABOLISM,FABP1,1
HALLMARK_XENOBIOTIC_METABOLISM,SMOX,1
HALLMARK_HEME_METABOLISM,SMOX,1
HALLMARK_XENOBIOTIC_METABOLISM,SLC6A12,1
HALLMARK_UV_RESPONSE_UP,SLC6A12,1
HALLMARK_XENOBIOTIC_METABOLISM,NFS1,1
HALLMARK_XENOBIOTIC_METABOLISM,AP4B1,1
HALLMARK_FATTY_ACID_METABOLISM,BPHL,1
HALLMARK_XENOBIOTIC_METABOLISM,BPHL,1
HALLMARK_XENOBIOTIC_METABOLISM,CYP2S1,1
HALLMARK_XENOBIOTIC_METABOLISM,MCCC2,1
HALLMARK_XENOBIOTIC_METABOLISM,CYP27A1,1
HALLMARK_BILE_ACID_METABOLISM,CYP27A1,1
HALLMARK_FATTY_ACID_METABOLISM,VNN1,1
HALLMARK_XENOBIOTIC_METABOLISM,VNN1,1
HALLMARK_XENOBIOTIC_METABOLISM,AOX1,1
HALLMARK_XENOBIOTIC_METABOLISM,GNMT,1
HALLMARK_BILE_ACID_METABOLISM,GNMT,1
HALLMARK_XENOBIOTIC_METABOLISM,MPP2,1
HALLMARK_XENOBIOTIC_METABOLISM,SLC46A3,1
HALLMARK_XENOBIOTIC_METABOLISM,GSS,1
HALLMARK_XENOBIOTIC_METABOLISM,TMEM176B,1
HALLMARK_KRAS_SIGNALING_UP,TMEM176B,1
HALLMARK_XENOBIOTIC_METABOLISM,AKR1C2,1
HALLMARK_XENOBIOTIC_METABOLISM,CYP17A1,1
HALLMARK_XENOBIOTIC_METABOLISM,CYP2C18,1
HALLMARK_XENOBIOTIC_METABOLISM,CSAD,1
HALLMARK_XENOBIOTIC_METABOLISM,ASL,1
HALLMARK_XENOBIOTIC_METABOLISM,FMO3,1
HALLMARK_XENOBIOTIC_METABOLISM,ACP2,1
HALLMARK_XENOBIOTIC_METABOLISM,VTN,1
HALLMARK_ANGIOGENESIS,VTN,1
HALLMARK_XENOBIOTIC_METABOLISM,ARG2,1
HALLMARK_XENOBIOTIC_METABOLISM,SERTAD1,1
HALLMARK_XENOBIOTIC_METABOLISM,XDH,1
HALLMARK_FATTY_ACID_METABOLISM,AOC3,1
HALLMARK_FATTY_ACID_METABOLISM,SERINC1,1
HALLMARK_FATTY_ACID_METABOLISM,NTHL1,1
HALLMARK_FATTY_ACID_METABOLISM,METAP1,1
HALLMARK_FATTY_ACID_METABOLISM,HSD17B11,1
HALLMARK_BILE_ACID_METABOLISM,HSD17B11,1
HALLMARK_PEROXISOME,HSD17B11,1
HALLMARK_FATTY_ACID_METABOLISM,ALAD,1
HALLMARK_HEME_METABOLISM,ALAD,1
HALLMARK_FATTY_ACID_METABOLISM,OSTC,1
HALLMARK_FATTY_ACID_METABOLISM,D2HGDH,1
HALLMARK_FATTY_ACID_METABOLISM,CA6,1
HALLMARK_FATTY_ACID_METABOLISM,RAP1GDS1,1
HALLMARK_FATTY_ACID_METABOLISM,CYP4A22,1
HALLMARK_OXIDATIVE_PHOSPHORYLATION,CPT1A,1
HALLMARK_FATTY_ACID_METABOLISM,CPT1A,1
HALLMARK_FATTY_ACID_METABOLISM,BCKDHB,1
HALLMARK_UV_RESPONSE_DN,BCKDHB,1
HALLMARK_OXIDATIVE_PHOSPHORYLATION,ACADVL,1
HALLMARK_FATTY_ACID_METABOLISM,ACADVL,1
HALLMARK_FATTY_ACID_METABOLISM,UROD,1
HALLMARK_HEME_METABOLISM,UROD,1
HALLMARK_UV_RESPONSE_UP,UROD,1
HALLMARK_FATTY_ACID_METABOLISM,EHHADH,1
HALLMARK_PEROXISOME,EHHADH,1
HALLMARK_OXIDATIVE_PHOSPHORYLATION,SUCLA2,1
HALLMARK_FATTY_ACID_METABOLISM,SUCLA2,1
HALLMARK_REACTIVE_OXYGEN_SPECIES_PATHWAY,PRDX6,1
HALLMARK_FATTY_ACID_METABOLISM,PRDX6,1
HALLMARK_OXIDATIVE_PHOSPHORYLATION,HCCS,1
HALLMARK_FATTY_ACID_METABOLISM,HCCS,1
HALLMARK_OXIDATIVE_PHOSPHORYLATION,SDHA,1
HALLMARK_FATTY_ACID_METABOLISM,SDHA,1
HALLMARK_FATTY_ACID_METABOLISM,HSP90AA1,1
HALLMARK_OXIDATIVE_PHOSPHORYLATION,ECI1,1
HALLMARK_FATTY_ACID_METABOLISM,ECI1,1
HALLMARK_FATTY_ACID_METABOLISM,GSTZ1,1
HALLMARK_FATTY_ACID_METABOLISM,CPOX,1
HALLMARK_HEME_METABOLISM,CPOX,1
HALLMARK_FATTY_ACID_METABOLISM,INMT,1
HALLMARK_OXIDATIVE_PHOSPHORYLATION,DLST,1
HALLMARK_FATTY_ACID_METABOLISM,DLST,1
HALLMARK_FATTY_ACID_METABOLISM,GCDH,1
HALLMARK_FATTY_ACID_METABOLISM,CBR3,1
HALLMARK_FATTY_ACID_METABOLISM,ACSM3,1
HALLMARK_FATTY_ACID_METABOLISM,PPARA,1
HALLMARK_FATTY_ACID_METABOLISM,BLVRA,1
HALLMARK_HEME_METABOLISM,BLVRA,1
HALLMARK_FATTY_ACID_METABOLISM,MLYCD,1
HALLMARK_PEROXISOME,MLYCD,1
HALLMARK_BILE_ACID_METABOLISM,MLYCD,1
HALLMARK_FATTY_ACID_METABOLISM,ADSL,1
HALLMARK_FATTY_ACID_METABOLISM,RDH16,1
HALLMARK_OXIDATIVE_PHOSPHORYLATION,PDHB,1
HALLMARK_FATTY_ACID_METABOLISM,PDHB,1
HALLMARK_FATTY_ACID_METABOLISM,CA4,1
HALLMARK_OXIDATIVE_PHOSPHORYLATION,SDHD,1
HALLMARK_FATTY_ACID_METABOLISM,SDHD,1
HALLMARK_FATTY_ACID_METABOLISM,ERP29,1
HALLMARK_FATTY_ACID_METABOLISM,AQP7,1
HALLMARK_PEROXISOME,HAO2,1
HALLMARK_FATTY_ACID_METABOLISM,HAO2,1
HALLMARK_FATTY_ACID_METABOLISM,ACOT2,1
HALLMARK_FATTY_ACID_METABOLISM,HMGCL,1
HALLMARK_PEROXISOME,HMGCL,1
HALLMARK_FATTY_ACID_METABOLISM,UROS,1
HALLMARK_HEME_METABOLISM,UROS,1
HALLMARK_OXIDATIVE_PHOSPHORYLATION,HADHB,1
HALLMARK_FATTY_ACID_METABOLISM,HADHB,1
HALLMARK_OXIDATIVE_PHOSPHORYLATION,ACAA1,1
HALLMARK_FATTY_ACID_METABOLISM,ACAA1,1
HALLMARK_PEROXISOME,ACAA1,1
HALLMARK_UV_RESPONSE_UP,ACAA1,1
HALLMARK_FATTY_ACID_METABOLISM,MIX23,1
HALLMARK_FATTY_ACID_METABOLISM,GAD2,1
HALLMARK_OXIDATIVE_PHOSPHORYLATION,HSD17B10,1
HALLMARK_FATTY_ACID_METABOLISM,HSD17B10,1
HALLMARK_FATTY_ACID_METABOLISM,CYP4A11,1
HALLMARK_FATTY_ACID_METABOLISM,AADAT,1
HALLMARK_FATTY_ACID_METABOLISM,NCAPH2,1
HALLMARK_FATTY_ACID_METABOLISM,AUH,1
HALLMARK_FATTY_ACID_METABOLISM,PTPRG,1
HALLMARK_FATTY_ACID_METABOLISM,ACOT8,1
HALLMARK_PEROXISOME,ACOT8,1
HALLMARK_FATTY_ACID_METABOLISM,PCBD1,1
HALLMARK_FATTY_ACID_METABOLISM,GLUL,1
HALLMARK_FATTY_ACID_METABOLISM,S100A10,1
HALLMARK_P53_PATHWAY,S100A10,1
HALLMARK_FATTY_ACID_METABOLISM,HSPH1,1
HALLMARK_OXIDATIVE_PHOSPHORYLATION,FH,1
HALLMARK_FATTY_ACID_METABOLISM,FH,1
HALLMARK_FATTY_ACID_METABOLISM,ACSL4,1
HALLMARK_PEROXISOME,ACSL4,1
HALLMARK_FATTY_ACID_METABOLISM,ECI2,1
HALLMARK_PEROXISOME,ECI2,1
HALLMARK_FATTY_ACID_METABOLISM,MCEE,1
HALLMARK_OXIDATIVE_PHOSPHORYLATION,MDH1,1
HALLMARK_FATTY_ACID_METABOLISM,MDH1,1
HALLMARK_GLYCOLYSIS,MDH1,1
HALLMARK_FATTY_ACID_METABOLISM,SUCLG2,1
HALLMARK_OXIDATIVE_PHOSPHORYLATION,IDH3B,1
HALLMARK_FATTY_ACID_METABOLISM,IDH3B,1
HALLMARK_FATTY_ACID_METABOLISM,ALDH1A1,1
HALLMARK_BILE_ACID_METABOLISM,ALDH1A1,1
HALLMARK_PEROXISOME,ALDH1A1,1
HALLMARK_FATTY_ACID_METABOLISM,GPD1,1
HALLMARK_FATTY_ACID_METABOLISM,IL4I1,1
HALLMARK_OXIDATIVE_PHOSPHORYLATION,PDHA1,1
HALLMARK_FATTY_ACID_METABOLISM,PDHA1,1
HALLMARK_FATTY_ACID_METABOLISM,FABP2,1
HALLMARK_FATTY_ACID_METABOLISM,TP53INP2,1
HALLMARK_FATTY_ACID_METABOLISM,ACSS1,1
HALLMARK_ALLOGRAFT_REJECTION,CD1D,1
HALLMARK_FATTY_ACID_METABOLISM,CD1D,1
HALLMARK_FATTY_ACID_METABOLISM,HSD17B4,1
HALLMARK_BILE_ACID_METABOLISM,HSD17B4,1
HALLMARK_PEROXISOME,HSD17B4,1
HALLMARK_FATTY_ACID_METABOLISM,HSDL2,1
HALLMARK_FATTY_ACID_METABOLISM,ACSL5,1
HALLMARK_BILE_ACID_METABOLISM,ACSL5,1
HALLMARK_PEROXISOME,ACSL5,1
HALLMARK_FATTY_ACID_METABOLISM,CEL,1
HALLMARK_PEROXISOME,CEL,1
HALLMARK_FATTY_ACID_METABOLISM,CRYZ,1
HALLMARK_REACTIVE_OXYGEN_SPECIES_PATHWAY,NDUFS2,1
HALLMARK_OXIDATIVE_PHOSPHORYLATION,NDUFS2,1
HALLMARK_OXIDATIVE_PHOSPHORYLATION,NDUFB3,1
HALLMARK_OXIDATIVE_PHOSPHORYLATION,NDUFV1,1
HALLMARK_OXIDATIVE_PHOSPHORYLATION,ATP5F1C,1
HALLMARK_OXIDATIVE_PHOSPHORYLATION,UQCRC2,1
HALLMARK_OXIDATIVE_PHOSPHORYLATION,ETFA,1
HALLMARK_OXIDATIVE_PHOSPHORYLATION,ATP5ME,1
HALLMARK_OXIDATIVE_PHOSPHORYLATION,COX10,1
HALLMARK_OXIDATIVE_PHOSPHORYLATION,MRPS15,1
HALLMARK_OXIDATIVE_PHOSPHORYLATION,UQCRB,1
HALLMARK_OXIDATIVE_PHOSPHORYLATION,ABCB7,1
HALLMARK_OXIDATIVE_PHOSPHORYLATION,COX5B,1
HALLMARK_OXIDATIVE_PHOSPHORYLATION,ATP6V1E1,1
HALLMARK_OXIDATIVE_PHOSPHORYLATION,NDUFS4,1
HALLMARK_OXIDATIVE_PHOSPHORYLATION,OAT,1
HALLMARK_OXIDATIVE_PHOSPHORYLATION,NQO2,1
HALLMARK_OXIDATIVE_PHOSPHORYLATION,ATP5MF,1
HALLMARK_OXIDATIVE_PHOSPHORYLATION,COX15,1
HALLMARK_OXIDATIVE_PHOSPHORYLATION,TCIRG1,1
HALLMARK_OXIDATIVE_PHOSPHORYLATION,CYCS,1
HALLMARK_OXIDATIVE_PHOSPHORYLATION,PDHX,1
HALLMARK_OXIDATIVE_PHOSPHORYLATION,MRPS11,1
HALLMARK_OXIDATIVE_PHOSPHORYLATION,OXA1L,1
HALLMARK_OXIDATIVE_PHOSPHORYLATION,ATP5PD,1
HALLMARK_OXIDATIVE_PHOSPHORYLATION,ATP5MG,1
HALLMARK_OXIDATIVE_PHOSPHORYLATION,OPA1,1
HALLMARK_OXIDATIVE_PHOSPHORYLATION,COX7C,1
HALLMARK_OXIDATIVE_PHOSPHORYLATION,ATP5PF,1
HALLMARK_OXIDATIVE_PHOSPHORYLATION,SLC25A5,1
HALLMARK_OXIDATIVE_PHOSPHORYLATION,COX4I1,1
HALLMARK_OXIDATIVE_PHOSPHORYLATION,SLC25A12,1
HALLMARK_OXIDATIVE_PHOSPHORYLATION,NDUFC2,1
HALLMARK_OXIDATIVE_PHOSPHORYLATION,NDUFB2,1
HALLMARK_OXIDATIVE_PHOSPHORYLATION,NNT,1
HALLMARK_HEME_METABOLISM,NNT,1
HALLMARK_OXIDATIVE_PHOSPHORYLATION,NDUFA1,1
HALLMARK_OXIDATIVE_PHOSPHORYLATION,TIMM9,1
HALLMARK_REACTIVE_OXYGEN_SPECIES_PATHWAY,NDUFB4,1
HALLMARK_OXIDATIVE_PHOSPHORYLATION,NDUFB4,1
HALLMARK_OXIDATIVE_PHOSPHORYLATION,LDHB,1
HALLMARK_P53_PATHWAY,LDHB,1
HALLMARK_OXIDATIVE_PHOSPHORYLATION,HADHA,1
HALLMARK_OXIDATIVE_PHOSPHORYLATION,MTRF1,1
HALLMARK_OXIDATIVE_PHOSPHORYLATION,NDUFA8,1
HALLMARK_OXIDATIVE_PHOSPHORYLATION,COX11,1
HALLMARK_OXIDATIVE_PHOSPHORYLATION,NDUFA3,1
HALLMARK_OXIDATIVE_PHOSPHORYLATION,GLUD1,1
HALLMARK_OXIDATIVE_PHOSPHORYLATION,ATP5F1B,1
HALLMARK_OXIDATIVE_PHOSPHORYLATION,NDUFA4,1
HALLMARK_OXIDATIVE_PHOSPHORYLATION,TIMM10,1
HALLMARK_OXIDATIVE_PHOSPHORYLATION,ATP1B1,1
HALLMARK_OXIDATIVE_PHOSPHORYLATION,NDUFA9,1
HALLMARK_OXIDATIVE_PHOSPHORYLATION,NDUFV2,1
HALLMARK_OXIDATIVE_PHOSPHORYLATION,ATP5F1A,1
HALLMARK_OXIDATIVE_PHOSPHORYLATION,ATP5MC3,1
HALLMARK_OXIDATIVE_PHOSPHORYLATION,NDUFS7,1
HALLMARK_OXIDATIVE_PHOSPHORYLATION,TOMM22,1
HALLMARK_OXIDATIVE_PHOSPHORYLATION,BDH2,1
HALLMARK_OXIDATIVE_PHOSPHORYLATION,COX6B1,1
HALLMARK_OXIDATIVE_PHOSPHORYLATION,COX7A2,1
HALLMARK_OXIDATIVE_PHOSPHORYLATION,NDUFB6,1
HALLMARK_OXIDATIVE_PHOSPHORYLATION,ATP6V0E1,1
HALLMARK_OXIDATIVE_PHOSPHORYLATION,COX7A2L,1
HALLMARK_OXIDATIVE_PHOSPHORYLATION,OGDH,1
HALLMARK_OXIDATIVE_PHOSPHORYLATION,HTRA2,1
HALLMARK_HEME_METABOLISM,HTRA2,1
HALLMARK_OXIDATIVE_PHOSPHORYLATION,PMPCA,1
HALLMARK_OXIDATIVE_PHOSPHORYLATION,NDUFA2,1
HALLMARK_OXIDATIVE_PHOSPHORYLATION,SLC25A6,1
HALLMARK_OXIDATIVE_PHOSPHORYLATION,ACAT1,1
HALLMARK_OXIDATIVE_PHOSPHORYLATION,FXN,1
HALLMARK_OXIDATIVE_PHOSPHORYLATION,SLC25A11,1
HALLMARK_OXIDATIVE_PHOSPHORYLATION,NDUFS8,1
HALLMARK_OXIDATIVE_PHOSPHORYLATION,NDUFS1,1
HALLMARK_OXIDATIVE_PHOSPHORYLATION,ATP5F1E,1
HALLMARK_OXIDATIVE_PHOSPHORYLATION,ATP5PB,1
HALLMARK_OXIDATIVE_PHOSPHORYLATION,ATP6V0B,1
HALLMARK_OXIDATIVE_PHOSPHORYLATION,NDUFS6,1
HALLMARK_OXIDATIVE_PHOSPHORYLATION,ATP5F1D,1
HALLMARK_OXIDATIVE_PHOSPHORYLATION,UQCRFS1,1
HALLMARK_OXIDATIVE_PHOSPHORYLATION,NDUFA7,1
HALLMARK_OXIDATIVE_PHOSPHORYLATION,TIMM50,1
HALLMARK_OXIDATIVE_PHOSPHORYLATION,ATP6V1F,1
HALLMARK_UV_RESPONSE_UP,ATP6V1F,1
HALLMARK_OXIDATIVE_PHOSPHORYLATION,ATP6V1C1,1
HALLMARK_UV_RESPONSE_UP,ATP6V1C1,1
HALLMARK_OXIDATIVE_PHOSPHORYLATION,MTRR,1
HALLMARK_OXIDATIVE_PHOSPHORYLATION,TIMM17A,1
HALLMARK_OXIDATIVE_PHOSPHORYLATION,ACADSB,1
HALLMARK_OXIDATIVE_PHOSPHORYLATION,MRPL11,1
HALLMARK_OXIDATIVE_PHOSPHORYLATION,ISCA1,1
HALLMARK_HEME_METABOLISM,ISCA1,1
HALLMARK_OXIDATIVE_PHOSPHORYLATION,MRPS22,1
HALLMARK_OXIDATIVE_PHOSPHORYLATION,MPC1,1
HALLMARK_OXIDATIVE_PHOSPHORYLATION,ISCU,1
HALLMARK_COAGULATION,ISCU,1
HALLMARK_P53_PATHWAY,ISCU,1
HALLMARK_REACTIVE_OXYGEN_SPECIES_PATHWAY,NDUFA6,1
HALLMARK_OXIDATIVE_PHOSPHORYLATION,NDUFA6,1
HALLMARK_OXIDATIVE_PHOSPHORYLATION,NDUFB1,1
HALLMARK_OXIDATIVE_PHOSPHORYLATION,MRPS12,1
HALLMARK_OXIDATIVE_PHOSPHORYLATION,MRPL34,1
HALLMARK_OXIDATIVE_PHOSPHORYLATION,MAOB,1
HALLMARK_OXIDATIVE_PHOSPHORYLATION,TIMM8B,1
HALLMARK_OXIDATIVE_PHOSPHORYLATION,ALDH6A1,1
HALLMARK_HEME_METABOLISM,ALDH6A1,1
HALLMARK_OXIDATIVE_PHOSPHORYLATION,MTX2,1
HALLMARK_OXIDATIVE_PHOSPHORYLATION,MRPL35,1
HALLMARK_OXIDATIVE_PHOSPHORYLATION,ATP5MC2,1
HALLMARK_OXIDATIVE_PHOSPHORYLATION,AFG3L2,1
HALLMARK_OXIDATIVE_PHOSPHORYLATION,ATP6V0C,1
HALLMARK_OXIDATIVE_PHOSPHORYLATION,SLC25A4,1
HALLMARK_PEROXISOME,SLC25A4,1
HALLMARK_UV_RESPONSE_UP,SLC25A4,1
HALLMARK_OXIDATIVE_PHOSPHORYLATION,NDUFB5,1
HALLMARK_OXIDATIVE_PHOSPHORYLATION,ATP6V1G1,1
HALLMARK_OXIDATIVE_PHOSPHORYLATION,RHOT1,1
HALLMARK_OXIDATIVE_PHOSPHORYLATION,TIMM13,1
HALLMARK_OXIDATIVE_PHOSPHORYLATION,CYB5R3,1
HALLMARK_OXIDATIVE_PHOSPHORYLATION,MFN2,1
HALLMARK_OXIDATIVE_PHOSPHORYLATION,NDUFC1,1
HALLMARK_OXIDATIVE_PHOSPHORYLATION,SLC25A20,1
HALLMARK_OXIDATIVE_PHOSPHORYLATION,NDUFB8,1
HALLMARK_OXIDATIVE_PHOSPHORYLATION,UQCRH,1
HALLMARK_OXIDATIVE_PHOSPHORYLATION,MRPS30,1
HALLMARK_GLYCOLYSIS,GFPT1,1
HALLMARK_GLYCOLYSIS,GYS2,1
HALLMARK_GLYCOLYSIS,HOMER1,1
HALLMARK_GLYCOLYSIS,CHST1,1
HALLMARK_REACTIVE_OXYGEN_SPECIES_PATHWAY,TXN,1
HALLMARK_GLYCOLYSIS,TXN,1
HALLMARK_GLYCOLYSIS,PMM2,1
HALLMARK_GLYCOLYSIS,GNE,1
HALLMARK_GLYCOLYSIS,BPNT1,1
HALLMARK_GLYCOLYSIS,CHPF,1
HALLMARK_GLYCOLYSIS,GLCE,1
HALLMARK_GLYCOLYSIS,ABCB6,1
HALLMARK_HEME_METABOLISM,ABCB6,1
HALLMARK_GLYCOLYSIS,FUT8,1
HALLMARK_GLYCOLYSIS,EXT2,1
HALLMARK_GLYCOLYSIS,MPI,1
HALLMARK_GLYCOLYSIS,SRD5A3,1
HALLMARK_GLYCOLYSIS,DSC2,1
HALLMARK_GLYCOLYSIS,GPR87,1
HALLMARK_GLYCOLYSIS,GMPPA,1
HALLMARK_GLYCOLYSIS,SLC25A13,1
HALLMARK_GLYCOLYSIS,NANP,1
HALLMARK_GLYCOLYSIS,B3GNT3,1
HALLMARK_GLYCOLYSIS,PKP2,1
HALLMARK_GLYCOLYSIS,FBP2,1
HALLMARK_GLYCOLYSIS,CHST12,1
HALLMARK_GLYCOLYSIS,B3GAT3,1
HALLMARK_GLYCOLYSIS,SPAG4,1
HALLMARK_GLYCOLYSIS,LHX9,1
HALLMARK_GLYCOLYSIS,RPE,1
HALLMARK_GLYCOLYSIS,ALDH7A1,1
HALLMARK_KRAS_SIGNALING_UP,SOX9,1
HALLMARK_GLYCOLYSIS,SOX9,1
HALLMARK_GLYCOLYSIS,NDUFV3,1
HALLMARK_PEROXISOME,CLN6,1
HALLMARK_GLYCOLYSIS,CLN6,1
HALLMARK_GLYCOLYSIS,XYLT2,1
HALLMARK_KRAS_SIGNALING_DN,IDUA,1
HALLMARK_GLYCOLYSIS,IDUA,1
HALLMARK_GLYCOLYSIS,SLC35A3,1
HALLMARK_GLYCOLYSIS,CHPF2,1
HALLMARK_GLYCOLYSIS,NDST3,1
HALLMARK_GLYCOLYSIS,B4GALT2,1
HALLMARK_GLYCOLYSIS,PAXIP1,1
HALLMARK_GLYCOLYSIS,CHST4,1
HALLMARK_GLYCOLYSIS,PGLS,1
HALLMARK_HEME_METABOLISM,PGLS,1
HALLMARK_GLYCOLYSIS,CLDN3,1
HALLMARK_GLYCOLYSIS,PYGB,1
HALLMARK_GLYCOLYSIS,GAL3ST1,1
HALLMARK_GLYCOLYSIS,PYGL,1
HALLMARK_GLYCOLYSIS,PKM,1
HALLMARK_ALLOGRAFT_REJECTION,RARS1,1
HALLMARK_GLYCOLYSIS,RARS1,1
HALLMARK_GLYCOLYSIS,CHST6,1
HALLMARK_GLYCOLYSIS,B4GALT4,1
HALLMARK_GLYCOLYSIS,B4GALT7,1
HALLMARK_GLYCOLYSIS,LCT,1
HALLMARK_GLYCOLYSIS,NOL3,1
HALLMARK_GLYCOLYSIS,PGAM1,1
HALLMARK_COAGULATION,CAPN5,1
HALLMARK_GLYCOLYSIS,CAPN5,1
HALLMARK_GLYCOLYSIS,B3GAT1,1
HALLMARK_GLYCOLYSIS,PFKFB1,1
HALLMARK_GLYCOLYSIS,HS6ST2,1
HALLMARK_P53_PATHWAY,TGFA,1
HALLMARK_GLYCOLYSIS,TGFA,1
HALLMARK_GLYCOLYSIS,AKR1A1,1
HALLMARK_GLYCOLYSIS,ARTN,1
HALLMARK_GLYCOLYSIS,SLC16A3,1
HALLMARK_GLYCOLYSIS,ECD,1
HALLMARK_GLYCOLYSIS,LHPP,1
HALLMARK_GLYCOLYSIS,PHKA2,1
HALLMARK_GLYCOLYSIS,GALK2,1
HALLMARK_GLYCOLYSIS,POLR3K,1
HALLMARK_GLYCOLYSIS,GMPPB,1
HALLMARK_GLYCOLYSIS,HS2ST1,1
HALLMARK_GLYCOLYSIS,MIOX,1
HALLMARK_GLYCOLYSIS,ALG1,1
HALLMARK_GLYCOLYSIS,GNPDA1,1
HALLMARK_GLYCOLYSIS,ME2,1
HALLMARK_REACTIVE_OXYGEN_SPECIES_PATHWAY,SRXN1,1
HALLMARK_REACTIVE_OXYGEN_SPECIES_PATHWAY,PDLIM1,1
HALLMARK_REACTIVE_OXYGEN_SPECIES_PATHWAY,MSRA,1
HALLMARK_REACTIVE_OXYGEN_SPECIES_PATHWAY,MPO,1
HALLMARK_REACTIVE_OXYGEN_SPECIES_PATHWAY,MBP,1
HALLMARK_REACTIVE_OXYGEN_SPECIES_PATHWAY,FES,1
HALLMARK_REACTIVE_OXYGEN_SPECIES_PATHWAY,EGLN2,1
HALLMARK_REACTIVE_OXYGEN_SPECIES_PATHWAY,TXNRD2,1
HALLMARK_REACTIVE_OXYGEN_SPECIES_PATHWAY,PTPA,1
HALLMARK_REACTIVE_OXYGEN_SPECIES_PATHWAY,LAMTOR5,1
HALLMARK_REACTIVE_OXYGEN_SPECIES_PATHWAY,OXSR1,1
HALLMARK_REACTIVE_OXYGEN_SPECIES_PATHWAY,SBNO2,1
HALLMARK_REACTIVE_OXYGEN_SPECIES_PATHWAY,MGST1,1
HALLMARK_REACTIVE_OXYGEN_SPECIES_PATHWAY,STK25,1
HALLMARK_UV_RESPONSE_UP,STK25,1
HALLMARK_REACTIVE_OXYGEN_SPECIES_PATHWAY,FTL,1
HALLMARK_REACTIVE_OXYGEN_SPECIES_PATHWAY,CDKN2D,1
HALLMARK_REACTIVE_OXYGEN_SPECIES_PATHWAY,GCLM,1
HALLMARK_BILE_ACID_METABOLISM,GCLM,1
HALLMARK_HEME_METABOLISM,GCLM,1
HALLMARK_REACTIVE_OXYGEN_SPECIES_PATHWAY,GLRX2,1
HALLMARK_REACTIVE_OXYGEN_SPECIES_PATHWAY,IPCEF1,1
HALLMARK_REACTIVE_OXYGEN_SPECIES_PATHWAY,SCAF4,1
HALLMARK_REACTIVE_OXYGEN_SPECIES_PATHWAY,HHEX,1
HALLMARK_REACTIVE_OXYGEN_SPECIES_PATHWAY,ABCC1,1
HALLMARK_UV_RESPONSE_DN,ABCC1,1
HALLMARK_REACTIVE_OXYGEN_SPECIES_PATHWAY,PRDX2,1
HALLMARK_HEME_METABOLISM,PRDX2,1
HALLMARK_REACTIVE_OXYGEN_SPECIES_PATHWAY,HMOX2,1
HALLMARK_P53_PATHWAY,HEXIM1,1
HALLMARK_P53_PATHWAY,CEBPA,1
HALLMARK_BILE_ACID_METABOLISM,RXRA,1
HALLMARK_P53_PATHWAY,RXRA,1
HALLMARK_UV_RESPONSE_DN,RXRA,1
HALLMARK_P53_PATHWAY,FBXW7,1
HALLMARK_P53_PATHWAY,KIF13B,1
HALLMARK_P53_PATHWAY,RALGDS,1
HALLMARK_P53_PATHWAY,AEN,1
HALLMARK_P53_PATHWAY,ABHD4,1
HALLMARK_P53_PATHWAY,MAPKAPK3,1
HALLMARK_KRAS_SIGNALING_DN,ZBTB16,1
HALLMARK_P53_PATHWAY,ZBTB16,1
HALLMARK_KRAS_SIGNALING_DN,COQ8A,1
HALLMARK_P53_PATHWAY,COQ8A,1
HALLMARK_P53_PATHWAY,TM7SF3,1
HALLMARK_P53_PATHWAY,TRIAP1,1
HALLMARK_COAGULATION,KLK8,1
HALLMARK_KRAS_SIGNALING_DN,KLK8,1
HALLMARK_P53_PATHWAY,KLK8,1
HALLMARK_P53_PATHWAY,SLC3A2,1
HALLMARK_P53_PATHWAY,BLCAP,1
HALLMARK_P53_PATHWAY,TPRKB,1
HALLMARK_P53_PATHWAY,PHLDA3,1
HALLMARK_P53_PATHWAY,KRT17,1
HALLMARK_P53_PATHWAY,IRAK1,1
HALLMARK_P53_PATHWAY,SERPINB5,1
HALLMARK_P53_PATHWAY,PRKAB1,1
HALLMARK_P53_PATHWAY,RRAD,1
HALLMARK_UV_RESPONSE_UP,RRAD,1
HALLMARK_P53_PATHWAY,IRAG2,1
HALLMARK_P53_PATHWAY,RAB40C,1
HALLMARK_P53_PATHWAY,RAP2B,1
HALLMARK_P53_PATHWAY,H2AC25,1
HALLMARK_P53_PATHWAY,TM4SF1,1
HALLMARK_P53_PATHWAY,ZNF365,1
HALLMARK_P53_PATHWAY,CTSF,1
HALLMARK_P53_PATHWAY,NHLH2,1
HALLMARK_P53_PATHWAY,RPS27L,1
HALLMARK_P53_PATHWAY,DEF6,1
HALLMARK_P53_PATHWAY,WRAP73,1
HALLMARK_P53_PATHWAY,RRP8,1
HALLMARK_P53_PATHWAY,NOL8,1
HALLMARK_P53_PATHWAY,TRAF4,1
HALLMARK_P53_PATHWAY,PIDD1,1
HALLMARK_P53_PATHWAY,CLCA2,1
HALLMARK_P53_PATHWAY,H1-2,1
HALLMARK_P53_PATHWAY,CDKN2AIP,1
HALLMARK_P53_PATHWAY,ZFP36L1,1
HALLMARK_P53_PATHWAY,HDAC3,1
HALLMARK_P53_PATHWAY,GLS2,1
HALLMARK_P53_PATHWAY,MXD4,1
HALLMARK_P53_PATHWAY,DNTTIP2,1
HALLMARK_P53_PATHWAY,H2AJ,1
HALLMARK_P53_PATHWAY,TCN2,1
HALLMARK_P53_PATHWAY,RHBDF2,1
HALLMARK_P53_PATHWAY,NUDT15,1
HALLMARK_P53_PATHWAY,SP1,1
HALLMARK_PANCREAS_BETA_CELLS,VDR,1
HALLMARK_P53_PATHWAY,VDR,1
HALLMARK_P53_PATHWAY,RAD9A,1
HALLMARK_P53_PATHWAY,ANKRA2,1
HALLMARK_P53_PATHWAY,GPX2,1
HALLMARK_P53_PATHWAY,PITPNC1,1
HALLMARK_P53_PATHWAY,VWA5A,1
HALLMARK_KRAS_SIGNALING_UP,VWA5A,1
HALLMARK_P53_PATHWAY,HINT1,1
HALLMARK_P53_PATHWAY,CCNK,1
HALLMARK_P53_PATHWAY,OSGIN1,1
HALLMARK_P53_PATHWAY,RPS12,1
HALLMARK_P53_PATHWAY,EPS8L2,1
HALLMARK_P53_PATHWAY,FGF13,1
HALLMARK_P53_PATHWAY,TAX1BP3,1
HALLMARK_P53_PATHWAY,PRMT2,1
HALLMARK_P53_PATHWAY,CSRNP2,1
HALLMARK_P53_PATHWAY,PTPN14,1
HALLMARK_P53_PATHWAY,EI24,1
HALLMARK_P53_PATHWAY,ZMAT3,1
HALLMARK_P53_PATHWAY,CGRRF1,1
HALLMARK_ANGIOGENESIS,PDGFA,1
HALLMARK_P53_PATHWAY,PDGFA,1
HALLMARK_P53_PATHWAY,ABCC5,1
HALLMARK_PEROXISOME,ABCC5,1
HALLMARK_P53_PATHWAY,RCHY1,1
HALLMARK_P53_PATHWAY,GM2A,1
HALLMARK_IL2_STAT5_SIGNALING,CD81,1
HALLMARK_P53_PATHWAY,CD81,1
HALLMARK_P53_PATHWAY,SERTAD3,1
HALLMARK_P53_PATHWAY,DGKA,1
HALLMARK_P53_PATHWAY,TP63,1
HALLMARK_P53_PATHWAY,PLK3,1
HALLMARK_P53_PATHWAY,STEAP3,1
HALLMARK_P53_PATHWAY,APAF1,1
HALLMARK_P53_PATHWAY,ELP1,1
HALLMARK_P53_PATHWAY,WWP1,1
HALLMARK_P53_PATHWAY,IP6K2,1
HALLMARK_UV_RESPONSE_UP,TCHH,1
HALLMARK_P53_PATHWAY,TCHH,1
HALLMARK_P53_PATHWAY,MDM2,1
HALLMARK_P53_PATHWAY,RPL36,1
HALLMARK_P53_PATHWAY,CDKN2B,1
HALLMARK_UV_RESPONSE_UP,CDKN2B,1
HALLMARK_P53_PATHWAY,SESN1,1
HALLMARK_UV_RESPONSE_UP,CLCN2,1
HALLMARK_UV_RESPONSE_UP,EIF5,1
HALLMARK_UV_RESPONSE_UP,RXRB,1
HALLMARK_UV_RESPONSE_UP,PLCL1,1
HALLMARK_UV_RESPONSE_UP,MARK2,1
HALLMARK_UV_RESPONSE_UP,WIZ,1
HALLMARK_UV_RESPONSE_UP,EIF2S3,1
HALLMARK_UV_RESPONSE_UP,EPCAM,1
HALLMARK_UV_RESPONSE_UP,APOM,1
HALLMARK_UV_RESPONSE_UP,CHRNA5,1
HALLMARK_UV_RESPONSE_UP,E2F5,1
HALLMARK_KRAS_SIGNALING_DN,COL2A1,1
HALLMARK_UV_RESPONSE_UP,COL2A1,1
HALLMARK_UV_RESPONSE_UP,LHX2,1
HALLMARK_UV_RESPONSE_UP,GGH,1
HALLMARK_PEROXISOME,DLG4,1
HALLMARK_UV_RESPONSE_UP,DLG4,1
HALLMARK_SPERMATOGENESIS,PARP2,1
HALLMARK_UV_RESPONSE_UP,PARP2,1
HALLMARK_UV_RESPONSE_UP,FGF18,1
HALLMARK_UV_RESPONSE_UP,KLHDC3,1
HALLMARK_UV_RESPONSE_UP,CDC5L,1
HALLMARK_UV_RESPONSE_UP,TYRO3,1
HALLMARK_UV_RESPONSE_UP,POLG2,1
HALLMARK_UV_RESPONSE_UP,CLTB,1
HALLMARK_UV_RESPONSE_UP,PPAT,1
HALLMARK_KRAS_SIGNALING_DN,SHOX2,1
HALLMARK_UV_RESPONSE_UP,SHOX2,1
HALLMARK_UV_RESPONSE_UP,SELENOW,1
HALLMARK_UV_RESPONSE_UP,NKX2-5,1
HALLMARK_UV_RESPONSE_UP,NXF1,1
HALLMARK_UV_RESPONSE_UP,DNAJB1,1
HALLMARK_UV_RESPONSE_UP,CCK,1
HALLMARK_UV_RESPONSE_UP,TGFBRAP1,1
HALLMARK_UV_RESPONSE_UP,HYAL2,1
HALLMARK_UV_RESPONSE_UP,GRINA,1
HALLMARK_UV_RESPONSE_UP,ONECUT1,1
HALLMARK_SPERMATOGENESIS,HSPA2,1
HALLMARK_UV_RESPONSE_UP,HSPA2,1
HALLMARK_UV_RESPONSE_UP,CDC34,1
HALLMARK_UV_RESPONSE_UP,NAT1,1
HALLMARK_UV_RESPONSE_UP,AGO2,1
HALLMARK_UV_RESPONSE_UP,HTR7,1
HALLMARK_UV_RESPONSE_UP,GLS,1
HALLMARK_UV_RESPONSE_UP,SPR,1
HALLMARK_UV_RESPONSE_UP,MGAT1,1
HALLMARK_UV_RESPONSE_UP,HSPA13,1
HALLMARK_UV_RESPONSE_UP,ARRB2,1
HALLMARK_UV_RESPONSE_UP,NTRK3,1
HALLMARK_UV_RESPONSE_UP,CYB5R1,1
HALLMARK_UV_RESPONSE_UP,MAPK8IP2,1
HALLMARK_UV_RESPONSE_UP,RAB27A,1
HALLMARK_UV_RESPONSE_UP,STARD3,1
HALLMARK_IL2_STAT5_SIGNALING,ABCB1,1
HALLMARK_KRAS_SIGNALING_UP,ABCB1,1
HALLMARK_PEROXISOME,ABCB1,1
HALLMARK_UV_RESPONSE_UP,ABCB1,1
HALLMARK_UV_RESPONSE_UP,NUP58,1
HALLMARK_UV_RESPONSE_UP,NPTXR,1
HALLMARK_UV_RESPONSE_UP,PRPF3,1
HALLMARK_UV_RESPONSE_UP,PPP1R2,1
HALLMARK_UV_RESPONSE_UP,HLA-F,1
HALLMARK_UV_RESPONSE_UP,CREG1,1
HALLMARK_UV_RESPONSE_UP,PRKACA,1
HALLMARK_UV_RESPONSE_UP,NPTX2,1
HALLMARK_UV_RESPONSE_UP,PSMC3,1
HALLMARK_UV_RESPONSE_UP,PTPRD,1
HALLMARK_UV_RESPONSE_UP,BSG,1
HALLMARK_HEME_METABOLISM,BSG,1
HALLMARK_UV_RESPONSE_UP,SIGMAR1,1
HALLMARK_UV_RESPONSE_DN,PHF3,1
HALLMARK_UV_RESPONSE_DN,AMPH,1
HALLMARK_IL2_STAT5_SIGNALING,ANXA4,1
HALLMARK_UV_RESPONSE_DN,ANXA4,1
HALLMARK_UV_RESPONSE_DN,CACNA1A,1
HALLMARK_UV_RESPONSE_DN,TFPI,1
HALLMARK_KRAS_SIGNALING_UP,TFPI,1
HALLMARK_ALLOGRAFT_REJECTION,GCNT1,1
HALLMARK_UV_RESPONSE_DN,GCNT1,1
HALLMARK_UV_RESPONSE_DN,PRDM2,1
HALLMARK_UV_RESPONSE_DN,SFMBT1,1
HALLMARK_UV_RESPONSE_DN,MRPS31,1
HALLMARK_UV_RESPONSE_DN,KIT,1
HALLMARK_UV_RESPONSE_DN,ADGRL2,1
HALLMARK_UV_RESPONSE_DN,PTPRM,1
HALLMARK_UV_RESPONSE_DN,KCNMA1,1
HALLMARK_UV_RESPONSE_DN,NIPBL,1
HALLMARK_UV_RESPONSE_DN,TGFBR2,1
HALLMARK_UV_RESPONSE_DN,GRK5,1
HALLMARK_UV_RESPONSE_DN,TOGARAM1,1
HALLMARK_UV_RESPONSE_DN,NR1D2,1
HALLMARK_UV_RESPONSE_DN,EFEMP1,1
HALLMARK_UV_RESPONSE_DN,CDK13,1
HALLMARK_UV_RESPONSE_DN,ARHGEF9,1
HALLMARK_UV_RESPONSE_DN,PLCB4,1
HALLMARK_UV_RESPONSE_DN,DBP,1
HALLMARK_UV_RESPONSE_DN,LTBP1,1
HALLMARK_UV_RESPONSE_DN,RUNX1,1
HALLMARK_UV_RESPONSE_DN,CDON,1
HALLMARK_UV_RESPONSE_DN,PIK3CD,1
HALLMARK_UV_RESPONSE_DN,DYRK1A,1
HALLMARK_UV_RESPONSE_DN,SYNJ2,1
HALLMARK_UV_RESPONSE_DN,PIAS3,1
HALLMARK_UV_RESPONSE_DN,ATRN,1
HALLMARK_KRAS_SIGNALING_DN,PTGFR,1
HALLMARK_UV_RESPONSE_DN,PTGFR,1
HALLMARK_UV_RESPONSE_DN,SPOP,1
HALLMARK_UV_RESPONSE_DN,KALRN,1
HALLMARK_HEME_METABOLISM,NEK7,1
HALLMARK_UV_RESPONSE_DN,NEK7,1
HALLMARK_UV_RESPONSE_DN,SCAF8,1
HALLMARK_UV_RESPONSE_DN,MIOS,1
HALLMARK_UV_RESPONSE_DN,SYNE1,1
HALLMARK_UV_RESPONSE_DN,MAP2K5,1
HALLMARK_UV_RESPONSE_DN,APBB2,1
HALLMARK_UV_RESPONSE_DN,NFIB,1
HALLMARK_UV_RESPONSE_DN,MAP1B,1
HALLMARK_UV_RESPONSE_DN,FZD2,1
HALLMARK_UV_RESPONSE_DN,SLC22A18,1
HALLMARK_BILE_ACID_METABOLISM,SLC22A18,1
HALLMARK_UV_RESPONSE_DN,CELF2,1
HALLMARK_UV_RESPONSE_DN,ATXN1,1
HALLMARK_BILE_ACID_METABOLISM,ATXN1,1
HALLMARK_PEROXISOME,ATXN1,1
HALLMARK_UV_RESPONSE_DN,RND3,1
HALLMARK_UV_RESPONSE_DN,MTA1,1
HALLMARK_UV_RESPONSE_DN,AGGF1,1
HALLMARK_UV_RESPONSE_DN,DMAC2L,1
HALLMARK_UV_RESPONSE_DN,DDAH1,1
HALLMARK_UV_RESPONSE_DN,MMP16,1
HALLMARK_UV_RESPONSE_DN,RBPMS,1
HALLMARK_UV_RESPONSE_DN,WDR37,1
HALLMARK_UV_RESPONSE_DN,SCN8A,1
HALLMARK_UV_RESPONSE_DN,MAGI2,1
HALLMARK_UV_RESPONSE_DN,SIPA1L1,1
HALLMARK_UV_RESPONSE_DN,PRKCE,1
HALLMARK_ANGIOGENESIS,SLCO2A1,1
HALLMARK_ANGIOGENESIS,PRG2,1
HALLMARK_COAGULATION,THBD,1
HALLMARK_ANGIOGENESIS,THBD,1
HALLMARK_ANGIOGENESIS,KCNJ8,1
HALLMARK_ANGIOGENESIS,PGLYRP1,1
HALLMARK_ANGIOGENESIS,FGFR1,1
HALLMARK_ANGIOGENESIS,APOH,1
HALLMARK_ANGIOGENESIS,LRPAP1,1
HALLMARK_HEME_METABOLISM,SLC6A9,1
HALLMARK_HEME_METABOLISM,ERMAP,1
HALLMARK_HEME_METABOLISM,LRP10,1
HALLMARK_HEME_METABOLISM,ADIPOR1,1
HALLMARK_HEME_METABOLISM,GYPE,1
HALLMARK_HEME_METABOLISM,GYPA,1
HALLMARK_HEME_METABOLISM,DCUN1D1,1
HALLMARK_HEME_METABOLISM,TAL1,1
HALLMARK_HEME_METABOLISM,MARCHF2,1
HALLMARK_HEME_METABOLISM,KHNYN,1
HALLMARK_HEME_METABOLISM,SNCA,1
HALLMARK_HEME_METABOLISM,CDR2,1
HALLMARK_HEME_METABOLISM,ACSL6,1
HALLMARK_HEME_METABOLISM,UBAC1,1
HALLMARK_HEME_METABOLISM,HEBP1,1
HALLMARK_HEME_METABOLISM,KDM7A,1
HALLMARK_HEME_METABOLISM,AGPAT4,1
HALLMARK_HEME_METABOLISM,SYNJ1,1
HALLMARK_HEME_METABOLISM,PSMD9,1
HALLMARK_HEME_METABOLISM,YPEL5,1
HALLMARK_HEME_METABOLISM,PPOX,1
HALLMARK_HEME_METABOLISM,CROCCP2,1
HALLMARK_HEME_METABOLISM,SLC22A4,1
HALLMARK_HEME_METABOLISM,H4C15,1
HALLMARK_HEME_METABOLISM,AHSP,1
HALLMARK_HEME_METABOLISM,EPOR,1
HALLMARK_HEME_METABOLISM,XK,1
HALLMARK_HEME_METABOLISM,CLIC2,1
HALLMARK_HEME_METABOLISM,MOCOS,1
HALLMARK_HEME_METABOLISM,DMTN,1
HALLMARK_HEME_METABOLISM,EIF2AK1,1
HALLMARK_HEME_METABOLISM,BACH1,1
HALLMARK_HEME_METABOLISM,CAST,1
HALLMARK_HEME_METABOLISM,DCAF11,1
HALLMARK_HEME_METABOLISM,SLC25A37,1
HALLMARK_HEME_METABOLISM,CCDC28A,1
HALLMARK_HEME_METABOLISM,PIGQ,1
HALLMARK_HEME_METABOLISM,GDE1,1
HALLMARK_HEME_METABOLISM,DCAF10,1
HALLMARK_HEME_METABOLISM,MPP1,1
HALLMARK_HEME_METABOLISM,TENT5C,1
HALLMARK_KRAS_SIGNALING_DN,TENT5C,1
HALLMARK_HEME_METABOLISM,TNRC6B,1
HALLMARK_HEME_METABOLISM,TSPAN5,1
HALLMARK_HEME_METABOLISM,NFE2,1
HALLMARK_HEME_METABOLISM,FBXO7,1
HALLMARK_COAGULATION,CTSE,1
HALLMARK_HEME_METABOLISM,CTSE,1
HALLMARK_HEME_METABOLISM,HBD,1
HALLMARK_HEME_METABOLISM,SLC4A1,1
HALLMARK_BILE_ACID_METABOLISM,KLF1,1
HALLMARK_HEME_METABOLISM,KLF1,1
HALLMARK_HEME_METABOLISM,EZH1,1
HALLMARK_HEME_METABOLISM,TRAK2,1
HALLMARK_HEME_METABOLISM,CA1,1
HALLMARK_HEME_METABOLISM,MARK3,1
HALLMARK_HEME_METABOLISM,TFDP2,1
HALLMARK_HEME_METABOLISM,NARF,1
HALLMARK_HEME_METABOLISM,SLC30A1,1
HALLMARK_HEME_METABOLISM,OSBP2,1
HALLMARK_HEME_METABOLISM,IGSF3,1
HALLMARK_HEME_METABOLISM,KAT2B,1
HALLMARK_HEME_METABOLISM,KLF3,1
HALLMARK_HEME_METABOLISM,FECH,1
HALLMARK_HEME_METABOLISM,MOSPD1,1
HALLMARK_HEME_METABOLISM,MARCHF8,1
HALLMARK_HEME_METABOLISM,ALDH1L1,1
HALLMARK_HEME_METABOLISM,ALAS2,1
HALLMARK_HEME_METABOLISM,TRIM58,1
HALLMARK_HEME_METABOLISM,ATP6V0A1,1
HALLMARK_HEME_METABOLISM,MBOAT2,1
HALLMARK_HEME_METABOLISM,SLC10A3,1
HALLMARK_HEME_METABOLISM,RHAG,1
HALLMARK_HEME_METABOLISM,RBM38,1
HALLMARK_PANCREAS_BETA_CELLS,LMO2,1
HALLMARK_HEME_METABOLISM,LMO2,1
HALLMARK_HEME_METABOLISM,PICALM,1
HALLMARK_HEME_METABOLISM,ANK1,1
HALLMARK_HEME_METABOLISM,VEZF1,1
HALLMARK_HEME_METABOLISM,MKRN1,1
HALLMARK_BILE_ACID_METABOLISM,OPTN,1
HALLMARK_HEME_METABOLISM,OPTN,1
HALLMARK_HEME_METABOLISM,SLC25A38,1
HALLMARK_HEME_METABOLISM,TMCC2,1
HALLMARK_HEME_METABOLISM,RANBP10,1
HALLMARK_HEME_METABOLISM,MFHAS1,1
HALLMARK_HEME_METABOLISM,FN3K,1
HALLMARK_HEME_METABOLISM,SLC30A10,1
HALLMARK_HEME_METABOLISM,CIR1,1
HALLMARK_HEME_METABOLISM,KEL,1
HALLMARK_HEME_METABOLISM,SIDT2,1
HALLMARK_HEME_METABOLISM,SPTB,1
HALLMARK_HEME_METABOLISM,ABCG2,1
HALLMARK_HEME_METABOLISM,HBB,1
HALLMARK_HEME_METABOLISM,ATG4A,1
HALLMARK_HEME_METABOLISM,FBXO9,1
HALLMARK_HEME_METABOLISM,NFE2L1,1
HALLMARK_HEME_METABOLISM,PDZK1IP1,1
HALLMARK_HEME_METABOLISM,RNF123,1
HALLMARK_HEME_METABOLISM,GYPB,1
HALLMARK_HEME_METABOLISM,HTATIP2,1
HALLMARK_HEME_METABOLISM,GYPC,1
HALLMARK_KRAS_SIGNALING_UP,GYPC,1
HALLMARK_HEME_METABOLISM,GATA1,1
HALLMARK_IL2_STAT5_SIGNALING,GATA1,1
HALLMARK_HEME_METABOLISM,SPTA1,1
HALLMARK_HEME_METABOLISM,HBQ1,1
HALLMARK_HEME_METABOLISM,BMP2K,1
HALLMARK_HEME_METABOLISM,ACKR1,1
HALLMARK_HEME_METABOLISM,RHCE,1
HALLMARK_HEME_METABOLISM,FOXJ2,1
HALLMARK_HEME_METABOLISM,XPO7,1
HALLMARK_HEME_METABOLISM,SEC14L1,1
HALLMARK_HEME_METABOLISM,GAPVD1,1
HALLMARK_HEME_METABOLISM,RAD23A,1
HALLMARK_HEME_METABOLISM,RHD,1
HALLMARK_HEME_METABOLISM,RNF19A,1
HALLMARK_HEME_METABOLISM,DAAM1,1
HALLMARK_HEME_METABOLISM,EPB42,1
HALLMARK_HEME_METABOLISM,RBM5,1
HALLMARK_HEME_METABOLISM,ARL2BP,1
HALLMARK_HEME_METABOLISM,ADD2,1
HALLMARK_HEME_METABOLISM,MINPP1,1
HALLMARK_HEME_METABOLISM,ACP5,1
HALLMARK_HEME_METABOLISM,TSPO2,1
HALLMARK_HEME_METABOLISM,CTNS,1
HALLMARK_HEME_METABOLISM,HBZ,1
HALLMARK_SPERMATOGENESIS,HBZ,1
HALLMARK_HEME_METABOLISM,SLC66A2,1
HALLMARK_HEME_METABOLISM,TMEM9B,1
HALLMARK_HEME_METABOLISM,BTRC,1
HALLMARK_HEME_METABOLISM,TRIM10,1
HALLMARK_HEME_METABOLISM,FBXO34,1
HALLMARK_HEME_METABOLISM,TNS1,1
HALLMARK_HEME_METABOLISM,FTCD,1
HALLMARK_HEME_METABOLISM,GLRX5,1
HALLMARK_HEME_METABOLISM,NUDT4,1
HALLMARK_HEME_METABOLISM,HAGH,1
HALLMARK_COAGULATION,RAPGEF3,1
HALLMARK_COAGULATION,MST1,1
HALLMARK_COAGULATION,SH2B2,1
HALLMARK_COAGULATION,F9,1
HALLMARK_COAGULATION,APOC3,1
HALLMARK_COAGULATION,CTSK,1
HALLMARK_COAGULATION,TF,1
HALLMARK_COAGULATION,MSRB2,1
HALLMARK_COAGULATION,MMP7,1
HALLMARK_COAGULATION,C8G,1
HALLMARK_COAGULATION,GNG12,1
HALLMARK_COAGULATION,ARF4,1
HALLMARK_COAGULATION,RGN,1
HALLMARK_COAGULATION,P2RY1,1
HALLMARK_COAGULATION,CPN1,1
HALLMARK_COAGULATION,F13B,1
HALLMARK_COAGULATION,F12,1
HALLMARK_COAGULATION,DUSP14,1
HALLMARK_IL2_STAT5_SIGNALING,F2RL2,1
HALLMARK_COAGULATION,F2RL2,1
HALLMARK_COAGULATION,GDA,1
HALLMARK_COAGULATION,FGG,1
HALLMARK_COAGULATION,CFI,1
HALLMARK_COAGULATION,MMP11,1
HALLMARK_KRAS_SIGNALING_UP,MMP11,1
HALLMARK_COAGULATION,MMP10,1
HALLMARK_KRAS_SIGNALING_UP,MMP10,1
HALLMARK_COAGULATION,PROZ,1
HALLMARK_BILE_ACID_METABOLISM,APOA1,1
HALLMARK_COAGULATION,APOA1,1
HALLMARK_COAGULATION,WDR1,1
HALLMARK_COAGULATION,PEF1,1
HALLMARK_COAGULATION,CRIP2,1
HALLMARK_COAGULATION,CAPN2,1
HALLMARK_COAGULATION,APOC2,1
HALLMARK_COAGULATION,MASP2,1
HALLMARK_COAGULATION,CPB2,1
HALLMARK_COAGULATION,C8A,1
HALLMARK_COAGULATION,DCT,1
HALLMARK_COAGULATION,C8B,1
HALLMARK_COAGULATION,PROC,1
HALLMARK_COAGULATION,FGA,1
HALLMARK_IL2_STAT5_SIGNALING,S100A1,1
HALLMARK_COAGULATION,S100A1,1
HALLMARK_IL2_STAT5_SIGNALING,TTC39B,1
HALLMARK_IL2_STAT5_SIGNALING,TNFSF11,1
HALLMARK_IL2_STAT5_SIGNALING,PRKCH,1
HALLMARK_IL2_STAT5_SIGNALING,CTLA4,1
HALLMARK_IL2_STAT5_SIGNALING,ITGAE,1
HALLMARK_IL2_STAT5_SIGNALING,CD79B,1
HALLMARK_IL2_STAT5_SIGNALING,RHOH,1
HALLMARK_IL2_STAT5_SIGNALING,HOPX,1
HALLMARK_IL2_STAT5_SIGNALING,CAPN3,1
HALLMARK_IL2_STAT5_SIGNALING,PLAGL1,1
HALLMARK_IL2_STAT5_SIGNALING,HUWE1,1
HALLMARK_IL2_STAT5_SIGNALING,ETFBKMT,1
HALLMARK_IL2_STAT5_SIGNALING,SERPINB6,1
HALLMARK_IL2_STAT5_SIGNALING,ST3GAL4,1
HALLMARK_IL2_STAT5_SIGNALING,EOMES,1
HALLMARK_IL2_STAT5_SIGNALING,TNFRSF8,1
HALLMARK_IL2_STAT5_SIGNALING,TWSG1,1
HALLMARK_IL2_STAT5_SIGNALING,COL6A1,1
HALLMARK_ALLOGRAFT_REJECTION,IL13,1
HALLMARK_IL2_STAT5_SIGNALING,IL13,1
HALLMARK_IL2_STAT5_SIGNALING,SH3BGRL2,1
HALLMARK_IL2_STAT5_SIGNALING,SMPDL3A,1
HALLMARK_IL2_STAT5_SIGNALING,ICOS,1
HALLMARK_IL2_STAT5_SIGNALING,SNX9,1
HALLMARK_IL2_STAT5_SIGNALING,LCLAT1,1
HALLMARK_IL2_STAT5_SIGNALING,CKAP4,1
HALLMARK_IL2_STAT5_SIGNALING,IKZF2,1
HALLMARK_IL2_STAT5_SIGNALING,CDC42SE2,1
HALLMARK_IL2_STAT5_SIGNALING,MAP6,1
HALLMARK_IL2_STAT5_SIGNALING,SYT11,1
HALLMARK_IL2_STAT5_SIGNALING,EEF1AKMT1,1
HALLMARK_IL2_STAT5_SIGNALING,RABGAP1L,1
HALLMARK_KRAS_SIGNALING_UP,RABGAP1L,1
HALLMARK_IL2_STAT5_SIGNALING,IRF6,1
HALLMARK_IL2_STAT5_SIGNALING,SCN9A,1
HALLMARK_IL2_STAT5_SIGNALING,TNFRSF4,1
HALLMARK_IL2_STAT5_SIGNALING,CCR4,1
HALLMARK_IL2_STAT5_SIGNALING,DRC1,1
HALLMARK_ALLOGRAFT_REJECTION,GPR65,1
HALLMARK_IL2_STAT5_SIGNALING,GPR65,1
HALLMARK_IL2_STAT5_SIGNALING,CDCP1,1
HALLMARK_IL2_STAT5_SIGNALING,PDCD2L,1
HALLMARK_IL2_STAT5_SIGNALING,LRRC8C,1
HALLMARK_IL2_STAT5_SIGNALING,PENK,1
HALLMARK_IL2_STAT5_SIGNALING,PHTF2,1
HALLMARK_IL2_STAT5_SIGNALING,ETV4,1
HALLMARK_KRAS_SIGNALING_UP,ETV4,1
HALLMARK_IL2_STAT5_SIGNALING,COCH,1
HALLMARK_IL2_STAT5_SIGNALING,DCPS,1
HALLMARK_IL2_STAT5_SIGNALING,SHE,1
HALLMARK_SPERMATOGENESIS,SHE,1
HALLMARK_IL2_STAT5_SIGNALING,FLT3LG,1
HALLMARK_IL2_STAT5_SIGNALING,SNX14,1
HALLMARK_IL2_STAT5_SIGNALING,GLIPR2,1
HALLMARK_IL2_STAT5_SIGNALING,ADAM19,1
HALLMARK_IL2_STAT5_SIGNALING,SPRY4,1
HALLMARK_IL2_STAT5_SIGNALING,MAPKAPK2,1
HALLMARK_IL2_STAT5_SIGNALING,POU2F1,1
HALLMARK_IL2_STAT5_SIGNALING,WLS,1
HALLMARK_IL2_STAT5_SIGNALING,PTRH2,1
HALLMARK_IL2_STAT5_SIGNALING,GPR83,1
HALLMARK_IL2_STAT5_SIGNALING,SLC39A8,1
HALLMARK_BILE_ACID_METABOLISM,AMACR,1
HALLMARK_IL2_STAT5_SIGNALING,AMACR,1
HALLMARK_IL2_STAT5_SIGNALING,AHNAK,1
HALLMARK_IL2_STAT5_SIGNALING,GUCY1B1,1
HALLMARK_IL2_STAT5_SIGNALING,IL1RL1,1
HALLMARK_IL2_STAT5_SIGNALING,SWAP70,1
HALLMARK_IL2_STAT5_SIGNALING,RNH1,1
HALLMARK_IL2_STAT5_SIGNALING,NCS1,1
HALLMARK_IL2_STAT5_SIGNALING,CTSZ,1
HALLMARK_IL2_STAT5_SIGNALING,ITGA6,1
HALLMARK_IL2_STAT5_SIGNALING,TNFRSF18,1
HALLMARK_IL2_STAT5_SIGNALING,CST7,1
HALLMARK_IL2_STAT5_SIGNALING,HYCC2,1
HALLMARK_IL2_STAT5_SIGNALING,ENPP1,1
HALLMARK_IL2_STAT5_SIGNALING,BATF3,1
HALLMARK_IL2_STAT5_SIGNALING,CYFIP1,1
HALLMARK_IL2_STAT5_SIGNALING,NFKBIZ,1
HALLMARK_IL2_STAT5_SIGNALING,GALM,1
HALLMARK_IL2_STAT5_SIGNALING,SOCS2,1
HALLMARK_IL2_STAT5_SIGNALING,AGER,1
HALLMARK_IL2_STAT5_SIGNALING,IKZF4,1
HALLMARK_IL2_STAT5_SIGNALING,TLR7,1
HALLMARK_IL2_STAT5_SIGNALING,PTH1R,1
HALLMARK_IL2_STAT5_SIGNALING,SPRED2,1
HALLMARK_IL2_STAT5_SIGNALING,PRAF2,1
HALLMARK_IL2_STAT5_SIGNALING,PLEC,1
HALLMARK_BILE_ACID_METABOLISM,NUDT12,1
HALLMARK_BILE_ACID_METABOLISM,SOAT2,1
HALLMARK_PEROXISOME,LONP2,1
HALLMARK_BILE_ACID_METABOLISM,LONP2,1
HALLMARK_BILE_ACID_METABOLISM,SLC27A5,1
HALLMARK_BILE_ACID_METABOLISM,ABCA9,1
HALLMARK_BILE_ACID_METABOLISM,NR1H4,1
HALLMARK_KRAS_SIGNALING_UP,NR1H4,1
HALLMARK_BILE_ACID_METABOLISM,PEX19,1
HALLMARK_BILE_ACID_METABOLISM,HSD3B1,1
HALLMARK_BILE_ACID_METABOLISM,PECR,1
HALLMARK_BILE_ACID_METABOLISM,HAO1,1
HALLMARK_PEROXISOME,GSTK1,1
HALLMARK_BILE_ACID_METABOLISM,GSTK1,1
HALLMARK_BILE_ACID_METABOLISM,PEX11G,1
HALLMARK_PEROXISOME,NR1I2,1
HALLMARK_BILE_ACID_METABOLISM,NR1I2,1
HALLMARK_BILE_ACID_METABOLISM,DIO2,1
HALLMARK_KRAS_SIGNALING_DN,CYP39A1,1
HALLMARK_BILE_ACID_METABOLISM,CYP39A1,1
HALLMARK_BILE_ACID_METABOLISM,PNPLA8,1
HALLMARK_BILE_ACID_METABOLISM,GNPAT,1
HALLMARK_PEROXISOME,GNPAT,1
HALLMARK_BILE_ACID_METABOLISM,PEX6,1
HALLMARK_PEROXISOME,PEX6,1
HALLMARK_BILE_ACID_METABOLISM,ABCG8,1
HALLMARK_BILE_ACID_METABOLISM,PEX12,1
HALLMARK_KRAS_SIGNALING_UP,NR0B2,1
HALLMARK_BILE_ACID_METABOLISM,NR0B2,1
HALLMARK_BILE_ACID_METABOLISM,ABCA4,1
HALLMARK_BILE_ACID_METABOLISM,TTR,1
HALLMARK_PEROXISOME,TTR,1
HALLMARK_BILE_ACID_METABOLISM,CYP7B1,1
HALLMARK_PEROXISOME,HSD3B7,1
HALLMARK_BILE_ACID_METABOLISM,HSD3B7,1
HALLMARK_BILE_ACID_METABOLISM,ABCA8,1
HALLMARK_BILE_ACID_METABOLISM,NEDD4,1
HALLMARK_BILE_ACID_METABOLISM,PEX7,1
HALLMARK_BILE_ACID_METABOLISM,ALDH8A1,1
HALLMARK_BILE_ACID_METABOLISM,GC,1
HALLMARK_BILE_ACID_METABOLISM,SLCO1A2,1
HALLMARK_BILE_ACID_METABOLISM,ABCA5,1
HALLMARK_BILE_ACID_METABOLISM,CH25H,1
HALLMARK_BILE_ACID_METABOLISM,HSD17B6,1
HALLMARK_BILE_ACID_METABOLISM,EFHC1,1
HALLMARK_BILE_ACID_METABOLISM,PAOX,1
HALLMARK_PEROXISOME,RXRG,1
HALLMARK_BILE_ACID_METABOLISM,RXRG,1
HALLMARK_BILE_ACID_METABOLISM,PEX13,1
HALLMARK_PEROXISOME,PEX13,1
HALLMARK_BILE_ACID_METABOLISM,PXMP2,1
HALLMARK_KRAS_SIGNALING_DN,TFCP2L1,1
HALLMARK_BILE_ACID_METABOLISM,TFCP2L1,1
HALLMARK_BILE_ACID_METABOLISM,CYP7A1,1
HALLMARK_BILE_ACID_METABOLISM,CYP46A1,1
HALLMARK_BILE_ACID_METABOLISM,ABCD1,1
HALLMARK_PEROXISOME,ABCD1,1
HALLMARK_BILE_ACID_METABOLISM,PEX26,1
HALLMARK_BILE_ACID_METABOLISM,BBOX1,1
HALLMARK_PEROXISOME,DIO1,1
HALLMARK_BILE_ACID_METABOLISM,DIO1,1
HALLMARK_BILE_ACID_METABOLISM,PEX1,1
HALLMARK_BILE_ACID_METABOLISM,AGXT,1
HALLMARK_BILE_ACID_METABOLISM,AKR1D1,1
HALLMARK_BILE_ACID_METABOLISM,NR3C2,1
HALLMARK_BILE_ACID_METABOLISM,SLC23A1,1
HALLMARK_BILE_ACID_METABOLISM,ABCA6,1
HALLMARK_BILE_ACID_METABOLISM,SLC23A2,1
HALLMARK_PEROXISOME,SLC23A2,1
HALLMARK_BILE_ACID_METABOLISM,RBP1,1
HALLMARK_PEROXISOME,SLC35B2,1
HALLMARK_BILE_ACID_METABOLISM,SLC35B2,1
HALLMARK_BILE_ACID_METABOLISM,BMP6,1
HALLMARK_BILE_ACID_METABOLISM,PIPOX,1
HALLMARK_KRAS_SIGNALING_DN,ABCG4,1
HALLMARK_BILE_ACID_METABOLISM,ABCG4,1
HALLMARK_BILE_ACID_METABOLISM,PEX16,1
HALLMARK_BILE_ACID_METABOLISM,SULT1B1,1
HALLMARK_BILE_ACID_METABOLISM,ABCD3,1
HALLMARK_PEROXISOME,ABCD3,1
HALLMARK_BILE_ACID_METABOLISM,CYP8B1,1
HALLMARK_PEROXISOME,PEX5,1
HALLMARK_PEROXISOME,FABP6,1
HALLMARK_PEROXISOME,CTBP1,1
HALLMARK_PEROXISOME,ITGB1BP1,1
HALLMARK_SPERMATOGENESIS,IDE,1
HALLMARK_PEROXISOME,IDE,1
HALLMARK_PEROXISOME,SLC25A19,1
HALLMARK_PEROXISOME,CACNA1B,1
HALLMARK_PEROXISOME,PEX11B,1
HALLMARK_PEROXISOME,CRABP2,1
HALLMARK_PEROXISOME,CDK7,1
HALLMARK_PEROXISOME,ALB,1
HALLMARK_PEROXISOME,FIS1,1
HALLMARK_PEROXISOME,PEX2,1
HALLMARK_PEROXISOME,ABCB9,1
HALLMARK_PEROXISOME,SIAH1,1
HALLMARK_PEROXISOME,STS,1
HALLMARK_PANCREAS_BETA_CELLS,ABCC8,1
HALLMARK_PEROXISOME,ABCC8,1
HALLMARK_PEROXISOME,ABCB4,1
HALLMARK_KRAS_SIGNALING_DN,SCGB1A1,1
HALLMARK_PEROXISOME,SCGB1A1,1
HALLMARK_PEROXISOME,CLN8,1
HALLMARK_PEROXISOME,CRABP1,1
HALLMARK_PEROXISOME,ESR2,1
HALLMARK_PEROXISOME,SEMA3C,1
HALLMARK_PEROXISOME,SLC25A17,1
HALLMARK_KRAS_SIGNALING_DN,HSD11B2,1
HALLMARK_PEROXISOME,HSD11B2,1
HALLMARK_PEROXISOME,UGT2B17,1
HALLMARK_KRAS_SIGNALING_DN,UGT2B17,1
HALLMARK_PEROXISOME,NUDT19,1
HALLMARK_ALLOGRAFT_REJECTION,MAP4K1,1
HALLMARK_KRAS_SIGNALING_UP,MAP4K1,1
HALLMARK_ALLOGRAFT_REJECTION,CD4,1
HALLMARK_ALLOGRAFT_REJECTION,CXCR3,1
HALLMARK_ALLOGRAFT_REJECTION,RPS3A,1
HALLMARK_ALLOGRAFT_REJECTION,CD79A,1
HALLMARK_ALLOGRAFT_REJECTION,HDAC9,1
HALLMARK_KRAS_SIGNALING_UP,HDAC9,1
HALLMARK_ALLOGRAFT_REJECTION,IGSF6,1
HALLMARK_ALLOGRAFT_REJECTION,IL9,1
HALLMARK_ALLOGRAFT_REJECTION,CD247,1
HALLMARK_ALLOGRAFT_REJECTION,IL27RA,1
HALLMARK_ALLOGRAFT_REJECTION,RPL9P8,1
HALLMARK_ALLOGRAFT_REJECTION,CSK,1
HALLMARK_ALLOGRAFT_REJECTION,TAP2,1
HALLMARK_ALLOGRAFT_REJECTION,RPS9,1
HALLMARK_ALLOGRAFT_REJECTION,LY75,1
HALLMARK_ALLOGRAFT_REJECTION,CCL13,1
HALLMARK_ALLOGRAFT_REJECTION,CCL19,1
HALLMARK_ALLOGRAFT_REJECTION,RPL3L,1
HALLMARK_ALLOGRAFT_REJECTION,EIF3A,1
HALLMARK_ALLOGRAFT_REJECTION,KRT1,1
HALLMARK_KRAS_SIGNALING_DN,KRT1,1
HALLMARK_ALLOGRAFT_REJECTION,SIT1,1
HALLMARK_ALLOGRAFT_REJECTION,ELF4,1
HALLMARK_ALLOGRAFT_REJECTION,CD96,1
HALLMARK_ALLOGRAFT_REJECTION,CD3D,1
HALLMARK_ALLOGRAFT_REJECTION,AARS1,1
HALLMARK_ALLOGRAFT_REJECTION,IL16,1
HALLMARK_ALLOGRAFT_REJECTION,HLA-DOA,1
HALLMARK_ALLOGRAFT_REJECTION,UBE2D1,1
HALLMARK_ALLOGRAFT_REJECTION,CD3G,1
HALLMARK_ALLOGRAFT_REJECTION,HLA-DMB,1
HALLMARK_ALLOGRAFT_REJECTION,TRAT1,1
HALLMARK_ALLOGRAFT_REJECTION,IFNG,1
HALLMARK_KRAS_SIGNALING_DN,IFNG,1
HALLMARK_ALLOGRAFT_REJECTION,CD3E,1
HALLMARK_ALLOGRAFT_REJECTION,HLA-DOB,1
HALLMARK_ALLOGRAFT_REJECTION,ITGAL,1
HALLMARK_ALLOGRAFT_REJECTION,RPL39,1
HALLMARK_ALLOGRAFT_REJECTION,SPI1,1
HALLMARK_ALLOGRAFT_REJECTION,ZAP70,1
HALLMARK_ALLOGRAFT_REJECTION,GLMN,1
HALLMARK_ALLOGRAFT_REJECTION,IL11,1
HALLMARK_ALLOGRAFT_REJECTION,ELANE,1
HALLMARK_ALLOGRAFT_REJECTION,GALNT1,1
HALLMARK_ALLOGRAFT_REJECTION,KLRD1,1
HALLMARK_ALLOGRAFT_REJECTION,CCR2,1
HALLMARK_ALLOGRAFT_REJECTION,RPS19,1
HALLMARK_ALLOGRAFT_REJECTION,DEGS1,1
HALLMARK_ALLOGRAFT_REJECTION,ITK,1
HALLMARK_ALLOGRAFT_REJECTION,TLR6,1
HALLMARK_ALLOGRAFT_REJECTION,FGR,1
HALLMARK_ALLOGRAFT_REJECTION,CCL11,1
HALLMARK_ALLOGRAFT_REJECTION,SRGN,1
HALLMARK_ALLOGRAFT_REJECTION,CARTPT,1
HALLMARK_ALLOGRAFT_REJECTION,IKBKB,1
HALLMARK_ALLOGRAFT_REJECTION,EIF5A,1
HALLMARK_ALLOGRAFT_REJECTION,CD7,1
HALLMARK_ALLOGRAFT_REJECTION,CRTAM,1
HALLMARK_ALLOGRAFT_REJECTION,APBB1,1
HALLMARK_ALLOGRAFT_REJECTION,FCGR2B,1
HALLMARK_ALLOGRAFT_REJECTION,CD8A,1
HALLMARK_ALLOGRAFT_REJECTION,HLA-E,1
HALLMARK_ALLOGRAFT_REJECTION,NCR1,1
HALLMARK_ALLOGRAFT_REJECTION,NOS2,1
HALLMARK_ALLOGRAFT_REJECTION,IL12A,1
HALLMARK_ALLOGRAFT_REJECTION,IL2,1
HALLMARK_ALLOGRAFT_REJECTION,PRKCG,1
HALLMARK_ALLOGRAFT_REJECTION,LY86,1
HALLMARK_ALLOGRAFT_REJECTION,EIF4G3,1
HALLMARK_ALLOGRAFT_REJECTION,DARS1,1
HALLMARK_ALLOGRAFT_REJECTION,CD8B,1
HALLMARK_ALLOGRAFT_REJECTION,DYRK3,1
HALLMARK_ALLOGRAFT_REJECTION,HLA-DRA,1
HALLMARK_ALLOGRAFT_REJECTION,NCF4,1
HALLMARK_ALLOGRAFT_REJECTION,MRPL3,1
HALLMARK_ALLOGRAFT_REJECTION,MTIF2,1
HALLMARK_ALLOGRAFT_REJECTION,CCR5,1
HALLMARK_ALLOGRAFT_REJECTION,CD28,1
HALLMARK_ALLOGRAFT_REJECTION,SOCS5,1
HALLMARK_SPERMATOGENESIS,DMC1,1
HALLMARK_SPERMATOGENESIS,CHRM4,1
HALLMARK_SPERMATOGENESIS,OAZ3,1
HALLMARK_SPERMATOGENESIS,SPATA6,1
HALLMARK_SPERMATOGENESIS,GRM8,1
HALLMARK_SPERMATOGENESIS,CFTR,1
HALLMARK_SPERMATOGENESIS,HSPA1L,1
HALLMARK_SPERMATOGENESIS,CCT6B,1
HALLMARK_SPERMATOGENESIS,CLPB,1
HALLMARK_SPERMATOGENESIS,CSNK2A2,1
HALLMARK_SPERMATOGENESIS,ACTL7B,1
HALLMARK_SPERMATOGENESIS,BRAF,1
HALLMARK_SPERMATOGENESIS,STRBP,1
HALLMARK_SPERMATOGENESIS,TSSK2,1
HALLMARK_SPERMATOGENESIS,AGFG1,1
HALLMARK_SPERMATOGENESIS,CNIH2,1
HALLMARK_SPERMATOGENESIS,RAD17,1
HALLMARK_SPERMATOGENESIS,PCSK4,1
HALLMARK_KRAS_SIGNALING_DN,TNNI3,1
HALLMARK_SPERMATOGENESIS,TNNI3,1
HALLMARK_SPERMATOGENESIS,DMRT1,1
HALLMARK_SPERMATOGENESIS,GPR182,1
HALLMARK_KRAS_SIGNALING_DN,YBX2,1
HALLMARK_SPERMATOGENESIS,YBX2,1
HALLMARK_SPERMATOGENESIS,ADCYAP1,1
HALLMARK_SPERMATOGENESIS,TEKT2,1
HALLMARK_SPERMATOGENESIS,TOPBP1,1
HALLMARK_SPERMATOGENESIS,IL12RB2,1
HALLMARK_SPERMATOGENESIS,MEP1B,1
HALLMARK_SPERMATOGENESIS,POMC,1
HALLMARK_SPERMATOGENESIS,PGS1,1
HALLMARK_SPERMATOGENESIS,ZPBP,1
HALLMARK_SPERMATOGENESIS,TLE4,1
HALLMARK_SPERMATOGENESIS,MAST2,1
HALLMARK_SPERMATOGENESIS,MTNR1A,1
HALLMARK_SPERMATOGENESIS,ACE,1
HALLMARK_KRAS_SIGNALING_UP,ACE,1
HALLMARK_SPERMATOGENESIS,SCG5,1
HALLMARK_KRAS_SIGNALING_UP,SCG5,1
HALLMARK_SPERMATOGENESIS,PEBP1,1
HALLMARK_SPERMATOGENESIS,SIRT1,1
HALLMARK_SPERMATOGENESIS,DDX4,1
HALLMARK_SPERMATOGENESIS,TNP2,1
HALLMARK_SPERMATOGENESIS,TNP1,1
HALLMARK_SPERMATOGENESIS,ACRV1,1
HALLMARK_SPERMATOGENESIS,RPL39L,1
HALLMARK_SPERMATOGENESIS,GFI1,1
HALLMARK_SPERMATOGENESIS,ALOX15,1
HALLMARK_SPERMATOGENESIS,PAPOLB,1
HALLMARK_SPERMATOGENESIS,TCP11,1
HALLMARK_SPERMATOGENESIS,PHKG2,1
HALLMARK_SPERMATOGENESIS,SYCP1,1
HALLMARK_SPERMATOGENESIS,CRISP2,1
HALLMARK_SPERMATOGENESIS,ZNRF4,1
HALLMARK_SPERMATOGENESIS,COIL,1
HALLMARK_SPERMATOGENESIS,ZC3H14,1
HALLMARK_SPERMATOGENESIS,PDHA2,1
HALLMARK_SPERMATOGENESIS,NPY5R,1
HALLMARK_SPERMATOGENESIS,TUBA3C,1
HALLMARK_SPERMATOGENESIS,CLGN,1
HALLMARK_SPERMATOGENESIS,IL13RA2,1
HALLMARK_SPERMATOGENESIS,IFT88,1
HALLMARK_SPERMATOGENESIS,PRM2,1
HALLMARK_SPERMATOGENESIS,ACRBP,1
HALLMARK_SPERMATOGENESIS,ADAD1,1
HALLMARK_SPERMATOGENESIS,GSG1,1
HALLMARK_SPERMATOGENESIS,CHFR,1
HALLMARK_SPERMATOGENESIS,CST8,1
HALLMARK_SPERMATOGENESIS,PHF7,1
HALLMARK_SPERMATOGENESIS,TSN,1
HALLMARK_SPERMATOGENESIS,TULP2,1
HALLMARK_SPERMATOGENESIS,NPHP1,1
HALLMARK_SPERMATOGENESIS,IP6K1,1
HALLMARK_SPERMATOGENESIS,ELOVL3,1
HALLMARK_SPERMATOGENESIS,MLF1,1
HALLMARK_SPERMATOGENESIS,MLLT10,1
HALLMARK_SPERMATOGENESIS,SEPTIN4,1
HALLMARK_KRAS_SIGNALING_DN,DCC,1
HALLMARK_SPERMATOGENESIS,DCC,1
HALLMARK_SPERMATOGENESIS,NAA11,1
HALLMARK_SPERMATOGENESIS,SNAP91,1
HALLMARK_KRAS_SIGNALING_UP,SNAP91,1
HALLMARK_SPERMATOGENESIS,PCSK1N,1
HALLMARK_KRAS_SIGNALING_UP,PCSK1N,1
HALLMARK_SPERMATOGENESIS,ADAM2,1
HALLMARK_SPERMATOGENESIS,DDX25,1
HALLMARK_SPERMATOGENESIS,PGK2,1
HALLMARK_SPERMATOGENESIS,DPEP3,1
HALLMARK_SPERMATOGENESIS,AKAP4,1
HALLMARK_SPERMATOGENESIS,MTOR,1
HALLMARK_SPERMATOGENESIS,THEG,1
HALLMARK_SPERMATOGENESIS,NCAPH,1
HALLMARK_SPERMATOGENESIS,ART3,1
HALLMARK_SPERMATOGENESIS,H1-6,1
HALLMARK_SPERMATOGENESIS,ODF1,1
HALLMARK_SPERMATOGENESIS,PIAS2,1
HALLMARK_SPERMATOGENESIS,HOXB1,1
HALLMARK_SPERMATOGENESIS,HTR5A,1
HALLMARK_KRAS_SIGNALING_DN,ZC2HC1C,1
HALLMARK_SPERMATOGENESIS,ZC2HC1C,1
HALLMARK_SPERMATOGENESIS,CLVS1,1
HALLMARK_SPERMATOGENESIS,PACRG,1
HALLMARK_SPERMATOGENESIS,GMCL1,1
HALLMARK_SPERMATOGENESIS,DNAJB8,1
HALLMARK_KRAS_SIGNALING_UP,PRELID3B,1
HALLMARK_KRAS_SIGNALING_UP,RELN,1
HALLMARK_KRAS_SIGNALING_UP,ADGRL4,1
HALLMARK_KRAS_SIGNALING_UP,PTPRR,1
HALLMARK_KRAS_SIGNALING_UP,TPH1,1
HALLMARK_KRAS_SIGNALING_UP,ANO1,1
HALLMARK_KRAS_SIGNALING_UP,GALNT3,1
HALLMARK_KRAS_SIGNALING_UP,FGF9,1
HALLMARK_KRAS_SIGNALING_UP,USH1C,1
HALLMARK_KRAS_SIGNALING_UP,PLVAP,1
HALLMARK_KRAS_SIGNALING_UP,LY96,1
HALLMARK_KRAS_SIGNALING_UP,IGF2,1
HALLMARK_KRAS_SIGNALING_UP,ST6GAL1,1
HALLMARK_KRAS_SIGNALING_UP,NAP1L2,1
HALLMARK_KRAS_SIGNALING_UP,TLR8,1
HALLMARK_KRAS_SIGNALING_UP,AMMECR1,1
HALLMARK_KRAS_SIGNALING_UP,CBX8,1
HALLMARK_KRAS_SIGNALING_UP,ETV5,1
HALLMARK_KRAS_SIGNALING_UP,ZNF639,1
HALLMARK_KRAS_SIGNALING_UP,WNT7A,1
HALLMARK_KRAS_SIGNALING_UP,TOR1AIP2,1
HALLMARK_KRAS_SIGNALING_UP,PRKG2,1
HALLMARK_KRAS_SIGNALING_UP,ETV1,1
HALLMARK_KRAS_SIGNALING_UP,PTCD2,1
HALLMARK_KRAS_SIGNALING_UP,BTBD3,1
HALLMARK_KRAS_SIGNALING_UP,CDADC1,1
HALLMARK_KRAS_SIGNALING_UP,GABRA3,1
HALLMARK_KRAS_SIGNALING_UP,MTMR10,1
HALLMARK_KRAS_SIGNALING_UP,GPRC5B,1
HALLMARK_KRAS_SIGNALING_UP,HKDC1,1
HALLMARK_KRAS_SIGNALING_UP,ADGRA2,1
HALLMARK_KRAS_SIGNALING_UP,EPHB2,1
HALLMARK_KRAS_SIGNALING_UP,SLPI,1
HALLMARK_KRAS_SIGNALING_UP,PPBP,1
HALLMARK_PANCREAS_BETA_CELLS,MAFB,1
HALLMARK_KRAS_SIGNALING_UP,MAFB,1
HALLMARK_KRAS_SIGNALING_UP,PRDM1,1
HALLMARK_KRAS_SIGNALING_UP,KIF5C,1
HALLMARK_KRAS_SIGNALING_UP,DNMBP,1
HALLMARK_KRAS_SIGNALING_UP,LAPTM5,1
HALLMARK_KRAS_SIGNALING_UP,ALDH1A2,1
HALLMARK_KRAS_SIGNALING_UP,GPNMB,1
HALLMARK_KRAS_SIGNALING_UP,MYCN,1
HALLMARK_KRAS_SIGNALING_UP,ATG10,1
HALLMARK_KRAS_SIGNALING_UP,CLEC4A,1
HALLMARK_KRAS_SIGNALING_UP,ZNF277,1
HALLMARK_KRAS_SIGNALING_UP,KCNN4,1
HALLMARK_KRAS_SIGNALING_UP,CCSER2,1
HALLMARK_KRAS_SIGNALING_UP,IL33,1
HALLMARK_KRAS_SIGNALING_UP,CBR4,1
HALLMARK_KRAS_SIGNALING_UP,SNAP25,1
HALLMARK_KRAS_SIGNALING_UP,TMEM158,1
HALLMARK_KRAS_SIGNALING_UP,TSPAN7,1
HALLMARK_KRAS_SIGNALING_UP,LAT2,1
HALLMARK_KRAS_SIGNALING_UP,ADAM8,1
HALLMARK_KRAS_SIGNALING_UP,PTBP2,1
HALLMARK_KRAS_SIGNALING_UP,FBXO4,1
HALLMARK_KRAS_SIGNALING_UP,FLT4,1
HALLMARK_KRAS_SIGNALING_UP,SDCCAG8,1
HALLMARK_KRAS_SIGNALING_UP,TSPAN1,1
HALLMARK_KRAS_SIGNALING_UP,IL1RL2,1
HALLMARK_KRAS_SIGNALING_UP,USP12,1
HALLMARK_KRAS_SIGNALING_UP,PLEK2,1
HALLMARK_KRAS_SIGNALING_UP,SPRY2,1
HALLMARK_KRAS_SIGNALING_UP,F13A1,1
HALLMARK_KRAS_SIGNALING_UP,AVL9,1
HALLMARK_KRAS_SIGNALING_UP,BTC,1
HALLMARK_KRAS_SIGNALING_UP,EVI5,1
HALLMARK_KRAS_SIGNALING_UP,TMEM176A,1
HALLMARK_KRAS_SIGNALING_UP,IKZF1,1
HALLMARK_KRAS_SIGNALING_UP,GNG11,1
HALLMARK_KRAS_SIGNALING_UP,CD37,1
HALLMARK_KRAS_SIGNALING_UP,PEG3,1
HALLMARK_KRAS_SIGNALING_UP,CFHR2,1
HALLMARK_KRAS_SIGNALING_UP,TRIB2,1
HALLMARK_KRAS_SIGNALING_UP,RBM4,1
HALLMARK_KRAS_SIGNALING_UP,SPON1,1
HALLMARK_KRAS_SIGNALING_UP,GADD45G,1
HALLMARK_KRAS_SIGNALING_UP,HOXD11,1
HALLMARK_KRAS_SIGNALING_UP,H2BC3,1
HALLMARK_KRAS_SIGNALING_UP,WDR33,1
HALLMARK_KRAS_SIGNALING_UP,MMD,1
HALLMARK_KRAS_SIGNALING_UP,EPB41L3,1
HALLMARK_KRAS_SIGNALING_UP,LCP1,1
HALLMARK_KRAS_SIGNALING_UP,MALL,1
HALLMARK_KRAS_SIGNALING_UP,ADAMDEC1,1
HALLMARK_KRAS_SIGNALING_UP,PIGR,1
HALLMARK_KRAS_SIGNALING_UP,TMEM100,1
HALLMARK_KRAS_SIGNALING_UP,ITGBL1,1
HALLMARK_KRAS_SIGNALING_UP,PDCD1LG2,1
HALLMARK_KRAS_SIGNALING_UP,ANXA10,1
HALLMARK_KRAS_SIGNALING_UP,STRN,1
HALLMARK_KRAS_SIGNALING_DN,KLK7,1
HALLMARK_PANCREAS_BETA_CELLS,HNF1A,1
HALLMARK_KRAS_SIGNALING_DN,HNF1A,1
HALLMARK_KRAS_SIGNALING_DN,KMT2D,1
HALLMARK_KRAS_SIGNALING_DN,PCDHB1,1
HALLMARK_KRAS_SIGNALING_DN,HTR1D,1
HALLMARK_KRAS_SIGNALING_DN,NUDT11,1
HALLMARK_KRAS_SIGNALING_DN,CYP11B2,1
HALLMARK_KRAS_SIGNALING_DN,PNMT,1
HALLMARK_KRAS_SIGNALING_DN,SLC29A3,1
HALLMARK_KRAS_SIGNALING_DN,ENTPD7,1
HALLMARK_KRAS_SIGNALING_DN,SPRR3,1
HALLMARK_KRAS_SIGNALING_DN,KLHDC8A,1
HALLMARK_KRAS_SIGNALING_DN,ARHGDIG,1
HALLMARK_KRAS_SIGNALING_DN,NTF3,1
HALLMARK_KRAS_SIGNALING_DN,GPR19,1
HALLMARK_KRAS_SIGNALING_DN,SSTR4,1
HALLMARK_KRAS_SIGNALING_DN,CDKAL1,1
HALLMARK_KRAS_SIGNALING_DN,SCN10A,1
HALLMARK_KRAS_SIGNALING_DN,TSHB,1
HALLMARK_KRAS_SIGNALING_DN,COPZ2,1
HALLMARK_KRAS_SIGNALING_DN,PDCD1,1
HALLMARK_KRAS_SIGNALING_DN,GP2,1
HALLMARK_KRAS_SIGNALING_DN,TCL1A,1
HALLMARK_KRAS_SIGNALING_DN,SLC5A5,1
HALLMARK_KRAS_SIGNALING_DN,TGM1,1
HALLMARK_KRAS_SIGNALING_DN,ABCB11,1
HALLMARK_KRAS_SIGNALING_DN,HTR1B,1
HALLMARK_KRAS_SIGNALING_DN,ARPP21,1
HALLMARK_KRAS_SIGNALING_DN,SLC12A3,1
HALLMARK_KRAS_SIGNALING_DN,PAX3,1
HALLMARK_KRAS_SIGNALING_DN,FGGY,1
HALLMARK_KRAS_SIGNALING_DN,LGALS7,1
HALLMARK_KRAS_SIGNALING_DN,SLC38A3,1
HALLMARK_KRAS_SIGNALING_DN,KCNMB1,1
HALLMARK_KRAS_SIGNALING_DN,KCNE2,1
HALLMARK_KRAS_SIGNALING_DN,P2RX6,1
HALLMARK_KRAS_SIGNALING_DN,PTPRJ,1
HALLMARK_KRAS_SIGNALING_DN,VPS50,1
HALLMARK_KRAS_SIGNALING_DN,PAX4,1
HALLMARK_PANCREAS_BETA_CELLS,PAX4,1
HALLMARK_KRAS_SIGNALING_DN,MACROH2A2,1
HALLMARK_KRAS_SIGNALING_DN,KCNQ2,1
HALLMARK_KRAS_SIGNALING_DN,CLSTN3,1
HALLMARK_KRAS_SIGNALING_DN,VPREB1,1
HALLMARK_KRAS_SIGNALING_DN,CCDC106,1
HALLMARK_KRAS_SIGNALING_DN,STAG3,1
HALLMARK_KRAS_SIGNALING_DN,GPR3,1
HALLMARK_KRAS_SIGNALING_DN,SLC6A3,1
HALLMARK_KRAS_SIGNALING_DN,ATP4A,1
HALLMARK_KRAS_SIGNALING_DN,PDK2,1
HALLMARK_KRAS_SIGNALING_DN,CPB1,1
HALLMARK_KRAS_SIGNALING_DN,ASB7,1
HALLMARK_KRAS_SIGNALING_DN,KRT4,1
HALLMARK_KRAS_SIGNALING_DN,SERPINA10,1
HALLMARK_KRAS_SIGNALING_DN,GDNF,1
HALLMARK_KRAS_SIGNALING_DN,CPEB3,1
HALLMARK_KRAS_SIGNALING_DN,CALCB,1
HALLMARK_KRAS_SIGNALING_DN,SOX10,1
HALLMARK_KRAS_SIGNALING_DN,GPRC5C,1
HALLMARK_KRAS_SIGNALING_DN,PROP1,1
HALLMARK_KRAS_SIGNALING_DN,EFHD1,1
HALLMARK_KRAS_SIGNALING_DN,EDAR,1
HALLMARK_KRAS_SIGNALING_DN,UPK3B,1
HALLMARK_KRAS_SIGNALING_DN,SLC16A7,1
HALLMARK_KRAS_SIGNALING_DN,TCF7L1,1
HALLMARK_KRAS_SIGNALING_DN,CLDN16,1
HALLMARK_KRAS_SIGNALING_DN,ZNF112,1
HALLMARK_KRAS_SIGNALING_DN,WNT16,1
HALLMARK_KRAS_SIGNALING_DN,TLX1,1
HALLMARK_KRAS_SIGNALING_DN,CAMK1D,1
HALLMARK_KRAS_SIGNALING_DN,EPHA5,1
HALLMARK_KRAS_SIGNALING_DN,FSHB,1
HALLMARK_KRAS_SIGNALING_DN,CPA2,1
HALLMARK_KRAS_SIGNALING_DN,AKR1B10,1
HALLMARK_KRAS_SIGNALING_DN,TAS2R4,1
HALLMARK_KRAS_SIGNALING_DN,PRKN,1
HALLMARK_KRAS_SIGNALING_DN,BRDT,1
HALLMARK_KRAS_SIGNALING_DN,NGB,1
HALLMARK_KRAS_SIGNALING_DN,TENM2,1
HALLMARK_KRAS_SIGNALING_DN,KRT5,1
HALLMARK_KRAS_SIGNALING_DN,SPTBN2,1
HALLMARK_KRAS_SIGNALING_DN,SLC25A23,1
HALLMARK_KRAS_SIGNALING_DN,RIBC2,1
HALLMARK_KRAS_SIGNALING_DN,ALOX12B,1
HALLMARK_KRAS_SIGNALING_DN,NPHS1,1
HALLMARK_KRAS_SIGNALING_DN,TFF2,1
HALLMARK_KRAS_SIGNALING_DN,CCR8,1
HALLMARK_KRAS_SIGNALING_DN,CALML5,1
HALLMARK_KRAS_SIGNALING_DN,FGF16,1
HALLMARK_KRAS_SIGNALING_DN,SMPX,1
HALLMARK_KRAS_SIGNALING_DN,AMBN,1
HALLMARK_KRAS_SIGNALING_DN,CAPN9,1
HALLMARK_KRAS_SIGNALING_DN,SPHK2,1
HALLMARK_KRAS_SIGNALING_DN,MFSD6,1
HALLMARK_KRAS_SIGNALING_DN,CLPS,1
HALLMARK_KRAS_SIGNALING_DN,RGS11,1
HALLMARK_KRAS_SIGNALING_DN,NRIP2,1
HALLMARK_KRAS_SIGNALING_DN,CD207,1
HALLMARK_KRAS_SIGNALING_DN,MAGIX,1
HALLMARK_KRAS_SIGNALING_DN,MYOT,1
HALLMARK_KRAS_SIGNALING_DN,MTHFR,1
HALLMARK_KRAS_SIGNALING_DN,SLC6A14,1
HALLMARK_KRAS_SIGNALING_DN,KCNN1,1
HALLMARK_KRAS_SIGNALING_DN,ITIH3,1
HALLMARK_KRAS_SIGNALING_DN,PDE6B,1
HALLMARK_KRAS_SIGNALING_DN,IRS4,1
HALLMARK_KRAS_SIGNALING_DN,TEX15,1
HALLMARK_KRAS_SIGNALING_DN,NPY4R,1
HALLMARK_KRAS_SIGNALING_DN,SIDT1,1
HALLMARK_KRAS_SIGNALING_DN,P2RY4,1
HALLMARK_KRAS_SIGNALING_DN,KCND1,1
HALLMARK_KRAS_SIGNALING_DN,MSH5,1
HALLMARK_KRAS_SIGNALING_DN,YPEL1,1
HALLMARK_KRAS_SIGNALING_DN,CDH16,1
HALLMARK_KRAS_SIGNALING_DN,RYR2,1
HALLMARK_KRAS_SIGNALING_DN,IL5,1
HALLMARK_KRAS_SIGNALING_DN,DTNB,1
HALLMARK_KRAS_SIGNALING_DN,ADRA2C,1
HALLMARK_KRAS_SIGNALING_DN,MAST3,1
HALLMARK_KRAS_SIGNALING_DN,TFAP2B,1
HALLMARK_KRAS_SIGNALING_DN,ITGB1BP2,1
HALLMARK_KRAS_SIGNALING_DN,INSL5,1
HALLMARK_KRAS_SIGNALING_DN,TG,1
HALLMARK_KRAS_SIGNALING_DN,PRODH,1
HALLMARK_KRAS_SIGNALING_DN,MYO15A,1
HALLMARK_KRAS_SIGNALING_DN,NR6A1,1
HALLMARK_KRAS_SIGNALING_DN,THRB,1
HALLMARK_KRAS_SIGNALING_DN,PLAG1,1
HALLMARK_KRAS_SIGNALING_DN,OXT,1
HALLMARK_KRAS_SIGNALING_DN,DLK2,1
HALLMARK_KRAS_SIGNALING_DN,GRID2,1
HALLMARK_KRAS_SIGNALING_DN,C5,1
HALLMARK_KRAS_SIGNALING_DN,CACNA1F,1
HALLMARK_KRAS_SIGNALING_DN,SNCB,1
HALLMARK_KRAS_SIGNALING_DN,THNSL2,1
HALLMARK_PANCREAS_BETA_CELLS,IAPP,1
HALLMARK_PANCREAS_BETA_CELLS,FOXA2,1
HALLMARK_PANCREAS_BETA_CELLS,NEUROD1,1
HALLMARK_PANCREAS_BETA_CELLS,SST,1
HALLMARK_PANCREAS_BETA_CELLS,SRP9,1
HALLMARK_PANCREAS_BETA_CELLS,ISL1,1
HALLMARK_PANCREAS_BETA_CELLS,FOXO1,1
HALLMARK_PANCREAS_BETA_CELLS,PAK3,1
HALLMARK_PANCREAS_BETA_CELLS,INS,1
HALLMARK_PANCREAS_BETA_CELLS,SYT13,1
HALLMARK_PANCREAS_BETA_CELLS,PCSK1,1
HALLMARK_PANCREAS_BETA_CELLS,DCX,1
HALLMARK_PANCREAS_BETA_CELLS,CHGA,1
HALLMARK_PANCREAS_BETA_CELLS,INSM1,1
HALLMARK_PANCREAS_BETA_CELLS,SRP14,1
HALLMARK_PANCREAS_BETA_CELLS,NEUROG3,1
HALLMARK_PANCREAS_BETA_CELLS,SLC2A2,1
HALLMARK_PANCREAS_BETA_CELLS,PDX1,1
HALLMARK_PANCREAS_BETA_CELLS,G6PC2,1
HALLMARK_PANCREAS_BETA_CELLS,SCGN,1
HALLMARK_PANCREAS_BETA_CELLS,NKX2-2,1
HALLMARK_PANCREAS_BETA_CELLS,STXBP1,1
HALLMARK_PANCREAS_BETA_CELLS,ELP4,1
HALLMARK_PANCREAS_BETA_CELLS,GCG,1
HALLMARK_PANCREAS_BETA_CELLS,PCSK2,1
HALLMARK_PANCREAS_BETA_CELLS,PAX6,1
HALLMARK_INFLAMMATORY_RESPONSE,COMPLEX:NFKB1_RELA,1
HALLMARK_TNFA_SIGNALING_VIA_NFKB,COMPLEX:NFKB1_RELA,1
HALLMARK_G2M_CHECKPOINT,COMPLEX:CCND1_CDK4,1
HALLMARK_ANDROGEN_RESPONSE,COMPLEX:NKX3-1_SRF,1
HALLMARK_TGF_BETA_SIGNALING,COMPLEX:ACVR1_BMPR2,1
HALLMARK_DNA_REPAIR,COMPLEX:DDB1_DDB2,1
HALLMARK_UNFOLDED_PROTEIN_RESPONSE,COMPLEX:EIF4A2_EIF4E_EIF4G1,1
HALLMARK_DNA_REPAIR,COMPLEX:ERCC1_ERCC4,1
HALLMARK_GLYCOLYSIS,COMPLEX:EXT1_EXT2,1
HALLMARK_E2F_TARGETS,COMPLEX:MLH1_PMS2,1
HALLMARK_TNFA_SIGNALING_VIA_NFKB,COMPLEX:REL_RELA,1
HALLMARK_MYC_TARGETS_V1,COMPLEX:CCNA2_CDK2,1
HALLMARK_TNFA_SIGNALING_VIA_NFKB,COMPLEX:JUN_SMAD3,1
HALLMARK_P53_PATHWAY,COMPLEX:BAK1_BAX,1
HALLMARK_WNT_BETA_CATENIN_SIGNALING,COMPLEX:NOTCH1_NOTCH4_RBPJ,1
HALLMARK_WNT_BETA_CATENIN_SIGNALING,COMPLEX:NOTCH1_RBPJ,1
HALLMARK_INTERFERON_GAMMA_RESPONSE,COMPLEX:STAT1_STAT3,1
HALLMARK_IL6_JAK_STAT3_SIGNALING,COMPLEX:STAT1_STAT3,1
HALLMARK_INTERFERON_GAMMA_RESPONSE,COMPLEX:IRF9_STAT1_STAT2,1
HALLMARK_IL6_JAK_STAT3_SIGNALING,COMPLEX:IRF9_STAT1_STAT2,1
HALLMARK_MYOGENESIS,COMPLEX:ITGA7_ITGB1,1
HALLMARK_ALLOGRAFT_REJECTION,COMPLEX:IFNGR1_IFNGR2,1
HALLMARK_IL6_JAK_STAT3_SIGNALING,COMPLEX:IFNGR1_IFNGR2,1
HALLMARK_ANDROGEN_RESPONSE,COMPLEX:CCND1_CDK6,1
HALLMARK_E2F_TARGETS,COMPLEX:MRE11_NBN_RAD50,1
HALLMARK_HYPOXIA,COMPLEX:FOS_JUN,1
HALLMARK_P53_PATHWAY,COMPLEX:FOS_JUN,1
HALLMARK_TNFA_SIGNALING_VIA_NFKB,COMPLEX:FOS_JUN,1
HALLMARK_APICAL_JUNCTION,COMPLEX:ITGA2_ITGB1,1
HALLMARK_EPITHELIAL_MESENCHYMAL_TRANSITION,COMPLEX:ITGA2_ITGB1,1
HALLMARK_APICAL_JUNCTION,COMPLEX:ITGA3_ITGB1,1
HALLMARK_EPITHELIAL_MESENCHYMAL_TRANSITION,COMPLEX:ITGA5_ITGB1,1
HALLMARK_APICAL_JUNCTION,COMPLEX:ITGA9_ITGB1,1
HALLMARK_APICAL_JUNCTION,COMPLEX:ITGA10_ITGB1,1
HALLMARK_ALLOGRAFT_REJECTION,COMPLEX:ITGAL_ITGB2,1
HALLMARK_EPITHELIAL_MESENCHYMAL_TRANSITION,COMPLEX:ITGAV_ITGB1,1
HALLMARK_EPITHELIAL_MESENCHYMAL_TRANSITION,COMPLEX:ITGAV_ITGB3,1
HALLMARK_EPITHELIAL_MESENCHYMAL_TRANSITION,COMPLEX:ITGAV_ITGB5,1
HALLMARK_APICAL_JUNCTION,COMPLEX:LAMA3_LAMB3_LAMC2,1
HALLMARK_KRAS_SIGNALING_UP,COMPLEX:FCER1G,1
HALLMARK_COMPLEMENT,COMPLEX:FCER1G,1
HALLMARK_UV_RESPONSE_DN,COMPLEX:PIAS3_SMAD3,1
HALLMARK_EPITHELIAL_MESENCHYMAL_TRANSITION,COMPLEX:FN1_SDC4,1
HALLMARK_IL6_JAK_STAT3_SIGNALING,COMPLEX:CSF2RA_CSF2RB,1
HALLMARK_INTERFERON_GAMMA_RESPONSE,COMPLEX:CASP1,1
HALLMARK_INTERFERON_ALPHA_RESPONSE,COMPLEX:CASP1,1
HALLMARK_P53_PATHWAY,COMPLEX:CASP1,1
HALLMARK_COMPLEMENT,COMPLEX:CASP1,1
HALLMARK_APOPTOSIS,COMPLEX:CASP1,1
HALLMARK_INTERFERON_GAMMA_RESPONSE,COMPLEX:CASP3,1
HALLMARK_IL2_STAT5_SIGNALING,COMPLEX:CASP3,1
HALLMARK_UV_RESPONSE_UP,COMPLEX:CASP3,1
HALLMARK_COMPLEMENT,COMPLEX:CASP3,1
HALLMARK_APOPTOSIS,COMPLEX:CASP3,1
HALLMARK_APOPTOSIS,COMPLEX:CASP2,1
HALLMARK_XENOBIOTIC_METABOLISM,COMPLEX:CASP6,1
HALLMARK_HYPOXIA,COMPLEX:CASP6,1
HALLMARK_GLYCOLYSIS,COMPLEX:CASP6,1
HALLMARK_APOPTOSIS,COMPLEX:CASP6,1
HALLMARK_COAGULATION,COMPLEX:CASP9,1
HALLMARK_COMPLEMENT,COMPLEX:CASP9,1
HALLMARK_APOPTOSIS,COMPLEX:CASP9,1
HALLMARK_INTERFERON_GAMMA_RESPONSE,COMPLEX:CASP8,1
HALLMARK_INTERFERON_ALPHA_RESPONSE,COMPLEX:CASP8,1
HALLMARK_APOPTOSIS,COMPLEX:CASP8,1
HALLMARK_OXIDATIVE_PHOSPHORYLATION,COMPLEX:CASP7,1
HALLMARK_INTERFERON_GAMMA_RESPONSE,COMPLEX:CASP7,1
HALLMARK_COMPLEMENT,COMPLEX:CASP7,1
HALLMARK_APOPTOSIS,COMPLEX:CASP7,1
HALLMARK_ANDROGEN_RESPONSE,COMPLEX:CCND3_CDK6,1
HALLMARK_HYPOXIA,COMPLEX:HMOX1_STC2,1
HALLMARK_E2F_TARGETS,COMPLEX:MCM2_MCM3_MCM4_MCM5_MCM6_MCM7,1
HALLMARK_OXIDATIVE_PHOSPHORYLATION,COMPLEX:SDHA_SDHB_SDHC_SDHD,1
HALLMARK_E2F_TARGETS,COMPLEX:BARD1_BRCA1,1
HALLMARK_E2F_TARGETS,COMPLEX:RAD21_SMC1A_SMC3_STAG1,1
HALLMARK_COMPLEMENT,COMPLEX:C3_CFB,1
HALLMARK_COAGULATION,COMPLEX:C3_CFB,1
HALLMARK_COAGULATION,COMPLEX:F2_THBD,1
HALLMARK_COMPLEMENT,COMPLEX:F10_F5,1
HALLMARK_COMPLEMENT,COMPLEX:F3_F7,1
HALLMARK_COAGULATION,COMPLEX:F8_F9,1
HALLMARK_HEME_METABOLISM,COMPLEX:SPTA1_SPTB,1
HALLMARK_MITOTIC_SPINDLE,COMPLEX:SPTAN1_SPTBN1,1
HALLMARK_OXIDATIVE_PHOSPHORYLATION,COMPLEX:IDH3A_IDH3B_IDH3G,1
HALLMARK_OXIDATIVE_PHOSPHORYLATION,COMPLEX:SUCLA2_SUCLG1,1
HALLMARK_FATTY_ACID_METABOLISM,COMPLEX:SUCLA2_SUCLG1,1
HALLMARK_FATTY_ACID_METABOLISM,COMPLEX:SUCLG1_SUCLG2,1
HALLMARK_G2M_CHECKPOINT,COMPLEX:CCNA2_CDK1,1
HALLMARK_INTERFERON_ALPHA_RESPONSE,COMPLEX:B2M_HLA-C,1
HALLMARK_INTERFERON_GAMMA_RESPONSE,COMPLEX:B2M_HLA-B,1
HALLMARK_ALLOGRAFT_REJECTION,COMPLEX:B2M_HLA-A,1
HALLMARK_INTERFERON_GAMMA_RESPONSE,COMPLEX:B2M_HLA-A,1
HALLMARK_ALLOGRAFT_REJECTION,COMPLEX:B2M_HLA-G,1
HALLMARK_INTERFERON_GAMMA_RESPONSE,COMPLEX:B2M_HLA-G,1
HALLMARK_ALLOGRAFT_REJECTION,COMPLEX:B2M_HLA-E,1
HALLMARK_INTERFERON_GAMMA_RESPONSE,COMPLEX:HLA-DMA_HLA-DRB1,1
HALLMARK_INTERFERON_GAMMA_RESPONSE,COMPLEX:HLA-DQA1_HLA-DRB1,1
HALLMARK_ALLOGRAFT_REJECTION,COMPLEX:HLA-DMA_HLA-DMB,1
HALLMARK_ALLOGRAFT_REJECTION,COMPLEX:HLA-DMB_HLA-DQA1,1
HALLMARK_ALLOGRAFT_REJECTION,COMPLEX:HLA-DMB_HLA-DOA,1
HALLMARK_ALLOGRAFT_REJECTION,COMPLEX:HLA-DMB_HLA-DRA,1
HALLMARK_ALLOGRAFT_REJECTION,COMPLEX:HLA-DMA_HLA-DOB,1
HALLMARK_ALLOGRAFT_REJECTION,COMPLEX:HLA-DOB_HLA-DQA1,1
HALLMARK_ALLOGRAFT_REJECTION,COMPLEX:HLA-DOA_HLA-DOB,1
HALLMARK_ALLOGRAFT_REJECTION,COMPLEX:HLA-DOB_HLA-DRA,1
HALLMARK_ALLOGRAFT_REJECTION,COMPLEX:CD247_CD3D_CD3E_CD3G,1
HALLMARK_MYC_TARGETS_V1,COMPLEX:NCBP1_NCBP2,1
HALLMARK_ANDROGEN_RESPONSE,COMPLEX:UBE2I_UBE2J1,1
HALLMARK_ANDROGEN_RESPONSE,COMPLEX:UBE2I,1
HALLMARK_ANDROGEN_RESPONSE,COMPLEX:HERC3_UBE2I,1
HALLMARK_HEME_METABOLISM,COMPLEX:RNF123_UBAC1,1
HALLMARK_INTERFERON_GAMMA_RESPONSE,COMPLEX:RBCK1_RNF31,1
HALLMARK_NOTCH_SIGNALING,COMPLEX:CUL1_RBX1_SKP1,1
HALLMARK_MTORC1_SIGNALING,COMPLEX:PSME3,1
HALLMARK_INTERFERON_GAMMA_RESPONSE,COMPLEX:PSME1_PSME2,1
HALLMARK_INTERFERON_ALPHA_RESPONSE,COMPLEX:PSME1_PSME2,1
HALLMARK_E2F_TARGETS,COMPLEX:MRE11_RAD50,1
HALLMARK_E2F_TARGETS,COMPLEX:BRCA1_MRE11_NBN_RAD50,1
HALLMARK_DNA_REPAIR,COMPLEX:RFC2_RFC4_RFC5,1
HALLMARK_E2F_TARGETS,COMPLEX:MLH1_MSH2_PCNA_PMS2,1
HALLMARK_E2F_TARGETS,COMPLEX:MLH1_MSH2_PMS2,1
HALLMARK_E2F_TARGETS,COMPLEX:CDKN1A_PCNA,1
HALLMARK_P53_PATHWAY,COMPLEX:CDKN1A_PCNA,1
HALLMARK_ANDROGEN_RESPONSE,COMPLEX:XRCC5_XRCC6,1
HALLMARK_XENOBIOTIC_METABOLISM,COMPLEX:IDH1,1
HALLMARK_MTORC1_SIGNALING,COMPLEX:IDH1,1
HALLMARK_OXIDATIVE_PHOSPHORYLATION,COMPLEX:IDH1,1
HALLMARK_FATTY_ACID_METABOLISM,COMPLEX:IDH1,1
HALLMARK_ADIPOGENESIS,COMPLEX:IDH1,1
HALLMARK_BILE_ACID_METABOLISM,COMPLEX:IDH1,1
HALLMARK_PEROXISOME,COMPLEX:IDH1,1
HALLMARK_GLYCOLYSIS,COMPLEX:IDH1,1
HALLMARK_ESTROGEN_RESPONSE_LATE,COMPLEX:MOCS2_MOCS2,1
HALLMARK_TNFA_SIGNALING_VIA_NFKB,COMPLEX:MAP3K8_NFKB1_TNIP2,1
HALLMARK_OXIDATIVE_PHOSPHORYLATION,COMPLEX:TIMM10_TIMM9,1
HALLMARK_MYC_TARGETS_V1,COMPLEX:ETF1_GSPT1,1
HALLMARK_MYC_TARGETS_V1,COMPLEX:CLNS1A_SNRPD1_SNRPD3,1
HALLMARK_PROTEIN_SECRETION,COMPLEX:STX16_VAMP3_VAMP4,1
HALLMARK_G2M_CHECKPOINT,COMPLEX:CDC7_DBF4,1
HALLMARK_NOTCH_SIGNALING,COMPLEX:CUL1_FBXW11_RBX1_SKP1,1
HALLMARK_INTERFERON_GAMMA_RESPONSE,COMPLEX:IFI35_NMI,1
HALLMARK_INTERFERON_ALPHA_RESPONSE,COMPLEX:IFI35_NMI,1
HALLMARK_ALLOGRAFT_REJECTION,COMPLEX:CD8A_LCK,1
HALLMARK_PROTEIN_SECRETION,COMPLEX:SNX2,1
HALLMARK_G2M_CHECKPOINT,COMPLEX:AURKB_BIRC5_XPO1,1
HALLMARK_E2F_TARGETS,COMPLEX:AURKB_BIRC5_XPO1,1
HALLMARK_G2M_CHECKPOINT,COMPLEX:BIRC5_XPO1,1
HALLMARK_E2F_TARGETS,COMPLEX:BIRC5_XPO1,1
HALLMARK_UNFOLDED_PROTEIN_RESPONSE,COMPLEX:DCP1A_DCP2,1
HALLMARK_HEME_METABOLISM,COMPLEX:FOXO3_KAT2B,1
HALLMARK_INTERFERON_GAMMA_RESPONSE,COMPLEX:PTGS2,1
HALLMARK_TNFA_SIGNALING_VIA_NFKB,COMPLEX:PTGS2,1
HALLMARK_KRAS_SIGNALING_UP,COMPLEX:PTGS2,1
HALLMARK_E2F_TARGETS,COMPLEX:MCM2_MCM6_MCM7,1
HALLMARK_MYC_TARGETS_V1,COMPLEX:MCM2_MCM6_MCM7,1
HALLMARK_ALLOGRAFT_REJECTION,COMPLEX:IL4_IL4R,1
HALLMARK_ALLOGRAFT_REJECTION,COMPLEX:IL2RG_IL4_IL4R,1
HALLMARK_INTERFERON_GAMMA_RESPONSE,COMPLEX:STAT3,1
HALLMARK_IL6_JAK_STAT3_SIGNALING,COMPLEX:STAT3,1
HALLMARK_MITOTIC_SPINDLE,COMPLEX:CCDC88A,1
HALLMARK_MYC_TARGETS_V1,COMPLEX:KPNB1_RAN_RANBP1,1
HALLMARK_INTERFERON_GAMMA_RESPONSE,COMPLEX:NMI,1
HALLMARK_INTERFERON_ALPHA_RESPONSE,COMPLEX:NMI,1
HALLMARK_INFLAMMATORY_RESPONSE,COMPLEX:NMI,1
HALLMARK_G2M_CHECKPOINT,COMPLEX:CCNA2_E2F4_RBL1,1
HALLMARK_ALLOGRAFT_REJECTION,COMPLEX:IL2_IL2RA_IL2RB,1
HALLMARK_G2M_CHECKPOINT,COMPLEX:PRMT5,1
HALLMARK_TGF_BETA_SIGNALING,COMPLEX:SMAD7_SMURF1_TGFBR1,1
HALLMARK_G2M_CHECKPOINT,COMPLEX:BUB1_BUB3,1
HALLMARK_DNA_REPAIR,COMPLEX:TSG101_VPS28_VPS37B,1
HALLMARK_SPERMATOGENESIS,COMPLEX:MTNR1A,1
HALLMARK_ADIPOGENESIS,COMPLEX:PEX14,1
HALLMARK_UV_RESPONSE_DN,COMPLEX:PEX14,1
HALLMARK_PEROXISOME,COMPLEX:PEX14,1
HALLMARK_TGF_BETA_SIGNALING,COMPLEX:ENG,1
HALLMARK_KRAS_SIGNALING_UP,COMPLEX:ENG,1
HALLMARK_MYOGENESIS,COMPLEX:MYOM1,1
HALLMARK_UNFOLDED_PROTEIN_RESPONSE,COMPLEX:BANF1,1
HALLMARK_P53_PATHWAY,COMPLEX:PRMT2,1
HALLMARK_IL6_JAK_STAT3_SIGNALING,COMPLEX:LEPR,1
HALLMARK_INFLAMMATORY_RESPONSE,COMPLEX:SLC1A2,1
HALLMARK_P53_PATHWAY,COMPLEX:BAX,1
HALLMARK_OXIDATIVE_PHOSPHORYLATION,COMPLEX:BAX,1
HALLMARK_APOPTOSIS,COMPLEX:BAX,1
HALLMARK_INTERFERON_GAMMA_RESPONSE,COMPLEX:NOD1,1
HALLMARK_PI3K_AKT_MTOR_SIGNALING,COMPLEX:NOD1,1
HALLMARK_IL2_STAT5_SIGNALING,COMPLEX:PRNP,1
HALLMARK_MYOGENESIS,COMPLEX:PRNP,1
HALLMARK_REACTIVE_OXYGEN_SPECIES_PATHWAY,COMPLEX:PRNP,1
HALLMARK_INFLAMMATORY_RESPONSE,COMPLEX:AXL,1
HALLMARK_ALLOGRAFT_REJECTION,COMPLEX:IL12A,1
HALLMARK_ALLOGRAFT_REJECTION,COMPLEX:IL12A_IL12B,1
HALLMARK_ALLOGRAFT_REJECTION,COMPLEX:IL12A_IL12B_IL12RB1,1
HALLMARK_ADIPOGENESIS,COMPLEX:STAT5A,1
HALLMARK_TNFA_SIGNALING_VIA_NFKB,COMPLEX:STAT5A,1
HALLMARK_ALLOGRAFT_REJECTION,COMPLEX:BCL10,1
HALLMARK_PEROXISOME,COMPLEX:BCL10,1
HALLMARK_APOPTOSIS,COMPLEX:BCL10,1
HALLMARK_TNFA_SIGNALING_VIA_NFKB,COMPLEX:NFKB1_NFKB2_REL_RELA_RELB,1
HALLMARK_TNFA_SIGNALING_VIA_NFKB,COMPLEX:NFKB1_NFKB2_RELA_RELB,1
HALLMARK_APICAL_JUNCTION,COMPLEX:IKBKG,1
HALLMARK_G2M_CHECKPOINT,COMPLEX:CHEK1_CUL4A,1
HALLMARK_DNA_REPAIR,COMPLEX:RFC2_RFC3_RFC4_RFC5,1
HALLMARK_DNA_REPAIR,COMPLEX:PCNA_RFC2_RFC3_RFC4_RFC5,1
HALLMARK_DNA_REPAIR,COMPLEX:ERCC1_ERCC4_RAD52,1
HALLMARK_DNA_REPAIR,COMPLEX:PCNA,1
HALLMARK_MYC_TARGETS_V1,COMPLEX:PCNA,1
HALLMARK_P53_PATHWAY,COMPLEX:PCNA,1
HALLMARK_E2F_TARGETS,COMPLEX:PCNA,1
HALLMARK_MITOTIC_SPINDLE,COMPLEX:ABI1_WASF2,1
HALLMARK_MITOTIC_SPINDLE,COMPLEX:ABI1_WASL,1
HALLMARK_EPITHELIAL_MESENCHYMAL_TRANSITION,COMPLEX:ITGAV_ITGB5_PLAUR,1
HALLMARK_EPITHELIAL_MESENCHYMAL_TRANSITION,COMPLEX:ITGAV_ITGB5_SPP1,1
HALLMARK_EPITHELIAL_MESENCHYMAL_TRANSITION,COMPLEX:CCN1_ITGAV_ITGB5,1
HALLMARK_EPITHELIAL_MESENCHYMAL_TRANSITION,COMPLEX:ITGAV_ITGB3_SPP1,1
HALLMARK_EPITHELIAL_MESENCHYMAL_TRANSITION,COMPLEX:FN1_TGM2,1
HALLMARK_EPITHELIAL_MESENCHYMAL_TRANSITION,COMPLEX:FN1_ITGA5_ITGB1_TGM2,1
HALLMARK_EPITHELIAL_MESENCHYMAL_TRANSITION,COMPLEX:COL6A3_ITGA2_ITGB1,1
HALLMARK_APICAL_JUNCTION,COMPLEX:ADAM9_ITGA9_ITGB1,1
HALLMARK_APICAL_JUNCTION,COMPLEX:ITGA9_ITGB1_VCAM1,1
HALLMARK_APICAL_JUNCTION,COMPLEX:ADAM15_ITGA9_ITGB1,1
HALLMARK_APOPTOSIS,COMPLEX:CAV1,1
HALLMARK_HYPOXIA,COMPLEX:CAV1,1
HALLMARK_UV_RESPONSE_DN,COMPLEX:CAV1,1
HALLMARK_ESTROGEN_RESPONSE_LATE,COMPLEX:CAV1,1
HALLMARK_APICAL_JUNCTION,COMPLEX:WASL,1
HALLMARK_MITOTIC_SPINDLE,COMPLEX:WASL,1
HALLMARK_G2M_CHECKPOINT,COMPLEX:AURKB_BIRC5_INCENP,1
HALLMARK_G2M_CHECKPOINT,COMPLEX:BIRC5,1
HALLMARK_MITOTIC_SPINDLE,COMPLEX:BIRC5,1
HALLMARK_E2F_TARGETS,COMPLEX:BIRC5,1
HALLMARK_MITOTIC_SPINDLE,COMPLEX:AURKA_BIRC5_RASA1,1
HALLMARK_E2F_TARGETS,COMPLEX:AURKB_BIRC5_CDCA8,1
HALLMARK_SPERMATOGENESIS,COMPLEX:SIRT1,1
HALLMARK_P53_PATHWAY,COMPLEX:FOXO3_TP53,1
HALLMARK_P53_PATHWAY,COMPLEX:SP1_TP53,1
HALLMARK_WNT_BETA_CATENIN_SIGNALING,COMPLEX:TP53,1
HALLMARK_P53_PATHWAY,COMPLEX:TP53,1
HALLMARK_DNA_REPAIR,COMPLEX:TP53,1
HALLMARK_E2F_TARGETS,COMPLEX:TP53,1
HALLMARK_TNFA_SIGNALING_VIA_NFKB,COMPLEX:ETS2_FOS_JUN,1
HALLMARK_COAGULATION,COMPLEX:LRP1_MMP9_TIMP1,1
HALLMARK_MYOGENESIS,COMPLEX:APP,1
HALLMARK_P53_PATHWAY,COMPLEX:APP,1
HALLMARK_APICAL_SURFACE,COMPLEX:APP,1
HALLMARK_ANGIOGENESIS,COMPLEX:APP,1
HALLMARK_APOPTOSIS,COMPLEX:APP,1
HALLMARK_G2M_CHECKPOINT,COMPLEX:CHEK1_CUL1,1
HALLMARK_INTERFERON_GAMMA_RESPONSE,COMPLEX:RIGI_TRIM25,1
HALLMARK_G2M_CHECKPOINT,COMPLEX:CDC20_MAD2L1,1
HALLMARK_E2F_TARGETS,COMPLEX:CDC20_MAD2L1,1
HALLMARK_MYC_TARGETS_V1,COMPLEX:CDC20_MAD2L1,1
HALLMARK_E2F_TARGETS,COMPLEX:BRCA1_RAD50,1
HALLMARK_E2F_TARGETS,COMPLEX:MCM4_MCM6_MCM7,1
HALLMARK_MYC_TARGETS_V1,COMPLEX:MCM4_MCM6_MCM7,1
HALLMARK_E2F_TARGETS,COMPLEX:MCM2_MCM4_MCM6_MCM7,1
HALLMARK_MYC_TARGETS_V1,COMPLEX:MCM2_MCM4_MCM6_MCM7,1
HALLMARK_E2F_TARGETS,COMPLEX:BARD1_BRCA1_BRCA2,1
HALLMARK_EPITHELIAL_MESENCHYMAL_TRANSITION,COMPLEX:ITGAV_ITGB3_THBS1,1
HALLMARK_DNA_REPAIR,COMPLEX:SUPT4H1_SUPT5H,1
HALLMARK_NOTCH_SIGNALING,COMPLEX:CUL1_FBXW11_SKP1,1
HALLMARK_EPITHELIAL_MESENCHYMAL_TRANSITION,COMPLEX:COL6A3_ITGA5_ITGB3,1
HALLMARK_EPITHELIAL_MESENCHYMAL_TRANSITION,COMPLEX:ITGAV_ITGB1_SPP1,1
HALLMARK_WNT_BETA_CATENIN_SIGNALING,COMPLEX:MAML1_NOTCH1_RBPJ,1
HALLMARK_OXIDATIVE_PHOSPHORYLATION,COMPLEX:NDUFA9_NDUFS2_NDUFS3,1
HALLMARK_OXIDATIVE_PHOSPHORYLATION,COMPLEX:NDUFS4_NDUFS7_NDUFV2,1
HALLMARK_ALLOGRAFT_REJECTION,COMPLEX:ITK_LCP2,1
HALLMARK_TGF_BETA_SIGNALING,COMPLEX:SMAD7_SMURF2,1
HALLMARK_TGF_BETA_SIGNALING,COMPLEX:SMAD7_SMURF1,1
HALLMARK_UV_RESPONSE_DN,COMPLEX:TGFBR2,1
HALLMARK_EPITHELIAL_MESENCHYMAL_TRANSITION,COMPLEX:ITGA5_ITGB1_SPP1,1
HALLMARK_HEDGEHOG_SIGNALING,COMPLEX:TLE1,1
HALLMARK_REACTIVE_OXYGEN_SPECIES_PATHWAY,COMPLEX:PRDX1_SRXN1,1
HALLMARK_NOTCH_SIGNALING,COMPLEX:DLL1_NOTCH2,1
HALLMARK_ESTROGEN_RESPONSE_LATE,COMPLEX:PRLR,1
HALLMARK_ESTROGEN_RESPONSE_EARLY,COMPLEX:FHL2,1
HALLMARK_UV_RESPONSE_DN,COMPLEX:FHL2,1
HALLMARK_PI3K_AKT_MTOR_SIGNALING,COMPLEX:GRB2_PTPN11,1
HALLMARK_IL6_JAK_STAT3_SIGNALING,COMPLEX:GRB2_PTPN11,1
HALLMARK_TGF_BETA_SIGNALING,COMPLEX:SKI_SMAD3,1
HALLMARK_WNT_BETA_CATENIN_SIGNALING,COMPLEX:DLL1,1
HALLMARK_NOTCH_SIGNALING,COMPLEX:DLL1,1
HALLMARK_MITOTIC_SPINDLE,COMPLEX:PCNT_TUBGCP2_TUBGCP3,1
HALLMARK_KRAS_SIGNALING_DN,COMPLEX:TCL1A,1
HALLMARK_TGF_BETA_SIGNALING,COMPLEX:SKIL_SMAD3_SMURF2,1
HALLMARK_G2M_CHECKPOINT,COMPLEX:CCNA2_E2F1_RBL1,1
HALLMARK_BILE_ACID_METABOLISM,COMPLEX:PEX1_PEX26_PEX6,1
HALLMARK_MTORC1_SIGNALING,COMPLEX:CALR,1
HALLMARK_UNFOLDED_PROTEIN_RESPONSE,COMPLEX:CALR,1
HALLMARK_PI3K_AKT_MTOR_SIGNALING,COMPLEX:CALR,1
HALLMARK_E2F_TARGETS,COMPLEX:RPA1_RPA2_RPA3,1
HALLMARK_G2M_CHECKPOINT,COMPLEX:SMC2_SMC4,1
HALLMARK_MITOTIC_SPINDLE,COMPLEX:SMC1A_SMC3,1
HALLMARK_E2F_TARGETS,COMPLEX:SMC1A_SMC3,1
HALLMARK_TGF_BETA_SIGNALING,COMPLEX:CDH1_CTNNB1,1
HALLMARK_E2F_TARGETS,COMPLEX:BARD1_TP53_XRCC6,1
HALLMARK_INTERFERON_GAMMA_RESPONSE,COMPLEX:SRI,1
HALLMARK_INFLAMMATORY_RESPONSE,COMPLEX:SRI,1
HALLMARK_UV_RESPONSE_DN,COMPLEX:SRI,1
HALLMARK_PI3K_AKT_MTOR_SIGNALING,COMPLEX:DDIT3_TRIB3,1
HALLMARK_P53_PATHWAY,COMPLEX:DDIT3_TRIB3,1
HALLMARK_MTORC1_SIGNALING,COMPLEX:DDIT3_TRIB3,1
HALLMARK_KRAS_SIGNALING_DN,COMPLEX:HTR1D,1
HALLMARK_KRAS_SIGNALING_DN,COMPLEX:HTR1B,1
HALLMARK_KRAS_SIGNALING_DN,COMPLEX:HTR1B_HTR1D,1
HALLMARK_HEME_METABOLISM,COMPLEX:EPOR,1
HALLMARK_INFLAMMATORY_RESPONSE,COMPLEX:NFKB1_NFKBIA_RELA,1
HALLMARK_TNFA_SIGNALING_VIA_NFKB,COMPLEX:NFKB1_NFKBIA_RELA,1
HALLMARK_TNFA_SIGNALING_VIA_NFKB,COMPLEX:NFKBIE_REL_RELA,1
HALLMARK_TNFA_SIGNALING_VIA_NFKB,COMPLEX:NFKBIA_REL_RELA,1
HALLMARK_E2F_TARGETS,COMPLEX:EED_EZH2,1
HALLMARK_IL6_JAK_STAT3_SIGNALING,COMPLEX:LTBR,1
HALLMARK_G2M_CHECKPOINT,COMPLEX:CCNB2_CDK1,1
HALLMARK_SPERMATOGENESIS,COMPLEX:CCNB2_CDK1,1
HALLMARK_MITOTIC_SPINDLE,COMPLEX:CCNB2_CDK1,1
HALLMARK_E2F_TARGETS,COMPLEX:CCNB2_CDK1,1
HALLMARK_ALLOGRAFT_REJECTION,COMPLEX:IL12B,1
HALLMARK_KRAS_SIGNALING_DN,COMPLEX:IL12B,1
HALLMARK_TNFA_SIGNALING_VIA_NFKB,COMPLEX:IL12B,1
HALLMARK_INFLAMMATORY_RESPONSE,COMPLEX:IL12B,1
HALLMARK_UV_RESPONSE_UP,COMPLEX:CCNE1_CDK2,1
HALLMARK_E2F_TARGETS,COMPLEX:ESPL1_PTTG1,1
HALLMARK_G2M_CHECKPOINT,COMPLEX:ESPL1_PTTG1,1
HALLMARK_E2F_TARGETS,COMPLEX:CDK1_ESPL1,1
HALLMARK_G2M_CHECKPOINT,COMPLEX:CDK1_ESPL1,1
HALLMARK_MITOTIC_SPINDLE,COMPLEX:CDK1_ESPL1,1
HALLMARK_APOPTOSIS,COMPLEX:BCL2L1_CASP8_CFLAR,1
HALLMARK_PI3K_AKT_MTOR_SIGNALING,COMPLEX:HRAS_RAF1,1
HALLMARK_ANGIOGENESIS,COMPLEX:APP_TNFRSF21,1
HALLMARK_XENOBIOTIC_METABOLISM,COMPLEX:XDH,1
HALLMARK_HYPOXIA,COMPLEX:ATF3_JUN,1
HALLMARK_P53_PATHWAY,COMPLEX:ATF3_JUN,1
HALLMARK_TNFA_SIGNALING_VIA_NFKB,COMPLEX:ATF3_JUN,1
HALLMARK_APOPTOSIS,COMPLEX:ATF3_JUN,1
HALLMARK_IL6_JAK_STAT3_SIGNALING,COMPLEX:CSF2_CSF2RA_CSF2RB,1
HALLMARK_E2F_TARGETS,COMPLEX:CSE1L_KPNA2_RAN,1
HALLMARK_MYC_TARGETS_V1,COMPLEX:KPNA2_KPNB1,1
HALLMARK_G2M_CHECKPOINT,COMPLEX:KPNA2_KPNB1,1
HALLMARK_MYC_TARGETS_V1,COMPLEX:KPNB1_RAN,1
HALLMARK_G2M_CHECKPOINT,COMPLEX:AURKA_AURKB_INCENP,1
HALLMARK_EPITHELIAL_MESENCHYMAL_TRANSITION,COMPLEX:ADAM12_ITGAV_ITGB3_MMP14,1
HALLMARK_MTORC1_SIGNALING,COMPLEX:PNP,1
HALLMARK_DNA_REPAIR,COMPLEX:PNP,1
HALLMARK_INTERFERON_GAMMA_RESPONSE,COMPLEX:PNP,1
HALLMARK_IL2_STAT5_SIGNALING,COMPLEX:PNP,1
HALLMARK_HEME_METABOLISM,COMPLEX:EPB41_GYPC_MPP1,1
HALLMARK_HEME_METABOLISM,COMPLEX:ADD2_DMTN_SLC2A1,1
HALLMARK_COAGULATION,COMPLEX:GP1BA_VWF,1
HALLMARK_E2F_TARGETS,COMPLEX:CDK1_CDKN1A_TP53,1
HALLMARK_SPERMATOGENESIS,COMPLEX:GRM8,1
HALLMARK_MITOTIC_SPINDLE,COMPLEX:AURKA_HDAC6,1
HALLMARK_XENOBIOTIC_METABOLISM,COMPLEX:NINJ1,1
HALLMARK_P53_PATHWAY,COMPLEX:NINJ1,1
HALLMARK_TNFA_SIGNALING_VIA_NFKB,COMPLEX:NINJ1,1
HALLMARK_MYOGENESIS,COMPLEX:ATP2A1_SLN,1
HALLMARK_G2M_CHECKPOINT,COMPLEX:E2F1_TFDP1,1
HALLMARK_MITOTIC_SPINDLE,COMPLEX:ABI1_ABL1_BCAR1,1
HALLMARK_MYOGENESIS,COMPLEX:WWTR1,1
HALLMARK_TGF_BETA_SIGNALING,COMPLEX:WWTR1,1
HALLMARK_UV_RESPONSE_UP,COMPLEX:KCNH2_SIGMAR1,1
HALLMARK_COMPLEMENT,COMPLEX:CP_LTF,1
HALLMARK_EPITHELIAL_MESENCHYMAL_TRANSITION,COMPLEX:ELN_FBLN2_FBN1,1
HALLMARK_EPITHELIAL_MESENCHYMAL_TRANSITION,COMPLEX:ELN_FBLN5_FBN1,1
HALLMARK_OXIDATIVE_PHOSPHORYLATION,COMPLEX:IDH2,1
HALLMARK_BILE_ACID_METABOLISM,COMPLEX:IDH2,1
HALLMARK_ESTROGEN_RESPONSE_LATE,COMPLEX:IDH2,1
HALLMARK_PEROXISOME,COMPLEX:IDH2,1
HALLMARK_ALLOGRAFT_REJECTION,COMPLEX:TLR1_TLR2,1
HALLMARK_INFLAMMATORY_RESPONSE,COMPLEX:TLR1_TLR2,1
HALLMARK_KRAS_SIGNALING_UP,COMPLEX:PLAU_PLAUR,1
HALLMARK_TNFA_SIGNALING_VIA_NFKB,COMPLEX:PLAU_PLAUR,1
HALLMARK_APICAL_JUNCTION,COMPLEX:GRB7_PTK2,1
HALLMARK_OXIDATIVE_PHOSPHORYLATION,COMPLEX:GRPEL1_HSPA9,1
HALLMARK_P53_PATHWAY,COMPLEX:MDM2_TP53,1
HALLMARK_REACTIVE_OXYGEN_SPECIES_PATHWAY,COMPLEX:GCLC_GCLM,1
HALLMARK_HEME_METABOLISM,COMPLEX:GCLC_GCLM,1
HALLMARK_OXIDATIVE_PHOSPHORYLATION,COMPLEX:HADHA_HADHB,1
HALLMARK_KRAS_SIGNALING_UP,COMPLEX:ETS1_PRRX1,1
HALLMARK_INFLAMMATORY_RESPONSE,COMPLEX:IL10_IL10RA,1
HALLMARK_IL2_STAT5_SIGNALING,COMPLEX:IL10_IL10RA,1
HALLMARK_INTERFERON_GAMMA_RESPONSE,COMPLEX:NFKB1_STAT3,1
HALLMARK_P53_PATHWAY,COMPLEX:HINT1_SP1,1
HALLMARK_MITOTIC_SPINDLE,COMPLEX:ECT2_KIF23_RACGAP1,1
HALLMARK_G2M_CHECKPOINT,COMPLEX:KIF23_RACGAP1,1
HALLMARK_MITOTIC_SPINDLE,COMPLEX:KIF23_RACGAP1,1
HALLMARK_EPITHELIAL_MESENCHYMAL_TRANSITION,COMPLEX:CD44_LRP1,1
HALLMARK_APOPTOSIS,COMPLEX:APP_PSEN1,1
HALLMARK_MYOGENESIS,COMPLEX:APP_PSEN2,1
HALLMARK_APOPTOSIS,COMPLEX:APP_PSEN2,1
HALLMARK_P53_PATHWAY,COMPLEX:APP_FOXO3,1
HALLMARK_MYOGENESIS,COMPLEX:APP_FOXO4,1
HALLMARK_ADIPOGENESIS,COMPLEX:SULT1A1,1
HALLMARK_UV_RESPONSE_UP,COMPLEX:SULT1A1,1
HALLMARK_GLYCOLYSIS,COMPLEX:SRD5A3,1
HALLMARK_MTORC1_SIGNALING,COMPLEX:SRD5A1,1
HALLMARK_MTORC1_SIGNALING,COMPLEX:DHCR7,1
HALLMARK_ADIPOGENESIS,COMPLEX:DHCR7,1
HALLMARK_CHOLESTEROL_HOMEOSTASIS,COMPLEX:DHCR7,1
HALLMARK_ESTROGEN_RESPONSE_LATE,COMPLEX:DHCR7,1
HALLMARK_ESTROGEN_RESPONSE_EARLY,COMPLEX:DHCR7,1
HALLMARK_XENOBIOTIC_METABOLISM,COMPLEX:PTGR1,1
HALLMARK_ALLOGRAFT_REJECTION,COMPLEX:INHBA_INHBB,1
HALLMARK_INFLAMMATORY_RESPONSE,COMPLEX:ACVR1B_ACVR2A,1
HALLMARK_KRAS_SIGNALING_DN,COMPLEX:CYP11B2,1
HALLMARK_XENOBIOTIC_METABOLISM,COMPLEX:CYP17A1,1
HALLMARK_BILE_ACID_METABOLISM,COMPLEX:HSD17B6,1
HALLMARK_FATTY_ACID_METABOLISM,COMPLEX:ALDH1A1,1
HALLMARK_BILE_ACID_METABOLISM,COMPLEX:ALDH1A1,1
HALLMARK_PEROXISOME,COMPLEX:ALDH1A1,1
HALLMARK_KRAS_SIGNALING_UP,COMPLEX:ALDH1A2,1
HALLMARK_ANDROGEN_RESPONSE,COMPLEX:ALDH1A3,1
HALLMARK_KRAS_SIGNALING_UP,COMPLEX:ALDH1A3,1
HALLMARK_TGF_BETA_SIGNALING,COMPLEX:BMPR1A_BMPR2,1
HALLMARK_UV_RESPONSE_DN,COMPLEX:ACVR2A_BMPR1A,1
HALLMARK_ALLOGRAFT_REJECTION,COMPLEX:CD8A_CD8B,1
HALLMARK_FATTY_ACID_METABOLISM,COMPLEX:CEL,1
HALLMARK_PEROXISOME,COMPLEX:CEL,1
HALLMARK_ANDROGEN_RESPONSE,COMPLEX:DHCR24,1
HALLMARK_FATTY_ACID_METABOLISM,COMPLEX:DHCR24,1
HALLMARK_MTORC1_SIGNALING,COMPLEX:DHCR24,1
HALLMARK_BILE_ACID_METABOLISM,COMPLEX:DHCR24,1
HALLMARK_PEROXISOME,COMPLEX:DHCR24,1
HALLMARK_COMPLEMENT,COMPLEX:LIPA,1
HALLMARK_KRAS_SIGNALING_DN,COMPLEX:PNMT,1
HALLMARK_IL6_JAK_STAT3_SIGNALING,COMPLEX:IL17RA_IL17RB,1
HALLMARK_INFLAMMATORY_RESPONSE,COMPLEX:IL18_IL18R1_IL18RAP,1
HALLMARK_ALLOGRAFT_REJECTION,COMPLEX:IL2_IL2RA_IL2RB_IL2RG,1
HALLMARK_ALLOGRAFT_REJECTION,COMPLEX:IL2RB_IL2RG,1
HALLMARK_APICAL_SURFACE,COMPLEX:IL2RB_IL2RG,1
HALLMARK_TNFA_SIGNALING_VIA_NFKB,COMPLEX:IL12B_IL23A,1
HALLMARK_IL6_JAK_STAT3_SIGNALING,COMPLEX:CSF2RB_IL3RA,1
HALLMARK_ALLOGRAFT_REJECTION,COMPLEX:IL2RG_IL4R,1
HALLMARK_IL6_JAK_STAT3_SIGNALING,COMPLEX:IL2RG_IL4R,1
HALLMARK_KRAS_SIGNALING_UP,COMPLEX:IL2RG_IL7R,1
HALLMARK_IL6_JAK_STAT3_SIGNALING,COMPLEX:IL2RG_IL9R,1
HALLMARK_XENOBIOTIC_METABOLISM,COMPLEX:TYR,1
HALLMARK_HEME_METABOLISM,COMPLEX:TYR,1
HALLMARK_MTORC1_SIGNALING,COMPLEX:LTA4H,1
HALLMARK_COAGULATION,COMPLEX:LTA4H,1
HALLMARK_COMPLEMENT,COMPLEX:LTA4H,1
HALLMARK_SPERMATOGENESIS,COMPLEX:DPEP3,1
HALLMARK_IL6_JAK_STAT3_SIGNALING,COMPLEX:IL6ST_OSMR,1
HALLMARK_BILE_ACID_METABOLISM,COMPLEX:HSD3B1,1
HALLMARK_MYOGENESIS,COMPLEX:PTGIS,1
HALLMARK_XENOBIOTIC_METABOLISM,COMPLEX:AKR1C3,1
HALLMARK_XENOBIOTIC_METABOLISM,COMPLEX:PTGES,1
HALLMARK_ESTROGEN_RESPONSE_LATE,COMPLEX:PTGES,1
HALLMARK_ESTROGEN_RESPONSE_EARLY,COMPLEX:PTGES,1
HALLMARK_XENOBIOTIC_METABOLISM,COMPLEX:PTGES3,1
HALLMARK_MYC_TARGETS_V1,COMPLEX:PTGES3,1
HALLMARK_FATTY_ACID_METABOLISM,COMPLEX:CBR1,1
HALLMARK_XENOBIOTIC_METABOLISM,COMPLEX:CBR1,1
HALLMARK_PEROXISOME,COMPLEX:CRABP2_RXRG,1
HALLMARK_ESTROGEN_RESPONSE_EARLY,COMPLEX:GFRA1_RET,1
HALLMARK_XENOBIOTIC_METABOLISM,COMPLEX:DDC,1
HALLMARK_BILE_ACID_METABOLISM,COMPLEX:AKR1D1,1
HALLMARK_TGF_BETA_SIGNALING,COMPLEX:BMPR2_TGFBR1,1
HALLMARK_ALLOGRAFT_REJECTION,COMPLEX:IFNG_IFNGR1,1
HALLMARK_IL2_STAT5_SIGNALING,COMPLEX:NT5E_SLC29A2,1
HALLMARK_SPERMATOGENESIS,COMPLEX:POMC,1
HALLMARK_XENOBIOTIC_METABOLISM,COMPLEX:GAD1_SLC6A12,1
HALLMARK_XENOBIOTIC_METABOLISM,COMPLEX:GAD1_SLC6A6,1
HALLMARK_FATTY_ACID_METABOLISM,COMPLEX:LTC4S,1
HALLMARK_ADIPOGENESIS,COMPLEX:LTC4S,1
HALLMARK_XENOBIOTIC_METABOLISM,COMPLEX:PTGDS,1
HALLMARK_G2M_CHECKPOINT,COMPLEX:CDK1_CKS1B,1
HALLMARK_E2F_TARGETS,COMPLEX:CDK1_CKS1B,1
HALLMARK_GLYCOLYSIS,COMPLEX:GMPPA_GMPPB,1
HALLMARK_OXIDATIVE_PHOSPHORYLATION,COMPLEX:CYC1_UQCR10,1
HALLMARK_ADIPOGENESIS,COMPLEX:CYC1_UQCR10,1
HALLMARK_MTORC1_SIGNALING,COMPLEX:EPRS1_SQLE,1
HALLMARK_APOPTOSIS,COMPLEX:BAX_BCL2L1_MCL1,1
HALLMARK_APOPTOSIS,COMPLEX:BCL2L1_BCL2L11,1
HALLMARK_E2F_TARGETS,COMPLEX:POLD1_POLD2,1
HALLMARK_APICAL_JUNCTION,COMPLEX:NLGN2_NRXN2,1
HALLMARK_MYOGENESIS,COMPLEX:FHL1_PDE4DIP_PRNP,1
HALLMARK_CHOLESTEROL_HOMEOSTASIS,COMPLEX:HSD17B7_LSS,1
HALLMARK_PROTEIN_SECRETION,COMPLEX:ARCN1_ARF1_COPB1,1
HALLMARK_MYC_TARGETS_V1,COMPLEX:SNRPA_SNRPB2_SNRPD2_SNRPG,1
HALLMARK_UNFOLDED_PROTEIN_RESPONSE,COMPLEX:EEF2_EIF4A1_EIF4A2_EIF4A3,1
HALLMARK_OXIDATIVE_PHOSPHORYLATION,COMPLEX:ATP5F1A_ATP5F1C_ATP5F1D_ATP5F1E,1
HALLMARK_MITOTIC_SPINDLE,COMPLEX:KIF15_KIF3B,1
HALLMARK_E2F_TARGETS,COMPLEX:RAD21_SMC1A_SMC3,1
HALLMARK_E2F_TARGETS,COMPLEX:CDK4_CDKN2C,1
HALLMARK_G2M_CHECKPOINT,COMPLEX:CDK4_CDKN2C,1
HALLMARK_DNA_REPAIR,COMPLEX:POLA1_POLA2,1
HALLMARK_OXIDATIVE_PHOSPHORYLATION,COMPLEX:ATP5F1C_ATP5PD_ATP5PO,1
HALLMARK_ANGIOGENESIS,COMPLEX:NRP1_VEGFA,1
HALLMARK_HEDGEHOG_SIGNALING,COMPLEX:NRP1_VEGFA,1
HALLMARK_ALLOGRAFT_REJECTION,COMPLEX:CD3D_CD8A_CD8B,1
HALLMARK_ALLOGRAFT_REJECTION,COMPLEX:CD74_HLA-DMB_HLA-DRA,1
HALLMARK_APOPTOSIS,COMPLEX:BCL2L1_BID,1
HALLMARK_OXIDATIVE_PHOSPHORYLATION,COMPLEX:SDHA_SDHB,1
HALLMARK_TNFA_SIGNALING_VIA_NFKB,COMPLEX:NFKB1_REL_RELA,1
HALLMARK_MYC_TARGETS_V1,COMPLEX:PHB1_PHB2,1
HALLMARK_FATTY_ACID_METABOLISM,COMPLEX:CPT2_HCCS,1
HALLMARK_ALLOGRAFT_REJECTION,COMPLEX:GZMB_PRF1_SRGN,1
HALLMARK_MYOGENESIS,COMPLEX:CRYAB_HSPB2_HSPB8,1
HALLMARK_MITOTIC_SPINDLE,COMPLEX:KATNB1,1
HALLMARK_DNA_REPAIR,COMPLEX:ERCC1_ERCC4_ERCC8_POLD1,1
HALLMARK_COAGULATION,COMPLEX:F2_F9_SERPINC1,1
HALLMARK_EPITHELIAL_MESENCHYMAL_TRANSITION,COMPLEX:COL4A1_COL4A2_FBLN2_FN1_TGFBI,1
HALLMARK_EPITHELIAL_MESENCHYMAL_TRANSITION,COMPLEX:COL1A1_FN1_ITGA5_ITGB1,1
HALLMARK_ALLOGRAFT_REJECTION,COMPLEX:CD40LG,1
HALLMARK_KRAS_SIGNALING_DN,COMPLEX:CD40LG,1
HALLMARK_COMPLEMENT,COMPLEX:CD40LG,1
HALLMARK_PROTEIN_SECRETION,COMPLEX:ARCN1_COPB1,1
HALLMARK_G2M_CHECKPOINT,COMPLEX:CCNA2_CDK1_CKS1B_CKS2,1
HALLMARK_GLYCOLYSIS,COMPLEX:GYS1_GYS2,1
HALLMARK_OXIDATIVE_PHOSPHORYLATION,COMPLEX:NDUFA2_NDUFA9_NDUFS2_NDUFS3_NDUFV2,1
HALLMARK_E2F_TARGETS,COMPLEX:ASF1A_ASF1B_CHEK2,1
HALLMARK_OXIDATIVE_PHOSPHORYLATION,COMPLEX:DLD_PDHA1,1
HALLMARK_FATTY_ACID_METABOLISM,COMPLEX:DLD_PDHA1,1
HALLMARK_HEME_METABOLISM,COMPLEX:ANK1_RHAG_SLC4A1,1
HALLMARK_MITOTIC_SPINDLE,COMPLEX:CD2AP_SYNPO,1
HALLMARK_WNT_BETA_CATENIN_SIGNALING,COMPLEX:MAML1_NOTCH4_RBPJ,1
HALLMARK_COMPLEMENT,COMPLEX:PIK3CG_PIK3R5,1
HALLMARK_UV_RESPONSE_UP,COMPLEX:BAK1_BID,1
HALLMARK_MTORC1_SIGNALING,COMPLEX:COPS5_PSMD12,1
HALLMARK_APOPTOSIS,COMPLEX:MCL1_PMAIP1,1
HALLMARK_MYC_TARGETS_V1,COMPLEX:PRPF31_SF3A1,1
HALLMARK_UNFOLDED_PROTEIN_RESPONSE,COMPLEX:SRPRA_SRPRB,1
HALLMARK_E2F_TARGETS,COMPLEX:TIMELESS_TIPIN,1
HALLMARK_TNFA_SIGNALING_VIA_NFKB,COMPLEX:BCL3_NFKB2,1
HALLMARK_P53_PATHWAY,COMPLEX:BAK1_TP53,1
HALLMARK_ALLOGRAFT_REJECTION,COMPLEX:CD3E_CD3G,1
HALLMARK_APOPTOSIS,COMPLEX:APP_CASP3_CASP8_PSEN1,1
HALLMARK_COAGULATION,COMPLEX:LRP1_PLAT_PLAU_SERPINE1,1
HALLMARK_TGF_BETA_SIGNALING,COMPLEX:SMAD3_SMURF2,1
HALLMARK_ESTROGEN_RESPONSE_LATE,COMPLEX:PDZK1_SLC22A5_SLC9A3R1,1
HALLMARK_ESTROGEN_RESPONSE_EARLY,COMPLEX:PDZK1_SLC22A5_SLC9A3R1,1
HALLMARK_HYPOXIA,COMPLEX:GAPDH_GAPDHS,1
HALLMARK_EPITHELIAL_MESENCHYMAL_TRANSITION,COMPLEX:BMP1_COL11A1_COL5A1_COL5A2,1
HALLMARK_PEROXISOME,COMPLEX:PEX13_PEX14,1
HALLMARK_OXIDATIVE_PHOSPHORYLATION,COMPLEX:NDUFS1_NDUFS2_NDUFS4_NDUFS6_NDUFS8_NDUFV1,1
HALLMARK_INFLAMMATORY_RESPONSE,COMPLEX:NOD2_RIPK2,1
HALLMARK_E2F_TARGETS,COMPLEX:LIG1_PCNA_POLD2_POLD3,1
HALLMARK_PI3K_AKT_MTOR_SIGNALING,COMPLEX:SMAD2,1
HALLMARK_G2M_CHECKPOINT,COMPLEX:SMAD3,1
HALLMARK_UV_RESPONSE_DN,COMPLEX:SMAD3,1
HALLMARK_TNFA_SIGNALING_VIA_NFKB,COMPLEX:SMAD3,1
HALLMARK_TGF_BETA_SIGNALING,COMPLEX:SMAD3,1
HALLMARK_ESTROGEN_RESPONSE_LATE,COMPLEX:S100A9,1
HALLMARK_COMPLEMENT,COMPLEX:S100A9,1
HALLMARK_UV_RESPONSE_UP,COMPLEX:NKX2-5,1
HALLMARK_P53_PATHWAY,COMPLEX:CEBPA_DDIT3,1
HALLMARK_P53_PATHWAY,COMPLEX:CEBPA,1
HALLMARK_MYC_TARGETS_V1,COMPLEX:MAD2L1,1
HALLMARK_G2M_CHECKPOINT,COMPLEX:MAD2L1,1
HALLMARK_E2F_TARGETS,COMPLEX:MAD2L1,1
HALLMARK_FATTY_ACID_METABOLISM,COMPLEX:LGALS1,1
HALLMARK_EPITHELIAL_MESENCHYMAL_TRANSITION,COMPLEX:LGALS1,1
HALLMARK_ALLOGRAFT_REJECTION,COMPLEX:FLNA,1
HALLMARK_MITOTIC_SPINDLE,COMPLEX:FLNA,1
HALLMARK_EPITHELIAL_MESENCHYMAL_TRANSITION,COMPLEX:FLNA,1
HALLMARK_TGF_BETA_SIGNALING,COMPLEX:SMAD1,1
HALLMARK_IL2_STAT5_SIGNALING,COMPLEX:BCL2L1,1
HALLMARK_APOPTOSIS,COMPLEX:BCL2L1,1
HALLMARK_APOPTOSIS,COMPLEX:BCL2L2_BIK,1
HALLMARK_APOPTOSIS,COMPLEX:CTNNB1_LEF1,1
HALLMARK_WNT_BETA_CATENIN_SIGNALING,COMPLEX:CTNNB1_LEF1,1
HALLMARK_OXIDATIVE_PHOSPHORYLATION,COMPLEX:PDHA1_PDHB,1
HALLMARK_FATTY_ACID_METABOLISM,COMPLEX:PDHA1_PDHB,1
HALLMARK_TNFA_SIGNALING_VIA_NFKB,COMPLEX:TNC,1
HALLMARK_EPITHELIAL_MESENCHYMAL_TRANSITION,COMPLEX:TNC,1
HALLMARK_XENOBIOTIC_METABOLISM,COMPLEX:SERPINE1_VTN,1
HALLMARK_APOPTOSIS,COMPLEX:BCL2L11_MCL1,1
HALLMARK_TNFA_SIGNALING_VIA_NFKB,COMPLEX:PLAU_SERPINE1,1
HALLMARK_COAGULATION,COMPLEX:PLAU_SERPINE1,1
HALLMARK_HYPOXIA,COMPLEX:JUN,1
HALLMARK_P53_PATHWAY,COMPLEX:JUN,1
HALLMARK_TNFA_SIGNALING_VIA_NFKB,COMPLEX:JUN,1
HALLMARK_EPITHELIAL_MESENCHYMAL_TRANSITION,COMPLEX:JUN,1
HALLMARK_IL6_JAK_STAT3_SIGNALING,COMPLEX:JUN,1
HALLMARK_APOPTOSIS,COMPLEX:JUN,1
HALLMARK_COMPLEMENT,COMPLEX:PLAT_SERPINE1,1
HALLMARK_COAGULATION,COMPLEX:PLAT_SERPINE1,1
HALLMARK_BILE_ACID_METABOLISM,COMPLEX:NR1I2_RXRA,1
HALLMARK_UNFOLDED_PROTEIN_RESPONSE,COMPLEX:CEBPG,1
HALLMARK_UV_RESPONSE_UP,COMPLEX:CEBPG,1
HALLMARK_ALLOGRAFT_REJECTION,COMPLEX:TGFB1,1
HALLMARK_MYOGENESIS,COMPLEX:TGFB1,1
HALLMARK_P53_PATHWAY,COMPLEX:TGFB1,1
HALLMARK_G2M_CHECKPOINT,COMPLEX:TGFB1,1
HALLMARK_EPITHELIAL_MESENCHYMAL_TRANSITION,COMPLEX:TGFB1,1
HALLMARK_IL6_JAK_STAT3_SIGNALING,COMPLEX:TGFB1,1
HALLMARK_TGF_BETA_SIGNALING,COMPLEX:TGFB1,1
HALLMARK_ALLOGRAFT_REJECTION,COMPLEX:TGFB2,1
HALLMARK_XENOBIOTIC_METABOLISM,COMPLEX:TGFB2,1
HALLMARK_KRAS_SIGNALING_DN,COMPLEX:TGFB2,1
HALLMARK_APOPTOSIS,COMPLEX:TGFB2,1
HALLMARK_HYPOXIA,COMPLEX:TGFB3,1
HALLMARK_TNFA_SIGNALING_VIA_NFKB,COMPLEX:CEBPD,1
HALLMARK_P53_PATHWAY,COMPLEX:RXRA_VDR,1
HALLMARK_BILE_ACID_METABOLISM,COMPLEX:RXRA,1
HALLMARK_P53_PATHWAY,COMPLEX:RXRA,1
HALLMARK_UV_RESPONSE_DN,COMPLEX:RXRA,1
HALLMARK_HYPOXIA,COMPLEX:HEXA,1
HALLMARK_ALLOGRAFT_REJECTION,COMPLEX:TLR2_TLR6,1
HALLMARK_COAGULATION,COMPLEX:F8,1
HALLMARK_COMPLEMENT,COMPLEX:F8,1
HALLMARK_PANCREAS_BETA_CELLS,COMPLEX:INS,1
HALLMARK_HEME_METABOLISM,COMPLEX:C3,1
HALLMARK_COAGULATION,COMPLEX:C3,1
HALLMARK_ADIPOGENESIS,COMPLEX:C3,1
HALLMARK_COMPLEMENT,COMPLEX:C3,1
HALLMARK_UNFOLDED_PROTEIN_RESPONSE,COMPLEX:CEBPB,1
HALLMARK_TNFA_SIGNALING_VIA_NFKB,COMPLEX:CEBPB,1
HALLMARK_COMPLEMENT,COMPLEX:CEBPB,1
HALLMARK_ESTROGEN_RESPONSE_LATE,COMPLEX:TPSAB1,1
HALLMARK_MYOGENESIS,COMPLEX:COL1A1,1
HALLMARK_UV_RESPONSE_DN,COMPLEX:COL1A1,1
HALLMARK_EPITHELIAL_MESENCHYMAL_TRANSITION,COMPLEX:COL1A1,1
HALLMARK_COAGULATION,COMPLEX:LRP1,1
HALLMARK_EPITHELIAL_MESENCHYMAL_TRANSITION,COMPLEX:LRP1,1
HALLMARK_COMPLEMENT,COMPLEX:LRP1,1
HALLMARK_KRAS_SIGNALING_UP,COMPLEX:RELN,1
HALLMARK_EPITHELIAL_MESENCHYMAL_TRANSITION,COMPLEX:MATN2,1
HALLMARK_EPITHELIAL_MESENCHYMAL_TRANSITION,COMPLEX:MATN3,1
HALLMARK_APICAL_JUNCTION,COMPLEX:TNFRSF11B,1
HALLMARK_EPITHELIAL_MESENCHYMAL_TRANSITION,COMPLEX:TNFRSF11B,1
HALLMARK_REACTIVE_OXYGEN_SPECIES_PATHWAY,COMPLEX:CAT,1
HALLMARK_XENOBIOTIC_METABOLISM,COMPLEX:CAT,1
HALLMARK_ADIPOGENESIS,COMPLEX:CAT,1
HALLMARK_BILE_ACID_METABOLISM,COMPLEX:CAT,1
HALLMARK_HEME_METABOLISM,COMPLEX:CAT,1
HALLMARK_PEROXISOME,COMPLEX:CAT,1
HALLMARK_COAGULATION,COMPLEX:F9,1
HALLMARK_UV_RESPONSE_DN,COMPLEX:COL1A1_COL1A2,1
HALLMARK_EPITHELIAL_MESENCHYMAL_TRANSITION,COMPLEX:COL1A1_COL1A2,1
HALLMARK_KRAS_SIGNALING_DN,COMPLEX:COL2A1,1
HALLMARK_UV_RESPONSE_UP,COMPLEX:COL2A1,1
HALLMARK_MYOGENESIS,COMPLEX:COL3A1,1
HALLMARK_UV_RESPONSE_DN,COMPLEX:COL3A1,1
HALLMARK_EPITHELIAL_MESENCHYMAL_TRANSITION,COMPLEX:COL3A1,1
HALLMARK_ANGIOGENESIS,COMPLEX:COL3A1,1
HALLMARK_EPITHELIAL_MESENCHYMAL_TRANSITION,COMPLEX:COL4A1_COL4A2,1
HALLMARK_EPITHELIAL_MESENCHYMAL_TRANSITION,COMPLEX:COL5A1_COL5A2,1
HALLMARK_EPITHELIAL_MESENCHYMAL_TRANSITION,COMPLEX:COL5A1_COL5A2_COL5A3,1
HALLMARK_HYPOXIA,COMPLEX:COL5A1,1
HALLMARK_EPITHELIAL_MESENCHYMAL_TRANSITION,COMPLEX:COL5A1,1
HALLMARK_GLYCOLYSIS,COMPLEX:COL5A1,1
HALLMARK_EPITHELIAL_MESENCHYMAL_TRANSITION,COMPLEX:COL7A1,1
HALLMARK_EPITHELIAL_MESENCHYMAL_TRANSITION,COMPLEX:COL8A2,1
HALLMARK_EPITHELIAL_MESENCHYMAL_TRANSITION,COMPLEX:COL11A1_COL5A2,1
HALLMARK_UV_RESPONSE_DN,COMPLEX:COL11A1_COL5A2,1
HALLMARK_EPITHELIAL_MESENCHYMAL_TRANSITION,COMPLEX:COL11A1_COL5A1_COL5A2,1
HALLMARK_EPITHELIAL_MESENCHYMAL_TRANSITION,COMPLEX:COL12A1,1
HALLMARK_MYOGENESIS,COMPLEX:COL15A1,1
HALLMARK_ADIPOGENESIS,COMPLEX:COL15A1,1
HALLMARK_APICAL_JUNCTION,COMPLEX:COL16A1,1
HALLMARK_EPITHELIAL_MESENCHYMAL_TRANSITION,COMPLEX:COL16A1,1
HALLMARK_APICAL_JUNCTION,COMPLEX:COL17A1,1
HALLMARK_COAGULATION,COMPLEX:THBS1,1
HALLMARK_EPITHELIAL_MESENCHYMAL_TRANSITION,COMPLEX:THBS1,1
HALLMARK_TGF_BETA_SIGNALING,COMPLEX:THBS1,1
HALLMARK_EPITHELIAL_MESENCHYMAL_TRANSITION,COMPLEX:THBS2,1
HALLMARK_APICAL_JUNCTION,COMPLEX:THBS3,1
HALLMARK_COAGULATION,COMPLEX:COMP,1
HALLMARK_EPITHELIAL_MESENCHYMAL_TRANSITION,COMPLEX:COMP,1
HALLMARK_ESTROGEN_RESPONSE_EARLY,COMPLEX:KRT18_KRT8,1
HALLMARK_TNFA_SIGNALING_VIA_NFKB,COMPLEX:NFKB2_RELA,1
HALLMARK_TNFA_SIGNALING_VIA_NFKB,COMPLEX:NFKB2_REL,1
HALLMARK_TNFA_SIGNALING_VIA_NFKB,COMPLEX:NFKB2_RELB,1
HALLMARK_TNFA_SIGNALING_VIA_NFKB,COMPLEX:NFKB1_REL,1
HALLMARK_TNFA_SIGNALING_VIA_NFKB,COMPLEX:NFKB1_RELB,1
HALLMARK_TNFA_SIGNALING_VIA_NFKB,COMPLEX:RELA,1
HALLMARK_INFLAMMATORY_RESPONSE,COMPLEX:RELA,1
HALLMARK_APOPTOSIS,COMPLEX:RELA,1
HALLMARK_TNFA_SIGNALING_VIA_NFKB,COMPLEX:REL,1
HALLMARK_TNFA_SIGNALING_VIA_NFKB,COMPLEX:NFKB1_NFKB2,1
HALLMARK_INTERFERON_GAMMA_RESPONSE,COMPLEX:NFKB1,1
HALLMARK_UV_RESPONSE_DN,COMPLEX:NFKB1,1
HALLMARK_TNFA_SIGNALING_VIA_NFKB,COMPLEX:NFKB1,1
HALLMARK_INFLAMMATORY_RESPONSE,COMPLEX:NFKB1,1
HALLMARK_TNFA_SIGNALING_VIA_NFKB,COMPLEX:NFKB2,1
HALLMARK_APICAL_JUNCTION,COMPLEX:PIK3CB_PIK3R3,1
HALLMARK_UV_RESPONSE_DN,COMPLEX:PIK3CD_PIK3R3,1
HALLMARK_ALLOGRAFT_REJECTION,COMPLEX:IFNG,1
HALLMARK_KRAS_SIGNALING_DN,COMPLEX:IFNG,1
HALLMARK_ALLOGRAFT_REJECTION,COMPLEX:STAT1_STAT4,1
HALLMARK_INTERFERON_GAMMA_RESPONSE,COMPLEX:STAT1_STAT4,1
HALLMARK_INTERFERON_GAMMA_RESPONSE,COMPLEX:STAT3_STAT4,1
HALLMARK_ALLOGRAFT_REJECTION,COMPLEX:STAT1,1
HALLMARK_INTERFERON_GAMMA_RESPONSE,COMPLEX:STAT1,1
HALLMARK_IL6_JAK_STAT3_SIGNALING,COMPLEX:STAT1,1
HALLMARK_ALLOGRAFT_REJECTION,COMPLEX:STAT4,1
HALLMARK_INTERFERON_GAMMA_RESPONSE,COMPLEX:STAT4,1
HALLMARK_OXIDATIVE_PHOSPHORYLATION,COMPLEX:TIMM13_TIMM8B,1
HALLMARK_INTERFERON_GAMMA_RESPONSE,COMPLEX:CFH,1
HALLMARK_COAGULATION,COMPLEX:CFH,1
HALLMARK_KRAS_SIGNALING_UP,COMPLEX:CFH,1
HALLMARK_COMPLEMENT,COMPLEX:CFH,1
HALLMARK_COAGULATION,COMPLEX:CFI,1
HALLMARK_COAGULATION,COMPLEX:MASP2_MBL2,1
HALLMARK_COAGULATION,COMPLEX:F11,1
HALLMARK_XENOBIOTIC_METABOLISM,COMPLEX:F11,1
HALLMARK_COAGULATION,COMPLEX:F12,1
HALLMARK_COMPLEMENT,COMPLEX:F7,1
HALLMARK_COAGULATION,COMPLEX:F10,1
HALLMARK_XENOBIOTIC_METABOLISM,COMPLEX:F10,1
HALLMARK_COMPLEMENT,COMPLEX:F10,1
HALLMARK_COMPLEMENT,COMPLEX:F5,1
HALLMARK_ALLOGRAFT_REJECTION,COMPLEX:F2,1
HALLMARK_COAGULATION,COMPLEX:F2,1
HALLMARK_COMPLEMENT,COMPLEX:F2,1
HALLMARK_APOPTOSIS,COMPLEX:F2,1
HALLMARK_COAGULATION,COMPLEX:PROC,1
HALLMARK_COAGULATION,COMPLEX:FN1,1
HALLMARK_EPITHELIAL_MESENCHYMAL_TRANSITION,COMPLEX:FN1,1
HALLMARK_COMPLEMENT,COMPLEX:FN1,1
HALLMARK_OXIDATIVE_PHOSPHORYLATION,COMPLEX:DLAT_DLD_PDHA1_PDHB_PDHX,1
HALLMARK_COAGULATION,COMPLEX:KLKB1,1
HALLMARK_COMPLEMENT,COMPLEX:KLKB1,1
HALLMARK_MITOTIC_SPINDLE,COMPLEX:KATNA1_KATNB1,1
HALLMARK_UNFOLDED_PROTEIN_RESPONSE,COMPLEX:ATF3_ATF4,1
HALLMARK_PI3K_AKT_MTOR_SIGNALING,COMPLEX:ATF1,1
HALLMARK_UNFOLDED_PROTEIN_RESPONSE,COMPLEX:ATF3,1
HALLMARK_HYPOXIA,COMPLEX:ATF3,1
HALLMARK_P53_PATHWAY,COMPLEX:ATF3,1
HALLMARK_TNFA_SIGNALING_VIA_NFKB,COMPLEX:ATF3,1
HALLMARK_CHOLESTEROL_HOMEOSTASIS,COMPLEX:ATF3,1
HALLMARK_UV_RESPONSE_UP,COMPLEX:ATF3,1
HALLMARK_APOPTOSIS,COMPLEX:ATF3,1
HALLMARK_P53_PATHWAY,COMPLEX:ATF3_CEBPA,1
HALLMARK_UNFOLDED_PROTEIN_RESPONSE,COMPLEX:ATF3_CEBPB,1
HALLMARK_TNFA_SIGNALING_VIA_NFKB,COMPLEX:ATF3_CEBPB,1
HALLMARK_HYPOXIA,COMPLEX:ATF3_DDIT3,1
HALLMARK_APOPTOSIS,COMPLEX:ATF3_DDIT3,1
HALLMARK_P53_PATHWAY,COMPLEX:ATF3_DDIT3,1
HALLMARK_TNFA_SIGNALING_VIA_NFKB,COMPLEX:ATF3_JUNB,1
HALLMARK_UV_RESPONSE_UP,COMPLEX:ATF3_JUNB,1
HALLMARK_HYPOXIA,COMPLEX:ATF3_FOS,1
HALLMARK_P53_PATHWAY,COMPLEX:ATF3_FOS,1
HALLMARK_TNFA_SIGNALING_VIA_NFKB,COMPLEX:ATF3_FOS,1
HALLMARK_UV_RESPONSE_UP,COMPLEX:ATF3_FOS,1
HALLMARK_TNFA_SIGNALING_VIA_NFKB,COMPLEX:ATF3_FOSL1,1
HALLMARK_TNFA_SIGNALING_VIA_NFKB,COMPLEX:ATF3_FOSL2,1
HALLMARK_HYPOXIA,COMPLEX:ATF3_FOSL2,1
HALLMARK_TNFA_SIGNALING_VIA_NFKB,COMPLEX:ATF3_MAFF,1
HALLMARK_HYPOXIA,COMPLEX:ATF3_MAFF,1
HALLMARK_UNFOLDED_PROTEIN_RESPONSE,COMPLEX:ATF4,1
HALLMARK_UNFOLDED_PROTEIN_RESPONSE,COMPLEX:ATF4_CEBPB,1
HALLMARK_UNFOLDED_PROTEIN_RESPONSE,COMPLEX:ATF4_CEBPG,1
HALLMARK_OXIDATIVE_PHOSPHORYLATION,COMPLEX:LDHA,1
HALLMARK_FATTY_ACID_METABOLISM,COMPLEX:LDHA,1
HALLMARK_MTORC1_SIGNALING,COMPLEX:LDHA,1
HALLMARK_MYC_TARGETS_V1,COMPLEX:LDHA,1
HALLMARK_HYPOXIA,COMPLEX:LDHA,1
HALLMARK_GLYCOLYSIS,COMPLEX:LDHA,1
HALLMARK_OXIDATIVE_PHOSPHORYLATION,COMPLEX:LDHA_LDHB,1
HALLMARK_UNFOLDED_PROTEIN_RESPONSE,COMPLEX:ATF6,1
HALLMARK_UNFOLDED_PROTEIN_RESPONSE,COMPLEX:ATF6_XBP1,1
HALLMARK_OXIDATIVE_PHOSPHORYLATION,COMPLEX:LDHB,1
HALLMARK_P53_PATHWAY,COMPLEX:LDHB,1
HALLMARK_GLYCOLYSIS,COMPLEX:LDHC,1
HALLMARK_HYPOXIA,COMPLEX:LDHC,1
HALLMARK_SPERMATOGENESIS,COMPLEX:LDHC,1
HALLMARK_ALLOGRAFT_REJECTION,COMPLEX:CD8A,1
HALLMARK_IL2_STAT5_SIGNALING,COMPLEX:BATF,1
HALLMARK_ESTROGEN_RESPONSE_LATE,COMPLEX:BATF,1
HALLMARK_IL2_STAT5_SIGNALING,COMPLEX:BATF_NFIL3,1
HALLMARK_IL2_STAT5_SIGNALING,COMPLEX:BATF_BATF3,1
HALLMARK_IL2_STAT5_SIGNALING,COMPLEX:BATF3,1
HALLMARK_IL2_STAT5_SIGNALING,COMPLEX:BATF3_MAFF,1
HALLMARK_GLYCOLYSIS,COMPLEX:MDH1_ME1_PC,1
HALLMARK_ANGIOGENESIS,COMPLEX:PDGFA,1
HALLMARK_P53_PATHWAY,COMPLEX:PDGFA,1
HALLMARK_COAGULATION,COMPLEX:PDGFB,1
HALLMARK_HYPOXIA,COMPLEX:PDGFB,1
HALLMARK_COMPLEMENT,COMPLEX:PDGFB,1
HALLMARK_ADIPOGENESIS,COMPLEX:VEGFB,1
HALLMARK_EPITHELIAL_MESENCHYMAL_TRANSITION,COMPLEX:VEGFC,1
HALLMARK_G2M_CHECKPOINT,COMPLEX:E2F2_TFDP1,1
HALLMARK_UNFOLDED_PROTEIN_RESPONSE,COMPLEX:VEGFA,1
HALLMARK_HEDGEHOG_SIGNALING,COMPLEX:VEGFA,1
HALLMARK_HYPOXIA,COMPLEX:VEGFA,1
HALLMARK_TNFA_SIGNALING_VIA_NFKB,COMPLEX:VEGFA,1
HALLMARK_EPITHELIAL_MESENCHYMAL_TRANSITION,COMPLEX:VEGFA,1
HALLMARK_ANGIOGENESIS,COMPLEX:VEGFA,1
HALLMARK_GLYCOLYSIS,COMPLEX:VEGFA,1
HALLMARK_IL2_STAT5_SIGNALING,COMPLEX:BCL2,1
HALLMARK_HYPOXIA,COMPLEX:BCL2,1
HALLMARK_ESTROGEN_RESPONSE_LATE,COMPLEX:BCL2,1
HALLMARK_ESTROGEN_RESPONSE_EARLY,COMPLEX:BCL2,1
HALLMARK_P53_PATHWAY,COMPLEX:BAK1,1
HALLMARK_UV_RESPONSE_UP,COMPLEX:BAK1,1
HALLMARK_IL6_JAK_STAT3_SIGNALING,COMPLEX:BAK1,1
HALLMARK_GLYCOLYSIS,COMPLEX:PFKFB1,1
HALLMARK_ADIPOGENESIS,COMPLEX:PFKFB3,1
HALLMARK_HYPOXIA,COMPLEX:PFKFB3,1
HALLMARK_TNFA_SIGNALING_VIA_NFKB,COMPLEX:PFKFB3,1
HALLMARK_BILE_ACID_METABOLISM,COMPLEX:PFKM,1
HALLMARK_MYOGENESIS,COMPLEX:PFKM,1
HALLMARK_HYPOXIA,COMPLEX:PFKL,1
HALLMARK_ADIPOGENESIS,COMPLEX:PFKL,1
HALLMARK_MTORC1_SIGNALING,COMPLEX:PFKL,1
HALLMARK_REACTIVE_OXYGEN_SPECIES_PATHWAY,COMPLEX:PFKP,1
HALLMARK_INTERFERON_GAMMA_RESPONSE,COMPLEX:PFKP,1
HALLMARK_HYPOXIA,COMPLEX:PFKP,1
HALLMARK_GLYCOLYSIS,COMPLEX:PFKP,1
HALLMARK_SPERMATOGENESIS,COMPLEX:CCNA1_CDK1,1
HALLMARK_APOPTOSIS,COMPLEX:CCNA1_CDK2,1
HALLMARK_XENOBIOTIC_METABOLISM,COMPLEX:PYCR1,1
HALLMARK_XENOBIOTIC_METABOLISM,COMPLEX:PMM1,1
HALLMARK_P53_PATHWAY,COMPLEX:PMM1,1
HALLMARK_DNA_REPAIR,COMPLEX:GMPR2,1
HALLMARK_UNFOLDED_PROTEIN_RESPONSE,COMPLEX:EIF4A1_EIF4E_EIF4G1,1
HALLMARK_HEME_METABOLISM,COMPLEX:BACH1,1
HALLMARK_OXIDATIVE_PHOSPHORYLATION,COMPLEX:ETFA_ETFB,1
HALLMARK_IL6_JAK_STAT3_SIGNALING,COMPLEX:PDGFC,1
HALLMARK_PROTEIN_SECRETION,COMPLEX:SOD1,1
HALLMARK_REACTIVE_OXYGEN_SPECIES_PATHWAY,COMPLEX:SOD1,1
HALLMARK_ADIPOGENESIS,COMPLEX:SOD1,1
HALLMARK_BILE_ACID_METABOLISM,COMPLEX:SOD1,1
HALLMARK_PEROXISOME,COMPLEX:SOD1,1
HALLMARK_GLYCOLYSIS,COMPLEX:SOD1,1
HALLMARK_APOPTOSIS,COMPLEX:SOD1,1
HALLMARK_HEME_METABOLISM,COMPLEX:HBB_HBZ,1
HALLMARK_HEME_METABOLISM,COMPLEX:HBB,1
HALLMARK_XENOBIOTIC_METABOLISM,COMPLEX:GAD1,1
HALLMARK_SPERMATOGENESIS,COMPLEX:GAD1,1
HALLMARK_FATTY_ACID_METABOLISM,COMPLEX:GAD2,1
HALLMARK_GLYCOLYSIS,COMPLEX:PKM,1
HALLMARK_INFLAMMATORY_RESPONSE,COMPLEX:KCNJ2,1
HALLMARK_HYPOXIA,COMPLEX:PKLR,1
HALLMARK_PANCREAS_BETA_CELLS,COMPLEX:PKLR,1
HALLMARK_MTORC1_SIGNALING,COMPLEX:SLC2A1,1
HALLMARK_HEME_METABOLISM,COMPLEX:SLC2A1,1
HALLMARK_HYPOXIA,COMPLEX:SLC2A1,1
HALLMARK_PI3K_AKT_MTOR_SIGNALING,COMPLEX:SLC2A1,1
HALLMARK_ESTROGEN_RESPONSE_EARLY,COMPLEX:SLC2A1,1
HALLMARK_MYOGENESIS,COMPLEX:RYR1,1
HALLMARK_KRAS_SIGNALING_DN,COMPLEX:RYR1,1
HALLMARK_APICAL_JUNCTION,COMPLEX:PTEN,1
HALLMARK_UV_RESPONSE_DN,COMPLEX:PTEN,1
HALLMARK_PI3K_AKT_MTOR_SIGNALING,COMPLEX:PTEN,1
HALLMARK_KRAS_SIGNALING_DN,COMPLEX:RYR2,1
HALLMARK_APICAL_JUNCTION,COMPLEX:SRC,1
HALLMARK_COMPLEMENT,COMPLEX:SRC,1
HALLMARK_EPITHELIAL_MESENCHYMAL_TRANSITION,COMPLEX:CXCL12,1
HALLMARK_ESTROGEN_RESPONSE_LATE,COMPLEX:CXCL12,1
HALLMARK_ESTROGEN_RESPONSE_EARLY,COMPLEX:CXCL12,1
HALLMARK_ESTROGEN_RESPONSE_LATE,COMPLEX:PGR,1
HALLMARK_ESTROGEN_RESPONSE_EARLY,COMPLEX:PGR,1
HALLMARK_XENOBIOTIC_METABOLISM,COMPLEX:MTHFD1,1
HALLMARK_FATTY_ACID_METABOLISM,COMPLEX:S100A10,1
HALLMARK_P53_PATHWAY,COMPLEX:S100A10,1
HALLMARK_MITOTIC_SPINDLE,COMPLEX:CDC42,1
HALLMARK_XENOBIOTIC_METABOLISM,COMPLEX:ESR1,1
HALLMARK_COAGULATION,COMPLEX:PLAT,1
HALLMARK_KRAS_SIGNALING_UP,COMPLEX:PLAT,1
HALLMARK_COMPLEMENT,COMPLEX:PLAT,1
HALLMARK_APOPTOSIS,COMPLEX:PLAT,1
HALLMARK_XENOBIOTIC_METABOLISM,COMPLEX:AHCY,1
HALLMARK_IL2_STAT5_SIGNALING,COMPLEX:AHCY,1
HALLMARK_TGF_BETA_SIGNALING,COMPLEX:FKBP1A,1
HALLMARK_ALLOGRAFT_REJECTION,COMPLEX:TNF,1
HALLMARK_APOPTOSIS,COMPLEX:TNF,1
HALLMARK_TNFA_SIGNALING_VIA_NFKB,COMPLEX:TNF,1
HALLMARK_IL6_JAK_STAT3_SIGNALING,COMPLEX:TNF,1
HALLMARK_MYC_TARGETS_V1,COMPLEX:SNRPA1_SNRPB2,1
HALLMARK_HEME_METABOLISM,COMPLEX:GYPA,1
HALLMARK_FATTY_ACID_METABOLISM,COMPLEX:ADH7,1
HALLMARK_XENOBIOTIC_METABOLISM,COMPLEX:ADH7,1
HALLMARK_ANGIOGENESIS,COMPLEX:FGFR1,1
HALLMARK_ALLOGRAFT_REJECTION,COMPLEX:B2M_CD8A_HLA-A,1
HALLMARK_IL2_STAT5_SIGNALING,COMPLEX:SERPINC1,1
HALLMARK_COAGULATION,COMPLEX:SERPINC1,1
HALLMARK_COMPLEMENT,COMPLEX:SERPINC1,1
HALLMARK_CHOLESTEROL_HOMEOSTASIS,COMPLEX:ANXA5,1
HALLMARK_COMPLEMENT,COMPLEX:ANXA5,1
HALLMARK_APICAL_JUNCTION,COMPLEX:VWF,1
HALLMARK_COAGULATION,COMPLEX:VWF,1
HALLMARK_PEROXISOME,COMPLEX:ALB,1
HALLMARK_XENOBIOTIC_METABOLISM,COMPLEX:ASL,1
HALLMARK_APICAL_JUNCTION,COMPLEX:ITGA2,1
HALLMARK_COAGULATION,COMPLEX:ITGA2,1
HALLMARK_EPITHELIAL_MESENCHYMAL_TRANSITION,COMPLEX:ITGA2,1
HALLMARK_KRAS_SIGNALING_UP,COMPLEX:ITGA2,1
HALLMARK_INTERFERON_GAMMA_RESPONSE,COMPLEX:SOD2,1
HALLMARK_TNFA_SIGNALING_VIA_NFKB,COMPLEX:SOD2,1
HALLMARK_REACTIVE_OXYGEN_SPECIES_PATHWAY,COMPLEX:SOD2,1
HALLMARK_PEROXISOME,COMPLEX:SOD2,1
HALLMARK_UV_RESPONSE_UP,COMPLEX:SOD2,1
HALLMARK_APOPTOSIS,COMPLEX:SOD2,1
HALLMARK_ESTROGEN_RESPONSE_LATE,COMPLEX:SERPINA3,1
HALLMARK_KRAS_SIGNALING_UP,COMPLEX:SERPINA3,1
HALLMARK_APOPTOSIS,COMPLEX:IFNB1,1
HALLMARK_SPERMATOGENESIS,COMPLEX:MTOR,1
HALLMARK_BILE_ACID_METABOLISM,COMPLEX:APOA1,1
HALLMARK_COAGULATION,COMPLEX:APOA1,1
HALLMARK_P53_PATHWAY,COMPLEX:HINT1,1
HALLMARK_FATTY_ACID_METABOLISM,COMPLEX:PSME1,1
HALLMARK_INTERFERON_GAMMA_RESPONSE,COMPLEX:PSME1,1
HALLMARK_INTERFERON_ALPHA_RESPONSE,COMPLEX:PSME1,1
HALLMARK_APICAL_JUNCTION,COMPLEX:PFN1,1
HALLMARK_PI3K_AKT_MTOR_SIGNALING,COMPLEX:PFN1,1
HALLMARK_COMPLEMENT,COMPLEX:PFN1,1
HALLMARK_MTORC1_SIGNALING,COMPLEX:PPIA,1
HALLMARK_MYC_TARGETS_V1,COMPLEX:PPIA,1
HALLMARK_GLYCOLYSIS,COMPLEX:PPIA,1
HALLMARK_IL6_JAK_STAT3_SIGNALING,COMPLEX:PLA2G2A,1
HALLMARK_XENOBIOTIC_METABOLISM,COMPLEX:CRP,1
HALLMARK_MYC_TARGETS_V1,COMPLEX:SNRPD1_SNRPD2,1
HALLMARK_ALLOGRAFT_REJECTION,COMPLEX:CCL5,1
HALLMARK_INTERFERON_GAMMA_RESPONSE,COMPLEX:CCL5,1
HALLMARK_TNFA_SIGNALING_VIA_NFKB,COMPLEX:CCL5,1
HALLMARK_INFLAMMATORY_RESPONSE,COMPLEX:CCL5,1
HALLMARK_COMPLEMENT,COMPLEX:CCL5,1
HALLMARK_COAGULATION,COMPLEX:MMP3,1
HALLMARK_EPITHELIAL_MESENCHYMAL_TRANSITION,COMPLEX:MMP3,1
HALLMARK_XENOBIOTIC_METABOLISM,COMPLEX:SERPINE1,1
HALLMARK_COAGULATION,COMPLEX:SERPINE1,1
HALLMARK_HYPOXIA,COMPLEX:SERPINE1,1
HALLMARK_UV_RESPONSE_DN,COMPLEX:SERPINE1,1
HALLMARK_TNFA_SIGNALING_VIA_NFKB,COMPLEX:SERPINE1,1
HALLMARK_EPITHELIAL_MESENCHYMAL_TRANSITION,COMPLEX:SERPINE1,1
HALLMARK_TGF_BETA_SIGNALING,COMPLEX:SERPINE1,1
HALLMARK_INFLAMMATORY_RESPONSE,COMPLEX:SERPINE1,1
HALLMARK_COMPLEMENT,COMPLEX:SERPINE1,1
HALLMARK_DNA_REPAIR,COMPLEX:IMPDH2,1
HALLMARK_MYC_TARGETS_V1,COMPLEX:IMPDH2,1
HALLMARK_IL6_JAK_STAT3_SIGNALING,COMPLEX:CBL,1
HALLMARK_KRAS_SIGNALING_UP,COMPLEX:CBL,1
HALLMARK_KRAS_SIGNALING_UP,COMPLEX:EPHB2,1
HALLMARK_TGF_BETA_SIGNALING,COMPLEX:FKBP1A_TGFBR1,1
HALLMARK_G2M_CHECKPOINT,COMPLEX:ABL1,1
HALLMARK_MITOTIC_SPINDLE,COMPLEX:ABL1,1
HALLMARK_SPERMATOGENESIS,COMPLEX:PEBP1,1
HALLMARK_MYC_TARGETS_V1,COMPLEX:GLO1,1
HALLMARK_CHOLESTEROL_HOMEOSTASIS,COMPLEX:GUSB,1
HALLMARK_GLYCOLYSIS,COMPLEX:GUSB,1
HALLMARK_ALLOGRAFT_REJECTION,COMPLEX:LCK,1
HALLMARK_BILE_ACID_METABOLISM,COMPLEX:LCK,1
HALLMARK_PI3K_AKT_MTOR_SIGNALING,COMPLEX:LCK,1
HALLMARK_INFLAMMATORY_RESPONSE,COMPLEX:LCK,1
HALLMARK_COMPLEMENT,COMPLEX:LCK,1
HALLMARK_COMPLEMENT,COMPLEX:ITGAM,1
HALLMARK_APOPTOSIS,COMPLEX:HGF,1
HALLMARK_WNT_BETA_CATENIN_SIGNALING,COMPLEX:ADAM17,1
HALLMARK_KRAS_SIGNALING_UP,COMPLEX:ADAM17,1
HALLMARK_KRAS_SIGNALING_DN,COMPLEX:LGALS7,1
HALLMARK_BILE_ACID_METABOLISM,COMPLEX:TTR,1
HALLMARK_PEROXISOME,COMPLEX:TTR,1
HALLMARK_COAGULATION,COMPLEX:SPARC,1
HALLMARK_MYOGENESIS,COMPLEX:SPARC,1
HALLMARK_EPITHELIAL_MESENCHYMAL_TRANSITION,COMPLEX:SPARC,1
HALLMARK_COAGULATION,COMPLEX:TF,1
HALLMARK_TNFA_SIGNALING_VIA_NFKB,COMPLEX:IL6ST,1
HALLMARK_IL6_JAK_STAT3_SIGNALING,COMPLEX:IL6ST,1
HALLMARK_ESTROGEN_RESPONSE_LATE,COMPLEX:IL6ST,1
HALLMARK_ESTROGEN_RESPONSE_EARLY,COMPLEX:IL6ST,1
HALLMARK_UV_RESPONSE_UP,COMPLEX:IL6ST,1
HALLMARK_KRAS_SIGNALING_DN,COMPLEX:THRB,1
HALLMARK_XENOBIOTIC_METABOLISM,COMPLEX:HPRT1,1
HALLMARK_MTORC1_SIGNALING,COMPLEX:HPRT1,1
HALLMARK_DNA_REPAIR,COMPLEX:HPRT1,1
HALLMARK_MYC_TARGETS_V1,COMPLEX:HPRT1,1
HALLMARK_ESTROGEN_RESPONSE_LATE,COMPLEX:HPRT1,1
HALLMARK_COAGULATION,COMPLEX:PLAU,1
HALLMARK_KRAS_SIGNALING_UP,COMPLEX:PLAU,1
HALLMARK_TNFA_SIGNALING_VIA_NFKB,COMPLEX:PLAU,1
HALLMARK_MYOGENESIS,COMPLEX:MEF2A,1
HALLMARK_ALLOGRAFT_REJECTION,COMPLEX:TRAF2,1
HALLMARK_PI3K_AKT_MTOR_SIGNALING,COMPLEX:TRAF2,1
HALLMARK_HYPOXIA,COMPLEX:MIF,1
HALLMARK_FATTY_ACID_METABOLISM,COMPLEX:MIF,1
HALLMARK_GLYCOLYSIS,COMPLEX:MIF,1
HALLMARK_XENOBIOTIC_METABOLISM,COMPLEX:PLG,1
HALLMARK_HEDGEHOG_SIGNALING,COMPLEX:PLG,1
HALLMARK_COAGULATION,COMPLEX:PLG,1
HALLMARK_COMPLEMENT,COMPLEX:PLG,1
HALLMARK_COAGULATION,COMPLEX:MMP1,1
HALLMARK_EPITHELIAL_MESENCHYMAL_TRANSITION,COMPLEX:MMP1,1
HALLMARK_IL6_JAK_STAT3_SIGNALING,COMPLEX:GRB2,1
HALLMARK_PI3K_AKT_MTOR_SIGNALING,COMPLEX:GRB2,1
HALLMARK_COMPLEMENT,COMPLEX:GRB2,1
HALLMARK_INTERFERON_GAMMA_RESPONSE,COMPLEX:PLA2G4A,1
HALLMARK_COMPLEMENT,COMPLEX:PLA2G4A,1
HALLMARK_COMPLEMENT,COMPLEX:CD46,1
HALLMARK_G2M_CHECKPOINT,COMPLEX:CKS2,1
HALLMARK_E2F_TARGETS,COMPLEX:CKS2,1
HALLMARK_HEME_METABOLISM,COMPLEX:KAT2B,1
HALLMARK_MYOGENESIS,COMPLEX:MAPK12,1
HALLMARK_ALLOGRAFT_REJECTION,COMPLEX:ITGAL,1
HALLMARK_HEME_METABOLISM,COMPLEX:CTSB,1
HALLMARK_COAGULATION,COMPLEX:CTSB,1
HALLMARK_COMPLEMENT,COMPLEX:CTSB,1
HALLMARK_IL2_STAT5_SIGNALING,COMPLEX:CSF2,1
HALLMARK_KRAS_SIGNALING_UP,COMPLEX:CSF2,1
HALLMARK_TNFA_SIGNALING_VIA_NFKB,COMPLEX:CSF2,1
HALLMARK_IL6_JAK_STAT3_SIGNALING,COMPLEX:CSF2,1
HALLMARK_ALLOGRAFT_REJECTION,COMPLEX:CSK,1
HALLMARK_MYC_TARGETS_V1,COMPLEX:PABPC1,1
HALLMARK_PEROXISOME,COMPLEX:PABPC1,1
HALLMARK_XENOBIOTIC_METABOLISM,COMPLEX:ALDH2,1
HALLMARK_ADIPOGENESIS,COMPLEX:ALDH2,1
HALLMARK_MTORC1_SIGNALING,COMPLEX:TFRC,1
HALLMARK_HEME_METABOLISM,COMPLEX:TFRC,1
HALLMARK_E2F_TARGETS,COMPLEX:TFRC,1
HALLMARK_UV_RESPONSE_UP,COMPLEX:TFRC,1
HALLMARK_REACTIVE_OXYGEN_SPECIES_PATHWAY,COMPLEX:MPO,1
HALLMARK_ALLOGRAFT_REJECTION,COMPLEX:CD40_TRAF2,1
HALLMARK_EPITHELIAL_MESENCHYMAL_TRANSITION,COMPLEX:PFN2,1
HALLMARK_INTERFERON_GAMMA_RESPONSE,COMPLEX:TNFSF10,1
HALLMARK_IL2_STAT5_SIGNALING,COMPLEX:TNFSF10,1
HALLMARK_INFLAMMATORY_RESPONSE,COMPLEX:TNFSF10,1
HALLMARK_APOPTOSIS,COMPLEX:TNFSF10,1
HALLMARK_REACTIVE_OXYGEN_SPECIES_PATHWAY,COMPLEX:NQO1,1
HALLMARK_XENOBIOTIC_METABOLISM,COMPLEX:NQO1,1
HALLMARK_MYOGENESIS,COMPLEX:NQO1,1
HALLMARK_COAGULATION,COMPLEX:SERPINA1,1
HALLMARK_ESTROGEN_RESPONSE_LATE,COMPLEX:SERPINA1,1
HALLMARK_COMPLEMENT,COMPLEX:SERPINA1,1
HALLMARK_MYC_TARGETS_V1,COMPLEX:ODC1,1
HALLMARK_IL2_STAT5_SIGNALING,COMPLEX:ODC1,1
HALLMARK_G2M_CHECKPOINT,COMPLEX:ODC1,1
HALLMARK_FATTY_ACID_METABOLISM,COMPLEX:ODC1,1
HALLMARK_FATTY_ACID_METABOLISM,COMPLEX:APEX1,1
HALLMARK_MYC_TARGETS_V1,COMPLEX:APEX1,1
HALLMARK_MITOTIC_SPINDLE,COMPLEX:APC,1
HALLMARK_TGF_BETA_SIGNALING,COMPLEX:APC,1
HALLMARK_IL2_STAT5_SIGNALING,COMPLEX:CTSZ,1
HALLMARK_APICAL_JUNCTION,COMPLEX:FSCN1,1
HALLMARK_MITOTIC_SPINDLE,COMPLEX:FSCN1,1
HALLMARK_COAGULATION,COMPLEX:CFD,1
HALLMARK_MYOGENESIS,COMPLEX:CFD,1
HALLMARK_MTORC1_SIGNALING,COMPLEX:DHFR,1
HALLMARK_OXIDATIVE_PHOSPHORYLATION,COMPLEX:NNT,1
HALLMARK_HEME_METABOLISM,COMPLEX:NNT,1
HALLMARK_UNFOLDED_PROTEIN_RESPONSE,COMPLEX:CKS1B,1
HALLMARK_G2M_CHECKPOINT,COMPLEX:CKS1B,1
HALLMARK_E2F_TARGETS,COMPLEX:CKS1B,1
HALLMARK_XENOBIOTIC_METABOLISM,COMPLEX:CFB,1
HALLMARK_INTERFERON_GAMMA_RESPONSE,COMPLEX:CFB,1
HALLMARK_COAGULATION,COMPLEX:CFB,1
HALLMARK_KRAS_SIGNALING_UP,COMPLEX:CFB,1
HALLMARK_COMPLEMENT,COMPLEX:CFB,1
HALLMARK_COAGULATION,COMPLEX:F2_FGA,1
HALLMARK_GLYCOLYSIS,COMPLEX:ME2,1
HALLMARK_ALLOGRAFT_REJECTION,COMPLEX:CCL2,1
HALLMARK_INTERFERON_GAMMA_RESPONSE,COMPLEX:CCL2,1
HALLMARK_UNFOLDED_PROTEIN_RESPONSE,COMPLEX:CCL2,1
HALLMARK_TNFA_SIGNALING_VIA_NFKB,COMPLEX:CCL2,1
HALLMARK_INFLAMMATORY_RESPONSE,COMPLEX:CCL2,1
HALLMARK_XENOBIOTIC_METABOLISM,COMPLEX:DDT,1
HALLMARK_ADIPOGENESIS,COMPLEX:DDT,1
HALLMARK_E2F_TARGETS,COMPLEX:RPA2_UNG,1
HALLMARK_ANDROGEN_RESPONSE,COMPLEX:HMGCR,1
HALLMARK_MTORC1_SIGNALING,COMPLEX:HMGCR,1
HALLMARK_CHOLESTEROL_HOMEOSTASIS,COMPLEX:HMGCR,1
HALLMARK_COAGULATION,COMPLEX:FGG,1
HALLMARK_MYOGENESIS,COMPLEX:DMD,1
HALLMARK_G2M_CHECKPOINT,COMPLEX:DMD,1
HALLMARK_MYC_TARGETS_V1,COMPLEX:SNRPA,1
HALLMARK_PROTEIN_SECRETION,COMPLEX:AP2B1,1
HALLMARK_FATTY_ACID_METABOLISM,COMPLEX:ALAD,1
HALLMARK_HEME_METABOLISM,COMPLEX:ALAD,1
HALLMARK_IL2_STAT5_SIGNALING,COMPLEX:IGF2R,1
HALLMARK_APOPTOSIS,COMPLEX:IGF2R,1
HALLMARK_PROTEIN_SECRETION,COMPLEX:IGF2R,1
HALLMARK_COMPLEMENT,COMPLEX:S100A12,1
HALLMARK_INTERFERON_GAMMA_RESPONSE,COMPLEX:CD69,1
HALLMARK_INFLAMMATORY_RESPONSE,COMPLEX:CD69,1
HALLMARK_TNFA_SIGNALING_VIA_NFKB,COMPLEX:CD69,1
HALLMARK_APOPTOSIS,COMPLEX:CD69,1
HALLMARK_PANCREAS_BETA_CELLS,COMPLEX:SRP14_SRP9,1
HALLMARK_E2F_TARGETS,COMPLEX:PMS2,1
HALLMARK_APICAL_JUNCTION,COMPLEX:MMP2,1
HALLMARK_COAGULATION,COMPLEX:MMP2,1
HALLMARK_EPITHELIAL_MESENCHYMAL_TRANSITION,COMPLEX:MMP2,1
HALLMARK_APOPTOSIS,COMPLEX:MMP2,1
HALLMARK_APICAL_JUNCTION,COMPLEX:MSN,1
HALLMARK_OXIDATIVE_PHOSPHORYLATION,COMPLEX:ACADM,1
HALLMARK_FATTY_ACID_METABOLISM,COMPLEX:ACADM,1
HALLMARK_ADIPOGENESIS,COMPLEX:ACADM,1
HALLMARK_DNA_REPAIR,COMPLEX:NME4,1
HALLMARK_HYPOXIA,COMPLEX:SDC4,1
HALLMARK_TNFA_SIGNALING_VIA_NFKB,COMPLEX:SDC4,1
HALLMARK_EPITHELIAL_MESENCHYMAL_TRANSITION,COMPLEX:SDC4,1
HALLMARK_ESTROGEN_RESPONSE_LATE,COMPLEX:GALE,1
HALLMARK_GLYCOLYSIS,COMPLEX:GALE,1
HALLMARK_MTORC1_SIGNALING,COMPLEX:STIP1,1
HALLMARK_UV_RESPONSE_UP,COMPLEX:STIP1,1
HALLMARK_GLYCOLYSIS,COMPLEX:PYGL,1
HALLMARK_TGF_BETA_SIGNALING,COMPLEX:BMP2_BMPR1A,1
HALLMARK_IL2_STAT5_SIGNALING,COMPLEX:FLT3LG,1
HALLMARK_KRAS_SIGNALING_UP,COMPLEX:F13A1,1
HALLMARK_XENOBIOTIC_METABOLISM,COMPLEX:TNFRSF1A,1
HALLMARK_IL6_JAK_STAT3_SIGNALING,COMPLEX:TNFRSF1A,1
HALLMARK_PI3K_AKT_MTOR_SIGNALING,COMPLEX:TNFRSF1A,1
HALLMARK_CHOLESTEROL_HOMEOSTASIS,COMPLEX:FDFT1,1
HALLMARK_ESTROGEN_RESPONSE_LATE,COMPLEX:FDFT1,1
HALLMARK_ESTROGEN_RESPONSE_EARLY,COMPLEX:FDFT1,1
HALLMARK_ADIPOGENESIS,COMPLEX:TALDO1,1
HALLMARK_SPERMATOGENESIS,COMPLEX:TALDO1,1
HALLMARK_GLYCOLYSIS,COMPLEX:TALDO1,1
HALLMARK_DNA_REPAIR,COMPLEX:PDE4B,1
HALLMARK_INTERFERON_GAMMA_RESPONSE,COMPLEX:PDE4B,1
HALLMARK_TNFA_SIGNALING_VIA_NFKB,COMPLEX:PDE4B,1
HALLMARK_INFLAMMATORY_RESPONSE,COMPLEX:PDE4B,1
HALLMARK_APICAL_JUNCTION,COMPLEX:HADH,1
HALLMARK_FATTY_ACID_METABOLISM,COMPLEX:HADH,1
HALLMARK_ADIPOGENESIS,COMPLEX:HADH,1
HALLMARK_APICAL_JUNCTION,COMPLEX:CX3CL1,1
HALLMARK_APICAL_SURFACE,COMPLEX:CX3CL1,1
HALLMARK_INFLAMMATORY_RESPONSE,COMPLEX:CX3CL1,1
HALLMARK_APOPTOSIS,COMPLEX:PAK1,1
HALLMARK_COMPLEMENT,COMPLEX:GCA,1
HALLMARK_MYC_TARGETS_V1,COMPLEX:KPNB1,1
HALLMARK_G2M_CHECKPOINT,COMPLEX:KPNB1,1
HALLMARK_ADIPOGENESIS,COMPLEX:UBC,1
HALLMARK_ALLOGRAFT_REJECTION,COMPLEX:PF4,1
HALLMARK_COAGULATION,COMPLEX:PF4,1
HALLMARK_ANGIOGENESIS,COMPLEX:PF4,1
HALLMARK_IL6_JAK_STAT3_SIGNALING,COMPLEX:PF4,1
HALLMARK_XENOBIOTIC_METABOLISM,COMPLEX:GCH1,1
HALLMARK_INTERFERON_GAMMA_RESPONSE,COMPLEX:GCH1,1
HALLMARK_TNFA_SIGNALING_VIA_NFKB,COMPLEX:GCH1,1
HALLMARK_INFLAMMATORY_RESPONSE,COMPLEX:GCH1,1
HALLMARK_UV_RESPONSE_UP,COMPLEX:GCH1,1
HALLMARK_APOPTOSIS,COMPLEX:GCH1,1
HALLMARK_PEROXISOME,COMPLEX:PEX5,1
HALLMARK_REACTIVE_OXYGEN_SPECIES_PATHWAY,COMPLEX:ATOX1,1
HALLMARK_COMPLEMENT,COMPLEX:ATOX1,1
HALLMARK_GLYCOLYSIS,COMPLEX:B3GAT3,1
HALLMARK_MTORC1_SIGNALING,COMPLEX:RPA1,1
HALLMARK_E2F_TARGETS,COMPLEX:RPA1,1
HALLMARK_COAGULATION,COMPLEX:CTSV,1
HALLMARK_UV_RESPONSE_UP,COMPLEX:CTSV,1
HALLMARK_COMPLEMENT,COMPLEX:CTSV,1
HALLMARK_UV_RESPONSE_UP,COMPLEX:NXF1,1
HALLMARK_G2M_CHECKPOINT,COMPLEX:CDKN3,1
HALLMARK_SPERMATOGENESIS,COMPLEX:CDKN3,1
HALLMARK_E2F_TARGETS,COMPLEX:CDKN3,1
HALLMARK_ALLOGRAFT_REJECTION,COMPLEX:GZMB,1
HALLMARK_COMPLEMENT,COMPLEX:GZMB,1
HALLMARK_XENOBIOTIC_METABOLISM,COMPLEX:CA2,1
HALLMARK_HEME_METABOLISM,COMPLEX:CA2,1
HALLMARK_IL2_STAT5_SIGNALING,COMPLEX:CA2,1
HALLMARK_FATTY_ACID_METABOLISM,COMPLEX:CA2,1
HALLMARK_ESTROGEN_RESPONSE_LATE,COMPLEX:CA2,1
HALLMARK_KRAS_SIGNALING_UP,COMPLEX:CA2,1
HALLMARK_COMPLEMENT,COMPLEX:CA2,1
HALLMARK_UV_RESPONSE_UP,COMPLEX:CA2,1
HALLMARK_PI3K_AKT_MTOR_SIGNALING,COMPLEX:ARHGDIA,1
HALLMARK_MITOTIC_SPINDLE,COMPLEX:ARHGDIA,1
HALLMARK_XENOBIOTIC_METABOLISM,COMPLEX:FBP1,1
HALLMARK_HYPOXIA,COMPLEX:FBP1,1
HALLMARK_COAGULATION,COMPLEX:FGA,1
HALLMARK_HYPOXIA,COMPLEX:PGF,1
HALLMARK_P53_PATHWAY,COMPLEX:GM2A,1
HALLMARK_INTERFERON_GAMMA_RESPONSE,COMPLEX:SELP,1
HALLMARK_IL2_STAT5_SIGNALING,COMPLEX:SELP,1
HALLMARK_APOPTOSIS,COMPLEX:DIABLO_XIAP,1
HALLMARK_KRAS_SIGNALING_UP,COMPLEX:FGF9,1
HALLMARK_COAGULATION,COMPLEX:FYN,1
HALLMARK_UV_RESPONSE_DN,COMPLEX:FYN,1
HALLMARK_COMPLEMENT,COMPLEX:FYN,1
HALLMARK_IL2_STAT5_SIGNALING,COMPLEX:NCS1,1
HALLMARK_IL2_STAT5_SIGNALING,COMPLEX:CD81,1
HALLMARK_P53_PATHWAY,COMPLEX:CD81,1
HALLMARK_OXIDATIVE_PHOSPHORYLATION,COMPLEX:OAT,1
HALLMARK_HEME_METABOLISM,COMPLEX:EPB41,1
HALLMARK_MITOTIC_SPINDLE,COMPLEX:EPB41,1
HALLMARK_INTERFERON_GAMMA_RESPONSE,COMPLEX:CSF2RB,1
HALLMARK_IL6_JAK_STAT3_SIGNALING,COMPLEX:CSF2RB,1
HALLMARK_COMPLEMENT,COMPLEX:C3_CR2,1
HALLMARK_EPITHELIAL_MESENCHYMAL_TRANSITION,COMPLEX:VIM,1
HALLMARK_ALLOGRAFT_REJECTION,COMPLEX:MMP9,1
HALLMARK_APICAL_JUNCTION,COMPLEX:MMP9,1
HALLMARK_COAGULATION,COMPLEX:MMP9,1
HALLMARK_KRAS_SIGNALING_UP,COMPLEX:MMP9,1
HALLMARK_OXIDATIVE_PHOSPHORYLATION,COMPLEX:MAOB,1
HALLMARK_INTERFERON_GAMMA_RESPONSE,COMPLEX:C1R,1
HALLMARK_COAGULATION,COMPLEX:C1R,1
HALLMARK_COMPLEMENT,COMPLEX:C1R,1
HALLMARK_APOPTOSIS,COMPLEX:GSTM1,1
HALLMARK_MYOGENESIS,COMPLEX:RB1,1
HALLMARK_P53_PATHWAY,COMPLEX:RB1,1
HALLMARK_ALLOGRAFT_REJECTION,COMPLEX:ETS1,1
HALLMARK_HYPOXIA,COMPLEX:ETS1,1
HALLMARK_KRAS_SIGNALING_UP,COMPLEX:ETS1,1
HALLMARK_COAGULATION,COMPLEX:GP1BA,1
HALLMARK_INFLAMMATORY_RESPONSE,COMPLEX:GP1BA,1
HALLMARK_KRAS_SIGNALING_DN,COMPLEX:GP1BA,1
HALLMARK_COMPLEMENT,COMPLEX:GP1BA,1
HALLMARK_NOTCH_SIGNALING,COMPLEX:PPARD,1
HALLMARK_XENOBIOTIC_METABOLISM,COMPLEX:PPARD,1
HALLMARK_WNT_BETA_CATENIN_SIGNALING,COMPLEX:PPARD,1
HALLMARK_E2F_TARGETS,COMPLEX:CHEK2,1
HALLMARK_APOPTOSIS,COMPLEX:MMP2_TIMP2,1
HALLMARK_INFLAMMATORY_RESPONSE,COMPLEX:CD55,1
HALLMARK_COMPLEMENT,COMPLEX:CD55,1
HALLMARK_ALLOGRAFT_REJECTION,COMPLEX:ELANE,1
HALLMARK_DNA_REPAIR,COMPLEX:RAD52,1
HALLMARK_HYPOXIA,COMPLEX:PRDX5,1
HALLMARK_PEROXISOME,COMPLEX:PRDX5,1
HALLMARK_BILE_ACID_METABOLISM,COMPLEX:PRDX5,1
HALLMARK_APICAL_JUNCTION,COMPLEX:NF2,1
HALLMARK_SPERMATOGENESIS,COMPLEX:NF2,1
HALLMARK_APICAL_JUNCTION,COMPLEX:CTNNA1,1
HALLMARK_MTORC1_SIGNALING,COMPLEX:GSK3B,1
HALLMARK_PI3K_AKT_MTOR_SIGNALING,COMPLEX:GSK3B,1
HALLMARK_ANGIOGENESIS,COMPLEX:PRG2,1
HALLMARK_UV_RESPONSE_UP,COMPLEX:RXRB,1
HALLMARK_ANDROGEN_RESPONSE,COMPLEX:ELK4_SRF,1
HALLMARK_APICAL_JUNCTION,COMPLEX:ACTN2,1
HALLMARK_MYOGENESIS,COMPLEX:ACTN2,1
HALLMARK_COMPLEMENT,COMPLEX:ACTN2,1
HALLMARK_IL2_STAT5_SIGNALING,COMPLEX:POU2F1,1
HALLMARK_PI3K_AKT_MTOR_SIGNALING,COMPLEX:ARHGDIA_RAC1,1
HALLMARK_ESTROGEN_RESPONSE_LATE,COMPLEX:TFF1,1
HALLMARK_ESTROGEN_RESPONSE_EARLY,COMPLEX:TFF1,1
HALLMARK_HYPOXIA,COMPLEX:HK1,1
HALLMARK_ALLOGRAFT_REJECTION,COMPLEX:CSF1,1
HALLMARK_INTERFERON_ALPHA_RESPONSE,COMPLEX:CSF1,1
HALLMARK_IL2_STAT5_SIGNALING,COMPLEX:CSF1,1
HALLMARK_TNFA_SIGNALING_VIA_NFKB,COMPLEX:CSF1,1
HALLMARK_IL6_JAK_STAT3_SIGNALING,COMPLEX:CSF1,1
HALLMARK_INFLAMMATORY_RESPONSE,COMPLEX:CSF1,1
HALLMARK_CHOLESTEROL_HOMEOSTASIS,COMPLEX:GSTM2,1
HALLMARK_HEME_METABOLISM,COMPLEX:FECH,1
HALLMARK_FATTY_ACID_METABOLISM,COMPLEX:ADH1C,1
HALLMARK_XENOBIOTIC_METABOLISM,COMPLEX:ADH1C,1
HALLMARK_MTORC1_SIGNALING,COMPLEX:TPI1,1
HALLMARK_HYPOXIA,COMPLEX:TPI1,1
HALLMARK_GLYCOLYSIS,COMPLEX:TPI1,1
HALLMARK_KRAS_SIGNALING_DN,COMPLEX:IL5,1
HALLMARK_ALLOGRAFT_REJECTION,COMPLEX:CCL4,1
HALLMARK_TNFA_SIGNALING_VIA_NFKB,COMPLEX:CCL4,1
HALLMARK_PI3K_AKT_MTOR_SIGNALING,COMPLEX:ARF1,1
HALLMARK_PROTEIN_SECRETION,COMPLEX:ARF1,1
HALLMARK_DNA_REPAIR,COMPLEX:TYMS,1
HALLMARK_MYC_TARGETS_V1,COMPLEX:TYMS,1
HALLMARK_HEME_METABOLISM,COMPLEX:SLC4A1,1
HALLMARK_FATTY_ACID_METABOLISM,COMPLEX:AUH,1
HALLMARK_MYOGENESIS,COMPLEX:CKM,1
HALLMARK_KRAS_SIGNALING_DN,COMPLEX:CKM,1
HALLMARK_APOPTOSIS,COMPLEX:CASP3_XIAP,1
HALLMARK_MITOTIC_SPINDLE,COMPLEX:ARFIP2,1
HALLMARK_APOPTOSIS,COMPLEX:CASP7_XIAP,1
HALLMARK_G2M_CHECKPOINT,COMPLEX:AMD1,1
HALLMARK_UV_RESPONSE_UP,COMPLEX:AMD1,1
HALLMARK_UV_RESPONSE_DN,COMPLEX:PPARG,1
HALLMARK_ADIPOGENESIS,COMPLEX:PPARG,1
HALLMARK_CHOLESTEROL_HOMEOSTASIS,COMPLEX:PPARG,1
HALLMARK_G2M_CHECKPOINT,COMPLEX:UBE2C,1
HALLMARK_IL2_STAT5_SIGNALING,COMPLEX:CD86_CTLA4,1
HALLMARK_APICAL_JUNCTION,COMPLEX:HRAS,1
HALLMARK_P53_PATHWAY,COMPLEX:HRAS,1
HALLMARK_PEROXISOME,COMPLEX:HRAS,1
HALLMARK_PI3K_AKT_MTOR_SIGNALING,COMPLEX:HRAS,1
HALLMARK_TGF_BETA_SIGNALING,COMPLEX:TGFBR1,1
HALLMARK_ALLOGRAFT_REJECTION,COMPLEX:ICAM1,1
HALLMARK_APICAL_JUNCTION,COMPLEX:ICAM1,1
HALLMARK_INTERFERON_GAMMA_RESPONSE,COMPLEX:ICAM1,1
HALLMARK_TNFA_SIGNALING_VIA_NFKB,COMPLEX:ICAM1,1
HALLMARK_INFLAMMATORY_RESPONSE,COMPLEX:ICAM1,1
HALLMARK_UV_RESPONSE_UP,COMPLEX:ICAM1,1
HALLMARK_PANCREAS_BETA_CELLS,COMPLEX:HNF1A,1
HALLMARK_KRAS_SIGNALING_DN,COMPLEX:HNF1A,1
HALLMARK_EPITHELIAL_MESENCHYMAL_TRANSITION,COMPLEX:CXCL8,1
HALLMARK_INFLAMMATORY_RESPONSE,COMPLEX:CXCL8,1
HALLMARK_G2M_CHECKPOINT,COMPLEX:CDKN2C,1
HALLMARK_E2F_TARGETS,COMPLEX:CDKN2C,1
HALLMARK_ADIPOGENESIS,COMPLEX:CDKN2C,1
HALLMARK_XENOBIOTIC_METABOLISM,COMPLEX:AKR1C2,1
HALLMARK_G2M_CHECKPOINT,COMPLEX:KIF11,1
HALLMARK_MITOTIC_SPINDLE,COMPLEX:KIF11,1
HALLMARK_ALLOGRAFT_REJECTION,COMPLEX:CD74,1
HALLMARK_INTERFERON_GAMMA_RESPONSE,COMPLEX:CD74,1
HALLMARK_INTERFERON_ALPHA_RESPONSE,COMPLEX:CD74,1
HALLMARK_MTORC1_SIGNALING,COMPLEX:LDLR,1
HALLMARK_UV_RESPONSE_DN,COMPLEX:LDLR,1
HALLMARK_TNFA_SIGNALING_VIA_NFKB,COMPLEX:LDLR,1
HALLMARK_CHOLESTEROL_HOMEOSTASIS,COMPLEX:LDLR,1
HALLMARK_INFLAMMATORY_RESPONSE,COMPLEX:LDLR,1
HALLMARK_TNFA_SIGNALING_VIA_NFKB,COMPLEX:NFAT5,1
HALLMARK_OXIDATIVE_PHOSPHORYLATION,COMPLEX:GPI,1
HALLMARK_MTORC1_SIGNALING,COMPLEX:GPI,1
HALLMARK_HYPOXIA,COMPLEX:GPI,1
HALLMARK_INFLAMMATORY_RESPONSE,COMPLEX:IL1B_IL1R1,1
HALLMARK_IL6_JAK_STAT3_SIGNALING,COMPLEX:IL1B_IL1R1,1
HALLMARK_PROTEIN_SECRETION,COMPLEX:AP1G1,1
HALLMARK_SPERMATOGENESIS,COMPLEX:TSN,1
HALLMARK_PANCREAS_BETA_CELLS,COMPLEX:DPP4,1
HALLMARK_COAGULATION,COMPLEX:DPP4,1
HALLMARK_COMPLEMENT,COMPLEX:DPP4,1
HALLMARK_BILE_ACID_METABOLISM,COMPLEX:GC,1
HALLMARK_COAGULATION,COMPLEX:SIRT2,1
HALLMARK_MYOGENESIS,COMPLEX:SIRT2,1
HALLMARK_HEME_METABOLISM,COMPLEX:CA1,1
HALLMARK_CHOLESTEROL_HOMEOSTASIS,COMPLEX:CBS,1
HALLMARK_ESTROGEN_RESPONSE_LATE,COMPLEX:CA12,1
HALLMARK_HYPOXIA,COMPLEX:CA12,1
HALLMARK_ESTROGEN_RESPONSE_EARLY,COMPLEX:CA12,1
HALLMARK_INTERFERON_GAMMA_RESPONSE,COMPLEX:PTPN1,1
HALLMARK_IL6_JAK_STAT3_SIGNALING,COMPLEX:PTPN1,1
HALLMARK_COMPLEMENT,COMPLEX:MMP12,1
HALLMARK_G2M_CHECKPOINT,COMPLEX:EGF,1
HALLMARK_KRAS_SIGNALING_DN,COMPLEX:EGF,1
HALLMARK_ADIPOGENESIS,COMPLEX:GPHN,1
HALLMARK_IL2_STAT5_SIGNALING,COMPLEX:IGF1R,1
HALLMARK_UV_RESPONSE_DN,COMPLEX:IGF1R,1
HALLMARK_ESTROGEN_RESPONSE_EARLY,COMPLEX:IGF1R,1
HALLMARK_FATTY_ACID_METABOLISM,COMPLEX:UROS,1
HALLMARK_HEME_METABOLISM,COMPLEX:UROS,1
HALLMARK_COAGULATION,COMPLEX:SERPINB2,1
HALLMARK_KRAS_SIGNALING_DN,COMPLEX:SERPINB2,1
HALLMARK_TNFA_SIGNALING_VIA_NFKB,COMPLEX:SERPINB2,1
HALLMARK_COMPLEMENT,COMPLEX:SERPINB2,1
HALLMARK_ANDROGEN_RESPONSE,COMPLEX:UAP1,1
HALLMARK_ALLOGRAFT_REJECTION,COMPLEX:NME1,1
HALLMARK_DNA_REPAIR,COMPLEX:NME1,1
HALLMARK_MYC_TARGETS_V1,COMPLEX:NME1,1
HALLMARK_E2F_TARGETS,COMPLEX:NME1,1
HALLMARK_APICAL_JUNCTION,COMPLEX:PTK2,1
HALLMARK_ANGIOGENESIS,COMPLEX:PTK2,1
HALLMARK_APOPTOSIS,COMPLEX:PTK2,1
HALLMARK_MITOTIC_SPINDLE,COMPLEX:BCR,1
HALLMARK_UV_RESPONSE_DN,COMPLEX:IGF1R_IRS1,1
HALLMARK_MTORC1_SIGNALING,COMPLEX:CTSC,1
HALLMARK_PROTEIN_SECRETION,COMPLEX:CTSC,1
HALLMARK_COMPLEMENT,COMPLEX:CTSC,1
HALLMARK_APICAL_JUNCTION,COMPLEX:CAP1,1
HALLMARK_APICAL_JUNCTION,COMPLEX:CD209,1
HALLMARK_PANCREAS_BETA_CELLS,COMPLEX:VDR,1
HALLMARK_P53_PATHWAY,COMPLEX:VDR,1
HALLMARK_COAGULATION,COMPLEX:MMP8,1
HALLMARK_COMPLEMENT,COMPLEX:MMP8,1
HALLMARK_MITOTIC_SPINDLE,COMPLEX:CDC42_ITSN1,1
HALLMARK_G2M_CHECKPOINT,COMPLEX:NUP98,1
HALLMARK_IL2_STAT5_SIGNALING,COMPLEX:TGM2,1
HALLMARK_HYPOXIA,COMPLEX:TGM2,1
HALLMARK_ESTROGEN_RESPONSE_EARLY,COMPLEX:TGM2,1
HALLMARK_EPITHELIAL_MESENCHYMAL_TRANSITION,COMPLEX:TGM2,1
HALLMARK_KRAS_SIGNALING_DN,COMPLEX:CPB1,1
HALLMARK_IL2_STAT5_SIGNALING,COMPLEX:MAPKAPK2,1
HALLMARK_OXIDATIVE_PHOSPHORYLATION,COMPLEX:GLUD1,1
HALLMARK_PEROXISOME,COMPLEX:ESR2,1
HALLMARK_ESTROGEN_RESPONSE_LATE,COMPLEX:LTF,1
HALLMARK_COMPLEMENT,COMPLEX:LTF,1
HALLMARK_MTORC1_SIGNALING,COMPLEX:PSPH,1
HALLMARK_UV_RESPONSE_UP,COMPLEX:GGH,1
HALLMARK_NOTCH_SIGNALING,COMPLEX:CUL1_RBX1,1
HALLMARK_SPERMATOGENESIS,COMPLEX:CHFR,1
HALLMARK_UV_RESPONSE_DN,COMPLEX:RUNX1,1
HALLMARK_ANGIOGENESIS,COMPLEX:SERPINA5,1
HALLMARK_ESTROGEN_RESPONSE_LATE,COMPLEX:SERPINA5,1
HALLMARK_P53_PATHWAY,COMPLEX:CTSD,1
HALLMARK_COMPLEMENT,COMPLEX:CTSD,1
HALLMARK_ANGIOGENESIS,COMPLEX:S100A4,1
HALLMARK_HYPOXIA,COMPLEX:S100A4,1
HALLMARK_P53_PATHWAY,COMPLEX:S100A4,1
HALLMARK_ALLOGRAFT_REJECTION,COMPLEX:IL2,1
HALLMARK_MYOGENESIS,COMPLEX:ERBB3,1
HALLMARK_APOPTOSIS,COMPLEX:ERBB3,1
HALLMARK_P53_PATHWAY,COMPLEX:CTSF,1
HALLMARK_XENOBIOTIC_METABOLISM,COMPLEX:ADH5,1
HALLMARK_INFLAMMATORY_RESPONSE,COMPLEX:CCL20,1
HALLMARK_KRAS_SIGNALING_UP,COMPLEX:CCL20,1
HALLMARK_TNFA_SIGNALING_VIA_NFKB,COMPLEX:CCL20,1
HALLMARK_XENOBIOTIC_METABOLISM,COMPLEX:GART,1
HALLMARK_TNFA_SIGNALING_VIA_NFKB,COMPLEX:CXCL1,1
HALLMARK_COMPLEMENT,COMPLEX:CXCL1,1
HALLMARK_EPITHELIAL_MESENCHYMAL_TRANSITION,COMPLEX:CXCL1,1
HALLMARK_IL6_JAK_STAT3_SIGNALING,COMPLEX:CXCL1,1
HALLMARK_MTORC1_SIGNALING,COMPLEX:GGA2,1
HALLMARK_COMPLEMENT,COMPLEX:CTSL,1
HALLMARK_COAGULATION,COMPLEX:MMP7,1
HALLMARK_GLYCOLYSIS,COMPLEX:EGFR_TGFA,1
HALLMARK_XENOBIOTIC_METABOLISM,COMPLEX:CDA,1
HALLMARK_DNA_REPAIR,COMPLEX:CDA,1
HALLMARK_COMPLEMENT,COMPLEX:CDA,1
HALLMARK_ALLOGRAFT_REJECTION,COMPLEX:ICAM1_ITGAL,1
HALLMARK_XENOBIOTIC_METABOLISM,COMPLEX:EPHA2,1
HALLMARK_P53_PATHWAY,COMPLEX:EPHA2,1
HALLMARK_XENOBIOTIC_METABOLISM,COMPLEX:CES1,1
HALLMARK_ESTROGEN_RESPONSE_LATE,COMPLEX:FKBP4,1
HALLMARK_ESTROGEN_RESPONSE_EARLY,COMPLEX:FKBP4,1
HALLMARK_UV_RESPONSE_UP,COMPLEX:FKBP4,1
HALLMARK_GLYCOLYSIS,COMPLEX:FKBP4,1
HALLMARK_XENOBIOTIC_METABOLISM,COMPLEX:HMOX1,1
HALLMARK_HYPOXIA,COMPLEX:HMOX1,1
HALLMARK_P53_PATHWAY,COMPLEX:HMOX1,1
HALLMARK_IL6_JAK_STAT3_SIGNALING,COMPLEX:HMOX1,1
HALLMARK_UV_RESPONSE_UP,COMPLEX:HMOX1,1
HALLMARK_APOPTOSIS,COMPLEX:HMOX1,1
HALLMARK_DNA_REPAIR,COMPLEX:SDCBP,1
HALLMARK_HEME_METABOLISM,COMPLEX:SDCBP,1
HALLMARK_KRAS_SIGNALING_UP,COMPLEX:PPBP,1
HALLMARK_ALLOGRAFT_REJECTION,COMPLEX:CD86,1
HALLMARK_APICAL_JUNCTION,COMPLEX:CD86,1
HALLMARK_INTERFERON_GAMMA_RESPONSE,COMPLEX:CD86,1
HALLMARK_IL2_STAT5_SIGNALING,COMPLEX:CD86,1
HALLMARK_ALLOGRAFT_REJECTION,COMPLEX:CCL7,1
HALLMARK_INTERFERON_GAMMA_RESPONSE,COMPLEX:CCL7,1
HALLMARK_INFLAMMATORY_RESPONSE,COMPLEX:CCL7,1
HALLMARK_IL6_JAK_STAT3_SIGNALING,COMPLEX:CCL7,1
HALLMARK_GLYCOLYSIS,COMPLEX:GNPDA1,1
HALLMARK_MITOTIC_SPINDLE,COMPLEX:EZR,1
HALLMARK_COAGULATION,COMPLEX:CTSK,1
HALLMARK_ALLOGRAFT_REJECTION,COMPLEX:CTSS,1
HALLMARK_KRAS_SIGNALING_UP,COMPLEX:CTSS,1
HALLMARK_COMPLEMENT,COMPLEX:CTSS,1
HALLMARK_INFLAMMATORY_RESPONSE,COMPLEX:CCL17,1
HALLMARK_ALLOGRAFT_REJECTION,COMPLEX:F2_F2R,1
HALLMARK_APOPTOSIS,COMPLEX:F2_F2R,1
HALLMARK_ALLOGRAFT_REJECTION,COMPLEX:NOS2,1
HALLMARK_APOPTOSIS,COMPLEX:CASP9_XIAP,1
HALLMARK_INTERFERON_GAMMA_RESPONSE,COMPLEX:C1S,1
HALLMARK_INTERFERON_ALPHA_RESPONSE,COMPLEX:C1S,1
HALLMARK_COAGULATION,COMPLEX:C1S,1
HALLMARK_COMPLEMENT,COMPLEX:C1S,1
HALLMARK_COAGULATION,COMPLEX:HPN,1
HALLMARK_INFLAMMATORY_RESPONSE,COMPLEX:HPN,1
HALLMARK_ESTROGEN_RESPONSE_EARLY,COMPLEX:SEC14L2,1
HALLMARK_ALLOGRAFT_REJECTION,COMPLEX:TLR2,1
HALLMARK_TNFA_SIGNALING_VIA_NFKB,COMPLEX:TLR2,1
HALLMARK_IL6_JAK_STAT3_SIGNALING,COMPLEX:TLR2,1
HALLMARK_INFLAMMATORY_RESPONSE,COMPLEX:TLR2,1
HALLMARK_INTERFERON_GAMMA_RESPONSE,COMPLEX:CXCL10,1
HALLMARK_INTERFERON_ALPHA_RESPONSE,COMPLEX:CXCL10,1
HALLMARK_IL2_STAT5_SIGNALING,COMPLEX:CXCL10,1
HALLMARK_TNFA_SIGNALING_VIA_NFKB,COMPLEX:CXCL10,1
HALLMARK_IL6_JAK_STAT3_SIGNALING,COMPLEX:CXCL10,1
HALLMARK_INFLAMMATORY_RESPONSE,COMPLEX:CXCL10,1
HALLMARK_KRAS_SIGNALING_UP,COMPLEX:CXCL10,1
HALLMARK_UV_RESPONSE_DN,COMPLEX:ATXN1,1
HALLMARK_BILE_ACID_METABOLISM,COMPLEX:ATXN1,1
HALLMARK_PEROXISOME,COMPLEX:ATXN1,1
HALLMARK_XENOBIOTIC_METABOLISM,COMPLEX:TTPA,1
HALLMARK_KRAS_SIGNALING_DN,COMPLEX:NGB,1
HALLMARK_G2M_CHECKPOINT,COMPLEX:AURKA_TPX2,1
HALLMARK_MITOTIC_SPINDLE,COMPLEX:AURKA_TPX2,1
HALLMARK_INFLAMMATORY_RESPONSE,COMPLEX:SEMA4D,1
HALLMARK_EPITHELIAL_MESENCHYMAL_TRANSITION,COMPLEX:MMP3_TIMP1,1
HALLMARK_COAGULATION,COMPLEX:MMP3_TIMP1,1
HALLMARK_COMPLEMENT,COMPLEX:F2_GP1BA,1
HALLMARK_COAGULATION,COMPLEX:F2_GP1BA,1
HALLMARK_ALLOGRAFT_REJECTION,COMPLEX:GZMA,1
HALLMARK_INTERFERON_GAMMA_RESPONSE,COMPLEX:GZMA,1
HALLMARK_COMPLEMENT,COMPLEX:GZMA,1
HALLMARK_KRAS_SIGNALING_DN,COMPLEX:NR4A2,1
HALLMARK_TNFA_SIGNALING_VIA_NFKB,COMPLEX:NR4A2,1
HALLMARK_MYC_TARGETS_V1,COMPLEX:C1QBP,1
HALLMARK_E2F_TARGETS,COMPLEX:DCK,1
HALLMARK_COAGULATION,COMPLEX:GSN,1
HALLMARK_MYOGENESIS,COMPLEX:GSN,1
HALLMARK_MITOTIC_SPINDLE,COMPLEX:GSN,1
HALLMARK_APOPTOSIS,COMPLEX:GSN,1
HALLMARK_ESTROGEN_RESPONSE_LATE,COMPLEX:TFF3,1
HALLMARK_ESTROGEN_RESPONSE_EARLY,COMPLEX:TFF3,1
HALLMARK_GLYCOLYSIS,COMPLEX:TFF3,1
HALLMARK_UV_RESPONSE_DN,COMPLEX:KIT,1
HALLMARK_ANDROGEN_RESPONSE,COMPLEX:SORD,1
HALLMARK_MTORC1_SIGNALING,COMPLEX:SORD,1
HALLMARK_MYC_TARGETS_V2,COMPLEX:SORD,1
HALLMARK_ESTROGEN_RESPONSE_LATE,COMPLEX:SORD,1
HALLMARK_XENOBIOTIC_METABOLISM,COMPLEX:ARG2,1
HALLMARK_ESTROGEN_RESPONSE_LATE,COMPLEX:DCXR,1
HALLMARK_XENOBIOTIC_METABOLISM,COMPLEX:DCXR,1
HALLMARK_P53_PATHWAY,COMPLEX:DCXR,1
HALLMARK_REACTIVE_OXYGEN_SPECIES_PATHWAY,COMPLEX:PRDX6,1
HALLMARK_FATTY_ACID_METABOLISM,COMPLEX:PRDX6,1
HALLMARK_FATTY_ACID_METABOLISM,COMPLEX:AOC3,1
HALLMARK_TNFA_SIGNALING_VIA_NFKB,COMPLEX:IL6ST_LIF,1
HALLMARK_ALLOGRAFT_REJECTION,COMPLEX:B2M,1
HALLMARK_ANDROGEN_RESPONSE,COMPLEX:B2M,1
HALLMARK_INTERFERON_GAMMA_RESPONSE,COMPLEX:B2M,1
HALLMARK_INTERFERON_ALPHA_RESPONSE,COMPLEX:B2M,1
HALLMARK_COAGULATION,COMPLEX:SH2B2,1
HALLMARK_COAGULATION,COMPLEX:MMP10,1
HALLMARK_KRAS_SIGNALING_UP,COMPLEX:MMP10,1
HALLMARK_COAGULATION,COMPLEX:MASP2,1
HALLMARK_MTORC1_SIGNALING,COMPLEX:PLK1,1
HALLMARK_G2M_CHECKPOINT,COMPLEX:PLK1,1
HALLMARK_MITOTIC_SPINDLE,COMPLEX:PLK1,1
HALLMARK_E2F_TARGETS,COMPLEX:PLK1,1
HALLMARK_MYC_TARGETS_V2,COMPLEX:PLK1,1
HALLMARK_DNA_REPAIR,COMPLEX:DUT,1
HALLMARK_MYC_TARGETS_V1,COMPLEX:DUT,1
HALLMARK_E2F_TARGETS,COMPLEX:DUT,1
HALLMARK_ALLOGRAFT_REJECTION,COMPLEX:CD4_LCK,1
HALLMARK_IL2_STAT5_SIGNALING,COMPLEX:PTRH2,1
HALLMARK_MITOTIC_SPINDLE,COMPLEX:SOS1,1
HALLMARK_INTERFERON_GAMMA_RESPONSE,COMPLEX:ADAR,1
HALLMARK_INTERFERON_ALPHA_RESPONSE,COMPLEX:ADAR,1
HALLMARK_PI3K_AKT_MTOR_SIGNALING,COMPLEX:CSNK2B,1
HALLMARK_APICAL_JUNCTION,COMPLEX:ITGB4,1
HALLMARK_MYOGENESIS,COMPLEX:ITGB4,1
HALLMARK_P53_PATHWAY,COMPLEX:ITGB4,1
HALLMARK_HEME_METABOLISM,COMPLEX:HAGH,1
HALLMARK_UNFOLDED_PROTEIN_RESPONSE,COMPLEX:YWHAZ,1
HALLMARK_REACTIVE_OXYGEN_SPECIES_PATHWAY,COMPLEX:G6PD,1
HALLMARK_MTORC1_SIGNALING,COMPLEX:G6PD,1
HALLMARK_GLYCOLYSIS,COMPLEX:G6PD,1
HALLMARK_REACTIVE_OXYGEN_SPECIES_PATHWAY,COMPLEX:PRDX2,1
HALLMARK_HEME_METABOLISM,COMPLEX:PRDX2,1
HALLMARK_TNFA_SIGNALING_VIA_NFKB,COMPLEX:CXCL2,1
HALLMARK_UV_RESPONSE_UP,COMPLEX:CXCL2,1
HALLMARK_HYPOXIA,COMPLEX:ALDOB,1
HALLMARK_GLYCOLYSIS,COMPLEX:ALDOB,1
HALLMARK_APICAL_JUNCTION,COMPLEX:IRS1,1
HALLMARK_UV_RESPONSE_DN,COMPLEX:IRS1,1
HALLMARK_OXIDATIVE_PHOSPHORYLATION,COMPLEX:NQO2,1
HALLMARK_DNA_REPAIR,COMPLEX:RPA2_RPA3,1
HALLMARK_E2F_TARGETS,COMPLEX:RPA2_RPA3,1
HALLMARK_TNFA_SIGNALING_VIA_NFKB,COMPLEX:BCL6,1
HALLMARK_ADIPOGENESIS,COMPLEX:BCL6,1
HALLMARK_MTORC1_SIGNALING,COMPLEX:GLA,1
HALLMARK_ESTROGEN_RESPONSE_LATE,COMPLEX:GLA,1
HALLMARK_ESTROGEN_RESPONSE_EARLY,COMPLEX:GLA,1
HALLMARK_PROTEIN_SECRETION,COMPLEX:GLA,1
HALLMARK_ALLOGRAFT_REJECTION,COMPLEX:WARS1,1
HALLMARK_MTORC1_SIGNALING,COMPLEX:WARS1,1
HALLMARK_INTERFERON_GAMMA_RESPONSE,COMPLEX:WARS1,1
HALLMARK_INTERFERON_ALPHA_RESPONSE,COMPLEX:WARS1,1
HALLMARK_XENOBIOTIC_METABOLISM,COMPLEX:GNMT,1
HALLMARK_BILE_ACID_METABOLISM,COMPLEX:GNMT,1
HALLMARK_UV_RESPONSE_UP,COMPLEX:TYRO3,1
HALLMARK_INFLAMMATORY_RESPONSE,COMPLEX:CSF3,1
HALLMARK_APICAL_JUNCTION,COMPLEX:VCL,1
HALLMARK_MITOTIC_SPINDLE,COMPLEX:VCL,1
HALLMARK_XENOBIOTIC_METABOLISM,COMPLEX:DHPS,1
HALLMARK_UV_RESPONSE_DN,COMPLEX:PTPRM,1
HALLMARK_P53_PATHWAY,COMPLEX:MDM2,1
HALLMARK_XENOBIOTIC_METABOLISM,COMPLEX:NMT1,1
HALLMARK_ADIPOGENESIS,COMPLEX:NMT1,1
HALLMARK_MTORC1_SIGNALING,COMPLEX:NMT1,1
HALLMARK_COAGULATION,COMPLEX:RAC1,1
HALLMARK_PI3K_AKT_MTOR_SIGNALING,COMPLEX:RAC1,1
HALLMARK_DNA_REPAIR,COMPLEX:POLL,1
HALLMARK_DNA_REPAIR,COMPLEX:CANT1,1
HALLMARK_ESTROGEN_RESPONSE_EARLY,COMPLEX:CANT1,1
HALLMARK_MYC_TARGETS_V1,COMPLEX:SSBP1,1
HALLMARK_FATTY_ACID_METABOLISM,COMPLEX:HSD17B4,1
HALLMARK_BILE_ACID_METABOLISM,COMPLEX:HSD17B4,1
HALLMARK_PEROXISOME,COMPLEX:HSD17B4,1
HALLMARK_OXIDATIVE_PHOSPHORYLATION,COMPLEX:ECI1,1
HALLMARK_FATTY_ACID_METABOLISM,COMPLEX:ECI1,1
HALLMARK_ALLOGRAFT_REJECTION,COMPLEX:ITK,1
HALLMARK_IL2_STAT5_SIGNALING,COMPLEX:GALM,1
HALLMARK_COMPLEMENT,COMPLEX:F2_SERPINC1,1
HALLMARK_COAGULATION,COMPLEX:F2_SERPINC1,1
HALLMARK_XENOBIOTIC_METABOLISM,COMPLEX:RAP1GAP,1
HALLMARK_HEME_METABOLISM,COMPLEX:RAP1GAP,1
HALLMARK_ANDROGEN_RESPONSE,COMPLEX:SRF,1
HALLMARK_IL2_STAT5_SIGNALING,COMPLEX:DCPS,1
HALLMARK_ALLOGRAFT_REJECTION,COMPLEX:BRCA1,1
HALLMARK_E2F_TARGETS,COMPLEX:BRCA1,1
HALLMARK_APICAL_SURFACE,COMPLEX:BRCA1,1
HALLMARK_APOPTOSIS,COMPLEX:BRCA1,1
HALLMARK_UV_RESPONSE_DN,COMPLEX:MGMT,1
HALLMARK_APOPTOSIS,COMPLEX:MGMT,1
HALLMARK_G2M_CHECKPOINT,COMPLEX:CENPE,1
HALLMARK_MITOTIC_SPINDLE,COMPLEX:CENPE,1
HALLMARK_E2F_TARGETS,COMPLEX:CENPE,1
HALLMARK_KRAS_SIGNALING_DN,COMPLEX:EDN1,1
HALLMARK_TNFA_SIGNALING_VIA_NFKB,COMPLEX:EDN1,1
HALLMARK_INFLAMMATORY_RESPONSE,COMPLEX:EDN1,1
HALLMARK_KRAS_SIGNALING_UP,COMPLEX:BPGM,1
HALLMARK_HEME_METABOLISM,COMPLEX:BPGM,1
HALLMARK_INTERFERON_GAMMA_RESPONSE,COMPLEX:BPGM,1
HALLMARK_OXIDATIVE_PHOSPHORYLATION,COMPLEX:ACADM_ETFA_ETFB,1
HALLMARK_XENOBIOTIC_METABOLISM,COMPLEX:GSTA3,1
HALLMARK_FATTY_ACID_METABOLISM,COMPLEX:ENO2,1
HALLMARK_HYPOXIA,COMPLEX:ENO2,1
HALLMARK_UV_RESPONSE_UP,COMPLEX:ENO2,1
HALLMARK_GLYCOLYSIS,COMPLEX:ENO2,1
HALLMARK_EPITHELIAL_MESENCHYMAL_TRANSITION,COMPLEX:ENO2,1
HALLMARK_APOPTOSIS,COMPLEX:ENO2,1
HALLMARK_COAGULATION,COMPLEX:F3,1
HALLMARK_HYPOXIA,COMPLEX:F3,1
HALLMARK_INFLAMMATORY_RESPONSE,COMPLEX:F3,1
HALLMARK_UV_RESPONSE_DN,COMPLEX:F3,1
HALLMARK_TNFA_SIGNALING_VIA_NFKB,COMPLEX:F3,1
HALLMARK_COMPLEMENT,COMPLEX:F3,1
HALLMARK_XENOBIOTIC_METABOLISM,COMPLEX:IGF1,1
HALLMARK_MYOGENESIS,COMPLEX:IGF1,1
HALLMARK_TGF_BETA_SIGNALING,COMPLEX:APC_CTNNB1,1
HALLMARK_MTORC1_SIGNALING,COMPLEX:P4HA1,1
HALLMARK_IL2_STAT5_SIGNALING,COMPLEX:P4HA1,1
HALLMARK_HYPOXIA,COMPLEX:P4HA1,1
HALLMARK_GLYCOLYSIS,COMPLEX:P4HA1,1
HALLMARK_PROTEIN_SECRETION,COMPLEX:RAB5A,1
HALLMARK_MYC_TARGETS_V1,COMPLEX:HNRNPC,1
HALLMARK_COAGULATION,COMPLEX:CTSE,1
HALLMARK_HEME_METABOLISM,COMPLEX:CTSE,1
HALLMARK_DNA_REPAIR,COMPLEX:PCNA_POLD3,1
HALLMARK_E2F_TARGETS,COMPLEX:PCNA_POLD3,1
HALLMARK_DNA_REPAIR,COMPLEX:FEN1_PCNA,1
HALLMARK_OXIDATIVE_PHOSPHORYLATION,COMPLEX:HSD17B10,1
HALLMARK_FATTY_ACID_METABOLISM,COMPLEX:HSD17B10,1
HALLMARK_MTORC1_SIGNALING,COMPLEX:GAPDH,1
HALLMARK_HYPOXIA,COMPLEX:GAPDH,1
HALLMARK_PEROXISOME,COMPLEX:CDK7,1
HALLMARK_IL2_STAT5_SIGNALING,COMPLEX:UCK2,1
HALLMARK_G2M_CHECKPOINT,COMPLEX:UCK2,1
HALLMARK_UNFOLDED_PROTEIN_RESPONSE,COMPLEX:EIF4G1,1
HALLMARK_PI3K_AKT_MTOR_SIGNALING,COMPLEX:CAB39,1
HALLMARK_IL2_STAT5_SIGNALING,COMPLEX:CD44,1
HALLMARK_TNFA_SIGNALING_VIA_NFKB,COMPLEX:CD44,1
HALLMARK_EPITHELIAL_MESENCHYMAL_TRANSITION,COMPLEX:CD44,1
HALLMARK_IL6_JAK_STAT3_SIGNALING,COMPLEX:CD44,1
HALLMARK_ESTROGEN_RESPONSE_LATE,COMPLEX:CD44,1
HALLMARK_ESTROGEN_RESPONSE_EARLY,COMPLEX:CD44,1
HALLMARK_GLYCOLYSIS,COMPLEX:CD44,1
HALLMARK_APOPTOSIS,COMPLEX:CD44,1
HALLMARK_SPERMATOGENESIS,COMPLEX:BRAF,1
HALLMARK_APICAL_JUNCTION,COMPLEX:FBN1,1
HALLMARK_COAGULATION,COMPLEX:FBN1,1
HALLMARK_EPITHELIAL_MESENCHYMAL_TRANSITION,COMPLEX:FBN1,1
HALLMARK_SPERMATOGENESIS,COMPLEX:DMC1,1
HALLMARK_GLYCOLYSIS,COMPLEX:B3GAT1,1
HALLMARK_APICAL_JUNCTION,COMPLEX:VCAM1,1
HALLMARK_INTERFERON_GAMMA_RESPONSE,COMPLEX:VCAM1,1
HALLMARK_EPITHELIAL_MESENCHYMAL_TRANSITION,COMPLEX:VCAM1,1
HALLMARK_PI3K_AKT_MTOR_SIGNALING,COMPLEX:DUSP3,1
HALLMARK_MITOTIC_SPINDLE,COMPLEX:MAPRE1,1
HALLMARK_ALLOGRAFT_REJECTION,COMPLEX:CFP,1
HALLMARK_MTORC1_SIGNALING,COMPLEX:CFP,1
HALLMARK_E2F_TARGETS,COMPLEX:TK1,1
HALLMARK_OXIDATIVE_PHOSPHORYLATION,COMPLEX:DECR1,1
HALLMARK_FATTY_ACID_METABOLISM,COMPLEX:DECR1,1
HALLMARK_ADIPOGENESIS,COMPLEX:DECR1,1
HALLMARK_ALLOGRAFT_REJECTION,COMPLEX:NCF4,1
HALLMARK_MYC_TARGETS_V1,COMPLEX:XPO1,1
HALLMARK_G2M_CHECKPOINT,COMPLEX:XPO1,1
HALLMARK_E2F_TARGETS,COMPLEX:XPO1,1
HALLMARK_MYC_TARGETS_V1,COMPLEX:ERH,1
HALLMARK_APICAL_JUNCTION,COMPLEX:BAIAP2,1
HALLMARK_P53_PATHWAY,COMPLEX:BAIAP2,1
HALLMARK_ALLOGRAFT_REJECTION,COMPLEX:CD4,1
HALLMARK_APICAL_JUNCTION,COMPLEX:ACTN3,1
HALLMARK_MYOGENESIS,COMPLEX:ACTN3,1
HALLMARK_UNFOLDED_PROTEIN_RESPONSE,COMPLEX:EIF4E_EIF4EBP1,1
HALLMARK_MYOGENESIS,COMPLEX:DAPK2,1
HALLMARK_PROTEIN_SECRETION,COMPLEX:RAB9A,1
HALLMARK_FATTY_ACID_METABOLISM,COMPLEX:GPD1,1
HALLMARK_APICAL_JUNCTION,COMPLEX:HRAS_RASA1,1
HALLMARK_XENOBIOTIC_METABOLISM,COMPLEX:IGF1_IGFBP4,1
HALLMARK_MYOGENESIS,COMPLEX:TNNC1,1
HALLMARK_ESTROGEN_RESPONSE_LATE,COMPLEX:TNNC1,1
HALLMARK_MYOGENESIS,COMPLEX:DMPK,1
HALLMARK_HYPOXIA,COMPLEX:GALK1,1
HALLMARK_GLYCOLYSIS,COMPLEX:GALK1,1
HALLMARK_XENOBIOTIC_METABOLISM,COMPLEX:ARG1,1
HALLMARK_KRAS_SIGNALING_UP,COMPLEX:ARG1,1
HALLMARK_XENOBIOTIC_METABOLISM,COMPLEX:BCAR1,1
HALLMARK_MITOTIC_SPINDLE,COMPLEX:BCAR1,1
HALLMARK_P53_PATHWAY,COMPLEX:SERPINB5,1
HALLMARK_FATTY_ACID_METABOLISM,COMPLEX:UBE2L6,1
HALLMARK_INTERFERON_GAMMA_RESPONSE,COMPLEX:UBE2L6,1
HALLMARK_INTERFERON_ALPHA_RESPONSE,COMPLEX:UBE2L6,1
HALLMARK_MTORC1_SIGNALING,COMPLEX:UBE2D3,1
HALLMARK_PI3K_AKT_MTOR_SIGNALING,COMPLEX:UBE2D3,1
HALLMARK_TGF_BETA_SIGNALING,COMPLEX:UBE2D3,1
HALLMARK_PEROXISOME,COMPLEX:CRABP2,1
HALLMARK_KRAS_SIGNALING_UP,COMPLEX:PIGR,1
HALLMARK_CHOLESTEROL_HOMEOSTASIS,COMPLEX:ALDOC,1
HALLMARK_HYPOXIA,COMPLEX:ALDOC,1
HALLMARK_UV_RESPONSE_UP,COMPLEX:CREG1,1
HALLMARK_ALLOGRAFT_REJECTION,COMPLEX:CD3D_CD3E,1
HALLMARK_HYPOXIA,COMPLEX:ANXA2,1
HALLMARK_UV_RESPONSE_DN,COMPLEX:ANXA2,1
HALLMARK_FATTY_ACID_METABOLISM,COMPLEX:FASN,1
HALLMARK_CHOLESTEROL_HOMEOSTASIS,COMPLEX:FASN,1
HALLMARK_ESTROGEN_RESPONSE_EARLY,COMPLEX:FASN,1
HALLMARK_SPERMATOGENESIS,COMPLEX:CFTR,1
HALLMARK_BILE_ACID_METABOLISM,COMPLEX:AR,1
HALLMARK_ESTROGEN_RESPONSE_EARLY,COMPLEX:AR,1
HALLMARK_XENOBIOTIC_METABOLISM,COMPLEX:HSD11B1,1
HALLMARK_KRAS_SIGNALING_UP,COMPLEX:HSD11B1,1
HALLMARK_COMPLEMENT,COMPLEX:MMP13,1
HALLMARK_APICAL_JUNCTION,COMPLEX:GNAI1,1
HALLMARK_CHOLESTEROL_HOMEOSTASIS,COMPLEX:GNAI1,1
HALLMARK_WNT_BETA_CATENIN_SIGNALING,COMPLEX:GNAI1,1
HALLMARK_BILE_ACID_METABOLISM,COMPLEX:NR3C2,1
HALLMARK_FATTY_ACID_METABOLISM,COMPLEX:HSD17B11,1
HALLMARK_BILE_ACID_METABOLISM,COMPLEX:HSD17B11,1
HALLMARK_PEROXISOME,COMPLEX:HSD17B11,1
HALLMARK_FATTY_ACID_METABOLISM,COMPLEX:CRYZ,1
HALLMARK_XENOBIOTIC_METABOLISM,COMPLEX:HGFAC,1
HALLMARK_ANDROGEN_RESPONSE,COMPLEX:HSD17B14,1
HALLMARK_APICAL_JUNCTION,COMPLEX:ACTN4_VCL,1
HALLMARK_MITOTIC_SPINDLE,COMPLEX:ACTN4_VCL,1
HALLMARK_GLYCOLYSIS,COMPLEX:PGAM1,1
HALLMARK_ALLOGRAFT_REJECTION,COMPLEX:CD247_PTPRC,1
HALLMARK_INTERFERON_GAMMA_RESPONSE,COMPLEX:CD38,1
HALLMARK_IL6_JAK_STAT3_SIGNALING,COMPLEX:CD38,1
HALLMARK_APOPTOSIS,COMPLEX:CD38,1
HALLMARK_COAGULATION,COMPLEX:OLR1,1
HALLMARK_ANGIOGENESIS,COMPLEX:OLR1,1
HALLMARK_INFLAMMATORY_RESPONSE,COMPLEX:OLR1,1
HALLMARK_TNFA_SIGNALING_VIA_NFKB,COMPLEX:OLR1,1
HALLMARK_COMPLEMENT,COMPLEX:OLR1,1
HALLMARK_MYC_TARGETS_V1,COMPLEX:SSB,1
HALLMARK_ALLOGRAFT_REJECTION,COMPLEX:ITGB2,1
HALLMARK_MTORC1_SIGNALING,COMPLEX:ITGB2,1
HALLMARK_KRAS_SIGNALING_UP,COMPLEX:ITGB2,1
HALLMARK_COAGULATION,COMPLEX:S100A13,1
HALLMARK_COMPLEMENT,COMPLEX:S100A13,1
HALLMARK_HYPOXIA,COMPLEX:PLAUR,1
HALLMARK_TNFA_SIGNALING_VIA_NFKB,COMPLEX:PLAUR,1
HALLMARK_EPITHELIAL_MESENCHYMAL_TRANSITION,COMPLEX:PLAUR,1
HALLMARK_APICAL_SURFACE,COMPLEX:PLAUR,1
HALLMARK_CHOLESTEROL_HOMEOSTASIS,COMPLEX:PLAUR,1
HALLMARK_INFLAMMATORY_RESPONSE,COMPLEX:PLAUR,1
HALLMARK_KRAS_SIGNALING_UP,COMPLEX:PLAUR,1
HALLMARK_COMPLEMENT,COMPLEX:PLAUR,1
HALLMARK_PI3K_AKT_MTOR_SIGNALING,COMPLEX:SFN,1
HALLMARK_ESTROGEN_RESPONSE_LATE,COMPLEX:SFN,1
HALLMARK_ESTROGEN_RESPONSE_EARLY,COMPLEX:SFN,1
HALLMARK_P53_PATHWAY,COMPLEX:SFN,1
HALLMARK_BILE_ACID_METABOLISM,COMPLEX:PECR,1
HALLMARK_INTERFERON_GAMMA_RESPONSE,COMPLEX:PIM1,1
HALLMARK_IL2_STAT5_SIGNALING,COMPLEX:PIM1,1
HALLMARK_HYPOXIA,COMPLEX:PIM1,1
HALLMARK_IL6_JAK_STAT3_SIGNALING,COMPLEX:PIM1,1
HALLMARK_COMPLEMENT,COMPLEX:PIM1,1
HALLMARK_WNT_BETA_CATENIN_SIGNALING,COMPLEX:NOTCH1,1
HALLMARK_MYOGENESIS,COMPLEX:NOTCH1,1
HALLMARK_P53_PATHWAY,COMPLEX:NOTCH1,1
HALLMARK_NOTCH_SIGNALING,COMPLEX:NOTCH1,1
HALLMARK_PEROXISOME,COMPLEX:GSTK1,1
HALLMARK_BILE_ACID_METABOLISM,COMPLEX:GSTK1,1
HALLMARK_PROTEIN_SECRETION,COMPLEX:RAB2A,1
HALLMARK_EPITHELIAL_MESENCHYMAL_TRANSITION,COMPLEX:FAP,1
HALLMARK_P53_PATHWAY,COMPLEX:APAF1,1
HALLMARK_COAGULATION,COMPLEX:ARF4,1
HALLMARK_UV_RESPONSE_UP,COMPLEX:SPR,1
HALLMARK_MYOGENESIS,COMPLEX:AK1,1
HALLMARK_P53_PATHWAY,COMPLEX:AK1,1
HALLMARK_DNA_REPAIR,COMPLEX:AK1,1
HALLMARK_ALLOGRAFT_REJECTION,COMPLEX:IL2_IL2RA,1
HALLMARK_APICAL_JUNCTION,COMPLEX:CADM3,1
HALLMARK_ANDROGEN_RESPONSE,COMPLEX:AZGP1,1
HALLMARK_G2M_CHECKPOINT,COMPLEX:UBE2S,1
HALLMARK_E2F_TARGETS,COMPLEX:UBE2S,1
HALLMARK_COAGULATION,COMPLEX:PLEK,1
HALLMARK_TNFA_SIGNALING_VIA_NFKB,COMPLEX:PLEK,1
HALLMARK_COMPLEMENT,COMPLEX:PLEK,1
HALLMARK_OXIDATIVE_PHOSPHORYLATION,COMPLEX:DLD,1
HALLMARK_FATTY_ACID_METABOLISM,COMPLEX:DLD,1
HALLMARK_ADIPOGENESIS,COMPLEX:DLD,1
HALLMARK_GLYCOLYSIS,COMPLEX:DLD,1
HALLMARK_DNA_REPAIR,COMPLEX:APRT,1
HALLMARK_FATTY_ACID_METABOLISM,COMPLEX:CA4,1
HALLMARK_DNA_REPAIR,COMPLEX:NME3,1
HALLMARK_ALLOGRAFT_REJECTION,COMPLEX:B2M_CD1D,1
HALLMARK_MYC_TARGETS_V1,COMPLEX:PCBP1,1
HALLMARK_G2M_CHECKPOINT,COMPLEX:TOP2A,1
HALLMARK_MITOTIC_SPINDLE,COMPLEX:TOP2A,1
HALLMARK_E2F_TARGETS,COMPLEX:TOP2A,1
HALLMARK_ESTROGEN_RESPONSE_LATE,COMPLEX:TOP2A,1
HALLMARK_PEROXISOME,COMPLEX:TOP2A,1
HALLMARK_APOPTOSIS,COMPLEX:TOP2A,1
HALLMARK_APOPTOSIS,COMPLEX:BCL2L2_BID,1
HALLMARK_OXIDATIVE_PHOSPHORYLATION,COMPLEX:DLD_PDHX,1
HALLMARK_UNFOLDED_PROTEIN_RESPONSE,COMPLEX:PARN,1
HALLMARK_MTORC1_SIGNALING,COMPLEX:CACYBP,1
HALLMARK_DNA_REPAIR,COMPLEX:CETN2_XPC,1
HALLMARK_COMPLEMENT,COMPLEX:USP8,1
HALLMARK_ALLOGRAFT_REJECTION,COMPLEX:BCAT1,1
HALLMARK_XENOBIOTIC_METABOLISM,COMPLEX:BCAT1,1
HALLMARK_MTORC1_SIGNALING,COMPLEX:BCAT1,1
HALLMARK_IL2_STAT5_SIGNALING,COMPLEX:MUC1,1
HALLMARK_ESTROGEN_RESPONSE_EARLY,COMPLEX:MUC1,1
HALLMARK_ANDROGEN_RESPONSE,COMPLEX:B4GALT1,1
HALLMARK_APICAL_JUNCTION,COMPLEX:B4GALT1,1
HALLMARK_APICAL_SURFACE,COMPLEX:B4GALT1,1
HALLMARK_ESTROGEN_RESPONSE_EARLY,COMPLEX:B4GALT1,1
HALLMARK_TNFA_SIGNALING_VIA_NFKB,COMPLEX:B4GALT1,1
HALLMARK_GLYCOLYSIS,COMPLEX:B4GALT1,1
HALLMARK_OXIDATIVE_PHOSPHORYLATION,COMPLEX:BDH2,1
HALLMARK_DNA_REPAIR,COMPLEX:ERCC4,1
HALLMARK_MTORC1_SIGNALING,COMPLEX:AK4,1
HALLMARK_HYPOXIA,COMPLEX:AK4,1
HALLMARK_GLYCOLYSIS,COMPLEX:AK4,1
HALLMARK_ALLOGRAFT_REJECTION,COMPLEX:INHBA,1
HALLMARK_TNFA_SIGNALING_VIA_NFKB,COMPLEX:INHBA,1
HALLMARK_EPITHELIAL_MESENCHYMAL_TRANSITION,COMPLEX:INHBA,1
HALLMARK_INFLAMMATORY_RESPONSE,COMPLEX:INHBA,1
HALLMARK_KRAS_SIGNALING_UP,COMPLEX:INHBA,1
HALLMARK_GLYCOLYSIS,COMPLEX:ARTN,1
HALLMARK_COAGULATION,COMPLEX:MST1,1
HALLMARK_FATTY_ACID_METABOLISM,COMPLEX:ME1,1
HALLMARK_ADIPOGENESIS,COMPLEX:ME1,1
HALLMARK_MTORC1_SIGNALING,COMPLEX:ME1,1
HALLMARK_COMPLEMENT,COMPLEX:ME1,1
HALLMARK_GLYCOLYSIS,COMPLEX:ME1,1
HALLMARK_XENOBIOTIC_METABOLISM,COMPLEX:PAPSS2,1
HALLMARK_ESTROGEN_RESPONSE_LATE,COMPLEX:PAPSS2,1
HALLMARK_ESTROGEN_RESPONSE_EARLY,COMPLEX:PAPSS2,1
HALLMARK_COMPLEMENT,COMPLEX:USP14,1
HALLMARK_ADIPOGENESIS,COMPLEX:YWHAG,1
HALLMARK_E2F_TARGETS,COMPLEX:RPA1_TP53,1
HALLMARK_ANDROGEN_RESPONSE,COMPLEX:SAT1,1
HALLMARK_P53_PATHWAY,COMPLEX:SAT1,1
HALLMARK_TNFA_SIGNALING_VIA_NFKB,COMPLEX:SAT1,1
HALLMARK_EPITHELIAL_MESENCHYMAL_TRANSITION,COMPLEX:SAT1,1
HALLMARK_APOPTOSIS,COMPLEX:SAT1,1
HALLMARK_DNA_REPAIR,COMPLEX:DDB1,1
HALLMARK_ALLOGRAFT_REJECTION,COMPLEX:JAK2,1
HALLMARK_INTERFERON_GAMMA_RESPONSE,COMPLEX:JAK2,1
HALLMARK_ESTROGEN_RESPONSE_LATE,COMPLEX:JAK2,1
HALLMARK_ESTROGEN_RESPONSE_EARLY,COMPLEX:JAK2,1
HALLMARK_COMPLEMENT,COMPLEX:JAK2,1
HALLMARK_P53_PATHWAY,COMPLEX:TCN2,1
HALLMARK_MTORC1_SIGNALING,COMPLEX:AURKA,1
HALLMARK_G2M_CHECKPOINT,COMPLEX:AURKA,1
HALLMARK_MITOTIC_SPINDLE,COMPLEX:AURKA,1
HALLMARK_E2F_TARGETS,COMPLEX:AURKA,1
HALLMARK_SPERMATOGENESIS,COMPLEX:AURKA,1
HALLMARK_GLYCOLYSIS,COMPLEX:AURKA,1
HALLMARK_ANDROGEN_RESPONSE,COMPLEX:RAB4A,1
HALLMARK_PI3K_AKT_MTOR_SIGNALING,COMPLEX:YWHAB,1
HALLMARK_FATTY_ACID_METABOLISM,COMPLEX:HSP90AA1,1
HALLMARK_IL2_STAT5_SIGNALING,COMPLEX:RGS16,1
HALLMARK_INFLAMMATORY_RESPONSE,COMPLEX:RGS16,1
HALLMARK_P53_PATHWAY,COMPLEX:RGS16,1
HALLMARK_KRAS_SIGNALING_UP,COMPLEX:RGS16,1
HALLMARK_MYC_TARGETS_V1,COMPLEX:YWHAQ,1
HALLMARK_INFLAMMATORY_RESPONSE,COMPLEX:RGS1,1
HALLMARK_PI3K_AKT_MTOR_SIGNALING,COMPLEX:PAK4,1
HALLMARK_INTERFERON_ALPHA_RESPONSE,COMPLEX:GMPR,1
HALLMARK_FATTY_ACID_METABOLISM,COMPLEX:MAOA,1
HALLMARK_XENOBIOTIC_METABOLISM,COMPLEX:MAOA,1
HALLMARK_UV_RESPONSE_UP,COMPLEX:MAOA,1
HALLMARK_PEROXISOME,COMPLEX:PEX5_SCP2,1
HALLMARK_DNA_REPAIR,COMPLEX:POLR2D_POLR2G,1
HALLMARK_ALLOGRAFT_REJECTION,COMPLEX:UBE2D1,1
HALLMARK_APICAL_JUNCTION,COMPLEX:YWHAH,1
HALLMARK_FATTY_ACID_METABOLISM,COMPLEX:YWHAH,1
HALLMARK_PEROXISOME,COMPLEX:YWHAH,1
HALLMARK_SPERMATOGENESIS,COMPLEX:ACE,1
HALLMARK_KRAS_SIGNALING_UP,COMPLEX:ACE,1
HALLMARK_DNA_REPAIR,COMPLEX:ITPA,1
HALLMARK_ANDROGEN_RESPONSE,COMPLEX:DBI,1
HALLMARK_REACTIVE_OXYGEN_SPECIES_PATHWAY,COMPLEX:TXNRD1,1
HALLMARK_MTORC1_SIGNALING,COMPLEX:TXNRD1,1
HALLMARK_HYPOXIA,COMPLEX:NAGK,1
HALLMARK_TNFA_SIGNALING_VIA_NFKB,COMPLEX:GEM,1
HALLMARK_EPITHELIAL_MESENCHYMAL_TRANSITION,COMPLEX:GEM,1
HALLMARK_CHOLESTEROL_HOMEOSTASIS,COMPLEX:CHKA,1
HALLMARK_UV_RESPONSE_UP,COMPLEX:CHKA,1
HALLMARK_FATTY_ACID_METABOLISM,COMPLEX:HMGCL,1
HALLMARK_PEROXISOME,COMPLEX:HMGCL,1
HALLMARK_ESTROGEN_RESPONSE_LATE,COMPLEX:IMPA2,1
HALLMARK_INTERFERON_GAMMA_RESPONSE,COMPLEX:IDO1,1
HALLMARK_MITOTIC_SPINDLE,COMPLEX:ATG4B,1
HALLMARK_COMPLEMENT,COMPLEX:FCN1,1
HALLMARK_PROTEIN_SECRETION,COMPLEX:SH3GL2,1
HALLMARK_APICAL_JUNCTION,COMPLEX:NF1,1
HALLMARK_MITOTIC_SPINDLE,COMPLEX:NF1,1
HALLMARK_HEDGEHOG_SIGNALING,COMPLEX:NF1,1
HALLMARK_INFLAMMATORY_RESPONSE,COMPLEX:CSF3_CSF3R,1
HALLMARK_HEDGEHOG_SIGNALING,COMPLEX:HEY1,1
HALLMARK_WNT_BETA_CATENIN_SIGNALING,COMPLEX:HEY1,1
HALLMARK_OXIDATIVE_PHOSPHORYLATION,COMPLEX:MDH2,1
HALLMARK_FATTY_ACID_METABOLISM,COMPLEX:MDH2,1
HALLMARK_ADIPOGENESIS,COMPLEX:MDH2,1
HALLMARK_GLYCOLYSIS,COMPLEX:MDH2,1
HALLMARK_P53_PATHWAY,COMPLEX:SLC3A2,1
HALLMARK_COMPLEMENT,COMPLEX:CBLB,1
HALLMARK_P53_PATHWAY,COMPLEX:RRAD,1
HALLMARK_UV_RESPONSE_UP,COMPLEX:RRAD,1
HALLMARK_OXIDATIVE_PHOSPHORYLATION,COMPLEX:PDK4,1
HALLMARK_XENOBIOTIC_METABOLISM,COMPLEX:PDK4,1
HALLMARK_MYOGENESIS,COMPLEX:NCAM1,1
HALLMARK_MYC_TARGETS_V1,COMPLEX:SET,1
HALLMARK_MTORC1_SIGNALING,COMPLEX:NAMPT,1
HALLMARK_INTERFERON_GAMMA_RESPONSE,COMPLEX:NAMPT,1
HALLMARK_TNFA_SIGNALING_VIA_NFKB,COMPLEX:NAMPT,1
HALLMARK_INFLAMMATORY_RESPONSE,COMPLEX:NAMPT,1
HALLMARK_G2M_CHECKPOINT,COMPLEX:CHEK1,1
HALLMARK_E2F_TARGETS,COMPLEX:CHEK1,1
HALLMARK_DNA_REPAIR,COMPLEX:UMPS,1
HALLMARK_IL2_STAT5_SIGNALING,COMPLEX:UMPS,1
HALLMARK_HEME_METABOLISM,COMPLEX:GYPC_MPP1,1
HALLMARK_MITOTIC_SPINDLE,COMPLEX:ROCK1,1
HALLMARK_APOPTOSIS,COMPLEX:ROCK1,1
HALLMARK_DNA_REPAIR,COMPLEX:TSG101,1
HALLMARK_PROTEIN_SECRETION,COMPLEX:TSG101,1
HALLMARK_OXIDATIVE_PHOSPHORYLATION,COMPLEX:ACAT1,1
HALLMARK_FATTY_ACID_METABOLISM,COMPLEX:ECI2,1
HALLMARK_PEROXISOME,COMPLEX:ECI2,1
HALLMARK_FATTY_ACID_METABOLISM,COMPLEX:FABP1,1
HALLMARK_XENOBIOTIC_METABOLISM,COMPLEX:FABP1,1
HALLMARK_APOPTOSIS,COMPLEX:GPX1,1
HALLMARK_REACTIVE_OXYGEN_SPECIES_PATHWAY,COMPLEX:FTL,1
HALLMARK_MYOGENESIS,COMPLEX:BIN1,1
HALLMARK_MITOTIC_SPINDLE,COMPLEX:BIN1,1
HALLMARK_E2F_TARGETS,COMPLEX:CNOT9,1
HALLMARK_MYOGENESIS,COMPLEX:MYH7,1
HALLMARK_KRAS_SIGNALING_DN,COMPLEX:MYH7,1
HALLMARK_UV_RESPONSE_UP,COMPLEX:POLG2,1
HALLMARK_TNFA_SIGNALING_VIA_NFKB,COMPLEX:DUSP5,1
HALLMARK_COMPLEMENT,COMPLEX:DUSP5,1
HALLMARK_MTORC1_SIGNALING,COMPLEX:PHGDH,1
HALLMARK_MYC_TARGETS_V1,COMPLEX:EIF4A1,1
HALLMARK_UNFOLDED_PROTEIN_RESPONSE,COMPLEX:EIF4A1,1
HALLMARK_HYPOXIA,COMPLEX:GRHPR,1
HALLMARK_FATTY_ACID_METABOLISM,COMPLEX:GRHPR,1
HALLMARK_COMPLEMENT,COMPLEX:F10_SERPINC1,1
HALLMARK_COAGULATION,COMPLEX:F10_SERPINC1,1
HALLMARK_P53_PATHWAY,COMPLEX:HEXIM1,1
HALLMARK_ANDROGEN_RESPONSE,COMPLEX:GSR,1
HALLMARK_REACTIVE_OXYGEN_SPECIES_PATHWAY,COMPLEX:GSR,1
HALLMARK_XENOBIOTIC_METABOLISM,COMPLEX:GSR,1
HALLMARK_MTORC1_SIGNALING,COMPLEX:GSR,1
HALLMARK_APOPTOSIS,COMPLEX:GSR,1
HALLMARK_G2M_CHECKPOINT,COMPLEX:UPF1,1
HALLMARK_PEROXISOME,COMPLEX:RXRG,1
HALLMARK_BILE_ACID_METABOLISM,COMPLEX:RXRG,1
HALLMARK_HYPOXIA,COMPLEX:PCK1,1
HALLMARK_ALLOGRAFT_REJECTION,COMPLEX:EGFR,1
HALLMARK_APICAL_JUNCTION,COMPLEX:EGFR,1
HALLMARK_HYPOXIA,COMPLEX:EGFR,1
HALLMARK_PROTEIN_SECRETION,COMPLEX:EGFR,1
HALLMARK_PI3K_AKT_MTOR_SIGNALING,COMPLEX:EGFR,1
HALLMARK_GLYCOLYSIS,COMPLEX:EGFR,1
HALLMARK_HEDGEHOG_SIGNALING,COMPLEX:DPYSL2,1
HALLMARK_E2F_TARGETS,COMPLEX:PRPS1,1
HALLMARK_GLYCOLYSIS,COMPLEX:PRPS1,1
HALLMARK_FATTY_ACID_METABOLISM,COMPLEX:PTPRG,1
HALLMARK_UNFOLDED_PROTEIN_RESPONSE,COMPLEX:ALDH18A1,1
HALLMARK_FATTY_ACID_METABOLISM,COMPLEX:BLVRA,1
HALLMARK_HEME_METABOLISM,COMPLEX:BLVRA,1
HALLMARK_ALLOGRAFT_REJECTION,COMPLEX:CD247,1
HALLMARK_UNFOLDED_PROTEIN_RESPONSE,COMPLEX:DCTN1,1
HALLMARK_REACTIVE_OXYGEN_SPECIES_PATHWAY,COMPLEX:GLRX2,1
HALLMARK_REACTIVE_OXYGEN_SPECIES_PATHWAY,COMPLEX:PTPA,1
HALLMARK_OXIDATIVE_PHOSPHORYLATION,COMPLEX:ECHS1,1
HALLMARK_FATTY_ACID_METABOLISM,COMPLEX:ECHS1,1
HALLMARK_ADIPOGENESIS,COMPLEX:ECHS1,1
HALLMARK_PI3K_AKT_MTOR_SIGNALING,COMPLEX:MKNK1,1
HALLMARK_COAGULATION,COMPLEX:F2_FGG,1
HALLMARK_REACTIVE_OXYGEN_SPECIES_PATHWAY,COMPLEX:TXN,1
HALLMARK_GLYCOLYSIS,COMPLEX:TXN,1
HALLMARK_UNFOLDED_PROTEIN_RESPONSE,COMPLEX:EIF4A3,1
HALLMARK_ALLOGRAFT_REJECTION,COMPLEX:PRKCB,1
HALLMARK_PI3K_AKT_MTOR_SIGNALING,COMPLEX:PRKCB,1
HALLMARK_ANDROGEN_RESPONSE,COMPLEX:IDI1,1
HALLMARK_FATTY_ACID_METABOLISM,COMPLEX:IDI1,1
HALLMARK_MTORC1_SIGNALING,COMPLEX:IDI1,1
HALLMARK_BILE_ACID_METABOLISM,COMPLEX:IDI1,1
HALLMARK_CHOLESTEROL_HOMEOSTASIS,COMPLEX:IDI1,1
HALLMARK_PEROXISOME,COMPLEX:IDI1,1
HALLMARK_DNA_REPAIR,COMPLEX:NT5C,1
HALLMARK_GLYCOLYSIS,COMPLEX:MIOX,1
HALLMARK_ALLOGRAFT_REJECTION,COMPLEX:APBB1,1
HALLMARK_OXIDATIVE_PHOSPHORYLATION,COMPLEX:ACAA1,1
HALLMARK_FATTY_ACID_METABOLISM,COMPLEX:ACAA1,1
HALLMARK_PEROXISOME,COMPLEX:ACAA1,1
HALLMARK_UV_RESPONSE_UP,COMPLEX:ACAA1,1
HALLMARK_EPITHELIAL_MESENCHYMAL_TRANSITION,COMPLEX:NNMT,1
HALLMARK_ESTROGEN_RESPONSE_LATE,COMPLEX:RET,1
HALLMARK_ESTROGEN_RESPONSE_EARLY,COMPLEX:RET,1
HALLMARK_UV_RESPONSE_UP,COMPLEX:RET,1
HALLMARK_PI3K_AKT_MTOR_SIGNALING,COMPLEX:PRKAR2A,1
HALLMARK_SPERMATOGENESIS,COMPLEX:PRKAR2A,1
HALLMARK_APICAL_JUNCTION,COMPLEX:RASA1,1
HALLMARK_HEDGEHOG_SIGNALING,COMPLEX:RASA1,1
HALLMARK_MITOTIC_SPINDLE,COMPLEX:RASA1,1
HALLMARK_EPITHELIAL_MESENCHYMAL_TRANSITION,COMPLEX:MMP1_TIMP1,1
HALLMARK_COAGULATION,COMPLEX:MMP1_TIMP1,1
HALLMARK_PROTEIN_SECRETION,COMPLEX:BNIP3,1
HALLMARK_MITOTIC_SPINDLE,COMPLEX:ARF6,1
HALLMARK_MITOTIC_SPINDLE,COMPLEX:CD2AP,1
HALLMARK_GLYCOLYSIS,COMPLEX:ALDH7A1,1
HALLMARK_DNA_REPAIR,COMPLEX:NUDT21,1
HALLMARK_E2F_TARGETS,COMPLEX:NUDT21,1
HALLMARK_FATTY_ACID_METABOLISM,COMPLEX:ADSL,1
HALLMARK_UV_RESPONSE_DN,COMPLEX:DDAH1,1
HALLMARK_SPERMATOGENESIS,COMPLEX:IDE,1
HALLMARK_PEROXISOME,COMPLEX:IDE,1
HALLMARK_KRAS_SIGNALING_DN,COMPLEX:CAMK1D,1
HALLMARK_ALLOGRAFT_REJECTION,COMPLEX:FLNA_ITGB2,1
HALLMARK_OXIDATIVE_PHOSPHORYLATION,COMPLEX:ACADSB,1
HALLMARK_ANDROGEN_RESPONSE,COMPLEX:ADAMTS1,1
HALLMARK_XENOBIOTIC_METABOLISM,COMPLEX:CSAD,1
HALLMARK_INFLAMMATORY_RESPONSE,COMPLEX:PTPRE,1
HALLMARK_P53_PATHWAY,COMPLEX:PTPRE,1
HALLMARK_TNFA_SIGNALING_VIA_NFKB,COMPLEX:PTPRE,1
HALLMARK_XENOBIOTIC_METABOLISM,COMPLEX:PGD,1
HALLMARK_MYOGENESIS,COMPLEX:SOD3,1
HALLMARK_DNA_REPAIR,COMPLEX:GTF2H5,1
HALLMARK_INTERFERON_GAMMA_RESPONSE,COMPLEX:XCL1,1
HALLMARK_UV_RESPONSE_DN,COMPLEX:ERBB2,1
HALLMARK_APOPTOSIS,COMPLEX:ERBB2,1
HALLMARK_APICAL_JUNCTION,COMPLEX:TJP1,1
HALLMARK_UV_RESPONSE_DN,COMPLEX:TJP1,1
HALLMARK_TGF_BETA_SIGNALING,COMPLEX:TJP1,1
HALLMARK_ADIPOGENESIS,COMPLEX:UBC_UBQLN1,1
HALLMARK_APOPTOSIS,COMPLEX:BAX_BCL2L11,1
HALLMARK_KRAS_SIGNALING_DN,COMPLEX:INSL5,1
HALLMARK_APOPTOSIS,COMPLEX:BID_MCL1,1
HALLMARK_E2F_TARGETS,COMPLEX:CDCA8,1
HALLMARK_MYOGENESIS,COMPLEX:CRYAB,1
HALLMARK_MTORC1_SIGNALING,COMPLEX:SQSTM1,1
HALLMARK_TNFA_SIGNALING_VIA_NFKB,COMPLEX:SQSTM1,1
HALLMARK_PI3K_AKT_MTOR_SIGNALING,COMPLEX:SQSTM1,1
HALLMARK_UV_RESPONSE_UP,COMPLEX:SQSTM1,1
HALLMARK_APOPTOSIS,COMPLEX:SQSTM1,1
HALLMARK_MYC_TARGETS_V1,COMPLEX:EIF3B_EIF3J,1
HALLMARK_IL2_STAT5_SIGNALING,COMPLEX:S100A1,1
HALLMARK_COAGULATION,COMPLEX:S100A1,1
HALLMARK_UV_RESPONSE_DN,COMPLEX:PDGFRB,1
HALLMARK_EPITHELIAL_MESENCHYMAL_TRANSITION,COMPLEX:PDGFRB,1
HALLMARK_APOPTOSIS,COMPLEX:PDGFRB,1
HALLMARK_TGF_BETA_SIGNALING,COMPLEX:SMAD1_SMURF1,1
HALLMARK_PI3K_AKT_MTOR_SIGNALING,COMPLEX:PIN1_SMAD2,1
HALLMARK_TGF_BETA_SIGNALING,COMPLEX:ID3,1
HALLMARK_HYPOXIA,COMPLEX:MYH9_S100A4,1
HALLMARK_ESTROGEN_RESPONSE_LATE,COMPLEX:AGR2,1
HALLMARK_CHOLESTEROL_HOMEOSTASIS,COMPLEX:S100A11,1
HALLMARK_KRAS_SIGNALING_DN,COMPLEX:FGFR3,1
HALLMARK_ESTROGEN_RESPONSE_LATE,COMPLEX:FGFR3,1
HALLMARK_TNFA_SIGNALING_VIA_NFKB,COMPLEX:HES1,1
HALLMARK_NOTCH_SIGNALING,COMPLEX:HES1,1
HALLMARK_ESTROGEN_RESPONSE_EARLY,COMPLEX:HES1,1
HALLMARK_ALLOGRAFT_REJECTION,COMPLEX:TLR3,1
HALLMARK_INFLAMMATORY_RESPONSE,COMPLEX:TLR3,1
HALLMARK_MYOGENESIS,COMPLEX:TNNC1_TNNI2,1
HALLMARK_HEME_METABOLISM,COMPLEX:LAMP2,1
HALLMARK_COAGULATION,COMPLEX:LAMP2,1
HALLMARK_COMPLEMENT,COMPLEX:LAMP2,1
HALLMARK_PROTEIN_SECRETION,COMPLEX:LAMP2,1
HALLMARK_HYPOXIA,COMPLEX:NEDD4L,1
HALLMARK_INTERFERON_GAMMA_RESPONSE,COMPLEX:PML,1
HALLMARK_G2M_CHECKPOINT,COMPLEX:PML,1
HALLMARK_HEDGEHOG_SIGNALING,COMPLEX:PML,1
HALLMARK_HEME_METABOLISM,COMPLEX:SNCA,1
HALLMARK_APICAL_SURFACE,COMPLEX:HSPB1,1
HALLMARK_APOPTOSIS,COMPLEX:HSPB1,1
HALLMARK_ALLOGRAFT_REJECTION,COMPLEX:FAS,1
HALLMARK_XENOBIOTIC_METABOLISM,COMPLEX:FAS,1
HALLMARK_INTERFERON_GAMMA_RESPONSE,COMPLEX:FAS,1
HALLMARK_P53_PATHWAY,COMPLEX:FAS,1
HALLMARK_EPITHELIAL_MESENCHYMAL_TRANSITION,COMPLEX:FAS,1
HALLMARK_IL6_JAK_STAT3_SIGNALING,COMPLEX:FAS,1
HALLMARK_APOPTOSIS,COMPLEX:FAS,1
HALLMARK_HEME_METABOLISM,COMPLEX:HDGF,1
HALLMARK_MYC_TARGETS_V1,COMPLEX:HDGF,1
HALLMARK_MTORC1_SIGNALING,COMPLEX:CTH,1
HALLMARK_GLYCOLYSIS,COMPLEX:CTH,1
HALLMARK_APOPTOSIS,COMPLEX:CTH,1
HALLMARK_PI3K_AKT_MTOR_SIGNALING,COMPLEX:MAPK8,1
HALLMARK_PI3K_AKT_MTOR_SIGNALING,COMPLEX:IRAK4,1
HALLMARK_MITOTIC_SPINDLE,COMPLEX:SSH2,1
HALLMARK_G2M_CHECKPOINT,COMPLEX:BARD1,1
HALLMARK_KRAS_SIGNALING_DN,COMPLEX:BARD1,1
HALLMARK_E2F_TARGETS,COMPLEX:BARD1,1
HALLMARK_MTORC1_SIGNALING,COMPLEX:HK2,1
HALLMARK_MYC_TARGETS_V2,COMPLEX:HK2,1
HALLMARK_IL2_STAT5_SIGNALING,COMPLEX:HK2,1
HALLMARK_HYPOXIA,COMPLEX:HK2,1
HALLMARK_GLYCOLYSIS,COMPLEX:HK2,1
HALLMARK_MYC_TARGETS_V2,COMPLEX:SRM,1
HALLMARK_MYC_TARGETS_V1,COMPLEX:SRM,1
HALLMARK_INFLAMMATORY_RESPONSE,COMPLEX:TNFSF15,1
HALLMARK_MYC_TARGETS_V1,COMPLEX:PSMD7,1
HALLMARK_DNA_REPAIR,COMPLEX:DGUOK,1
HALLMARK_FATTY_ACID_METABOLISM,COMPLEX:GLUL,1
HALLMARK_ESTROGEN_RESPONSE_LATE,COMPLEX:MAPT,1
HALLMARK_ESTROGEN_RESPONSE_EARLY,COMPLEX:MAPT,1
HALLMARK_G2M_CHECKPOINT,COMPLEX:NOTCH2,1
HALLMARK_UV_RESPONSE_DN,COMPLEX:NOTCH2,1
HALLMARK_MITOTIC_SPINDLE,COMPLEX:NOTCH2,1
HALLMARK_EPITHELIAL_MESENCHYMAL_TRANSITION,COMPLEX:NOTCH2,1
HALLMARK_NOTCH_SIGNALING,COMPLEX:NOTCH2,1
HALLMARK_APOPTOSIS,COMPLEX:XIAP,1
HALLMARK_TGF_BETA_SIGNALING,COMPLEX:XIAP,1
HALLMARK_ALLOGRAFT_REJECTION,COMPLEX:CD247_ZAP70,1
HALLMARK_ANDROGEN_RESPONSE,COMPLEX:MERTK,1
HALLMARK_GLYCOLYSIS,COMPLEX:MERTK,1
HALLMARK_KRAS_SIGNALING_DN,COMPLEX:CAPN9,1
HALLMARK_ALLOGRAFT_REJECTION,COMPLEX:NPM1,1
HALLMARK_MYC_TARGETS_V1,COMPLEX:NPM1,1
HALLMARK_UNFOLDED_PROTEIN_RESPONSE,COMPLEX:NPM1,1
HALLMARK_MYC_TARGETS_V2,COMPLEX:NPM1,1
HALLMARK_EPITHELIAL_MESENCHYMAL_TRANSITION,COMPLEX:GPX7,1
HALLMARK_APICAL_SURFACE,COMPLEX:PCSK9,1
HALLMARK_COMPLEMENT,COMPLEX:PCSK9,1
HALLMARK_HEME_METABOLISM,COMPLEX:BTRC,1
HALLMARK_HEME_METABOLISM,COMPLEX:ATG4A,1
HALLMARK_ADIPOGENESIS,COMPLEX:PPM1B,1
HALLMARK_ANDROGEN_RESPONSE,COMPLEX:HMGCS1,1
HALLMARK_FATTY_ACID_METABOLISM,COMPLEX:HMGCS1,1
HALLMARK_MTORC1_SIGNALING,COMPLEX:HMGCS1,1
HALLMARK_CHOLESTEROL_HOMEOSTASIS,COMPLEX:HMGCS1,1
HALLMARK_COAGULATION,COMPLEX:A2M,1
HALLMARK_IL6_JAK_STAT3_SIGNALING,COMPLEX:A2M,1
HALLMARK_MTORC1_SIGNALING,COMPLEX:FKBP2,1
HALLMARK_INTERFERON_GAMMA_RESPONSE,COMPLEX:TNFAIP6,1
HALLMARK_INFLAMMATORY_RESPONSE,COMPLEX:TNFAIP6,1
HALLMARK_TNFA_SIGNALING_VIA_NFKB,COMPLEX:TNFAIP6,1
HALLMARK_DNA_REPAIR,COMPLEX:BCAM,1
HALLMARK_HEME_METABOLISM,COMPLEX:BCAM,1
HALLMARK_ADIPOGENESIS,COMPLEX:ESRRA,1
HALLMARK_ANDROGEN_RESPONSE,COMPLEX:GPD1L,1
HALLMARK_REACTIVE_OXYGEN_SPECIES_PATHWAY,COMPLEX:PRDX4,1
HALLMARK_MYC_TARGETS_V1,COMPLEX:PRDX4,1
HALLMARK_E2F_TARGETS,COMPLEX:PRDX4,1
HALLMARK_INTERFERON_GAMMA_RESPONSE,COMPLEX:PARP12,1
HALLMARK_INTERFERON_ALPHA_RESPONSE,COMPLEX:PARP12,1
HALLMARK_MTORC1_SIGNALING,COMPLEX:ENO1,1
HALLMARK_HYPOXIA,COMPLEX:ENO1,1
HALLMARK_GLYCOLYSIS,COMPLEX:ENO1,1
HALLMARK_OXIDATIVE_PHOSPHORYLATION,COMPLEX:HTRA2,1
HALLMARK_HEME_METABOLISM,COMPLEX:HTRA2,1
HALLMARK_REACTIVE_OXYGEN_SPECIES_PATHWAY,COMPLEX:HMOX2,1
HALLMARK_FATTY_ACID_METABOLISM,COMPLEX:UGDH,1
HALLMARK_XENOBIOTIC_METABOLISM,COMPLEX:UGDH,1
HALLMARK_ESTROGEN_RESPONSE_LATE,COMPLEX:UGDH,1
HALLMARK_IL2_STAT5_SIGNALING,COMPLEX:RRAGD,1
HALLMARK_HYPOXIA,COMPLEX:RRAGD,1
HALLMARK_GLYCOLYSIS,COMPLEX:RRAGD,1
HALLMARK_MYOGENESIS,COMPLEX:PDLIM7,1
HALLMARK_ESTROGEN_RESPONSE_LATE,COMPLEX:ITPK1,1
HALLMARK_ESTROGEN_RESPONSE_EARLY,COMPLEX:ITPK1,1
HALLMARK_UNFOLDED_PROTEIN_RESPONSE,COMPLEX:ZBTB17,1
HALLMARK_FATTY_ACID_METABOLISM,COMPLEX:ERP29,1
HALLMARK_BILE_ACID_METABOLISM,COMPLEX:BMP6,1
HALLMARK_INTERFERON_GAMMA_RESPONSE,COMPLEX:RIGI,1
HALLMARK_TNFA_SIGNALING_VIA_NFKB,COMPLEX:RIGI,1
HALLMARK_APICAL_SURFACE,COMPLEX:EPHB4,1
HALLMARK_FATTY_ACID_METABOLISM,COMPLEX:AADAT,1
HALLMARK_APICAL_JUNCTION,COMPLEX:GRB7,1
HALLMARK_HEME_METABOLISM,COMPLEX:MARK3,1
HALLMARK_COAGULATION,COMPLEX:C8A_C8G,1
HALLMARK_HEDGEHOG_SIGNALING,COMPLEX:NRP2,1
HALLMARK_TNFA_SIGNALING_VIA_NFKB,COMPLEX:NR4A1,1
HALLMARK_UV_RESPONSE_UP,COMPLEX:NR4A1,1
HALLMARK_KRAS_SIGNALING_DN,COMPLEX:KLK7,1
HALLMARK_APICAL_JUNCTION,COMPLEX:ACTN4,1
HALLMARK_MITOTIC_SPINDLE,COMPLEX:ACTN4,1
HALLMARK_ESTROGEN_RESPONSE_LATE,COMPLEX:PLXNB1,1
HALLMARK_FATTY_ACID_METABOLISM,COMPLEX:GABARAPL1,1
HALLMARK_XENOBIOTIC_METABOLISM,COMPLEX:GABARAPL1,1
HALLMARK_IL2_STAT5_SIGNALING,COMPLEX:GABARAPL1,1
HALLMARK_REACTIVE_OXYGEN_SPECIES_PATHWAY,COMPLEX:GPX3,1
HALLMARK_ADIPOGENESIS,COMPLEX:GPX3,1
HALLMARK_MYOGENESIS,COMPLEX:GPX3,1
HALLMARK_UV_RESPONSE_UP,COMPLEX:GPX3,1
HALLMARK_APOPTOSIS,COMPLEX:GPX3,1
HALLMARK_CHOLESTEROL_HOMEOSTASIS,COMPLEX:MVK,1
HALLMARK_PI3K_AKT_MTOR_SIGNALING,COMPLEX:MAPK10,1
HALLMARK_ALLOGRAFT_REJECTION,COMPLEX:CCL13,1
HALLMARK_IL2_STAT5_SIGNALING,COMPLEX:SNX9,1
HALLMARK_E2F_TARGETS,COMPLEX:BIRC5_CDCA8,1
HALLMARK_SPERMATOGENESIS,COMPLEX:DDX25,1
HALLMARK_HYPOXIA,COMPLEX:EGFR_ERRFI1,1
HALLMARK_KRAS_SIGNALING_DN,COMPLEX:BRDT,1
HALLMARK_UV_RESPONSE_DN,COMPLEX:MET,1
HALLMARK_INFLAMMATORY_RESPONSE,COMPLEX:MET,1
HALLMARK_GLYCOLYSIS,COMPLEX:MET,1
HALLMARK_ADIPOGENESIS,COMPLEX:PDCD4,1
HALLMARK_ESTROGEN_RESPONSE_LATE,COMPLEX:PDCD4,1
HALLMARK_APOPTOSIS,COMPLEX:PDCD4,1
HALLMARK_DNA_REPAIR,COMPLEX:GTF2H1_TP53,1
HALLMARK_DNA_REPAIR,COMPLEX:GTF2H1_XPC,1
HALLMARK_IL6_JAK_STAT3_SIGNALING,COMPLEX:PTPN11,1
HALLMARK_PI3K_AKT_MTOR_SIGNALING,COMPLEX:PTPN11,1
HALLMARK_APICAL_JUNCTION,COMPLEX:SIRPA,1
HALLMARK_TNFA_SIGNALING_VIA_NFKB,COMPLEX:BIRC3,1
HALLMARK_KRAS_SIGNALING_UP,COMPLEX:BIRC3,1
HALLMARK_APOPTOSIS,COMPLEX:BIRC3,1
HALLMARK_COMPLEMENT,COMPLEX:CD59,1
HALLMARK_EPITHELIAL_MESENCHYMAL_TRANSITION,COMPLEX:CD59,1
HALLMARK_MTORC1_SIGNALING,COMPLEX:EEF1E1,1
HALLMARK_ANDROGEN_RESPONSE,COMPLEX:PDLIM5,1
HALLMARK_XENOBIOTIC_METABOLISM,COMPLEX:PDLIM5,1
HALLMARK_UV_RESPONSE_DN,COMPLEX:PDLIM5,1
HALLMARK_MITOTIC_SPINDLE,COMPLEX:PDLIM5,1
HALLMARK_TNFA_SIGNALING_VIA_NFKB,COMPLEX:PDLIM5,1
HALLMARK_HEME_METABOLISM,COMPLEX:FOXO3,1
HALLMARK_HYPOXIA,COMPLEX:FOXO3,1
HALLMARK_P53_PATHWAY,COMPLEX:FOXO3,1
HALLMARK_ALLOGRAFT_REJECTION,COMPLEX:PRKCG,1
HALLMARK_G2M_CHECKPOINT,COMPLEX:CDC25B,1
HALLMARK_E2F_TARGETS,COMPLEX:CDC25B,1
HALLMARK_APOPTOSIS,COMPLEX:CDC25B,1
HALLMARK_UV_RESPONSE_DN,COMPLEX:NR1D2,1
HALLMARK_EPITHELIAL_MESENCHYMAL_TRANSITION,COMPLEX:PDLIM4,1
HALLMARK_GLYCOLYSIS,COMPLEX:GFPT1,1
HALLMARK_MYOGENESIS,COMPLEX:COL3A1_SPARC,1
HALLMARK_EPITHELIAL_MESENCHYMAL_TRANSITION,COMPLEX:COL3A1_SPARC,1
HALLMARK_APICAL_JUNCTION,COMPLEX:SLIT2,1
HALLMARK_EPITHELIAL_MESENCHYMAL_TRANSITION,COMPLEX:SLIT2,1
HALLMARK_APICAL_JUNCTION,COMPLEX:PDZD3,1
HALLMARK_XENOBIOTIC_METABOLISM,COMPLEX:SERPINA6,1
HALLMARK_PEROXISOME,COMPLEX:SERPINA6,1
HALLMARK_BILE_ACID_METABOLISM,COMPLEX:SERPINA6,1
HALLMARK_E2F_TARGETS,COMPLEX:SPC24_SPC25,1
HALLMARK_INTERFERON_GAMMA_RESPONSE,COMPLEX:TNFAIP3,1
HALLMARK_HYPOXIA,COMPLEX:TNFAIP3,1
HALLMARK_TNFA_SIGNALING_VIA_NFKB,COMPLEX:TNFAIP3,1
HALLMARK_EPITHELIAL_MESENCHYMAL_TRANSITION,COMPLEX:TNFAIP3,1
HALLMARK_KRAS_SIGNALING_UP,COMPLEX:TNFAIP3,1
HALLMARK_COMPLEMENT,COMPLEX:TNFAIP3,1
HALLMARK_APOPTOSIS,COMPLEX:CYLD,1
HALLMARK_FATTY_ACID_METABOLISM,COMPLEX:ACADS,1
HALLMARK_ADIPOGENESIS,COMPLEX:ACADS,1
HALLMARK_WNT_BETA_CATENIN_SIGNALING,COMPLEX:JAG1,1
HALLMARK_TNFA_SIGNALING_VIA_NFKB,COMPLEX:JAG1,1
HALLMARK_NOTCH_SIGNALING,COMPLEX:JAG1,1
HALLMARK_CHOLESTEROL_HOMEOSTASIS,COMPLEX:JAG1,1
HALLMARK_ANGIOGENESIS,COMPLEX:JAG1,1
HALLMARK_P53_PATHWAY,COMPLEX:STEAP3,1
HALLMARK_MYC_TARGETS_V1,COMPLEX:CTPS1,1
HALLMARK_PEROXISOME,COMPLEX:CTPS1,1
HALLMARK_E2F_TARGETS,COMPLEX:CTPS1,1
HALLMARK_MTORC1_SIGNALING,COMPLEX:GMPS,1
HALLMARK_HEME_METABOLISM,COMPLEX:GMPS,1
HALLMARK_OXIDATIVE_PHOSPHORYLATION,COMPLEX:ECH1,1
HALLMARK_FATTY_ACID_METABOLISM,COMPLEX:ECH1,1
HALLMARK_XENOBIOTIC_METABOLISM,COMPLEX:ECH1,1
HALLMARK_ADIPOGENESIS,COMPLEX:ECH1,1
HALLMARK_PEROXISOME,COMPLEX:ECH1,1
HALLMARK_CHOLESTEROL_HOMEOSTASIS,COMPLEX:ECH1,1
HALLMARK_ALLOGRAFT_REJECTION,COMPLEX:CD47,1
HALLMARK_INTERFERON_ALPHA_RESPONSE,COMPLEX:CD47,1
HALLMARK_ESTROGEN_RESPONSE_LATE,COMPLEX:PDZK1,1
HALLMARK_ESTROGEN_RESPONSE_EARLY,COMPLEX:PDZK1,1
HALLMARK_DNA_REPAIR,COMPLEX:RRM2B,1
HALLMARK_REACTIVE_OXYGEN_SPECIES_PATHWAY,COMPLEX:OXSR1,1
HALLMARK_UV_RESPONSE_DN,COMPLEX:DYRK1A,1
HALLMARK_APICAL_JUNCTION,COMPLEX:TGFBI,1
HALLMARK_HYPOXIA,COMPLEX:TGFBI,1
HALLMARK_GLYCOLYSIS,COMPLEX:TGFBI,1
HALLMARK_EPITHELIAL_MESENCHYMAL_TRANSITION,COMPLEX:TGFBI,1
HALLMARK_APICAL_JUNCTION,COMPLEX:PARVA,1
HALLMARK_BILE_ACID_METABOLISM,COMPLEX:HAO1,1
HALLMARK_APICAL_JUNCTION,COMPLEX:RAC2,1
HALLMARK_INTERFERON_GAMMA_RESPONSE,COMPLEX:DHX58,1
HALLMARK_INTERFERON_ALPHA_RESPONSE,COMPLEX:DHX58,1
HALLMARK_ESTROGEN_RESPONSE_EARLY,COMPLEX:MAST4,1
HALLMARK_PEROXISOME,COMPLEX:PEX14_PEX5,1
HALLMARK_UNFOLDED_PROTEIN_RESPONSE,COMPLEX:EIF4E_EIF4G1,1
HALLMARK_KRAS_SIGNALING_UP,COMPLEX:GADD45G,1
HALLMARK_MYC_TARGETS_V1,COMPLEX:RRM1,1
HALLMARK_COAGULATION,COMPLEX:DUSP14,1
HALLMARK_COMPLEMENT,COMPLEX:C3_CFH,1
HALLMARK_COAGULATION,COMPLEX:C3_CFH,1
HALLMARK_BILE_ACID_METABOLISM,COMPLEX:PEX19,1
HALLMARK_PI3K_AKT_MTOR_SIGNALING,COMPLEX:RPS6KA1,1
HALLMARK_HEME_METABOLISM,COMPLEX:GLRX5,1
HALLMARK_UNFOLDED_PROTEIN_RESPONSE,COMPLEX:DCP1A,1
HALLMARK_FATTY_ACID_METABOLISM,COMPLEX:HMGCS2,1
HALLMARK_COAGULATION,COMPLEX:HMGCS2,1
HALLMARK_ESTROGEN_RESPONSE_LATE,COMPLEX:HMGCS2,1
HALLMARK_IL2_STAT5_SIGNALING,COMPLEX:GUCY1B1,1
HALLMARK_APICAL_JUNCTION,COMPLEX:AKT3,1
HALLMARK_PANCREAS_BETA_CELLS,COMPLEX:AKT3,1
HALLMARK_UV_RESPONSE_DN,COMPLEX:AKT3,1
HALLMARK_XENOBIOTIC_METABOLISM,COMPLEX:LONP1,1
HALLMARK_GLYCOLYSIS,COMPLEX:LHPP,1
HALLMARK_INTERFERON_GAMMA_RESPONSE,COMPLEX:BST2,1
HALLMARK_INTERFERON_ALPHA_RESPONSE,COMPLEX:BST2,1
HALLMARK_INFLAMMATORY_RESPONSE,COMPLEX:BST2,1
HALLMARK_KRAS_SIGNALING_DN,COMPLEX:MACROH2A2,1
HALLMARK_XENOBIOTIC_METABOLISM,COMPLEX:NDRG2,1
HALLMARK_SPERMATOGENESIS,COMPLEX:TOPBP1,1
HALLMARK_MITOTIC_SPINDLE,COMPLEX:DYNLL2,1
HALLMARK_ESTROGEN_RESPONSE_LATE,COMPLEX:TH,1
HALLMARK_FATTY_ACID_METABOLISM,COMPLEX:ENO3,1
HALLMARK_IL2_STAT5_SIGNALING,COMPLEX:ENO3,1
HALLMARK_MYOGENESIS,COMPLEX:ENO3,1
HALLMARK_HYPOXIA,COMPLEX:ENO3,1
HALLMARK_TNFA_SIGNALING_VIA_NFKB,COMPLEX:KDM6B,1
HALLMARK_APOPTOSIS,COMPLEX:LMNA,1
HALLMARK_COAGULATION,COMPLEX:C3_CFB_CFD,1
HALLMARK_MTORC1_SIGNALING,COMPLEX:PGK1,1
HALLMARK_MYC_TARGETS_V1,COMPLEX:PGK1,1
HALLMARK_HYPOXIA,COMPLEX:PGK1,1
HALLMARK_GLYCOLYSIS,COMPLEX:PGK1,1
HALLMARK_UNFOLDED_PROTEIN_RESPONSE,COMPLEX:DNAJC3,1
HALLMARK_APOPTOSIS,COMPLEX:DNAJC3,1
HALLMARK_APOPTOSIS,COMPLEX:BCL2L2,1
HALLMARK_SPERMATOGENESIS,COMPLEX:PHKG2,1
HALLMARK_PI3K_AKT_MTOR_SIGNALING,COMPLEX:MAPK1_MKNK1,1
HALLMARK_UV_RESPONSE_UP,COMPLEX:PTPRD,1
HALLMARK_UV_RESPONSE_UP,COMPLEX:APOM,1
HALLMARK_FATTY_ACID_METABOLISM,COMPLEX:MLYCD,1
HALLMARK_PEROXISOME,COMPLEX:MLYCD,1
HALLMARK_BILE_ACID_METABOLISM,COMPLEX:MLYCD,1
HALLMARK_INFLAMMATORY_RESPONSE,COMPLEX:CLEC5A,1
HALLMARK_MTORC1_SIGNALING,COMPLEX:ACACA,1
HALLMARK_PI3K_AKT_MTOR_SIGNALING,COMPLEX:ACACA,1
HALLMARK_BILE_ACID_METABOLISM,COMPLEX:AGXT,1
HALLMARK_MYC_TARGETS_V1,COMPLEX:TRIM28,1
HALLMARK_ESTROGEN_RESPONSE_EARLY,COMPLEX:WWC1,1
HALLMARK_P53_PATHWAY,COMPLEX:TOB1,1
HALLMARK_ADIPOGENESIS,COMPLEX:TOB1,1
HALLMARK_ESTROGEN_RESPONSE_LATE,COMPLEX:TOB1,1
HALLMARK_ESTROGEN_RESPONSE_EARLY,COMPLEX:TOB1,1
HALLMARK_INTERFERON_GAMMA_RESPONSE,COMPLEX:IL15_IL15RA,1
HALLMARK_INFLAMMATORY_RESPONSE,COMPLEX:IL15_IL15RA,1
HALLMARK_BILE_ACID_METABOLISM,COMPLEX:AR_NR0B2,1
HALLMARK_BILE_ACID_METABOLISM,COMPLEX:SULT1B1,1
HALLMARK_HEME_METABOLISM,COMPLEX:DAAM1,1
HALLMARK_ESTROGEN_RESPONSE_LATE,COMPLEX:PPIF,1
HALLMARK_ESTROGEN_RESPONSE_EARLY,COMPLEX:PPIF,1
HALLMARK_UV_RESPONSE_UP,COMPLEX:PPIF,1
HALLMARK_P53_PATHWAY,COMPLEX:RRP8,1
HALLMARK_IL2_STAT5_SIGNALING,COMPLEX:ANXA4,1
HALLMARK_UV_RESPONSE_DN,COMPLEX:ANXA4,1
HALLMARK_KRAS_SIGNALING_UP,COMPLEX:SPON1,1
HALLMARK_G2M_CHECKPOINT,COMPLEX:WRN,1
HALLMARK_UV_RESPONSE_UP,COMPLEX:PRKACA,1
HALLMARK_UV_RESPONSE_UP,COMPLEX:DNAJB1,1
HALLMARK_FATTY_ACID_METABOLISM,COMPLEX:FABP2,1
HALLMARK_APICAL_JUNCTION,COMPLEX:NECTIN1,1
HALLMARK_IL6_JAK_STAT3_SIGNALING,COMPLEX:TNF_TNFRSF1B,1
HALLMARK_ADIPOGENESIS,COMPLEX:EPHX2,1
HALLMARK_BILE_ACID_METABOLISM,COMPLEX:EPHX2,1
HALLMARK_PEROXISOME,COMPLEX:EPHX2,1
HALLMARK_HYPOXIA,COMPLEX:TPST2,1
HALLMARK_CHOLESTEROL_HOMEOSTASIS,COMPLEX:LGALS3,1
HALLMARK_COMPLEMENT,COMPLEX:LGALS3,1
HALLMARK_APOPTOSIS,COMPLEX:LGALS3,1
HALLMARK_APOPTOSIS,COMPLEX:APP_MMP2,1
HALLMARK_HYPOXIA,COMPLEX:LALBA,1
HALLMARK_EPITHELIAL_MESENCHYMAL_TRANSITION,COMPLEX:FSTL3_INHBA,1
HALLMARK_UV_RESPONSE_UP,COMPLEX:BSG,1
HALLMARK_HEME_METABOLISM,COMPLEX:BSG,1
HALLMARK_MYOGENESIS,COMPLEX:CKB,1
HALLMARK_ESTROGEN_RESPONSE_LATE,COMPLEX:CKB,1
HALLMARK_MITOTIC_SPINDLE,COMPLEX:KIF3B,1
HALLMARK_MITOTIC_SPINDLE,COMPLEX:KIF3C,1
HALLMARK_BILE_ACID_METABOLISM,COMPLEX:NEDD4,1
HALLMARK_APICAL_JUNCTION,COMPLEX:ADAMTS5,1
HALLMARK_MYC_TARGETS_V1,COMPLEX:SRPK1_SRSF1,1
HALLMARK_MYOGENESIS,COMPLEX:PC,1
HALLMARK_XENOBIOTIC_METABOLISM,COMPLEX:PC,1
HALLMARK_GLYCOLYSIS,COMPLEX:PC,1
HALLMARK_HEME_METABOLISM,COMPLEX:PC,1
HALLMARK_DNA_REPAIR,COMPLEX:RNMT,1
HALLMARK_MYOGENESIS,COMPLEX:CAMK2B,1
HALLMARK_APICAL_JUNCTION,COMPLEX:CD274,1
HALLMARK_INTERFERON_GAMMA_RESPONSE,COMPLEX:CD274,1
HALLMARK_XENOBIOTIC_METABOLISM,COMPLEX:KARS1,1
HALLMARK_MYC_TARGETS_V1,COMPLEX:KARS1,1
HALLMARK_ALLOGRAFT_REJECTION,COMPLEX:EIF3J,1
HALLMARK_MYC_TARGETS_V1,COMPLEX:EIF3J,1
HALLMARK_KRAS_SIGNALING_UP,COMPLEX:CBL_SPRY2,1
HALLMARK_ALLOGRAFT_REJECTION,COMPLEX:B2M_HLA-E_HLA-G,1
HALLMARK_KRAS_SIGNALING_DN,COMPLEX:CD207,1
HALLMARK_ANDROGEN_RESPONSE,COMPLEX:SMS,1
HALLMARK_FATTY_ACID_METABOLISM,COMPLEX:SMS,1
HALLMARK_APICAL_JUNCTION,COMPLEX:TUBG1,1
HALLMARK_MTORC1_SIGNALING,COMPLEX:TUBG1,1
HALLMARK_E2F_TARGETS,COMPLEX:TUBG1,1
HALLMARK_XENOBIOTIC_METABOLISM,COMPLEX:HNF4A,1
HALLMARK_COAGULATION,COMPLEX:HNF4A,1
HALLMARK_COMPLEMENT,COMPLEX:HNF4A,1
HALLMARK_WNT_BETA_CATENIN_SIGNALING,COMPLEX:DVL2,1
HALLMARK_PANCREAS_BETA_CELLS,COMPLEX:FOXO1,1
HALLMARK_MYC_TARGETS_V2,COMPLEX:PLK4,1
HALLMARK_ESTROGEN_RESPONSE_LATE,COMPLEX:PLK4,1
HALLMARK_G2M_CHECKPOINT,COMPLEX:PLK4,1
HALLMARK_E2F_TARGETS,COMPLEX:PLK4,1
HALLMARK_CHOLESTEROL_HOMEOSTASIS,COMPLEX:ADH4,1
HALLMARK_ALLOGRAFT_REJECTION,COMPLEX:EIF5A,1
HALLMARK_PI3K_AKT_MTOR_SIGNALING,COMPLEX:AKT1_GSK3B,1
HALLMARK_KRAS_SIGNALING_DN,COMPLEX:C5,1
HALLMARK_CHOLESTEROL_HOMEOSTASIS,COMPLEX:GPX8,1
HALLMARK_APICAL_JUNCTION,COMPLEX:AKT2,1
HALLMARK_MYOGENESIS,COMPLEX:AKT2,1
HALLMARK_KRAS_SIGNALING_UP,COMPLEX:AKT2,1
HALLMARK_MYC_TARGETS_V1,COMPLEX:EIF4G2,1
HALLMARK_APICAL_JUNCTION,COMPLEX:MVD,1
HALLMARK_CHOLESTEROL_HOMEOSTASIS,COMPLEX:MVD,1
HALLMARK_COMPLEMENT,COMPLEX:PLA2G7,1
HALLMARK_COAGULATION,COMPLEX:CPB2,1
HALLMARK_NOTCH_SIGNALING,COMPLEX:KAT2A,1
HALLMARK_WNT_BETA_CATENIN_SIGNALING,COMPLEX:KAT2A,1
HALLMARK_UV_RESPONSE_DN,COMPLEX:SCAF8,1
HALLMARK_KRAS_SIGNALING_UP,COMPLEX:PRDM1,1
HALLMARK_BILE_ACID_METABOLISM,COMPLEX:CYP7A1,1
HALLMARK_COMPLEMENT,COMPLEX:PRDM4,1
HALLMARK_APICAL_JUNCTION,COMPLEX:MAPK14,1
HALLMARK_G2M_CHECKPOINT,COMPLEX:MAPK14,1
HALLMARK_UV_RESPONSE_DN,COMPLEX:MAPK14,1
HALLMARK_UNFOLDED_PROTEIN_RESPONSE,COMPLEX:ARFGAP1,1
HALLMARK_APOPTOSIS,COMPLEX:CREBBP,1
HALLMARK_XENOBIOTIC_METABOLISM,COMPLEX:TAT,1
HALLMARK_OXIDATIVE_PHOSPHORYLATION,COMPLEX:FH,1
HALLMARK_FATTY_ACID_METABOLISM,COMPLEX:FH,1
HALLMARK_E2F_TARGETS,COMPLEX:POLD2_POLD3,1
HALLMARK_COAGULATION,COMPLEX:GDA,1
HALLMARK_XENOBIOTIC_METABOLISM,COMPLEX:CYP2E1,1
HALLMARK_MTORC1_SIGNALING,COMPLEX:PSAT1,1
HALLMARK_UNFOLDED_PROTEIN_RESPONSE,COMPLEX:PSAT1,1
HALLMARK_PI3K_AKT_MTOR_SIGNALING,COMPLEX:PPP1CA,1
HALLMARK_TGF_BETA_SIGNALING,COMPLEX:PPP1CA,1
HALLMARK_PI3K_AKT_MTOR_SIGNALING,COMPLEX:MAPK9,1
HALLMARK_MTORC1_SIGNALING,COMPLEX:HMBS,1
HALLMARK_HEME_METABOLISM,COMPLEX:HMBS,1
HALLMARK_MITOTIC_SPINDLE,COMPLEX:SPTBN1,1
HALLMARK_TGF_BETA_SIGNALING,COMPLEX:SPTBN1,1
HALLMARK_EPITHELIAL_MESENCHYMAL_TRANSITION,COMPLEX:COL1A1_FN1,1
HALLMARK_PI3K_AKT_MTOR_SIGNALING,COMPLEX:MAP2K6,1
HALLMARK_P53_PATHWAY,COMPLEX:TPRKB,1
HALLMARK_GLYCOLYSIS,COMPLEX:GNE,1
HALLMARK_E2F_TARGETS,COMPLEX:DNMT1,1
HALLMARK_KRAS_SIGNALING_DN,COMPLEX:SKIL,1
HALLMARK_TGF_BETA_SIGNALING,COMPLEX:SKIL,1
HALLMARK_XENOBIOTIC_METABOLISM,COMPLEX:UPP1,1
HALLMARK_INTERFERON_GAMMA_RESPONSE,COMPLEX:UPP1,1
HALLMARK_P53_PATHWAY,COMPLEX:UPP1,1
HALLMARK_INTERFERON_GAMMA_RESPONSE,COMPLEX:ZBP1,1
HALLMARK_TNFA_SIGNALING_VIA_NFKB,COMPLEX:DUSP4,1
HALLMARK_MYOGENESIS,COMPLEX:SPTAN1,1
HALLMARK_MITOTIC_SPINDLE,COMPLEX:SPTAN1,1
HALLMARK_APOPTOSIS,COMPLEX:SPTAN1,1
HALLMARK_HEME_METABOLISM,COMPLEX:SPTB,1
HALLMARK_HEME_METABOLISM,COMPLEX:ANK1,1
HALLMARK_MTORC1_SIGNALING,COMPLEX:UNG,1
HALLMARK_MYC_TARGETS_V2,COMPLEX:UNG,1
HALLMARK_E2F_TARGETS,COMPLEX:UNG,1
HALLMARK_FATTY_ACID_METABOLISM,COMPLEX:CA6,1
HALLMARK_MITOTIC_SPINDLE,COMPLEX:FLNB,1
HALLMARK_ESTROGEN_RESPONSE_LATE,COMPLEX:FLNB,1
HALLMARK_ESTROGEN_RESPONSE_EARLY,COMPLEX:FLNB,1
HALLMARK_MYC_TARGETS_V1,COMPLEX:KPNA2_NCBP1_NCBP2,1
HALLMARK_XENOBIOTIC_METABOLISM,COMPLEX:RBP4,1
HALLMARK_KRAS_SIGNALING_UP,COMPLEX:RBP4,1
HALLMARK_APICAL_JUNCTION,COMPLEX:SYK,1
HALLMARK_PANCREAS_BETA_CELLS,COMPLEX:IAPP,1
HALLMARK_ESTROGEN_RESPONSE_LATE,COMPLEX:CLIC3,1
HALLMARK_ESTROGEN_RESPONSE_EARLY,COMPLEX:CLIC3,1
HALLMARK_IL2_STAT5_SIGNALING,COMPLEX:HUWE1,1
HALLMARK_IL2_STAT5_SIGNALING,COMPLEX:BMPR2,1
HALLMARK_TGF_BETA_SIGNALING,COMPLEX:BMPR2,1
HALLMARK_COAGULATION,COMPLEX:RGN,1
HALLMARK_P53_PATHWAY,COMPLEX:KIF13B,1
HALLMARK_APICAL_JUNCTION,COMPLEX:MAPK11,1
HALLMARK_MYC_TARGETS_V1,COMPLEX:RAN,1
HALLMARK_E2F_TARGETS,COMPLEX:RAN,1
HALLMARK_MITOTIC_SPINDLE,COMPLEX:DST_MAPRE1,1
HALLMARK_INTERFERON_GAMMA_RESPONSE,COMPLEX:PARP14,1
HALLMARK_INTERFERON_ALPHA_RESPONSE,COMPLEX:PARP14,1
HALLMARK_ESTROGEN_RESPONSE_EARLY,COMPLEX:UNC119,1
HALLMARK_UV_RESPONSE_UP,COMPLEX:PPT1,1
HALLMARK_APOPTOSIS,COMPLEX:PPT1,1
HALLMARK_PROTEIN_SECRETION,COMPLEX:PPT1,1
HALLMARK_APOPTOSIS,COMPLEX:CASP8_CFLAR,1
HALLMARK_HYPOXIA,COMPLEX:GAPDHS,1
HALLMARK_FATTY_ACID_METABOLISM,COMPLEX:GAPDHS,1
HALLMARK_SPERMATOGENESIS,COMPLEX:GAPDHS,1
HALLMARK_GLYCOLYSIS,COMPLEX:GAPDHS,1
HALLMARK_TGF_BETA_SIGNALING,COMPLEX:ACVR1_FKBP1A,1
HALLMARK_P53_PATHWAY,COMPLEX:FGF13,1
HALLMARK_FATTY_ACID_METABOLISM,COMPLEX:MGLL,1
HALLMARK_ADIPOGENESIS,COMPLEX:MGLL,1
HALLMARK_UV_RESPONSE_DN,COMPLEX:MGLL,1
HALLMARK_FATTY_ACID_METABOLISM,COMPLEX:ACOT2,1
HALLMARK_UV_RESPONSE_DN,COMPLEX:SPOP,1
HALLMARK_IL2_STAT5_SIGNALING,COMPLEX:RABGAP1L,1
HALLMARK_KRAS_SIGNALING_UP,COMPLEX:RABGAP1L,1
HALLMARK_FATTY_ACID_METABOLISM,COMPLEX:PTS,1
HALLMARK_XENOBIOTIC_METABOLISM,COMPLEX:PTS,1
HALLMARK_E2F_TARGETS,COMPLEX:CBX5,1
HALLMARK_PEROXISOME,COMPLEX:DLG4,1
HALLMARK_UV_RESPONSE_UP,COMPLEX:DLG4,1
HALLMARK_PI3K_AKT_MTOR_SIGNALING,COMPLEX:PIN1,1
HALLMARK_KRAS_SIGNALING_UP,COMPLEX:CBX8,1
HALLMARK_IL2_STAT5_SIGNALING,COMPLEX:NRP1,1
HALLMARK_UV_RESPONSE_DN,COMPLEX:NRP1,1
HALLMARK_HEDGEHOG_SIGNALING,COMPLEX:NRP1,1
HALLMARK_ANGIOGENESIS,COMPLEX:NRP1,1
HALLMARK_KRAS_SIGNALING_UP,COMPLEX:NRP1,1
HALLMARK_ANDROGEN_RESPONSE,COMPLEX:IQGAP2,1
HALLMARK_GLYCOLYSIS,COMPLEX:FBP2,1
HALLMARK_MTORC1_SIGNALING,COMPLEX:GOT1,1
HALLMARK_GLYCOLYSIS,COMPLEX:GOT1,1
HALLMARK_PI3K_AKT_MTOR_SIGNALING,COMPLEX:RAF1_SFN,1
HALLMARK_COMPLEMENT,COMPLEX:APOBEC3G,1
HALLMARK_MTORC1_SIGNALING,COMPLEX:HSPA5,1
HALLMARK_UNFOLDED_PROTEIN_RESPONSE,COMPLEX:HSPA5,1
HALLMARK_HYPOXIA,COMPLEX:HSPA5,1
HALLMARK_COMPLEMENT,COMPLEX:HSPA5,1
HALLMARK_GLYCOLYSIS,COMPLEX:HSPA5,1
HALLMARK_HYPOXIA,COMPLEX:PRKCA,1
HALLMARK_UV_RESPONSE_DN,COMPLEX:PRKCA,1
HALLMARK_NOTCH_SIGNALING,COMPLEX:PRKCA,1
HALLMARK_ESTROGEN_RESPONSE_EARLY,COMPLEX:MSMB,1
HALLMARK_G2M_CHECKPOINT,COMPLEX:LMNB1,1
HALLMARK_MITOTIC_SPINDLE,COMPLEX:LMNB1,1
HALLMARK_E2F_TARGETS,COMPLEX:LMNB1,1
HALLMARK_MTORC1_SIGNALING,COMPLEX:CYP51A1,1
HALLMARK_CHOLESTEROL_HOMEOSTASIS,COMPLEX:CYP51A1,1
HALLMARK_G2M_CHECKPOINT,COMPLEX:MEIS2,1
HALLMARK_HYPOXIA,COMPLEX:JMJD6,1
HALLMARK_COMPLEMENT,COMPLEX:SIRT6,1
HALLMARK_HEME_METABOLISM,COMPLEX:ANK1_SPTB,1
HALLMARK_COAGULATION,COMPLEX:F9_SERPINC1,1
HALLMARK_SPERMATOGENESIS,COMPLEX:PARP2,1
HALLMARK_UV_RESPONSE_UP,COMPLEX:PARP2,1
HALLMARK_FATTY_ACID_METABOLISM,COMPLEX:PPARA,1
HALLMARK_IL2_STAT5_SIGNALING,COMPLEX:CD79B,1
HALLMARK_P53_PATHWAY,COMPLEX:RALGDS,1
HALLMARK_KRAS_SIGNALING_DN,COMPLEX:MAST3,1
HALLMARK_G2M_CHECKPOINT,COMPLEX:RPS6KA5,1
HALLMARK_ANDROGEN_RESPONSE,COMPLEX:SRP19,1
HALLMARK_MYC_TARGETS_V1,COMPLEX:GSPT1_PABPC1,1
HALLMARK_MYC_TARGETS_V2,COMPLEX:CBX3,1
HALLMARK_MYC_TARGETS_V1,COMPLEX:CBX3,1
HALLMARK_HEME_METABOLISM,COMPLEX:KDM7A,1
HALLMARK_FATTY_ACID_METABOLISM,COMPLEX:HSDL2,1
HALLMARK_TNFA_SIGNALING_VIA_NFKB,COMPLEX:MCL1,1
HALLMARK_APOPTOSIS,COMPLEX:MCL1,1
HALLMARK_IL2_STAT5_SIGNALING,COMPLEX:TIAM1,1
HALLMARK_MITOTIC_SPINDLE,COMPLEX:TIAM1,1
HALLMARK_PI3K_AKT_MTOR_SIGNALING,COMPLEX:TIAM1,1
HALLMARK_ESTROGEN_RESPONSE_LATE,COMPLEX:TIAM1,1
HALLMARK_ESTROGEN_RESPONSE_EARLY,COMPLEX:TIAM1,1
HALLMARK_IL2_STAT5_SIGNALING,COMPLEX:PTH1R,1
HALLMARK_COMPLEMENT,COMPLEX:PRSS3,1
HALLMARK_MITOTIC_SPINDLE,COMPLEX:ECT2,1
HALLMARK_ALLOGRAFT_REJECTION,COMPLEX:IL13,1
HALLMARK_IL2_STAT5_SIGNALING,COMPLEX:IL13,1
HALLMARK_APICAL_JUNCTION,COMPLEX:CDH1_CTNND1,1
HALLMARK_G2M_CHECKPOINT,COMPLEX:PRIM2,1
HALLMARK_E2F_TARGETS,COMPLEX:PRIM2,1
HALLMARK_XENOBIOTIC_METABOLISM,COMPLEX:GSTO1,1
HALLMARK_IL2_STAT5_SIGNALING,COMPLEX:GSTO1,1
HALLMARK_ALLOGRAFT_REJECTION,COMPLEX:ACHE,1
HALLMARK_MYOGENESIS,COMPLEX:ACHE,1
HALLMARK_HEDGEHOG_SIGNALING,COMPLEX:ACHE,1
HALLMARK_INTERFERON_GAMMA_RESPONSE,COMPLEX:MX1,1
HALLMARK_INTERFERON_ALPHA_RESPONSE,COMPLEX:MX1,1
HALLMARK_KRAS_SIGNALING_DN,COMPLEX:MX1,1
HALLMARK_DNA_REPAIR,COMPLEX:TARBP2,1
HALLMARK_GLYCOLYSIS,COMPLEX:QSOX1,1
HALLMARK_EPITHELIAL_MESENCHYMAL_TRANSITION,COMPLEX:QSOX1,1
HALLMARK_HEME_METABOLISM,COMPLEX:USP15,1
HALLMARK_COMPLEMENT,COMPLEX:USP15,1
HALLMARK_COMPLEMENT,COMPLEX:HSPA1A,1
HALLMARK_MTORC1_SIGNALING,COMPLEX:DDIT4,1
HALLMARK_UNFOLDED_PROTEIN_RESPONSE,COMPLEX:DDIT4,1
HALLMARK_HYPOXIA,COMPLEX:DDIT4,1
HALLMARK_P53_PATHWAY,COMPLEX:DDIT4,1
HALLMARK_GLYCOLYSIS,COMPLEX:DDIT4,1
HALLMARK_IL6_JAK_STAT3_SIGNALING,COMPLEX:IL10RB,1
HALLMARK_MITOTIC_SPINDLE,COMPLEX:ARFGEF1,1
HALLMARK_PROTEIN_SECRETION,COMPLEX:ARFGEF1,1
HALLMARK_UV_RESPONSE_UP,COMPLEX:AGO2,1
HALLMARK_APICAL_JUNCTION,COMPLEX:ACTB_ACTN3,1
HALLMARK_P53_PATHWAY,COMPLEX:SFN_TP53,1
HALLMARK_MYC_TARGETS_V2,COMPLEX:DDX18,1
HALLMARK_MYC_TARGETS_V1,COMPLEX:DDX18,1
HALLMARK_G2M_CHECKPOINT,COMPLEX:ORC6,1
HALLMARK_E2F_TARGETS,COMPLEX:ORC6,1
HALLMARK_TNFA_SIGNALING_VIA_NFKB,COMPLEX:BIRC2,1
HALLMARK_HEDGEHOG_SIGNALING,COMPLEX:SHH,1
HALLMARK_EPITHELIAL_MESENCHYMAL_TRANSITION,COMPLEX:MMP14_TIMP1,1
HALLMARK_INFLAMMATORY_RESPONSE,COMPLEX:MMP14_TIMP1,1
HALLMARK_COMPLEMENT,COMPLEX:MMP14_TIMP1,1
HALLMARK_COAGULATION,COMPLEX:MMP14_TIMP1,1
HALLMARK_MYC_TARGETS_V1,COMPLEX:HDAC2,1
HALLMARK_WNT_BETA_CATENIN_SIGNALING,COMPLEX:HDAC2,1
HALLMARK_BILE_ACID_METABOLISM,COMPLEX:CYP46A1,1
HALLMARK_TGF_BETA_SIGNALING,COMPLEX:ACVR1,1
HALLMARK_G2M_CHECKPOINT,COMPLEX:SUV39H1,1
HALLMARK_E2F_TARGETS,COMPLEX:SUV39H1,1
HALLMARK_ADIPOGENESIS,COMPLEX:ACLY,1
HALLMARK_MTORC1_SIGNALING,COMPLEX:ACLY,1
HALLMARK_IL6_JAK_STAT3_SIGNALING,COMPLEX:ACVRL1,1
HALLMARK_OXIDATIVE_PHOSPHORYLATION,COMPLEX:HSPA9,1
HALLMARK_MTORC1_SIGNALING,COMPLEX:HSPA9,1
HALLMARK_UNFOLDED_PROTEIN_RESPONSE,COMPLEX:HSPA9,1
HALLMARK_MTORC1_SIGNALING,COMPLEX:CYB5B,1
HALLMARK_UV_RESPONSE_UP,COMPLEX:CYB5B,1
HALLMARK_HEME_METABOLISM,COMPLEX:MPP1,1
HALLMARK_ALLOGRAFT_REJECTION,COMPLEX:IL2RA,1
HALLMARK_IL2_STAT5_SIGNALING,COMPLEX:IL2RA,1
HALLMARK_IL6_JAK_STAT3_SIGNALING,COMPLEX:IL2RA,1
HALLMARK_UV_RESPONSE_DN,COMPLEX:BMPR1A,1
HALLMARK_TGF_BETA_SIGNALING,COMPLEX:BMPR1A,1
HALLMARK_APICAL_JUNCTION,COMPLEX:INPPL1,1
HALLMARK_G2M_CHECKPOINT,COMPLEX:PRC1,1
HALLMARK_MITOTIC_SPINDLE,COMPLEX:PRC1,1
HALLMARK_COAGULATION,COMPLEX:HTRA1,1
HALLMARK_EPITHELIAL_MESENCHYMAL_TRANSITION,COMPLEX:HTRA1,1
HALLMARK_OXIDATIVE_PHOSPHORYLATION,COMPLEX:CYCS,1
HALLMARK_ANDROGEN_RESPONSE,COMPLEX:FKBP5,1
HALLMARK_ESTROGEN_RESPONSE_LATE,COMPLEX:FKBP5,1
HALLMARK_ESTROGEN_RESPONSE_EARLY,COMPLEX:FKBP5,1
HALLMARK_COMPLEMENT,COMPLEX:CALM1,1
HALLMARK_ALLOGRAFT_REJECTION,COMPLEX:AKT1,1
HALLMARK_ANDROGEN_RESPONSE,COMPLEX:AKT1,1
HALLMARK_PI3K_AKT_MTOR_SIGNALING,COMPLEX:AKT1,1
HALLMARK_MTORC1_SIGNALING,COMPLEX:CXCR4,1
HALLMARK_HYPOXIA,COMPLEX:CXCR4,1
HALLMARK_PI3K_AKT_MTOR_SIGNALING,COMPLEX:CXCR4,1
HALLMARK_KRAS_SIGNALING_UP,COMPLEX:CXCR4,1
HALLMARK_GLYCOLYSIS,COMPLEX:CXCR4,1
HALLMARK_COAGULATION,COMPLEX:C8A_C8B_C8G,1
HALLMARK_MTORC1_SIGNALING,COMPLEX:RRM2,1
HALLMARK_E2F_TARGETS,COMPLEX:RRM2,1
HALLMARK_PI3K_AKT_MTOR_SIGNALING,COMPLEX:RAF1,1
HALLMARK_INFLAMMATORY_RESPONSE,COMPLEX:RAF1,1
HALLMARK_COMPLEMENT,COMPLEX:RAF1,1
HALLMARK_ADIPOGENESIS,COMPLEX:TKT,1
HALLMARK_ANGIOGENESIS,COMPLEX:APOH,1
HALLMARK_APICAL_JUNCTION,COMPLEX:GAMT,1
HALLMARK_KRAS_SIGNALING_DN,COMPLEX:GAMT,1
HALLMARK_IL2_STAT5_SIGNALING,COMPLEX:CTLA4,1
HALLMARK_GLYCOLYSIS,COMPLEX:RPE,1
HALLMARK_MYOGENESIS,COMPLEX:EPHB3,1
HALLMARK_OXIDATIVE_PHOSPHORYLATION,COMPLEX:FDX1,1
HALLMARK_COMPLEMENT,COMPLEX:FDX1,1
HALLMARK_G2M_CHECKPOINT,COMPLEX:ILF3,1
HALLMARK_E2F_TARGETS,COMPLEX:ILF3,1
HALLMARK_UNFOLDED_PROTEIN_RESPONSE,COMPLEX:ERN1,1
HALLMARK_COMPLEMENT,COMPLEX:F2_F5,1
HALLMARK_G2M_CHECKPOINT,COMPLEX:LIG3,1
HALLMARK_IL2_STAT5_SIGNALING,COMPLEX:PLEC,1
HALLMARK_COMPLEMENT,COMPLEX:BRPF3,1
HALLMARK_APOPTOSIS,COMPLEX:BAX_MCL1,1
HALLMARK_APOPTOSIS,COMPLEX:BAX_BCL2L1,1
HALLMARK_IL2_STAT5_SIGNALING,COMPLEX:APLP1,1
HALLMARK_EPITHELIAL_MESENCHYMAL_TRANSITION,COMPLEX:APLP1,1
HALLMARK_MITOTIC_SPINDLE,COMPLEX:ARHGAP27,1
HALLMARK_MYC_TARGETS_V1,COMPLEX:HSP90AB1,1
HALLMARK_ALLOGRAFT_REJECTION,COMPLEX:ACVR2A,1
HALLMARK_INFLAMMATORY_RESPONSE,COMPLEX:ACVR2A,1
HALLMARK_UV_RESPONSE_DN,COMPLEX:ACVR2A,1
HALLMARK_DNA_REPAIR,COMPLEX:FEN1,1
HALLMARK_UV_RESPONSE_UP,COMPLEX:FEN1,1
HALLMARK_MYC_TARGETS_V1,COMPLEX:G3BP1,1
HALLMARK_G2M_CHECKPOINT,COMPLEX:G3BP1,1
HALLMARK_ALLOGRAFT_REJECTION,COMPLEX:IL2_IL2RB_IL2RG,1
HALLMARK_PI3K_AKT_MTOR_SIGNALING,COMPLEX:IL2RG_IL4,1
HALLMARK_ALLOGRAFT_REJECTION,COMPLEX:IL2RG_IL4,1
HALLMARK_ALLOGRAFT_REJECTION,COMPLEX:CD40_CD40LG,1
HALLMARK_XENOBIOTIC_METABOLISM,COMPLEX:POR,1
HALLMARK_OXIDATIVE_PHOSPHORYLATION,COMPLEX:POR,1
HALLMARK_ADIPOGENESIS,COMPLEX:POR,1
HALLMARK_G2M_CHECKPOINT,COMPLEX:EXO1,1
HALLMARK_ALLOGRAFT_REJECTION,COMPLEX:NLRP3,1
HALLMARK_INFLAMMATORY_RESPONSE,COMPLEX:NLRP3,1
HALLMARK_REACTIVE_OXYGEN_SPECIES_PATHWAY,COMPLEX:TXN_TXNRD1,1
HALLMARK_DNA_REPAIR,COMPLEX:MPG,1
HALLMARK_G2M_CHECKPOINT,COMPLEX:ATRX,1
HALLMARK_UV_RESPONSE_DN,COMPLEX:ATRX,1
HALLMARK_ANDROGEN_RESPONSE,COMPLEX:KLK3,1
HALLMARK_P53_PATHWAY,COMPLEX:TP63,1
HALLMARK_HYPOXIA,COMPLEX:UGP2,1
HALLMARK_GLYCOLYSIS,COMPLEX:UGP2,1
HALLMARK_ALLOGRAFT_REJECTION,COMPLEX:CRTAM,1
HALLMARK_E2F_TARGETS,COMPLEX:MLH1,1
HALLMARK_INTERFERON_GAMMA_RESPONSE,COMPLEX:TDRD7,1
HALLMARK_INTERFERON_ALPHA_RESPONSE,COMPLEX:TDRD7,1
HALLMARK_MTORC1_SIGNALING,COMPLEX:UCHL5,1
HALLMARK_UNFOLDED_PROTEIN_RESPONSE,COMPLEX:PAIP1,1
HALLMARK_MITOTIC_SPINDLE,COMPLEX:APC_DLG1,1
HALLMARK_FATTY_ACID_METABOLISM,COMPLEX:MCEE,1
HALLMARK_ADIPOGENESIS,COMPLEX:DBT_DLD,1
HALLMARK_PROTEIN_SECRETION,COMPLEX:TOM1L1,1
HALLMARK_MYOGENESIS,COMPLEX:FABP3,1
HALLMARK_UV_RESPONSE_UP,COMPLEX:CDC34,1
HALLMARK_OXIDATIVE_PHOSPHORYLATION,COMPLEX:FXN,1
HALLMARK_COMPLEMENT,COMPLEX:APOA4,1
HALLMARK_ALLOGRAFT_REJECTION,COMPLEX:IFNAR2,1
HALLMARK_INTERFERON_GAMMA_RESPONSE,COMPLEX:IFNAR2,1
HALLMARK_UNFOLDED_PROTEIN_RESPONSE,COMPLEX:EXOSC10,1
HALLMARK_COMPLEMENT,COMPLEX:ERAP2,1
HALLMARK_P53_PATHWAY,COMPLEX:TAX1BP3,1
HALLMARK_WNT_BETA_CATENIN_SIGNALING,COMPLEX:CTNNB1,1
HALLMARK_CHOLESTEROL_HOMEOSTASIS,COMPLEX:CTNNB1,1
HALLMARK_APOPTOSIS,COMPLEX:CTNNB1,1
HALLMARK_TGF_BETA_SIGNALING,COMPLEX:CTNNB1,1
HALLMARK_FATTY_ACID_METABOLISM,COMPLEX:ALDH3A1,1
HALLMARK_XENOBIOTIC_METABOLISM,COMPLEX:ALDH3A1,1
HALLMARK_E2F_TARGETS,COMPLEX:MRE11,1
HALLMARK_BILE_ACID_METABOLISM,COMPLEX:BCAR3,1
HALLMARK_TGF_BETA_SIGNALING,COMPLEX:BCAR3,1
HALLMARK_APICAL_JUNCTION,COMPLEX:ITGB1,1
HALLMARK_MYOGENESIS,COMPLEX:ITGB1,1
HALLMARK_EPITHELIAL_MESENCHYMAL_TRANSITION,COMPLEX:ITGB1,1
HALLMARK_PI3K_AKT_MTOR_SIGNALING,COMPLEX:MAPK1_RPS6KA1,1
HALLMARK_MYC_TARGETS_V1,COMPLEX:EIF4E,1
HALLMARK_PI3K_AKT_MTOR_SIGNALING,COMPLEX:EIF4E,1
HALLMARK_UNFOLDED_PROTEIN_RESPONSE,COMPLEX:EIF4E,1
HALLMARK_KRAS_SIGNALING_UP,COMPLEX:SATB1,1
HALLMARK_APOPTOSIS,COMPLEX:SATB1,1
HALLMARK_INTERFERON_GAMMA_RESPONSE,COMPLEX:PNPT1,1
HALLMARK_INTERFERON_ALPHA_RESPONSE,COMPLEX:PNPT1,1
HALLMARK_INTERFERON_GAMMA_RESPONSE,COMPLEX:SAMHD1,1
HALLMARK_TGF_BETA_SIGNALING,COMPLEX:TRIM33,1
HALLMARK_SPERMATOGENESIS,COMPLEX:CSNK2A2,1
HALLMARK_INTERFERON_GAMMA_RESPONSE,COMPLEX:EIF2AK2,1
HALLMARK_INTERFERON_ALPHA_RESPONSE,COMPLEX:EIF2AK2,1
HALLMARK_INFLAMMATORY_RESPONSE,COMPLEX:EIF2AK2,1
HALLMARK_MYC_TARGETS_V1,COMPLEX:RUVBL2,1
HALLMARK_UV_RESPONSE_UP,COMPLEX:GLS,1
HALLMARK_MYOGENESIS,COMPLEX:CASQ1,1
HALLMARK_TNFA_SIGNALING_VIA_NFKB,COMPLEX:IL7R,1
HALLMARK_INFLAMMATORY_RESPONSE,COMPLEX:IL7R,1
HALLMARK_KRAS_SIGNALING_UP,COMPLEX:IL7R,1
HALLMARK_MITOTIC_SPINDLE,COMPLEX:CSNK1D,1
HALLMARK_TNFA_SIGNALING_VIA_NFKB,COMPLEX:ZC3H12A,1
HALLMARK_UV_RESPONSE_UP,COMPLEX:NTRK3,1
HALLMARK_APICAL_JUNCTION,COMPLEX:FLNC,1
HALLMARK_COAGULATION,COMPLEX:MMP10_TIMP1,1
HALLMARK_PI3K_AKT_MTOR_SIGNALING,COMPLEX:MAPKAP1,1
HALLMARK_UNFOLDED_PROTEIN_RESPONSE,COMPLEX:PDIA6,1
HALLMARK_MYOGENESIS,COMPLEX:SPHK1,1
HALLMARK_INFLAMMATORY_RESPONSE,COMPLEX:SPHK1,1
HALLMARK_P53_PATHWAY,COMPLEX:SPHK1,1
HALLMARK_TNFA_SIGNALING_VIA_NFKB,COMPLEX:SPHK1,1
HALLMARK_KRAS_SIGNALING_UP,COMPLEX:TLR8,1
HALLMARK_PROTEIN_SECRETION,COMPLEX:DNM1L,1
HALLMARK_APOPTOSIS,COMPLEX:DNM1L,1
HALLMARK_KRAS_SIGNALING_DN,COMPLEX:IDUA,1
HALLMARK_GLYCOLYSIS,COMPLEX:IDUA,1
HALLMARK_ALLOGRAFT_REJECTION,COMPLEX:IL18,1
HALLMARK_TNFA_SIGNALING_VIA_NFKB,COMPLEX:IL18,1
HALLMARK_INFLAMMATORY_RESPONSE,COMPLEX:IL18,1
HALLMARK_APOPTOSIS,COMPLEX:IL18,1
HALLMARK_INFLAMMATORY_RESPONSE,COMPLEX:IL18_IL18R1,1
HALLMARK_G2M_CHECKPOINT,COMPLEX:RACGAP1,1
HALLMARK_MITOTIC_SPINDLE,COMPLEX:RACGAP1,1
HALLMARK_E2F_TARGETS,COMPLEX:RACGAP1,1
HALLMARK_MYC_TARGETS_V1,COMPLEX:KPNA2,1
HALLMARK_G2M_CHECKPOINT,COMPLEX:KPNA2,1
HALLMARK_E2F_TARGETS,COMPLEX:KPNA2,1
HALLMARK_COMPLEMENT,COMPLEX:APOBEC3F,1
HALLMARK_KRAS_SIGNALING_UP,COMPLEX:CFHR2,1
HALLMARK_P53_PATHWAY,COMPLEX:TRAF4,1
HALLMARK_DNA_REPAIR,COMPLEX:DDB1_ERCC8,1
HALLMARK_G2M_CHECKPOINT,COMPLEX:BUB1_KNL1,1
HALLMARK_HYPOXIA,COMPLEX:GPC1,1
HALLMARK_GLYCOLYSIS,COMPLEX:GPC1,1
HALLMARK_EPITHELIAL_MESENCHYMAL_TRANSITION,COMPLEX:GPC1,1
HALLMARK_PI3K_AKT_MTOR_SIGNALING,COMPLEX:THEM4,1
HALLMARK_G2M_CHECKPOINT,COMPLEX:AURKB_INCENP,1
HALLMARK_KRAS_SIGNALING_DN,COMPLEX:SERPINA10,1
HALLMARK_COAGULATION,COMPLEX:ANG,1
HALLMARK_COMPLEMENT,COMPLEX:ANG,1
HALLMARK_GLYCOLYSIS,COMPLEX:ANG,1
HALLMARK_INTERFERON_ALPHA_RESPONSE,COMPLEX:LAMP3,1
HALLMARK_INFLAMMATORY_RESPONSE,COMPLEX:LAMP3,1
HALLMARK_APICAL_JUNCTION,COMPLEX:DLG1,1
HALLMARK_UV_RESPONSE_DN,COMPLEX:DLG1,1
HALLMARK_MITOTIC_SPINDLE,COMPLEX:DLG1,1
HALLMARK_MYC_TARGETS_V1,COMPLEX:RACK1,1
HALLMARK_P53_PATHWAY,COMPLEX:RACK1,1
HALLMARK_ESTROGEN_RESPONSE_LATE,COMPLEX:MOCS2,1
HALLMARK_KRAS_SIGNALING_UP,COMPLEX:ETV1,1
HALLMARK_MTORC1_SIGNALING,COMPLEX:LGMN,1
HALLMARK_CHOLESTEROL_HOMEOSTASIS,COMPLEX:LGMN,1
HALLMARK_COAGULATION,COMPLEX:LGMN,1
HALLMARK_COMPLEMENT,COMPLEX:LGMN,1
HALLMARK_XENOBIOTIC_METABOLISM,COMPLEX:ID2,1
HALLMARK_TNFA_SIGNALING_VIA_NFKB,COMPLEX:ID2,1
HALLMARK_EPITHELIAL_MESENCHYMAL_TRANSITION,COMPLEX:ID2,1
HALLMARK_TGF_BETA_SIGNALING,COMPLEX:ID2,1
HALLMARK_ESTROGEN_RESPONSE_LATE,COMPLEX:ID2,1
HALLMARK_KRAS_SIGNALING_UP,COMPLEX:ID2,1
HALLMARK_ESTROGEN_RESPONSE_EARLY,COMPLEX:SNX24,1
HALLMARK_CHOLESTEROL_HOMEOSTASIS,COMPLEX:FABP5,1
HALLMARK_ESTROGEN_RESPONSE_LATE,COMPLEX:FABP5,1
HALLMARK_HEDGEHOG_SIGNALING,COMPLEX:CRMP1,1
HALLMARK_APOPTOSIS,COMPLEX:BCL2L10_BCL2L11,1
HALLMARK_ESTROGEN_RESPONSE_LATE,COMPLEX:GFUS,1
HALLMARK_GLYCOLYSIS,COMPLEX:GFUS,1
HALLMARK_G2M_CHECKPOINT,COMPLEX:TTK,1
HALLMARK_SPERMATOGENESIS,COMPLEX:TTK,1
HALLMARK_MITOTIC_SPINDLE,COMPLEX:TTK,1
HALLMARK_APOPTOSIS,COMPLEX:BAX_BID,1
HALLMARK_KRAS_SIGNALING_UP,COMPLEX:PEG3,1
HALLMARK_EPITHELIAL_MESENCHYMAL_TRANSITION,COMPLEX:DPYSL3,1
HALLMARK_G2M_CHECKPOINT,COMPLEX:KIF15,1
HALLMARK_MITOTIC_SPINDLE,COMPLEX:KIF15,1
HALLMARK_XENOBIOTIC_METABOLISM,COMPLEX:ETS2,1
HALLMARK_HEDGEHOG_SIGNALING,COMPLEX:ETS2,1
HALLMARK_TNFA_SIGNALING_VIA_NFKB,COMPLEX:ETS2,1
HALLMARK_UV_RESPONSE_DN,COMPLEX:TFPI,1
HALLMARK_KRAS_SIGNALING_UP,COMPLEX:TFPI,1
HALLMARK_P53_PATHWAY,COMPLEX:GLS2,1
HALLMARK_OXIDATIVE_PHOSPHORYLATION,COMPLEX:AIFM1,1
HALLMARK_ADIPOGENESIS,COMPLEX:AIFM1,1
HALLMARK_ADIPOGENESIS,COMPLEX:GBE1,1
HALLMARK_MTORC1_SIGNALING,COMPLEX:GBE1,1
HALLMARK_HYPOXIA,COMPLEX:GBE1,1
HALLMARK_UNFOLDED_PROTEIN_RESPONSE,COMPLEX:CNOT2,1
HALLMARK_INFLAMMATORY_RESPONSE,COMPLEX:SELE,1
HALLMARK_OXIDATIVE_PHOSPHORYLATION,COMPLEX:ACAA2,1
HALLMARK_FATTY_ACID_METABOLISM,COMPLEX:ACAA2,1
HALLMARK_ADIPOGENESIS,COMPLEX:ACAA2,1
HALLMARK_ALLOGRAFT_REJECTION,COMPLEX:RIPK2,1
HALLMARK_INTERFERON_GAMMA_RESPONSE,COMPLEX:RIPK2,1
HALLMARK_INTERFERON_ALPHA_RESPONSE,COMPLEX:RIPK2,1
HALLMARK_TNFA_SIGNALING_VIA_NFKB,COMPLEX:RIPK2,1
HALLMARK_INFLAMMATORY_RESPONSE,COMPLEX:RIPK2,1
HALLMARK_BILE_ACID_METABOLISM,COMPLEX:BBOX1,1
HALLMARK_PEROXISOME,COMPLEX:SIAH1,1
HALLMARK_INTERFERON_GAMMA_RESPONSE,COMPLEX:TRIM25,1
HALLMARK_INTERFERON_ALPHA_RESPONSE,COMPLEX:TRIM25,1
HALLMARK_INFLAMMATORY_RESPONSE,COMPLEX:MEFV,1
HALLMARK_KRAS_SIGNALING_DN,COMPLEX:MEFV,1
HALLMARK_CHOLESTEROL_HOMEOSTASIS,COMPLEX:ETHE1,1
HALLMARK_UV_RESPONSE_UP,COMPLEX:FGF18,1
HALLMARK_ESTROGEN_RESPONSE_LATE,COMPLEX:TPBG,1
HALLMARK_HYPOXIA,COMPLEX:TPBG,1
HALLMARK_ESTROGEN_RESPONSE_EARLY,COMPLEX:TPBG,1
HALLMARK_INFLAMMATORY_RESPONSE,COMPLEX:TPBG,1
HALLMARK_GLYCOLYSIS,COMPLEX:TPBG,1
HALLMARK_ALLOGRAFT_REJECTION,COMPLEX:IL6,1
HALLMARK_INTERFERON_GAMMA_RESPONSE,COMPLEX:IL6,1
HALLMARK_APOPTOSIS,COMPLEX:IL6,1
HALLMARK_HYPOXIA,COMPLEX:IL6,1
HALLMARK_TNFA_SIGNALING_VIA_NFKB,COMPLEX:IL6,1
HALLMARK_EPITHELIAL_MESENCHYMAL_TRANSITION,COMPLEX:IL6,1
HALLMARK_IL6_JAK_STAT3_SIGNALING,COMPLEX:IL6,1
HALLMARK_INFLAMMATORY_RESPONSE,COMPLEX:IL6,1
HALLMARK_COMPLEMENT,COMPLEX:IL6,1
HALLMARK_UV_RESPONSE_UP,COMPLEX:IL6,1
HALLMARK_MYOGENESIS,COMPLEX:GABARAPL2,1
HALLMARK_KRAS_SIGNALING_UP,COMPLEX:PTBP2,1
HALLMARK_FATTY_ACID_METABOLISM,COMPLEX:VNN1,1
HALLMARK_XENOBIOTIC_METABOLISM,COMPLEX:VNN1,1
HALLMARK_MITOTIC_SPINDLE,COMPLEX:AKAP13,1
HALLMARK_MYOGENESIS,COMPLEX:NOS1,1
HALLMARK_KRAS_SIGNALING_DN,COMPLEX:NOS1,1
HALLMARK_SPERMATOGENESIS,COMPLEX:NOS1,1
HALLMARK_ESTROGEN_RESPONSE_LATE,COMPLEX:RBBP8,1
HALLMARK_ESTROGEN_RESPONSE_EARLY,COMPLEX:RBBP8,1
HALLMARK_E2F_TARGETS,COMPLEX:MELK,1
HALLMARK_EPITHELIAL_MESENCHYMAL_TRANSITION,COMPLEX:EDIL3,1
HALLMARK_KRAS_SIGNALING_UP,COMPLEX:ADAM8,1
HALLMARK_APICAL_JUNCTION,COMPLEX:NECTIN2,1
HALLMARK_UNFOLDED_PROTEIN_RESPONSE,COMPLEX:FKBP14,1
HALLMARK_INFLAMMATORY_RESPONSE,COMPLEX:OPRK1,1
HALLMARK_MYC_TARGETS_V1,COMPLEX:HDDC2,1
HALLMARK_MYC_TARGETS_V1,COMPLEX:AIMP2_KARS1,1
HALLMARK_COAGULATION,COMPLEX:F2_PROC,1
HALLMARK_EPITHELIAL_MESENCHYMAL_TRANSITION,COMPLEX:SERPINE2,1
HALLMARK_ALLOGRAFT_REJECTION,COMPLEX:IKBKB,1
HALLMARK_ESTROGEN_RESPONSE_LATE,COMPLEX:JAK1,1
HALLMARK_MITOTIC_SPINDLE,COMPLEX:NCK2,1
HALLMARK_PI3K_AKT_MTOR_SIGNALING,COMPLEX:NGF,1
HALLMARK_KRAS_SIGNALING_UP,COMPLEX:NGF,1
HALLMARK_MTORC1_SIGNALING,COMPLEX:TBK1,1
HALLMARK_PI3K_AKT_MTOR_SIGNALING,COMPLEX:TBK1,1
HALLMARK_APICAL_JUNCTION,COMPLEX:CTNNA1_VCL,1
HALLMARK_ADIPOGENESIS,COMPLEX:ANGPT1,1
HALLMARK_APICAL_JUNCTION,COMPLEX:PLCG1,1
HALLMARK_PI3K_AKT_MTOR_SIGNALING,COMPLEX:PLCG1,1
HALLMARK_DNA_REPAIR,COMPLEX:POLB,1
HALLMARK_MTORC1_SIGNALING,COMPLEX:COPS5,1
HALLMARK_MYC_TARGETS_V1,COMPLEX:COPS5,1
HALLMARK_ESTROGEN_RESPONSE_LATE,COMPLEX:MAPT_SFN,1
HALLMARK_ESTROGEN_RESPONSE_EARLY,COMPLEX:MAPT_SFN,1
HALLMARK_APICAL_JUNCTION,COMPLEX:NECTIN4,1
HALLMARK_INTERFERON_GAMMA_RESPONSE,COMPLEX:IFIT2,1
HALLMARK_INTERFERON_ALPHA_RESPONSE,COMPLEX:IFIT2,1
HALLMARK_TNFA_SIGNALING_VIA_NFKB,COMPLEX:IFIT2,1
HALLMARK_APOPTOSIS,COMPLEX:RNASEL,1
HALLMARK_ALLOGRAFT_REJECTION,COMPLEX:IL1B,1
HALLMARK_TNFA_SIGNALING_VIA_NFKB,COMPLEX:IL1B,1
HALLMARK_IL6_JAK_STAT3_SIGNALING,COMPLEX:IL1B,1
HALLMARK_INFLAMMATORY_RESPONSE,COMPLEX:IL1B,1
HALLMARK_KRAS_SIGNALING_UP,COMPLEX:IL1B,1
HALLMARK_APOPTOSIS,COMPLEX:IL1B,1
HALLMARK_INTERFERON_GAMMA_RESPONSE,COMPLEX:TXNIP,1
HALLMARK_INTERFERON_ALPHA_RESPONSE,COMPLEX:TXNIP,1
HALLMARK_P53_PATHWAY,COMPLEX:TXNIP,1
HALLMARK_APOPTOSIS,COMPLEX:TXNIP,1
HALLMARK_E2F_TARGETS,COMPLEX:BUB1B_CDC20,1
HALLMARK_ANDROGEN_RESPONSE,COMPLEX:LMAN1,1
HALLMARK_PROTEIN_SECRETION,COMPLEX:LMAN1,1
HALLMARK_INTERFERON_GAMMA_RESPONSE,COMPLEX:IFIH1,1
HALLMARK_INTERFERON_ALPHA_RESPONSE,COMPLEX:IFIH1,1
HALLMARK_TNFA_SIGNALING_VIA_NFKB,COMPLEX:IFIH1,1
HALLMARK_KRAS_SIGNALING_UP,COMPLEX:DNMBP,1
HALLMARK_ALLOGRAFT_REJECTION,COMPLEX:PTPN6,1
HALLMARK_INTERFERON_GAMMA_RESPONSE,COMPLEX:PTPN6,1
HALLMARK_ESTROGEN_RESPONSE_LATE,COMPLEX:PTPN6,1
HALLMARK_XENOBIOTIC_METABOLISM,COMPLEX:GSTM4,1
HALLMARK_SPERMATOGENESIS,COMPLEX:MEP1B,1
HALLMARK_IL2_STAT5_SIGNALING,COMPLEX:NT5E,1
HALLMARK_GLYCOLYSIS,COMPLEX:NT5E,1
HALLMARK_EPITHELIAL_MESENCHYMAL_TRANSITION,COMPLEX:NT5E,1
HALLMARK_G2M_CHECKPOINT,COMPLEX:HSPA8,1
HALLMARK_ESTROGEN_RESPONSE_LATE,COMPLEX:FARP1,1
HALLMARK_ESTROGEN_RESPONSE_EARLY,COMPLEX:FARP1,1
HALLMARK_MITOTIC_SPINDLE,COMPLEX:FARP1,1
HALLMARK_APICAL_JUNCTION,COMPLEX:MADCAM1,1
HALLMARK_APICAL_SURFACE,COMPLEX:GATA3,1
HALLMARK_COMPLEMENT,COMPLEX:GATA3,1
HALLMARK_DNA_REPAIR,COMPLEX:ELOA,1
HALLMARK_HEME_METABOLISM,COMPLEX:NR3C1,1
HALLMARK_HYPOXIA,COMPLEX:NR3C1,1
HALLMARK_UV_RESPONSE_DN,COMPLEX:NR3C1,1
HALLMARK_WNT_BETA_CATENIN_SIGNALING,COMPLEX:CSNK1E,1
HALLMARK_INTERFERON_GAMMA_RESPONSE,COMPLEX:IFIT1,1
HALLMARK_UNFOLDED_PROTEIN_RESPONSE,COMPLEX:IFIT1,1
HALLMARK_MTORC1_SIGNALING,COMPLEX:EPRS1,1
HALLMARK_MYC_TARGETS_V1,COMPLEX:EPRS1,1
HALLMARK_UNFOLDED_PROTEIN_RESPONSE,COMPLEX:TARS1,1
HALLMARK_UV_RESPONSE_UP,COMPLEX:TARS1,1
HALLMARK_FATTY_ACID_METABOLISM,COMPLEX:CYP1A1,1
HALLMARK_XENOBIOTIC_METABOLISM,COMPLEX:CYP1A1,1
HALLMARK_UV_RESPONSE_UP,COMPLEX:CYP1A1,1
HALLMARK_G2M_CHECKPOINT,COMPLEX:PRPF4B,1
HALLMARK_ADIPOGENESIS,COMPLEX:ITSN1,1
HALLMARK_MITOTIC_SPINDLE,COMPLEX:ITSN1,1
HALLMARK_FATTY_ACID_METABOLISM,COMPLEX:KMT5A,1
HALLMARK_G2M_CHECKPOINT,COMPLEX:KMT5A,1
HALLMARK_MYOGENESIS,COMPLEX:FKBP1B,1
HALLMARK_GLYCOLYSIS,COMPLEX:B4GALT7,1
HALLMARK_INTERFERON_GAMMA_RESPONSE,COMPLEX:RIPK1,1
HALLMARK_PI3K_AKT_MTOR_SIGNALING,COMPLEX:RIPK1,1
HALLMARK_ALLOGRAFT_REJECTION,COMPLEX:DARS1,1
HALLMARK_UV_RESPONSE_UP,COMPLEX:NUP58,1
HALLMARK_INTERFERON_GAMMA_RESPONSE,COMPLEX:RNF31,1
HALLMARK_INTERFERON_ALPHA_RESPONSE,COMPLEX:RNF31,1
HALLMARK_IL2_STAT5_SIGNALING,COMPLEX:IL3RA,1
HALLMARK_IL6_JAK_STAT3_SIGNALING,COMPLEX:IL3RA,1
HALLMARK_DNA_REPAIR,COMPLEX:BCAP31,1
HALLMARK_APOPTOSIS,COMPLEX:BCAP31,1
HALLMARK_MITOTIC_SPINDLE,COMPLEX:CLASP1,1
HALLMARK_GLYCOLYSIS,COMPLEX:NANP,1
HALLMARK_MITOTIC_SPINDLE,COMPLEX:CEP57,1
HALLMARK_HEME_METABOLISM,COMPLEX:FBXO7,1
HALLMARK_ESTROGEN_RESPONSE_EARLY,COMPLEX:RASGRP1,1
HALLMARK_INFLAMMATORY_RESPONSE,COMPLEX:RASGRP1,1
HALLMARK_UV_RESPONSE_UP,COMPLEX:RASGRP1,1
HALLMARK_COMPLEMENT,COMPLEX:RASGRP1,1
HALLMARK_UV_RESPONSE_DN,COMPLEX:CELF2,1
HALLMARK_IL2_STAT5_SIGNALING,COMPLEX:AGER,1
HALLMARK_XENOBIOTIC_METABOLISM,COMPLEX:GCKR,1
HALLMARK_COMPLEMENT,COMPLEX:C3_ITGAM,1
HALLMARK_ALLOGRAFT_REJECTION,COMPLEX:CCR5,1
HALLMARK_COAGULATION,COMPLEX:USP11,1
HALLMARK_DNA_REPAIR,COMPLEX:USP11,1
HALLMARK_EPITHELIAL_MESENCHYMAL_TRANSITION,COMPLEX:FN1_ITGAV_ITGB3,1
HALLMARK_XENOBIOTIC_METABOLISM,COMPLEX:GSTT2,1
HALLMARK_UV_RESPONSE_DN,COMPLEX:PIAS3,1
HALLMARK_INFLAMMATORY_RESPONSE,COMPLEX:LTA,1
HALLMARK_APICAL_JUNCTION,COMPLEX:MAPK13,1
HALLMARK_ESTROGEN_RESPONSE_LATE,COMPLEX:MAPK13,1
HALLMARK_INTERFERON_GAMMA_RESPONSE,COMPLEX:CMTR1,1
HALLMARK_INTERFERON_ALPHA_RESPONSE,COMPLEX:CMTR1,1
HALLMARK_E2F_TARGETS,COMPLEX:ANP32E_H2AZ1,1
HALLMARK_IL2_STAT5_SIGNALING,COMPLEX:PUS1,1
HALLMARK_MYC_TARGETS_V2,COMPLEX:PUS1,1
HALLMARK_UV_RESPONSE_DN,COMPLEX:PTEN_SPOP,1
HALLMARK_ESTROGEN_RESPONSE_LATE,COMPLEX:ST14,1
HALLMARK_P53_PATHWAY,COMPLEX:ST14,1
HALLMARK_ESTROGEN_RESPONSE_LATE,COMPLEX:NCOR2_PGR,1
HALLMARK_ESTROGEN_RESPONSE_EARLY,COMPLEX:NCOR2_PGR,1
HALLMARK_APICAL_JUNCTION,COMPLEX:ICAM5,1
HALLMARK_BILE_ACID_METABOLISM,COMPLEX:NR1H4,1
HALLMARK_KRAS_SIGNALING_UP,COMPLEX:NR1H4,1
HALLMARK_IL2_STAT5_SIGNALING,COMPLEX:CAPN3,1
HALLMARK_ALLOGRAFT_REJECTION,COMPLEX:TLR6,1
HALLMARK_IL2_STAT5_SIGNALING,COMPLEX:FURIN,1
HALLMARK_COAGULATION,COMPLEX:FURIN,1
HALLMARK_UV_RESPONSE_UP,COMPLEX:FURIN,1
HALLMARK_TGF_BETA_SIGNALING,COMPLEX:FURIN,1
HALLMARK_ESTROGEN_RESPONSE_LATE,COMPLEX:SNX10,1
HALLMARK_E2F_TARGETS,COMPLEX:CENPM,1
HALLMARK_GLYCOLYSIS,COMPLEX:SLC25A13,1
HALLMARK_OXIDATIVE_PHOSPHORYLATION,COMPLEX:SLC25A12,1
HALLMARK_MTORC1_SIGNALING,COMPLEX:HSPD1_HSPE1,1
HALLMARK_MYC_TARGETS_V2,COMPLEX:HSPD1_HSPE1,1
HALLMARK_MYC_TARGETS_V1,COMPLEX:HSPD1_HSPE1,1
HALLMARK_IL6_JAK_STAT3_SIGNALING,COMPLEX:IFNAR1_TYK2,1
HALLMARK_COMPLEMENT,COMPLEX:RNF4,1
HALLMARK_IL2_STAT5_SIGNALING,COMPLEX:SNX14,1
HALLMARK_XENOBIOTIC_METABOLISM,COMPLEX:SHMT2,1
HALLMARK_MTORC1_SIGNALING,COMPLEX:SHMT2,1
HALLMARK_FATTY_ACID_METABOLISM,COMPLEX:TDO2,1
HALLMARK_XENOBIOTIC_METABOLISM,COMPLEX:TDO2,1
HALLMARK_ALLOGRAFT_REJECTION,COMPLEX:RARS1,1
HALLMARK_GLYCOLYSIS,COMPLEX:RARS1,1
HALLMARK_MTORC1_SIGNALING,COMPLEX:SLC9A3R1,1
HALLMARK_ESTROGEN_RESPONSE_LATE,COMPLEX:SLC9A3R1,1
HALLMARK_ESTROGEN_RESPONSE_EARLY,COMPLEX:SLC9A3R1,1
HALLMARK_DNA_REPAIR,COMPLEX:POLA1,1
HALLMARK_ADIPOGENESIS,COMPLEX:BAZ2A,1
HALLMARK_ESTROGEN_RESPONSE_LATE,COMPLEX:PLAAT3,1
HALLMARK_ESTROGEN_RESPONSE_EARLY,COMPLEX:PLAAT3,1
HALLMARK_FATTY_ACID_METABOLISM,COMPLEX:ALDH3A2,1
HALLMARK_ESTROGEN_RESPONSE_LATE,COMPLEX:ALDH3A2,1
HALLMARK_MITOTIC_SPINDLE,COMPLEX:CKAP5,1
HALLMARK_PROTEIN_SECRETION,COMPLEX:MAPK1,1
HALLMARK_PI3K_AKT_MTOR_SIGNALING,COMPLEX:MAPK1,1
HALLMARK_MTORC1_SIGNALING,COMPLEX:BUB1,1
HALLMARK_G2M_CHECKPOINT,COMPLEX:BUB1,1
HALLMARK_MITOTIC_SPINDLE,COMPLEX:BUB1,1
HALLMARK_SPERMATOGENESIS,COMPLEX:BUB1,1
HALLMARK_G2M_CHECKPOINT,COMPLEX:YTHDC1,1
HALLMARK_UV_RESPONSE_DN,COMPLEX:YTHDC1,1
HALLMARK_HEME_METABOLISM,COMPLEX:CDC27,1
HALLMARK_G2M_CHECKPOINT,COMPLEX:CDC27,1
HALLMARK_MITOTIC_SPINDLE,COMPLEX:CDC27,1
HALLMARK_ADIPOGENESIS,COMPLEX:COQ9,1
HALLMARK_KRAS_SIGNALING_UP,COMPLEX:CSF2_CSF2RA,1
HALLMARK_IL6_JAK_STAT3_SIGNALING,COMPLEX:CSF2_CSF2RA,1
HALLMARK_P53_PATHWAY,COMPLEX:PLK2,1
HALLMARK_TNFA_SIGNALING_VIA_NFKB,COMPLEX:PLK2,1
HALLMARK_XENOBIOTIC_METABOLISM,COMPLEX:CNDP2,1
HALLMARK_INFLAMMATORY_RESPONSE,COMPLEX:ADM_CALCRL,1
HALLMARK_INFLAMMATORY_RESPONSE,COMPLEX:CALCRL,1
HALLMARK_PEROXISOME,COMPLEX:NR1I2,1
HALLMARK_BILE_ACID_METABOLISM,COMPLEX:NR1I2,1
HALLMARK_E2F_TARGETS,COMPLEX:ATAD2,1
HALLMARK_APOPTOSIS,COMPLEX:DIABLO,1
HALLMARK_G2M_CHECKPOINT,COMPLEX:KIF2C,1
HALLMARK_SPERMATOGENESIS,COMPLEX:KIF2C,1
HALLMARK_MITOTIC_SPINDLE,COMPLEX:KIF2C,1
HALLMARK_E2F_TARGETS,COMPLEX:KIF2C,1
HALLMARK_ESTROGEN_RESPONSE_EARLY,COMPLEX:KDM4B,1
HALLMARK_IL2_STAT5_SIGNALING,COMPLEX:ETV4,1
HALLMARK_KRAS_SIGNALING_UP,COMPLEX:ETV4,1
HALLMARK_GLYCOLYSIS,COMPLEX:NOL3,1
HALLMARK_INTERFERON_ALPHA_RESPONSE,COMPLEX:PROCR,1
HALLMARK_P53_PATHWAY,COMPLEX:PROCR,1
HALLMARK_INTERFERON_GAMMA_RESPONSE,COMPLEX:MX2,1
HALLMARK_G2M_CHECKPOINT,COMPLEX:SFPQ,1
HALLMARK_IL6_JAK_STAT3_SIGNALING,COMPLEX:TYK2,1
HALLMARK_G2M_CHECKPOINT,COMPLEX:POLQ,1
HALLMARK_ESTROGEN_RESPONSE_LATE,COMPLEX:NBL1,1
HALLMARK_ESTROGEN_RESPONSE_EARLY,COMPLEX:NBL1,1
HALLMARK_XENOBIOTIC_METABOLISM,COMPLEX:PGRMC1,1
HALLMARK_XENOBIOTIC_METABOLISM,COMPLEX:LCAT,1
HALLMARK_REACTIVE_OXYGEN_SPECIES_PATHWAY,COMPLEX:PRDX1,1
HALLMARK_MTORC1_SIGNALING,COMPLEX:PRDX1,1
HALLMARK_PEROXISOME,COMPLEX:PRDX1,1
HALLMARK_ALLOGRAFT_REJECTION,COMPLEX:AARS1,1
HALLMARK_MITOTIC_SPINDLE,COMPLEX:PXN,1
HALLMARK_E2F_TARGETS,COMPLEX:TIMELESS,1
HALLMARK_COAGULATION,COMPLEX:P2RY1,1
HALLMARK_TGF_BETA_SIGNALING,COMPLEX:PPP1CA_PPP1R15A,1
HALLMARK_XENOBIOTIC_METABOLISM,COMPLEX:COMT,1
HALLMARK_ESTROGEN_RESPONSE_EARLY,COMPLEX:INPP5F,1
HALLMARK_P53_PATHWAY,COMPLEX:TRIAP1,1
HALLMARK_MYC_TARGETS_V1,COMPLEX:TARDBP,1
HALLMARK_IL2_STAT5_SIGNALING,COMPLEX:MAP3K8,1
HALLMARK_TNFA_SIGNALING_VIA_NFKB,COMPLEX:MAP3K8,1
HALLMARK_IL6_JAK_STAT3_SIGNALING,COMPLEX:MAP3K8,1
HALLMARK_MYOGENESIS,COMPLEX:LDB3,1
HALLMARK_ALLOGRAFT_REJECTION,COMPLEX:IL4,1
HALLMARK_PI3K_AKT_MTOR_SIGNALING,COMPLEX:IL4,1
HALLMARK_MYOGENESIS,COMPLEX:LAMA2,1
HALLMARK_EPITHELIAL_MESENCHYMAL_TRANSITION,COMPLEX:LAMA2,1
HALLMARK_SPERMATOGENESIS,COMPLEX:DMRT1,1
HALLMARK_INFLAMMATORY_RESPONSE,COMPLEX:PDPN,1
HALLMARK_MITOTIC_SPINDLE,COMPLEX:SEPTIN9,1
HALLMARK_SPERMATOGENESIS,COMPLEX:SYCP1,1
HALLMARK_ESTROGEN_RESPONSE_LATE,COMPLEX:PLK4_STIL,1
HALLMARK_G2M_CHECKPOINT,COMPLEX:PLK4_STIL,1
HALLMARK_UNFOLDED_PROTEIN_RESPONSE,COMPLEX:EIF2AK3,1
HALLMARK_MYOGENESIS,COMPLEX:CKMT2,1
HALLMARK_ADIPOGENESIS,COMPLEX:ENPP2,1
HALLMARK_NOTCH_SIGNALING,COMPLEX:NOTCH3,1
HALLMARK_APICAL_JUNCTION,COMPLEX:CDH3,1
HALLMARK_APICAL_JUNCTION,COMPLEX:CDH1,1
HALLMARK_TGF_BETA_SIGNALING,COMPLEX:CDH1,1
HALLMARK_ESTROGEN_RESPONSE_LATE,COMPLEX:CDH1,1
HALLMARK_MTORC1_SIGNALING,COMPLEX:SLC2A3,1
HALLMARK_IL2_STAT5_SIGNALING,COMPLEX:SLC2A3,1
HALLMARK_HYPOXIA,COMPLEX:SLC2A3,1
HALLMARK_TNFA_SIGNALING_VIA_NFKB,COMPLEX:SLC2A3,1
HALLMARK_MYC_TARGETS_V1,COMPLEX:AIMP2_EPRS1,1
HALLMARK_EPITHELIAL_MESENCHYMAL_TRANSITION,COMPLEX:GREM1,1
HALLMARK_DNA_REPAIR,COMPLEX:POLR3C,1
HALLMARK_INTERFERON_ALPHA_RESPONSE,COMPLEX:PARP9,1
HALLMARK_OXIDATIVE_PHOSPHORYLATION,COMPLEX:GOT2,1
HALLMARK_MYC_TARGETS_V1,COMPLEX:GOT2,1
HALLMARK_GLYCOLYSIS,COMPLEX:GOT2,1
HALLMARK_DNA_REPAIR,COMPLEX:TMED2,1
HALLMARK_PROTEIN_SECRETION,COMPLEX:TMED2,1
HALLMARK_KRAS_SIGNALING_UP,COMPLEX:CLEC4A,1
HALLMARK_KRAS_SIGNALING_DN,COMPLEX:PDCD1,1
HALLMARK_MTORC1_SIGNALING,COMPLEX:EEF1E1_EPRS1,1
HALLMARK_P53_PATHWAY,COMPLEX:NUDT15,1
HALLMARK_ADIPOGENESIS,COMPLEX:FZD4,1
HALLMARK_INFLAMMATORY_RESPONSE,COMPLEX:NDP,1
HALLMARK_APICAL_JUNCTION,COMPLEX:PECAM1,1
HALLMARK_COAGULATION,COMPLEX:PECAM1,1
HALLMARK_KRAS_SIGNALING_UP,COMPLEX:PECAM1,1
HALLMARK_KRAS_SIGNALING_DN,COMPLEX:PRKN,1
HALLMARK_MITOTIC_SPINDLE,COMPLEX:MYO9B,1
HALLMARK_KRAS_SIGNALING_UP,COMPLEX:PRKG2,1
HALLMARK_UV_RESPONSE_DN,COMPLEX:RBPMS,1
HALLMARK_APICAL_JUNCTION,COMPLEX:EGFR_SHC1,1
HALLMARK_MITOTIC_SPINDLE,COMPLEX:PREX1,1
HALLMARK_ANDROGEN_RESPONSE,COMPLEX:RPS6KA3,1
HALLMARK_PROTEIN_SECRETION,COMPLEX:RPS6KA3,1
HALLMARK_PI3K_AKT_MTOR_SIGNALING,COMPLEX:RPS6KA3,1
HALLMARK_ALLOGRAFT_REJECTION,COMPLEX:CD40,1
HALLMARK_INTERFERON_GAMMA_RESPONSE,COMPLEX:CD40,1
HALLMARK_INFLAMMATORY_RESPONSE,COMPLEX:CD40,1
HALLMARK_HEDGEHOG_SIGNALING,COMPLEX:NRP2_VEGFA,1
HALLMARK_SPERMATOGENESIS,COMPLEX:CHRM4,1
HALLMARK_MTORC1_SIGNALING,COMPLEX:PSMA3,1
HALLMARK_INTERFERON_GAMMA_RESPONSE,COMPLEX:PSMA3,1
HALLMARK_INTERFERON_ALPHA_RESPONSE,COMPLEX:PSMA3,1
HALLMARK_INTERFERON_GAMMA_RESPONSE,COMPLEX:SERPING1,1
HALLMARK_COAGULATION,COMPLEX:SERPING1,1
HALLMARK_COMPLEMENT,COMPLEX:SERPING1,1
HALLMARK_APICAL_JUNCTION,COMPLEX:TRAF1,1
HALLMARK_IL2_STAT5_SIGNALING,COMPLEX:TRAF1,1
HALLMARK_KRAS_SIGNALING_UP,COMPLEX:TRAF1,1
HALLMARK_TNFA_SIGNALING_VIA_NFKB,COMPLEX:TRAF1,1
HALLMARK_UV_RESPONSE_UP,COMPLEX:MARK2,1
HALLMARK_IL2_STAT5_SIGNALING,COMPLEX:SMPDL3A,1
HALLMARK_ADIPOGENESIS,COMPLEX:CHUK,1
HALLMARK_MITOTIC_SPINDLE,COMPLEX:HDAC6,1
HALLMARK_ADIPOGENESIS,COMPLEX:PGM1,1
HALLMARK_MTORC1_SIGNALING,COMPLEX:PGM1,1
HALLMARK_HYPOXIA,COMPLEX:PGM1,1
HALLMARK_GLYCOLYSIS,COMPLEX:DSC2,1
HALLMARK_APICAL_JUNCTION,COMPLEX:SHROOM2,1
HALLMARK_APICAL_SURFACE,COMPLEX:SHROOM2,1
HALLMARK_MITOTIC_SPINDLE,COMPLEX:SHROOM2,1
HALLMARK_MITOTIC_SPINDLE,COMPLEX:ROCK1_SHROOM2,1
HALLMARK_MITOTIC_SPINDLE,COMPLEX:PIF1,1
HALLMARK_MITOTIC_SPINDLE,COMPLEX:CDC42_PREX1,1
HALLMARK_ALLOGRAFT_REJECTION,COMPLEX:PTPRC,1
HALLMARK_APICAL_JUNCTION,COMPLEX:PTPRC,1
HALLMARK_COAGULATION,COMPLEX:C9,1
HALLMARK_COMPLEMENT,COMPLEX:C9,1
HALLMARK_COMPLEMENT,COMPLEX:C3_CD46,1
HALLMARK_COMPLEMENT,COMPLEX:C3_CR1,1
HALLMARK_COMPLEMENT,COMPLEX:C3_CD55,1
HALLMARK_SPERMATOGENESIS,COMPLEX:HSPA2,1
HALLMARK_UV_RESPONSE_UP,COMPLEX:HSPA2,1
HALLMARK_MYC_TARGETS_V1,COMPLEX:CAD,1
HALLMARK_E2F_TARGETS,COMPLEX:RAD50,1
HALLMARK_ADIPOGENESIS,COMPLEX:IDH3A_IDH3G,1
HALLMARK_OXIDATIVE_PHOSPHORYLATION,COMPLEX:IDH3A_IDH3G,1
HALLMARK_TNFA_SIGNALING_VIA_NFKB,COMPLEX:TANK_TRAF1,1
HALLMARK_DNA_REPAIR,COMPLEX:RAD51,1
HALLMARK_ESTROGEN_RESPONSE_LATE,COMPLEX:SIAH2,1
HALLMARK_HYPOXIA,COMPLEX:SIAH2,1
HALLMARK_ESTROGEN_RESPONSE_EARLY,COMPLEX:SIAH2,1
HALLMARK_APICAL_JUNCTION,COMPLEX:MAP3K20,1
HALLMARK_G2M_CHECKPOINT,COMPLEX:MAP3K20,1
HALLMARK_UV_RESPONSE_UP,COMPLEX:SIGMAR1,1
HALLMARK_XENOBIOTIC_METABOLISM,COMPLEX:NPC1,1
HALLMARK_BILE_ACID_METABOLISM,COMPLEX:NPC1,1
HALLMARK_HEME_METABOLISM,COMPLEX:BMP2K,1
HALLMARK_MYC_TARGETS_V1,COMPLEX:MYC,1
HALLMARK_WNT_BETA_CATENIN_SIGNALING,COMPLEX:MYC,1
HALLMARK_IL2_STAT5_SIGNALING,COMPLEX:MYC,1
HALLMARK_G2M_CHECKPOINT,COMPLEX:MYC,1
HALLMARK_UV_RESPONSE_DN,COMPLEX:MYC,1
HALLMARK_E2F_TARGETS,COMPLEX:MYC,1
HALLMARK_TNFA_SIGNALING_VIA_NFKB,COMPLEX:MYC,1
HALLMARK_MYC_TARGETS_V2,COMPLEX:MYC,1
HALLMARK_ESTROGEN_RESPONSE_EARLY,COMPLEX:MYC,1
HALLMARK_INFLAMMATORY_RESPONSE,COMPLEX:MYC,1
HALLMARK_MTORC1_SIGNALING,COMPLEX:UFM1,1
HALLMARK_MYC_TARGETS_V1,COMPLEX:HNRNPD,1
HALLMARK_G2M_CHECKPOINT,COMPLEX:HNRNPD,1
HALLMARK_E2F_TARGETS,COMPLEX:HNRNPD,1
HALLMARK_PANCREAS_BETA_CELLS,COMPLEX:DCX,1
HALLMARK_APICAL_JUNCTION,COMPLEX:DSC1,1
HALLMARK_G2M_CHECKPOINT,COMPLEX:PBK,1
HALLMARK_KRAS_SIGNALING_UP,COMPLEX:TPH1,1
HALLMARK_MYOGENESIS,COMPLEX:KCNH1,1
HALLMARK_MITOTIC_SPINDLE,COMPLEX:HOOK3,1
HALLMARK_OXIDATIVE_PHOSPHORYLATION,COMPLEX:PRDX3,1
HALLMARK_ADIPOGENESIS,COMPLEX:PRDX3,1
HALLMARK_MYC_TARGETS_V1,COMPLEX:PRDX3,1
HALLMARK_TGF_BETA_SIGNALING,COMPLEX:RHOA,1
HALLMARK_MITOTIC_SPINDLE,COMPLEX:ARAP3,1
HALLMARK_KRAS_SIGNALING_UP,COMPLEX:USP12,1
HALLMARK_MITOTIC_SPINDLE,COMPLEX:MAP3K11,1
HALLMARK_MITOTIC_SPINDLE,COMPLEX:PKD2,1
HALLMARK_G2M_CHECKPOINT,COMPLEX:CTCF,1
HALLMARK_E2F_TARGETS,COMPLEX:CTCF,1
HALLMARK_P53_PATHWAY,COMPLEX:TGFA,1
HALLMARK_GLYCOLYSIS,COMPLEX:TGFA,1
HALLMARK_OXIDATIVE_PHOSPHORYLATION,COMPLEX:RHOT1,1
HALLMARK_OXIDATIVE_PHOSPHORYLATION,COMPLEX:RHOT2,1
HALLMARK_APOPTOSIS,COMPLEX:RHOT2,1
HALLMARK_MITOTIC_SPINDLE,COMPLEX:RHOT2,1
HALLMARK_MTORC1_SIGNALING,COMPLEX:ALDOA,1
HALLMARK_HYPOXIA,COMPLEX:ALDOA,1
HALLMARK_FATTY_ACID_METABOLISM,COMPLEX:ALDOA,1
HALLMARK_ADIPOGENESIS,COMPLEX:ALDOA,1
HALLMARK_UV_RESPONSE_UP,COMPLEX:ALDOA,1
HALLMARK_GLYCOLYSIS,COMPLEX:ALDOA,1
HALLMARK_PEROXISOME,COMPLEX:FABP6,1
HALLMARK_EPITHELIAL_MESENCHYMAL_TRANSITION,COMPLEX:ANPEP,1
HALLMARK_ESTROGEN_RESPONSE_LATE,COMPLEX:KLK10,1
HALLMARK_ESTROGEN_RESPONSE_EARLY,COMPLEX:KLK10,1
HALLMARK_HYPOXIA,COMPLEX:ANXA2_S100A4,1
HALLMARK_G2M_CHECKPOINT,COMPLEX:NSD2,1
HALLMARK_UNFOLDED_PROTEIN_RESPONSE,COMPLEX:KIF5B,1
HALLMARK_G2M_CHECKPOINT,COMPLEX:KIF5B,1
HALLMARK_MITOTIC_SPINDLE,COMPLEX:KIF5B,1
HALLMARK_HEME_METABOLISM,COMPLEX:NUDT4,1
HALLMARK_E2F_TARGETS,COMPLEX:PRKDC,1
HALLMARK_COMPLEMENT,COMPLEX:DYRK2,1
HALLMARK_G2M_CHECKPOINT,COMPLEX:TACC3,1
HALLMARK_E2F_TARGETS,COMPLEX:TACC3,1
HALLMARK_IL2_STAT5_SIGNALING,COMPLEX:CD83,1
HALLMARK_TNFA_SIGNALING_VIA_NFKB,COMPLEX:CD83,1
HALLMARK_APICAL_JUNCTION,COMPLEX:NRTN,1
HALLMARK_COAGULATION,COMPLEX:KLK8,1
HALLMARK_KRAS_SIGNALING_DN,COMPLEX:KLK8,1
HALLMARK_P53_PATHWAY,COMPLEX:KLK8,1
HALLMARK_WNT_BETA_CATENIN_SIGNALING,COMPLEX:JAG2,1
HALLMARK_ANGIOGENESIS,COMPLEX:JAG2,1
HALLMARK_P53_PATHWAY,COMPLEX:JAG2,1
HALLMARK_EPITHELIAL_MESENCHYMAL_TRANSITION,COMPLEX:FMOD,1
HALLMARK_E2F_TARGETS,COMPLEX:PSIP1,1
HALLMARK_EPITHELIAL_MESENCHYMAL_TRANSITION,COMPLEX:COL4A1,1
HALLMARK_ADIPOGENESIS,COMPLEX:COL4A1,1
HALLMARK_MYOGENESIS,COMPLEX:COL4A2,1
HALLMARK_COMPLEMENT,COMPLEX:COL4A2,1
HALLMARK_EPITHELIAL_MESENCHYMAL_TRANSITION,COMPLEX:COL4A2,1
HALLMARK_HEME_METABOLISM,COMPLEX:ABCG2,1
HALLMARK_WNT_BETA_CATENIN_SIGNALING,COMPLEX:NUMB,1
HALLMARK_MITOTIC_SPINDLE,COMPLEX:DYNC1H1,1
HALLMARK_COAGULATION,COMPLEX:C3_CFH_CFI,1
HALLMARK_INFLAMMATORY_RESPONSE,COMPLEX:C5AR1,1
HALLMARK_ADIPOGENESIS,COMPLEX:ABCB8,1
HALLMARK_E2F_TARGETS,COMPLEX:AURKA_TACC3,1
HALLMARK_G2M_CHECKPOINT,COMPLEX:AURKA_TACC3,1
HALLMARK_DNA_REPAIR,COMPLEX:SUPT5H,1
HALLMARK_E2F_TARGETS,COMPLEX:UBE2T,1
HALLMARK_INTERFERON_GAMMA_RESPONSE,COMPLEX:TRIM21,1
HALLMARK_INTERFERON_ALPHA_RESPONSE,COMPLEX:TRIM21,1
HALLMARK_HEDGEHOG_SIGNALING,COMPLEX:GLI1,1
HALLMARK_HEME_METABOLISM,COMPLEX:ALAS2,1
HALLMARK_G2M_CHECKPOINT,COMPLEX:STAG1,1
HALLMARK_E2F_TARGETS,COMPLEX:STAG1,1
HALLMARK_ALLOGRAFT_REJECTION,COMPLEX:NCK1,1
HALLMARK_PI3K_AKT_MTOR_SIGNALING,COMPLEX:NCK1,1
HALLMARK_MITOTIC_SPINDLE,COMPLEX:NCK1,1
HALLMARK_ALLOGRAFT_REJECTION,COMPLEX:CD3E_NCK1,1
HALLMARK_E2F_TARGETS,COMPLEX:PHF5A,1
HALLMARK_NOTCH_SIGNALING,COMPLEX:FZD7,1
HALLMARK_MYOGENESIS,COMPLEX:MYH7_MYL2_MYL3,1
HALLMARK_ADIPOGENESIS,COMPLEX:APLP2,1
HALLMARK_E2F_TARGETS,COMPLEX:EED,1
HALLMARK_G2M_CHECKPOINT,COMPLEX:E2F4_TFDP1,1
HALLMARK_MITOTIC_SPINDLE,COMPLEX:ARHGEF11,1
HALLMARK_HEME_METABOLISM,COMPLEX:DCUN1D1,1
HALLMARK_ALLOGRAFT_REJECTION,COMPLEX:CCL5_CCR5,1
HALLMARK_EPITHELIAL_MESENCHYMAL_TRANSITION,COMPLEX:FZD8,1
HALLMARK_WNT_BETA_CATENIN_SIGNALING,COMPLEX:FZD8,1
HALLMARK_NOTCH_SIGNALING,COMPLEX:FZD5,1
HALLMARK_INFLAMMATORY_RESPONSE,COMPLEX:FZD5,1
HALLMARK_MYC_TARGETS_V1,COMPLEX:CCT5,1
HALLMARK_OXIDATIVE_PHOSPHORYLATION,COMPLEX:CS,1
HALLMARK_ADIPOGENESIS,COMPLEX:CS,1
HALLMARK_UV_RESPONSE_UP,COMPLEX:BAK1_BCL2L11,1
HALLMARK_ALLOGRAFT_REJECTION,COMPLEX:B2M_HLA-A_HLA-E,1
HALLMARK_UNFOLDED_PROTEIN_RESPONSE,COMPLEX:FUS,1
HALLMARK_INTERFERON_GAMMA_RESPONSE,COMPLEX:HERC6,1
HALLMARK_INTERFERON_ALPHA_RESPONSE,COMPLEX:HERC6,1
HALLMARK_ALLOGRAFT_REJECTION,COMPLEX:EGFR_EREG,1
HALLMARK_DNA_REPAIR,COMPLEX:GTF2B,1
HALLMARK_XENOBIOTIC_METABOLISM,COMPLEX:TPST1,1
HALLMARK_GLYCOLYSIS,COMPLEX:TPST1,1
HALLMARK_MYC_TARGETS_V1,COMPLEX:HNRNPA2B1,1
HALLMARK_PANCREAS_BETA_CELLS,COMPLEX:FOXA2,1
HALLMARK_MYOGENESIS,COMPLEX:FGF2,1
HALLMARK_EPITHELIAL_MESENCHYMAL_TRANSITION,COMPLEX:FGF2,1
HALLMARK_KRAS_SIGNALING_DN,COMPLEX:DCC,1
HALLMARK_SPERMATOGENESIS,COMPLEX:DCC,1
HALLMARK_MYC_TARGETS_V2,COMPLEX:IPO4,1
HALLMARK_OXIDATIVE_PHOSPHORYLATION,COMPLEX:VDAC1,1
HALLMARK_MYC_TARGETS_V1,COMPLEX:VDAC1,1
HALLMARK_HEME_METABOLISM,COMPLEX:H4C15,1
HALLMARK_G2M_CHECKPOINT,COMPLEX:HIRA,1
HALLMARK_ADIPOGENESIS,COMPLEX:OMD,1
HALLMARK_EPITHELIAL_MESENCHYMAL_TRANSITION,COMPLEX:LOXL2,1
HALLMARK_MYC_TARGETS_V1,COMPLEX:HNRNPA1,1
HALLMARK_INFLAMMATORY_RESPONSE,COMPLEX:PTAFR,1
HALLMARK_G2M_CHECKPOINT,COMPLEX:KATNA1,1
HALLMARK_MITOTIC_SPINDLE,COMPLEX:KATNA1,1
HALLMARK_INFLAMMATORY_RESPONSE,COMPLEX:TNFRSF9_TNFSF9,1
HALLMARK_TNFA_SIGNALING_VIA_NFKB,COMPLEX:TNFRSF9_TNFSF9,1
HALLMARK_IL2_STAT5_SIGNALING,COMPLEX:TNFRSF9,1
HALLMARK_INFLAMMATORY_RESPONSE,COMPLEX:TNFRSF9,1
HALLMARK_TNFA_SIGNALING_VIA_NFKB,COMPLEX:TNFRSF9,1
HALLMARK_G2M_CHECKPOINT,COMPLEX:CASP8AP2,1
HALLMARK_ESTROGEN_RESPONSE_LATE,COMPLEX:ST6GALNAC2,1
HALLMARK_ALLOGRAFT_REJECTION,COMPLEX:HLA-A,1
HALLMARK_INTERFERON_GAMMA_RESPONSE,COMPLEX:HLA-A,1
HALLMARK_MYOGENESIS,COMPLEX:PICK1,1
HALLMARK_CHOLESTEROL_HOMEOSTASIS,COMPLEX:ANXA13,1
HALLMARK_TGF_BETA_SIGNALING,COMPLEX:PPM1A,1
HALLMARK_APICAL_SURFACE,COMPLEX:ADAM10,1
HALLMARK_PROTEIN_SECRETION,COMPLEX:ADAM10,1
HALLMARK_P53_PATHWAY,COMPLEX:IRAK1,1
HALLMARK_ANDROGEN_RESPONSE,COMPLEX:CAMKK2,1
HALLMARK_APICAL_JUNCTION,COMPLEX:BMP1,1
HALLMARK_COAGULATION,COMPLEX:BMP1,1
HALLMARK_EPITHELIAL_MESENCHYMAL_TRANSITION,COMPLEX:BMP1,1
HALLMARK_HYPOXIA,COMPLEX:NOCT,1
HALLMARK_COAGULATION,COMPLEX:ITGB3,1
HALLMARK_UV_RESPONSE_DN,COMPLEX:ITGB3,1
HALLMARK_EPITHELIAL_MESENCHYMAL_TRANSITION,COMPLEX:ITGB3,1
HALLMARK_IL6_JAK_STAT3_SIGNALING,COMPLEX:ITGB3,1
HALLMARK_INFLAMMATORY_RESPONSE,COMPLEX:ITGB3,1
HALLMARK_MTORC1_SIGNALING,COMPLEX:PPA1,1
HALLMARK_INTERFERON_GAMMA_RESPONSE,COMPLEX:IFIT1_IFIT3,1
HALLMARK_MYOGENESIS,COMPLEX:MYLK,1
HALLMARK_EPITHELIAL_MESENCHYMAL_TRANSITION,COMPLEX:MYLK,1
HALLMARK_ADIPOGENESIS,COMPLEX:MYLK,1
HALLMARK_MTORC1_SIGNALING,COMPLEX:SQLE,1
HALLMARK_CHOLESTEROL_HOMEOSTASIS,COMPLEX:SQLE,1
HALLMARK_G2M_CHECKPOINT,COMPLEX:SQLE,1
HALLMARK_INFLAMMATORY_RESPONSE,COMPLEX:SLC4A4,1
HALLMARK_SPERMATOGENESIS,COMPLEX:MLLT10,1
HALLMARK_COAGULATION,COMPLEX:APOA1_MMP14,1
HALLMARK_ALLOGRAFT_REJECTION,COMPLEX:MAP4K1,1
HALLMARK_KRAS_SIGNALING_UP,COMPLEX:MAP4K1,1
HALLMARK_KRAS_SIGNALING_UP,COMPLEX:KCNN4,1
HALLMARK_HYPOXIA,COMPLEX:DUSP1,1
HALLMARK_UV_RESPONSE_DN,COMPLEX:DUSP1,1
HALLMARK_TNFA_SIGNALING_VIA_NFKB,COMPLEX:DUSP1,1
HALLMARK_MITOTIC_SPINDLE,COMPLEX:TRIO,1
HALLMARK_EPITHELIAL_MESENCHYMAL_TRANSITION,COMPLEX:NTM,1
HALLMARK_HEDGEHOG_SIGNALING,COMPLEX:PTCH1_SHH,1
HALLMARK_COAGULATION,COMPLEX:APOC1,1
HALLMARK_COMPLEMENT,COMPLEX:APOC1,1
HALLMARK_ALLOGRAFT_REJECTION,COMPLEX:IFNG_IFNGR1_IFNGR2,1
HALLMARK_BILE_ACID_METABOLISM,COMPLEX:RBP1,1
HALLMARK_ESTROGEN_RESPONSE_LATE,COMPLEX:MYOF,1
HALLMARK_ESTROGEN_RESPONSE_EARLY,COMPLEX:MYOF,1
HALLMARK_ALLOGRAFT_REJECTION,COMPLEX:B2M_CCND2_HLA-A,1
HALLMARK_ANDROGEN_RESPONSE,COMPLEX:CENPN,1
HALLMARK_MYC_TARGETS_V2,COMPLEX:TFB2M,1
HALLMARK_XENOBIOTIC_METABOLISM,COMPLEX:ANGPTL3,1
HALLMARK_E2F_TARGETS,COMPLEX:ASF1A,1
HALLMARK_COAGULATION,COMPLEX:C1R_C1S,1
HALLMARK_COMPLEMENT,COMPLEX:C1R_C1S,1
HALLMARK_INTERFERON_GAMMA_RESPONSE,COMPLEX:C1R_C1S,1
HALLMARK_KRAS_SIGNALING_DN,COMPLEX:MTHFR,1
HALLMARK_INFLAMMATORY_RESPONSE,COMPLEX:TNFSF9,1
HALLMARK_P53_PATHWAY,COMPLEX:TNFSF9,1
HALLMARK_TNFA_SIGNALING_VIA_NFKB,COMPLEX:TNFSF9,1
HALLMARK_E2F_TARGETS,COMPLEX:SHMT1,1
HALLMARK_COMPLEMENT,COMPLEX:ITIH1,1
HALLMARK_COAGULATION,COMPLEX:ITIH1,1
HALLMARK_XENOBIOTIC_METABOLISM,COMPLEX:ITIH1,1
HALLMARK_TNFA_SIGNALING_VIA_NFKB,COMPLEX:TGIF1,1
HALLMARK_TGF_BETA_SIGNALING,COMPLEX:TGIF1,1
HALLMARK_DNA_REPAIR,COMPLEX:SMAD5,1
HALLMARK_EPITHELIAL_MESENCHYMAL_TRANSITION,COMPLEX:COL3A1_PCOLCE,1
HALLMARK_XENOBIOTIC_METABOLISM,COMPLEX:SLC1A5,1
HALLMARK_ADIPOGENESIS,COMPLEX:SLC1A5,1
HALLMARK_MTORC1_SIGNALING,COMPLEX:SLC1A5,1
HALLMARK_IL2_STAT5_SIGNALING,COMPLEX:SLC1A5,1
HALLMARK_INTERFERON_GAMMA_RESPONSE,COMPLEX:LGALS3BP,1
HALLMARK_INTERFERON_ALPHA_RESPONSE,COMPLEX:LGALS3BP,1
HALLMARK_ALLOGRAFT_REJECTION,COMPLEX:CCR2,1
HALLMARK_MTORC1_SIGNALING,COMPLEX:ASNS,1
HALLMARK_HEME_METABOLISM,COMPLEX:ASNS,1
HALLMARK_UNFOLDED_PROTEIN_RESPONSE,COMPLEX:ASNS,1
HALLMARK_UV_RESPONSE_UP,COMPLEX:ASNS,1
HALLMARK_E2F_TARGETS,COMPLEX:BRCA2_PLK1,1
HALLMARK_G2M_CHECKPOINT,COMPLEX:BRCA2_PLK1,1
HALLMARK_MITOTIC_SPINDLE,COMPLEX:BRCA2_PLK1,1
HALLMARK_COAGULATION,COMPLEX:RAPGEF3,1
HALLMARK_ANDROGEN_RESPONSE,COMPLEX:STEAP4,1
HALLMARK_G2M_CHECKPOINT,COMPLEX:BRCA2,1
HALLMARK_MITOTIC_SPINDLE,COMPLEX:BRCA2,1
HALLMARK_E2F_TARGETS,COMPLEX:BRCA2,1
HALLMARK_MITOTIC_SPINDLE,COMPLEX:STAU1,1
HALLMARK_UV_RESPONSE_UP,COMPLEX:RAB27A,1
HALLMARK_DNA_REPAIR,COMPLEX:PCNA_POLD4,1
HALLMARK_GLYCOLYSIS,COMPLEX:GLCE,1
HALLMARK_UV_RESPONSE_UP,COMPLEX:EPCAM,1
HALLMARK_CHOLESTEROL_HOMEOSTASIS,COMPLEX:GLDC,1
HALLMARK_INTERFERON_GAMMA_RESPONSE,COMPLEX:MYD88,1
HALLMARK_IL6_JAK_STAT3_SIGNALING,COMPLEX:MYD88,1
HALLMARK_PI3K_AKT_MTOR_SIGNALING,COMPLEX:MYD88,1
HALLMARK_UNFOLDED_PROTEIN_RESPONSE,COMPLEX:MTREX,1
HALLMARK_APICAL_JUNCTION,COMPLEX:MPZL1,1
HALLMARK_APICAL_SURFACE,COMPLEX:LYPD3,1
HALLMARK_KRAS_SIGNALING_DN,COMPLEX:LYPD3,1
HALLMARK_ESTROGEN_RESPONSE_EARLY,COMPLEX:SH3BP5,1
HALLMARK_P53_PATHWAY,COMPLEX:WWP1,1
HALLMARK_INTERFERON_GAMMA_RESPONSE,COMPLEX:TRIM14,1
HALLMARK_INTERFERON_ALPHA_RESPONSE,COMPLEX:TRIM14,1
HALLMARK_WNT_BETA_CATENIN_SIGNALING,COMPLEX:AXIN1_DVL2,1
HALLMARK_UV_RESPONSE_DN,COMPLEX:COL1A2,1
HALLMARK_EPITHELIAL_MESENCHYMAL_TRANSITION,COMPLEX:COL1A2,1
HALLMARK_OXIDATIVE_PHOSPHORYLATION,COMPLEX:MFN2,1
HALLMARK_MTORC1_SIGNALING,COMPLEX:MTHFD2,1
HALLMARK_INTERFERON_GAMMA_RESPONSE,COMPLEX:MTHFD2,1
HALLMARK_UNFOLDED_PROTEIN_RESPONSE,COMPLEX:MTHFD2,1
HALLMARK_E2F_TARGETS,COMPLEX:MTHFD2,1
HALLMARK_FATTY_ACID_METABOLISM,COMPLEX:NSDHL,1
HALLMARK_CHOLESTEROL_HOMEOSTASIS,COMPLEX:NSDHL,1
HALLMARK_GLYCOLYSIS,COMPLEX:NSDHL,1
HALLMARK_MYC_TARGETS_V2,COMPLEX:AIMP2,1
HALLMARK_MYC_TARGETS_V1,COMPLEX:AIMP2,1
HALLMARK_E2F_TARGETS,COMPLEX:DNMT1_PCNA,1
HALLMARK_COMPLEMENT,COMPLEX:CALM3,1
HALLMARK_OXIDATIVE_PHOSPHORYLATION,COMPLEX:IDH3A_IDH3B,1
HALLMARK_DNA_REPAIR,COMPLEX:REV3L,1
HALLMARK_XENOBIOTIC_METABOLISM,COMPLEX:SLC12A4,1
HALLMARK_ALLOGRAFT_REJECTION,COMPLEX:IL18RAP,1
HALLMARK_INFLAMMATORY_RESPONSE,COMPLEX:IL18RAP,1
HALLMARK_HEME_METABOLISM,COMPLEX:ADIPOR1,1
HALLMARK_KRAS_SIGNALING_DN,COMPLEX:ADRA2C,1
HALLMARK_FATTY_ACID_METABOLISM,COMPLEX:AQP7,1
HALLMARK_MTORC1_SIGNALING,COMPLEX:STARD4,1
HALLMARK_CHOLESTEROL_HOMEOSTASIS,COMPLEX:STARD4,1
HALLMARK_APICAL_SURFACE,COMPLEX:CROCC,1
HALLMARK_MYC_TARGETS_V1,COMPLEX:DDX21,1
HALLMARK_UV_RESPONSE_UP,COMPLEX:DDX21,1
HALLMARK_HEDGEHOG_SIGNALING,COMPLEX:CDK5R1,1
HALLMARK_P53_PATHWAY,COMPLEX:CDK5R1,1
HALLMARK_COMPLEMENT,COMPLEX:CDK5R1,1
HALLMARK_ANDROGEN_RESPONSE,COMPLEX:PTK2B,1
HALLMARK_KRAS_SIGNALING_DN,COMPLEX:PDK2,1
HALLMARK_FATTY_ACID_METABOLISM,COMPLEX:D2HGDH,1
HALLMARK_TNFA_SIGNALING_VIA_NFKB,COMPLEX:PANX1,1
HALLMARK_ADIPOGENESIS,COMPLEX:SQOR,1
HALLMARK_ESTROGEN_RESPONSE_LATE,COMPLEX:LLGL2,1
HALLMARK_G2M_CHECKPOINT,COMPLEX:FOXN3,1
HALLMARK_UV_RESPONSE_DN,COMPLEX:KCNMA1,1
HALLMARK_APICAL_SURFACE,COMPLEX:CD160,1
HALLMARK_OXIDATIVE_PHOSPHORYLATION,COMPLEX:AFG3L2,1
HALLMARK_PANCREAS_BETA_CELLS,COMPLEX:GCG,1
HALLMARK_EPITHELIAL_MESENCHYMAL_TRANSITION,COMPLEX:FOXC2,1
HALLMARK_XENOBIOTIC_METABOLISM,COMPLEX:VTN,1
HALLMARK_ANGIOGENESIS,COMPLEX:VTN,1
HALLMARK_UV_RESPONSE_DN,COMPLEX:DAB2,1
HALLMARK_EPITHELIAL_MESENCHYMAL_TRANSITION,COMPLEX:DAB2,1
HALLMARK_BILE_ACID_METABOLISM,COMPLEX:SLC29A1,1
HALLMARK_ESTROGEN_RESPONSE_LATE,COMPLEX:SLC29A1,1
HALLMARK_ESTROGEN_RESPONSE_EARLY,COMPLEX:NADSYN1,1
HALLMARK_MTORC1_SIGNALING,COMPLEX:EBP,1
HALLMARK_CHOLESTEROL_HOMEOSTASIS,COMPLEX:EBP,1
HALLMARK_APOPTOSIS,COMPLEX:EBP,1
HALLMARK_IL2_STAT5_SIGNALING,COMPLEX:TNFRSF4,1
HALLMARK_IL2_STAT5_SIGNALING,COMPLEX:BMP2,1
HALLMARK_P53_PATHWAY,COMPLEX:BMP2,1
HALLMARK_TNFA_SIGNALING_VIA_NFKB,COMPLEX:BMP2,1
HALLMARK_TGF_BETA_SIGNALING,COMPLEX:BMP2,1
HALLMARK_KRAS_SIGNALING_UP,COMPLEX:BMP2,1
HALLMARK_UV_RESPONSE_UP,COMPLEX:BMP2,1
HALLMARK_APOPTOSIS,COMPLEX:BMP2,1
HALLMARK_MYOGENESIS,COMPLEX:TPM3,1
HALLMARK_MYOGENESIS,COMPLEX:CASQ2,1
HALLMARK_COAGULATION,COMPLEX:CAPN5,1
HALLMARK_GLYCOLYSIS,COMPLEX:CAPN5,1
HALLMARK_G2M_CHECKPOINT,COMPLEX:CCND1_CDK4_CDKN1B,1
HALLMARK_G2M_CHECKPOINT,COMPLEX:SLC12A2,1
HALLMARK_SPERMATOGENESIS,COMPLEX:SLC12A2,1
HALLMARK_UV_RESPONSE_DN,COMPLEX:PHF3,1
HALLMARK_MYOGENESIS,COMPLEX:TEAD4,1
HALLMARK_FATTY_ACID_METABOLISM,COMPLEX:ALDH9A1,1
HALLMARK_XENOBIOTIC_METABOLISM,COMPLEX:ALDH9A1,1
HALLMARK_PEROXISOME,COMPLEX:ALDH9A1,1
HALLMARK_BILE_ACID_METABOLISM,COMPLEX:ALDH9A1,1
HALLMARK_GLYCOLYSIS,COMPLEX:ALDH9A1,1
HALLMARK_G2M_CHECKPOINT,COMPLEX:NUMA1,1
HALLMARK_MITOTIC_SPINDLE,COMPLEX:NUMA1,1
HALLMARK_KRAS_SIGNALING_UP,COMPLEX:ST6GAL1,1
HALLMARK_DNA_REPAIR,COMPLEX:PRIM1,1
HALLMARK_MTORC1_SIGNALING,COMPLEX:CD9,1
HALLMARK_CHOLESTEROL_HOMEOSTASIS,COMPLEX:CD9,1
HALLMARK_COAGULATION,COMPLEX:CD9,1
HALLMARK_ESTROGEN_RESPONSE_LATE,COMPLEX:CD9,1
HALLMARK_IL6_JAK_STAT3_SIGNALING,COMPLEX:CD9,1
HALLMARK_G2M_CHECKPOINT,COMPLEX:RAD21_STAG1,1
HALLMARK_E2F_TARGETS,COMPLEX:RAD21_STAG1,1
HALLMARK_WNT_BETA_CATENIN_SIGNALING,COMPLEX:PTCH1,1
HALLMARK_HEDGEHOG_SIGNALING,COMPLEX:PTCH1,1
HALLMARK_IL2_STAT5_SIGNALING,COMPLEX:PTCH1,1
HALLMARK_ESTROGEN_RESPONSE_EARLY,COMPLEX:SLC1A1,1
HALLMARK_HEME_METABOLISM,COMPLEX:NEK7,1
HALLMARK_UV_RESPONSE_DN,COMPLEX:NEK7,1
HALLMARK_KRAS_SIGNALING_DN,COMPLEX:TG,1
HALLMARK_BILE_ACID_METABOLISM,COMPLEX:NUDT12,1
HALLMARK_MYOGENESIS,COMPLEX:COL6A3,1
HALLMARK_EPITHELIAL_MESENCHYMAL_TRANSITION,COMPLEX:COL6A3,1
HALLMARK_GLYCOLYSIS,COMPLEX:FUT8,1
HALLMARK_DNA_REPAIR,COMPLEX:ERCC5,1
HALLMARK_P53_PATHWAY,COMPLEX:ERCC5,1
HALLMARK_E2F_TARGETS,COMPLEX:RAN_XPO1,1
HALLMARK_MYC_TARGETS_V1,COMPLEX:RAN_XPO1,1
HALLMARK_ADIPOGENESIS,COMPLEX:ADIPOQ,1
HALLMARK_APICAL_JUNCTION,COMPLEX:NEGR1,1
HALLMARK_TNFA_SIGNALING_VIA_NFKB,COMPLEX:FOSB,1
HALLMARK_UV_RESPONSE_UP,COMPLEX:FOSB,1
HALLMARK_MITOTIC_SPINDLE,COMPLEX:TUBGCP2_TUBGCP3,1
HALLMARK_XENOBIOTIC_METABOLISM,COMPLEX:APOE,1
HALLMARK_ADIPOGENESIS,COMPLEX:APOE,1
HALLMARK_ALLOGRAFT_REJECTION,COMPLEX:CXCL13,1
HALLMARK_IL6_JAK_STAT3_SIGNALING,COMPLEX:CXCL13,1
HALLMARK_ADIPOGENESIS,COMPLEX:DGAT1,1
HALLMARK_UV_RESPONSE_UP,COMPLEX:DGAT1,1
HALLMARK_HEME_METABOLISM,COMPLEX:RAD23A,1
HALLMARK_INFLAMMATORY_RESPONSE,COMPLEX:GABBR1,1
HALLMARK_SPERMATOGENESIS,COMPLEX:SEPTIN4,1
HALLMARK_IL2_STAT5_SIGNALING,COMPLEX:ENPP1,1
HALLMARK_ANDROGEN_RESPONSE,COMPLEX:PA2G4,1
HALLMARK_MYC_TARGETS_V2,COMPLEX:PA2G4,1
HALLMARK_MYC_TARGETS_V1,COMPLEX:PA2G4,1
HALLMARK_E2F_TARGETS,COMPLEX:PA2G4,1
HALLMARK_ADIPOGENESIS,COMPLEX:LPL,1
HALLMARK_CHOLESTEROL_HOMEOSTASIS,COMPLEX:LPL,1
HALLMARK_ANGIOGENESIS,COMPLEX:LPL,1
HALLMARK_ALLOGRAFT_REJECTION,COMPLEX:ICOSLG,1
HALLMARK_INFLAMMATORY_RESPONSE,COMPLEX:ICOSLG,1
HALLMARK_TNFA_SIGNALING_VIA_NFKB,COMPLEX:ICOSLG,1
HALLMARK_MITOTIC_SPINDLE,COMPLEX:BCL2L11,1
HALLMARK_UV_RESPONSE_UP,COMPLEX:BCL2L11,1
HALLMARK_APOPTOSIS,COMPLEX:BCL2L11,1
HALLMARK_NOTCH_SIGNALING,COMPLEX:DTX2,1
HALLMARK_ESTROGEN_RESPONSE_EARLY,COMPLEX:GAB2_SFN,1
HALLMARK_P53_PATHWAY,COMPLEX:JUN_SFN,1
HALLMARK_NOTCH_SIGNALING,COMPLEX:DTX1,1
HALLMARK_G2M_CHECKPOINT,COMPLEX:CDC7_DBF4_MCM2,1
HALLMARK_E2F_TARGETS,COMPLEX:PAICS,1
HALLMARK_PI3K_AKT_MTOR_SIGNALING,COMPLEX:SFN_SMAD2,1
HALLMARK_ESTROGEN_RESPONSE_LATE,COMPLEX:KIF20A,1
HALLMARK_GLYCOLYSIS,COMPLEX:KIF20A,1
HALLMARK_P53_PATHWAY,COMPLEX:MDM2_SFN,1
HALLMARK_MITOTIC_SPINDLE,COMPLEX:SASS6,1
HALLMARK_MYC_TARGETS_V1,COMPLEX:SMARCC1,1
HALLMARK_G2M_CHECKPOINT,COMPLEX:SMARCC1,1
HALLMARK_PEROXISOME,COMPLEX:SMARCC1,1
HALLMARK_DNA_REPAIR,COMPLEX:AK3,1
HALLMARK_GLYCOLYSIS,COMPLEX:AK3,1
HALLMARK_ANDROGEN_RESPONSE,COMPLEX:NDRG1,1
HALLMARK_IL2_STAT5_SIGNALING,COMPLEX:NDRG1,1
HALLMARK_HYPOXIA,COMPLEX:NDRG1,1
HALLMARK_P53_PATHWAY,COMPLEX:NDRG1,1
HALLMARK_UNFOLDED_PROTEIN_RESPONSE,COMPLEX:H2AX,1
HALLMARK_G2M_CHECKPOINT,COMPLEX:H2AX,1
HALLMARK_E2F_TARGETS,COMPLEX:H2AX,1
HALLMARK_UV_RESPONSE_UP,COMPLEX:H2AX,1
HALLMARK_INTERFERON_GAMMA_RESPONSE,COMPLEX:PTPN2,1
HALLMARK_IL6_JAK_STAT3_SIGNALING,COMPLEX:PTPN2,1
HALLMARK_HEME_METABOLISM,COMPLEX:SYNJ1,1
HALLMARK_E2F_TARGETS,COMPLEX:DCLRE1B,1
HALLMARK_MYOGENESIS,COMPLEX:ACTN2_MYOZ1,1
HALLMARK_PEROXISOME,COMPLEX:CRABP1,1
HALLMARK_TGF_BETA_SIGNALING,COMPLEX:BMP2_NOG,1
HALLMARK_MITOTIC_SPINDLE,COMPLEX:KLC1,1
HALLMARK_PI3K_AKT_MTOR_SIGNALING,COMPLEX:PIN1_SFN,1
HALLMARK_MTORC1_SIGNALING,COMPLEX:HSPD1,1
HALLMARK_MYC_TARGETS_V1,COMPLEX:HSPD1,1
HALLMARK_MYC_TARGETS_V2,COMPLEX:HSPD1,1
HALLMARK_PROTEIN_SECRETION,COMPLEX:CLTC,1
HALLMARK_PI3K_AKT_MTOR_SIGNALING,COMPLEX:CLTC,1
HALLMARK_KRAS_SIGNALING_DN,COMPLEX:SLC16A7,1
HALLMARK_MYC_TARGETS_V1,COMPLEX:YWHAE,1
HALLMARK_MITOTIC_SPINDLE,COMPLEX:YWHAE,1
HALLMARK_P53_PATHWAY,COMPLEX:SLC3A2_SLC7A11,1
HALLMARK_KRAS_SIGNALING_DN,COMPLEX:KCNQ2,1
HALLMARK_GLYCOLYSIS,COMPLEX:ABCB6,1
HALLMARK_HEME_METABOLISM,COMPLEX:ABCB6,1
HALLMARK_DNA_REPAIR,COMPLEX:GTF2H1_POLR2F,1
HALLMARK_ALLOGRAFT_REJECTION,COMPLEX:GBP2,1
HALLMARK_INTERFERON_ALPHA_RESPONSE,COMPLEX:GBP2,1
HALLMARK_PROTEIN_SECRETION,COMPLEX:GNAS,1
HALLMARK_MTORC1_SIGNALING,COMPLEX:RAB1A,1
HALLMARK_XENOBIOTIC_METABOLISM,COMPLEX:BLVRB,1
HALLMARK_HEME_METABOLISM,COMPLEX:BLVRB,1
HALLMARK_ESTROGEN_RESPONSE_LATE,COMPLEX:BLVRB,1
HALLMARK_ESTROGEN_RESPONSE_EARLY,COMPLEX:BLVRB,1
HALLMARK_KRAS_SIGNALING_DN,COMPLEX:YBX2,1
HALLMARK_SPERMATOGENESIS,COMPLEX:YBX2,1
HALLMARK_UV_RESPONSE_DN,COMPLEX:GJA1,1
HALLMARK_EPITHELIAL_MESENCHYMAL_TRANSITION,COMPLEX:GJA1,1
HALLMARK_ESTROGEN_RESPONSE_EARLY,COMPLEX:GJA1,1
HALLMARK_ALLOGRAFT_REJECTION,COMPLEX:IRF4,1
HALLMARK_INTERFERON_GAMMA_RESPONSE,COMPLEX:IRF4,1
HALLMARK_IL2_STAT5_SIGNALING,COMPLEX:IRF4,1
HALLMARK_ALLOGRAFT_REJECTION,COMPLEX:LY75,1
HALLMARK_ANDROGEN_RESPONSE,COMPLEX:XRCC5,1
HALLMARK_PI3K_AKT_MTOR_SIGNALING,COMPLEX:PIKFYVE,1
HALLMARK_ANDROGEN_RESPONSE,COMPLEX:KRT8,1
HALLMARK_ESTROGEN_RESPONSE_EARLY,COMPLEX:KRT8,1
HALLMARK_ADIPOGENESIS,COMPLEX:SPARCL1,1
HALLMARK_KRAS_SIGNALING_UP,COMPLEX:SPARCL1,1
HALLMARK_XENOBIOTIC_METABOLISM,COMPLEX:ACP1,1
HALLMARK_MYC_TARGETS_V1,COMPLEX:ACP1,1
HALLMARK_IL6_JAK_STAT3_SIGNALING,COMPLEX:TNF_TNFRSF1A,1
HALLMARK_INTERFERON_ALPHA_RESPONSE,COMPLEX:SAMD9,1
HALLMARK_REACTIVE_OXYGEN_SPECIES_PATHWAY,COMPLEX:GPX4,1
HALLMARK_OXIDATIVE_PHOSPHORYLATION,COMPLEX:GPX4,1
HALLMARK_ADIPOGENESIS,COMPLEX:GPX4,1
HALLMARK_DNA_REPAIR,COMPLEX:GPX4,1
HALLMARK_IL2_STAT5_SIGNALING,COMPLEX:GPX4,1
HALLMARK_APOPTOSIS,COMPLEX:GPX4,1
HALLMARK_APICAL_JUNCTION,COMPLEX:ALOX15B,1
HALLMARK_P53_PATHWAY,COMPLEX:ALOX15B,1
HALLMARK_MYC_TARGETS_V1,COMPLEX:CCNA2,1
HALLMARK_G2M_CHECKPOINT,COMPLEX:CCNA2,1
HALLMARK_E2F_TARGETS,COMPLEX:DCTPP1,1
HALLMARK_MYC_TARGETS_V2,COMPLEX:DCTPP1,1
HALLMARK_BILE_ACID_METABOLISM,COMPLEX:SOAT2,1
HALLMARK_MYC_TARGETS_V1,COMPLEX:KPNA2_TARDBP,1
HALLMARK_EPITHELIAL_MESENCHYMAL_TRANSITION,COMPLEX:FN1_ITGA5_ITGB1,1
HALLMARK_GLYCOLYSIS,COMPLEX:PMM2,1
HALLMARK_ANDROGEN_RESPONSE,COMPLEX:STK39,1
HALLMARK_INTERFERON_ALPHA_RESPONSE,COMPLEX:NCOA7,1
HALLMARK_XENOBIOTIC_METABOLISM,COMPLEX:AOX1,1
HALLMARK_HYPOXIA,COMPLEX:TMEM45A,1
HALLMARK_PI3K_AKT_MTOR_SIGNALING,COMPLEX:CDKN1B_SFN,1
HALLMARK_XENOBIOTIC_METABOLISM,COMPLEX:ABHD6,1
HALLMARK_ALLOGRAFT_REJECTION,COMPLEX:IL9,1
HALLMARK_MYOGENESIS,COMPLEX:GAA,1
HALLMARK_HYPOXIA,COMPLEX:GAA,1
HALLMARK_MTORC1_SIGNALING,COMPLEX:SLC1A4,1
HALLMARK_UNFOLDED_PROTEIN_RESPONSE,COMPLEX:SLC1A4,1
HALLMARK_ESTROGEN_RESPONSE_LATE,COMPLEX:SLC1A4,1
HALLMARK_ESTROGEN_RESPONSE_EARLY,COMPLEX:SLC1A4,1
HALLMARK_KRAS_SIGNALING_DN,COMPLEX:GP2,1
HALLMARK_UV_RESPONSE_DN,COMPLEX:ANXA2_PTEN,1
HALLMARK_HEME_METABOLISM,COMPLEX:RBM5,1
HALLMARK_ESTROGEN_RESPONSE_EARLY,COMPLEX:DEPTOR,1
HALLMARK_P53_PATHWAY,COMPLEX:FUCA1,1
HALLMARK_KRAS_SIGNALING_UP,COMPLEX:FUCA1,1
HALLMARK_EPITHELIAL_MESENCHYMAL_TRANSITION,COMPLEX:FUCA1,1
HALLMARK_MYC_TARGETS_V1,COMPLEX:SRPK1,1
HALLMARK_HYPOXIA,COMPLEX:NR3C1_PPARGC1A,1
HALLMARK_MITOTIC_SPINDLE,COMPLEX:CENPJ,1
HALLMARK_MYOGENESIS,COMPLEX:PPP1R3C,1
HALLMARK_HYPOXIA,COMPLEX:PPP1R3C,1
HALLMARK_DNA_REPAIR,COMPLEX:LIG1_PCNA,1
HALLMARK_E2F_TARGETS,COMPLEX:LIG1_PCNA,1
HALLMARK_DNA_REPAIR,COMPLEX:FEN1_LIG1_PCNA,1
HALLMARK_MITOTIC_SPINDLE,COMPLEX:MID1,1
HALLMARK_HEME_METABOLISM,COMPLEX:TRIM10,1
HALLMARK_ESTROGEN_RESPONSE_LATE,COMPLEX:STIL,1
HALLMARK_G2M_CHECKPOINT,COMPLEX:STIL,1
HALLMARK_OXIDATIVE_PHOSPHORYLATION,COMPLEX:MDH1,1
HALLMARK_FATTY_ACID_METABOLISM,COMPLEX:MDH1,1
HALLMARK_GLYCOLYSIS,COMPLEX:MDH1,1
HALLMARK_APICAL_JUNCTION,COMPLEX:ACTA1_VAV2,1
HALLMARK_BILE_ACID_METABOLISM,COMPLEX:ABCD1,1
HALLMARK_PEROXISOME,COMPLEX:ABCD1,1
HALLMARK_DNA_REPAIR,COMPLEX:ADA,1
HALLMARK_P53_PATHWAY,COMPLEX:ADA,1
HALLMARK_ALLOGRAFT_REJECTION,COMPLEX:IL2RB,1
HALLMARK_APICAL_SURFACE,COMPLEX:IL2RB,1
HALLMARK_INTERFERON_GAMMA_RESPONSE,COMPLEX:IL2RB,1
HALLMARK_IL2_STAT5_SIGNALING,COMPLEX:IL2RB,1
HALLMARK_INFLAMMATORY_RESPONSE,COMPLEX:IL2RB,1
HALLMARK_XENOBIOTIC_METABOLISM,COMPLEX:KYNU,1
HALLMARK_TNFA_SIGNALING_VIA_NFKB,COMPLEX:KYNU,1
HALLMARK_COMPLEMENT,COMPLEX:KYNU,1
HALLMARK_INTERFERON_GAMMA_RESPONSE,COMPLEX:ISG15,1
HALLMARK_INTERFERON_ALPHA_RESPONSE,COMPLEX:ISG15,1
HALLMARK_MYC_TARGETS_V1,COMPLEX:FBL,1
HALLMARK_APICAL_JUNCTION,COMPLEX:CD99,1
HALLMARK_G2M_CHECKPOINT,COMPLEX:ARID4A_RBL1,1
HALLMARK_G2M_CHECKPOINT,COMPLEX:RBL1,1
HALLMARK_ALLOGRAFT_REJECTION,COMPLEX:CCL19,1
HALLMARK_UNFOLDED_PROTEIN_RESPONSE,COMPLEX:SEC31A,1
HALLMARK_PROTEIN_SECRETION,COMPLEX:SEC31A,1
HALLMARK_ESTROGEN_RESPONSE_EARLY,COMPLEX:CELSR1,1
HALLMARK_HEDGEHOG_SIGNALING,COMPLEX:CELSR1,1
HALLMARK_PANCREAS_BETA_CELLS,COMPLEX:GCK,1
HALLMARK_HYPOXIA,COMPLEX:GCK,1
HALLMARK_COMPLEMENT,COMPLEX:F10_F2_F5,1
HALLMARK_OXIDATIVE_PHOSPHORYLATION,COMPLEX:CYB5R3,1
HALLMARK_ALLOGRAFT_REJECTION,COMPLEX:TAPBP,1
HALLMARK_INTERFERON_GAMMA_RESPONSE,COMPLEX:TAPBP,1
HALLMARK_INFLAMMATORY_RESPONSE,COMPLEX:TAPBP,1
HALLMARK_HEME_METABOLISM,COMPLEX:EPB42_SLC4A1,1
HALLMARK_HEME_METABOLISM,COMPLEX:ANK1_EPB42_SLC4A1,1
HALLMARK_KRAS_SIGNALING_DN,COMPLEX:PTPRJ,1
HALLMARK_ALLOGRAFT_REJECTION,COMPLEX:ACVR2A_INHBA,1
HALLMARK_INFLAMMATORY_RESPONSE,COMPLEX:ACVR2A_INHBA,1
HALLMARK_COAGULATION,COMPLEX:MEP1A,1
HALLMARK_INFLAMMATORY_RESPONSE,COMPLEX:MEP1A,1
HALLMARK_KRAS_SIGNALING_DN,COMPLEX:COQ8A,1
HALLMARK_P53_PATHWAY,COMPLEX:COQ8A,1
HALLMARK_MYOGENESIS,COMPLEX:LARGE1,1
HALLMARK_ESTROGEN_RESPONSE_LATE,COMPLEX:LARGE1,1
HALLMARK_HYPOXIA,COMPLEX:LARGE1,1
HALLMARK_ALLOGRAFT_REJECTION,COMPLEX:FGR,1
HALLMARK_HEME_METABOLISM,COMPLEX:GYPA_SLC4A1,1
HALLMARK_HEME_METABOLISM,COMPLEX:ANK1_RHAG_RHCE,1
HALLMARK_HEME_METABOLISM,COMPLEX:ANK1_SLC4A1,1
HALLMARK_HEME_METABOLISM,COMPLEX:ANK1_EPB42_GYPA_RHAG_RHCE_SLC4A1,1
HALLMARK_G2M_CHECKPOINT,COMPLEX:ARID4A,1
HALLMARK_OXIDATIVE_PHOSPHORYLATION,COMPLEX:ABCB7,1
HALLMARK_G2M_CHECKPOINT,COMPLEX:SS18,1
HALLMARK_ALLOGRAFT_REJECTION,COMPLEX:CD28,1
HALLMARK_PI3K_AKT_MTOR_SIGNALING,COMPLEX:HRAS_MAPKAP1,1
HALLMARK_OXIDATIVE_PHOSPHORYLATION,COMPLEX:OGDH,1
HALLMARK_MYOGENESIS,COMPLEX:MEF2D,1
HALLMARK_UV_RESPONSE_DN,COMPLEX:FZD2,1
HALLMARK_SPERMATOGENESIS,COMPLEX:CLPB,1
HALLMARK_ANDROGEN_RESPONSE,COMPLEX:SLC26A2,1
HALLMARK_ESTROGEN_RESPONSE_LATE,COMPLEX:SLC26A2,1
HALLMARK_ESTROGEN_RESPONSE_EARLY,COMPLEX:SLC26A2,1
HALLMARK_KRAS_SIGNALING_DN,COMPLEX:SLC12A3,1
HALLMARK_ESTROGEN_RESPONSE_EARLY,COMPLEX:FCMR,1
HALLMARK_BILE_ACID_METABOLISM,COMPLEX:PEX13,1
HALLMARK_PEROXISOME,COMPLEX:PEX13,1
HALLMARK_INFLAMMATORY_RESPONSE,COMPLEX:ROS1,1
HALLMARK_EPITHELIAL_MESENCHYMAL_TRANSITION,COMPLEX:PRSS2,1
HALLMARK_TNFA_SIGNALING_VIA_NFKB,COMPLEX:PTX3,1
HALLMARK_EPITHELIAL_MESENCHYMAL_TRANSITION,COMPLEX:PTX3,1
HALLMARK_E2F_TARGETS,COMPLEX:MRE11_NBN,1
HALLMARK_INTERFERON_GAMMA_RESPONSE,COMPLEX:RBCK1,1
HALLMARK_GLYCOLYSIS,COMPLEX:RBCK1,1
HALLMARK_HEME_METABOLISM,COMPLEX:GYPA_GYPB_RHAG_RHCE_SLC4A1,1
HALLMARK_HEME_METABOLISM,COMPLEX:ANK1_EPB42_GYPA_GYPB_RHAG_RHCE_SLC4A1,1
HALLMARK_HEME_METABOLISM,COMPLEX:RHAG_RHCE,1
HALLMARK_ANDROGEN_RESPONSE,COMPLEX:HPGD,1
HALLMARK_FATTY_ACID_METABOLISM,COMPLEX:HPGD,1
HALLMARK_INFLAMMATORY_RESPONSE,COMPLEX:BEST1,1
HALLMARK_GLYCOLYSIS,COMPLEX:COPB2,1
HALLMARK_PROTEIN_SECRETION,COMPLEX:COPB2,1
HALLMARK_IL2_STAT5_SIGNALING,COMPLEX:LRRC8C,1
HALLMARK_MITOTIC_SPINDLE,COMPLEX:DYNC1H1_PAFAH1B1,1
HALLMARK_XENOBIOTIC_METABOLISM,COMPLEX:SAR1B,1
HALLMARK_ALLOGRAFT_REJECTION,COMPLEX:CD3E,1
HALLMARK_CHOLESTEROL_HOMEOSTASIS,COMPLEX:ANTXR2,1
HALLMARK_APICAL_JUNCTION,COMPLEX:NLGN2,1
HALLMARK_UV_RESPONSE_UP,COMPLEX:CCK,1
HALLMARK_IL2_STAT5_SIGNALING,COMPLEX:PENK,1
HALLMARK_INFLAMMATORY_RESPONSE,COMPLEX:IL18R1_IL18RAP,1
HALLMARK_ALLOGRAFT_REJECTION,COMPLEX:IL2RA_IL2RB_IL2RG,1
HALLMARK_IL6_JAK_STAT3_SIGNALING,COMPLEX:IL13RA1_IL4R,1
HALLMARK_KRAS_SIGNALING_DN,COMPLEX:OXT,1
HALLMARK_SPERMATOGENESIS,COMPLEX:ADCYAP1,1
HALLMARK_INFLAMMATORY_RESPONSE,COMPLEX:VIP,1
HALLMARK_PANCREAS_BETA_CELLS,COMPLEX:SST,1
HALLMARK_OXIDATIVE_PHOSPHORYLATION,COMPLEX:ACADVL_ATP5F1B_ATP5F1D_ATP5ME_ATP5MG_ATP5PB_ATP5PD_ATP5PO,1
HALLMARK_ANDROGEN_RESPONSE,COMPLEX:HSD17B14_SORD,1
HALLMARK_MTORC1_SIGNALING,COMPLEX:CANX_HSP90B1,1
HALLMARK_MYOGENESIS,COMPLEX:MYH3_MYH4_MYH7,1
HALLMARK_OXIDATIVE_PHOSPHORYLATION,COMPLEX:ETFB_LDHA,1
HALLMARK_FATTY_ACID_METABOLISM,COMPLEX:ACO2_MDH2,1
HALLMARK_ADIPOGENESIS,COMPLEX:ACO2_MDH2,1
HALLMARK_OXIDATIVE_PHOSPHORYLATION,COMPLEX:ACO2_MDH2,1
HALLMARK_DNA_REPAIR,COMPLEX:POLA1_POLA2_PRIM1,1
HALLMARK_FATTY_ACID_METABOLISM,COMPLEX:CPT2_HSDL2,1
HALLMARK_INTERFERON_GAMMA_RESPONSE,COMPLEX:IFIT3_ISG15,1
HALLMARK_INTERFERON_ALPHA_RESPONSE,COMPLEX:IFIT3_ISG15,1
HALLMARK_EPITHELIAL_MESENCHYMAL_TRANSITION,COMPLEX:COL5A1_COL8A2,1
HALLMARK_OXIDATIVE_PHOSPHORYLATION,COMPLEX:AFG3L2_PHB2,1
HALLMARK_OXIDATIVE_PHOSPHORYLATION,COMPLEX:SLC25A20_SLC25A6,1
HALLMARK_OXIDATIVE_PHOSPHORYLATION,COMPLEX:ATP5ME_ATP5MG_ATP5PB_ATP5PD_ATP5PO,1
HALLMARK_E2F_TARGETS,COMPLEX:GINS4_TIMELESS_TIPIN,1
HALLMARK_OXIDATIVE_PHOSPHORYLATION,COMPLEX:ATP6V1F_ATP6V1G1,1
HALLMARK_OXIDATIVE_PHOSPHORYLATION,COMPLEX:NDUFA5_NDUFB6_NDUFB8_NDUFS2_NDUFS3,1
HALLMARK_OXIDATIVE_PHOSPHORYLATION,COMPLEX:ATP5F1D_ATP5F1E_ATP5MF_ATP5PF,1
HALLMARK_E2F_TARGETS,COMPLEX:DNMT1_MCM5,1
HALLMARK_FATTY_ACID_METABOLISM,COMPLEX:CBR1_CBR3,1
HALLMARK_OXIDATIVE_PHOSPHORYLATION,COMPLEX:ATP5ME_ATP5MG_ATP5PD_ATP5PO,1
HALLMARK_DNA_REPAIR,COMPLEX:POLR1H_POLR2H_POLR2K,1
HALLMARK_COAGULATION,COMPLEX:MMP10_MMP3,1
HALLMARK_OXIDATIVE_PHOSPHORYLATION,COMPLEX:NDUFA5_NDUFB1_NDUFS2_NDUFS8,1
HALLMARK_GLYCOLYSIS,COMPLEX:ME1_PMM2,1
HALLMARK_UV_RESPONSE_UP,COMPLEX:ICAM1_NAT1,1
HALLMARK_OXIDATIVE_PHOSPHORYLATION,COMPLEX:CYC1_UQCRC1_UQCRFS1,1
HALLMARK_OXIDATIVE_PHOSPHORYLATION,COMPLEX:COX17_COX6B1,1
HALLMARK_OXIDATIVE_PHOSPHORYLATION,COMPLEX:COX7A2L_UQCRB_UQCRC1,1
HALLMARK_GLYCOLYSIS,COMPLEX:ENO1_TPI1,1
HALLMARK_HYPOXIA,COMPLEX:ENO1_TPI1,1
HALLMARK_MTORC1_SIGNALING,COMPLEX:ENO1_TPI1,1
HALLMARK_WNT_BETA_CATENIN_SIGNALING,COMPLEX:MAML1_RBPJ,1
HALLMARK_E2F_TARGETS,COMPLEX:MSH2_RPA1_RPA2,1
HALLMARK_PROTEIN_SECRETION,COMPLEX:SCAMP1_SCAMP3,1
HALLMARK_MYOGENESIS,COMPLEX:TNNI1_TPM2,1
HALLMARK_OXIDATIVE_PHOSPHORYLATION,COMPLEX:ATP5F1E_ATP5PF,1
HALLMARK_UNFOLDED_PROTEIN_RESPONSE,COMPLEX:EIF4A1_EIF4A2_EIF4G1,1
HALLMARK_OXIDATIVE_PHOSPHORYLATION,COMPLEX:ATP5F1D_ATP5F1E_ATP5PF,1
HALLMARK_OXIDATIVE_PHOSPHORYLATION,COMPLEX:ATP5F1A_ATP5F1C_ATP5F1D_SLC25A3_SLC25A4_SLC25A5,1
HALLMARK_FATTY_ACID_METABOLISM,COMPLEX:DECR1_HSD17B4,1
HALLMARK_OXIDATIVE_PHOSPHORYLATION,COMPLEX:NDUFA5_NDUFB8_NDUFS2_NDUFS3_NDUFS8,1
HALLMARK_E2F_TARGETS,COMPLEX:DONSON_NASP,1
HALLMARK_OXIDATIVE_PHOSPHORYLATION,COMPLEX:CYC1_UQCRB_UQCRC1_UQCRFS1,1
HALLMARK_PROTEIN_SECRETION,COMPLEX:NAPA_NAPG_STX16,1
HALLMARK_E2F_TARGETS,COMPLEX:POLE_POLE4,1
HALLMARK_FATTY_ACID_METABOLISM,COMPLEX:ECH1_ECI2,1
HALLMARK_PEROXISOME,COMPLEX:ECH1_ECI2,1
HALLMARK_PI3K_AKT_MTOR_SIGNALING,COMPLEX:MAP2K3_MAP2K6,1
HALLMARK_HYPOXIA,COMPLEX:ENO3_GAPDH_PGK1_TPI1,1
HALLMARK_HYPOXIA,COMPLEX:GRHPR_PRDX5,1
HALLMARK_OXIDATIVE_PHOSPHORYLATION,COMPLEX:NDUFA9_NDUFB6_NDUFS3,1
HALLMARK_OXIDATIVE_PHOSPHORYLATION,COMPLEX:NDUFA8_NDUFB8_NDUFS4,1
HALLMARK_HYPOXIA,COMPLEX:ENO2_ENO3,1
HALLMARK_FATTY_ACID_METABOLISM,COMPLEX:ENO2_ENO3,1
HALLMARK_PROTEIN_SECRETION,COMPLEX:BET1_NAPA_STX16,1
HALLMARK_OXIDATIVE_PHOSPHORYLATION,COMPLEX:ATP5ME_ATP5MG_ATP5PD,1
HALLMARK_OXIDATIVE_PHOSPHORYLATION,COMPLEX:UQCR10_UQCRH,1
HALLMARK_OXIDATIVE_PHOSPHORYLATION,COMPLEX:CYC1_UQCRFS1,1
HALLMARK_HEDGEHOG_SIGNALING,COMPLEX:HEY1_HEY2,1
HALLMARK_WNT_BETA_CATENIN_SIGNALING,COMPLEX:HEY1_HEY2,1
HALLMARK_CHOLESTEROL_HOMEOSTASIS,COMPLEX:ACSS2_MVD,1
HALLMARK_GLYCOLYSIS,COMPLEX:ENO1_ENO2,1
HALLMARK_HYPOXIA,COMPLEX:ENO1_ENO2,1
HALLMARK_PROTEIN_SECRETION,COMPLEX:NAPA_STX16,1
HALLMARK_FATTY_ACID_METABOLISM,COMPLEX:ALDH3A2_CPT1A,1
HALLMARK_G2M_CHECKPOINT,COMPLEX:ATRX_CUL4A_TMPO,1
HALLMARK_MYOGENESIS,COMPLEX:ACTN2_MYH1,1
HALLMARK_HYPOXIA,COMPLEX:NDST1_NDST2,1
HALLMARK_GLYCOLYSIS,COMPLEX:GLRX_GOT2,1
HALLMARK_HYPOXIA,COMPLEX:GAPDH_PGK1,1
HALLMARK_MTORC1_SIGNALING,COMPLEX:GAPDH_PGK1,1
HALLMARK_OXIDATIVE_PHOSPHORYLATION,COMPLEX:IDH3A_IDH3B_IDH3G_SUCLA2,1
HALLMARK_OXIDATIVE_PHOSPHORYLATION,COMPLEX:ACO2_IDH3A_IDH3B_IDH3G,1
HALLMARK_HYPOXIA,COMPLEX:P4HA1_P4HA2,1
HALLMARK_GLYCOLYSIS,COMPLEX:P4HA1_P4HA2,1
HALLMARK_MYOGENESIS,COMPLEX:MYH3_MYH7,1
HALLMARK_MYC_TARGETS_V1,COMPLEX:EIF4A1_EIF4G2,1
HALLMARK_ALLOGRAFT_REJECTION,COMPLEX:TLR1_TLR6,1
HALLMARK_COMPLEMENT,COMPLEX:CASP4_CASP5,1
HALLMARK_OXIDATIVE_PHOSPHORYLATION,COMPLEX:ATP5F1A_ATP5F1B_ATP5F1C_ATP5F1D_ATP5ME_ATP5MG_ATP5PB_ATP5PD_ATP5PF_ATP5PO,1
HALLMARK_G2M_CHECKPOINT,COMPLEX:MEIS1_MEIS2,1
HALLMARK_EPITHELIAL_MESENCHYMAL_TRANSITION,COMPLEX:THBS1_THBS2,1
HALLMARK_ESTROGEN_RESPONSE_LATE,COMPLEX:ALDH3B1,1
HALLMARK_ESTROGEN_RESPONSE_EARLY,COMPLEX:ALDH3B1,1
HALLMARK_INTERFERON_GAMMA_RESPONSE,COMPLEX:HERC6_UBE2L6,1
HALLMARK_INTERFERON_ALPHA_RESPONSE,COMPLEX:HERC6_UBE2L6,1
HALLMARK_UNFOLDED_PROTEIN_RESPONSE,COMPLEX:TUBB2A,1
HALLMARK_TNFA_SIGNALING_VIA_NFKB,COMPLEX:TUBB2A,1
HALLMARK_HYPOXIA,COMPLEX:PFKL_PFKP_UGP2,1
HALLMARK_PROTEIN_SECRETION,COMPLEX:BET1_NAPA,1
HALLMARK_ADIPOGENESIS,COMPLEX:ECHS1_TALDO1,1
HALLMARK_TGF_BETA_SIGNALING,COMPLEX:SMURF1_SMURF2,1
HALLMARK_E2F_TARGETS,COMPLEX:MCM2_MCM4_MCM6,1
HALLMARK_MYC_TARGETS_V1,COMPLEX:MCM2_MCM4_MCM6,1
HALLMARK_ALLOGRAFT_REJECTION,COMPLEX:TAP1_TAP2,1
HALLMARK_OXIDATIVE_PHOSPHORYLATION,COMPLEX:DLST_OGDH,1
HALLMARK_UNFOLDED_PROTEIN_RESPONSE,COMPLEX:EXOSC2_EXOSC4,1
HALLMARK_HYPOXIA,COMPLEX:PFKL_PFKP,1
HALLMARK_MYC_TARGETS_V1,COMPLEX:HNRNPA2B1_HNRNPA3,1
HALLMARK_DNA_REPAIR,COMPLEX:POLR2A_POLR2C_POLR2D_POLR2G,1
HALLMARK_COAGULATION,COMPLEX:F11_TMPRSS6,1
HALLMARK_APICAL_JUNCTION,COMPLEX:CDH11_CDH8,1
HALLMARK_IL2_STAT5_SIGNALING,COMPLEX:MYO1C_MYO1E,1
HALLMARK_OXIDATIVE_PHOSPHORYLATION,COMPLEX:NDUFA7_NDUFS6,1
HALLMARK_UNFOLDED_PROTEIN_RESPONSE,COMPLEX:HSP90B1_HSPA5_HYOU1_PDIA6,1
HALLMARK_HEME_METABOLISM,COMPLEX:ADD1_ADD2,1
HALLMARK_TNFA_SIGNALING_VIA_NFKB,COMPLEX:FOSB_JUNB,1
HALLMARK_UV_RESPONSE_UP,COMPLEX:FOSB_JUNB,1
HALLMARK_DNA_REPAIR,COMPLEX:POM121,1
HALLMARK_P53_PATHWAY,COMPLEX:POM121,1
HALLMARK_APICAL_JUNCTION,COMPLEX:NECTIN1_NECTIN3,1
HALLMARK_MTORC1_SIGNALING,COMPLEX:ALDOA_ENO1_YKT6,1
HALLMARK_DNA_REPAIR,COMPLEX:POLR1C_POLR1D_POLR2H,1
HALLMARK_OXIDATIVE_PHOSPHORYLATION,COMPLEX:ATP5F1A_ATP5F1B,1
HALLMARK_OXIDATIVE_PHOSPHORYLATION,COMPLEX:ATP5F1C_ATP5MG_ATP5PO,1
HALLMARK_COMPLEMENT,COMPLEX:CTSS_IRF2,1
HALLMARK_ESTROGEN_RESPONSE_EARLY,COMPLEX:ADCY9_AREG,1
HALLMARK_COMPLEMENT,COMPLEX:CPM,1
HALLMARK_MYC_TARGETS_V2,COMPLEX:DDX18_NIP7_NOP2,1
HALLMARK_OXIDATIVE_PHOSPHORYLATION,COMPLEX:ATP5F1A_ATP5F1B_ATP5F1C_ATP5F1D_ATP5F1E_ATP5ME_ATP5MF_ATP5MG_ATP5PB_ATP5PD_ATP5PF_ATP5PO,1
HALLMARK_INTERFERON_GAMMA_RESPONSE,COMPLEX:USP18,1
HALLMARK_INTERFERON_ALPHA_RESPONSE,COMPLEX:USP18,1
HALLMARK_OXIDATIVE_PHOSPHORYLATION,COMPLEX:ATP5PB_ATP5PD_ATP5PO,1
HALLMARK_E2F_TARGETS,COMPLEX:GINS3_GINS4_TIMELESS_TIPIN,1
HALLMARK_E2F_TARGETS,COMPLEX:RPA1_RPA2,1
HALLMARK_MYC_TARGETS_V2,COMPLEX:NIP7_NOP2,1
HALLMARK_MYC_TARGETS_V1,COMPLEX:ERH_SRM,1
HALLMARK_FATTY_ACID_METABOLISM,COMPLEX:SUCLA2_SUCLG1_SUCLG2,1
HALLMARK_UNFOLDED_PROTEIN_RESPONSE,COMPLEX:HYOU1_PDIA6,1
HALLMARK_MYOGENESIS,COMPLEX:FKBP1B_TAGLN,1
HALLMARK_APICAL_JUNCTION,COMPLEX:CDH11_CDH8_CTNND1,1
HALLMARK_KRAS_SIGNALING_DN,COMPLEX:ATP4A_KLK8,1
HALLMARK_BILE_ACID_METABOLISM,COMPLEX:PEX13_PEX7,1
HALLMARK_E2F_TARGETS,COMPLEX:MCM3_MCM5_MCM7,1
HALLMARK_APICAL_JUNCTION,COMPLEX:MYH10_MYH9,1
HALLMARK_MITOTIC_SPINDLE,COMPLEX:MYH10_MYH9,1
HALLMARK_FATTY_ACID_METABOLISM,COMPLEX:ALDH3A1_ALDH3A2,1
HALLMARK_OXIDATIVE_PHOSPHORYLATION,COMPLEX:COX6B1_COX7A2,1
HALLMARK_OXIDATIVE_PHOSPHORYLATION,COMPLEX:ATP5F1C_UQCRC2,1
HALLMARK_OXIDATIVE_PHOSPHORYLATION,COMPLEX:NDUFA2_NDUFS1_NDUFV2,1
HALLMARK_E2F_TARGETS,COMPLEX:CDK4_CDKN2A,1
HALLMARK_FATTY_ACID_METABOLISM,COMPLEX:CYP4A11_CYP4A22,1
HALLMARK_UNFOLDED_PROTEIN_RESPONSE,COMPLEX:HSP90B1_HSPA5,1
HALLMARK_MTORC1_SIGNALING,COMPLEX:HSP90B1_HSPA5,1
HALLMARK_DNA_REPAIR,COMPLEX:CDA_USP11,1
HALLMARK_MYC_TARGETS_V2,COMPLEX:GNL3_MYBBP1A_NOP56,1
HALLMARK_HYPOXIA,COMPLEX:HK1_HK2,1
HALLMARK_OXIDATIVE_PHOSPHORYLATION,COMPLEX:CYC1_UQCRH,1
HALLMARK_DNA_REPAIR,COMPLEX:NELFB_NELFE,1
HALLMARK_OXIDATIVE_PHOSPHORYLATION,COMPLEX:CYC1_UQCR10_UQCRH,1
HALLMARK_COMPLEMENT,COMPLEX:DOCK10_DOCK9,1
HALLMARK_MYC_TARGETS_V1,COMPLEX:PABPC1_PABPC4,1
HALLMARK_GLYCOLYSIS,COMPLEX:CHST4_CHST6,1
HALLMARK_EPITHELIAL_MESENCHYMAL_TRANSITION,COMPLEX:COL4A1_PLOD1,1
HALLMARK_DNA_REPAIR,COMPLEX:POLR2F_POLR2K,1
HALLMARK_OXIDATIVE_PHOSPHORYLATION,COMPLEX:ATP5F1A_ATP5F1B_ATP5F1D_ATP5ME_ATP5MG_ATP5PB_ATP5PD_ATP5PF_ATP5PO,1
HALLMARK_E2F_TARGETS,COMPLEX:RAN_RANBP1,1
HALLMARK_MYC_TARGETS_V1,COMPLEX:RAN_RANBP1,1
HALLMARK_MTORC1_SIGNALING,COMPLEX:MTHFD2_MTHFD2L,1
HALLMARK_COMPLEMENT,COMPLEX:DGKH,1
HALLMARK_DNA_REPAIR,COMPLEX:NME3_NME4,1
HALLMARK_MYOGENESIS,COMPLEX:MYL3_MYL4,1
HALLMARK_EPITHELIAL_MESENCHYMAL_TRANSITION,COMPLEX:EDIL3_ITGB5,1
HALLMARK_FATTY_ACID_METABOLISM,COMPLEX:ACSL5_HSD17B10,1
HALLMARK_OXIDATIVE_PHOSPHORYLATION,COMPLEX:SLC25A3_SLC25A5_UQCRC2,1
HALLMARK_ADIPOGENESIS,COMPLEX:PTGER3,1
HALLMARK_ESTROGEN_RESPONSE_LATE,COMPLEX:PTGER3,1
HALLMARK_OXIDATIVE_PHOSPHORYLATION,COMPLEX:NDUFA1_NDUFA8,1
HALLMARK_MYC_TARGETS_V1,COMPLEX:HDGF_YWHAE,1
HALLMARK_MYC_TARGETS_V2,COMPLEX:GNL3_MYBBP1A,1
HALLMARK_OXIDATIVE_PHOSPHORYLATION,COMPLEX:ATP5F1C_SLC25A4_UQCRC2,1
HALLMARK_MYC_TARGETS_V1,COMPLEX:SNRPA1_SNRPD1,1
HALLMARK_MYOGENESIS,COMPLEX:MYH3_MYH7_TPM2,1
HALLMARK_MITOTIC_SPINDLE,COMPLEX:AURKA_CEP192,1
HALLMARK_UNFOLDED_PROTEIN_RESPONSE,COMPLEX:DCP1A_DCP2_EDC4,1
HALLMARK_GLYCOLYSIS,COMPLEX:ENO2_RPE,1
HALLMARK_INFLAMMATORY_RESPONSE,COMPLEX:NFKBIA_RELA,1
HALLMARK_TNFA_SIGNALING_VIA_NFKB,COMPLEX:NFKBIA_RELA,1
HALLMARK_PROTEIN_SECRETION,COMPLEX:CLTA_CLTC,1
HALLMARK_COMPLEMENT,COMPLEX:C2_CD55,1
HALLMARK_MYC_TARGETS_V1,COMPLEX:RAD23B_TARDBP,1
HALLMARK_APOPTOSIS,COMPLEX:ERBB2_ERBB3,1
HALLMARK_IL6_JAK_STAT3_SIGNALING,COMPLEX:CNTFR_IL6ST,1
HALLMARK_MITOTIC_SPINDLE,COMPLEX:CLASP1_CLIP2,1
HALLMARK_COAGULATION,COMPLEX:CFH_CFI,1
HALLMARK_DNA_REPAIR,COMPLEX:ERCC2_ERCC3,1
HALLMARK_ESTROGEN_RESPONSE_LATE,COMPLEX:JAK1_JAK2,1
HALLMARK_WNT_BETA_CATENIN_SIGNALING,COMPLEX:DVL2_FRAT1,1
HALLMARK_COMPLEMENT,COMPLEX:C1QA_C1R_C1S,1
HALLMARK_COAGULATION,COMPLEX:C1QA_C1R_C1S,1
HALLMARK_UV_RESPONSE_DN,COMPLEX:PPARG_RXRA,1
HALLMARK_E2F_TARGETS,COMPLEX:KIF18B_KIF2C,1
HALLMARK_MYOGENESIS,COMPLEX:AGL_PYGM,1
HALLMARK_OXIDATIVE_PHOSPHORYLATION,COMPLEX:SLC25A6_VDAC1,1
HALLMARK_G2M_CHECKPOINT,COMPLEX:BUB1_CENPF,1
HALLMARK_MITOTIC_SPINDLE,COMPLEX:BUB1_CENPF,1
HALLMARK_MITOTIC_SPINDLE,COMPLEX:CLASP1_CLIP1,1
HALLMARK_FATTY_ACID_METABOLISM,COMPLEX:ECHS1_HADH,1
HALLMARK_ADIPOGENESIS,COMPLEX:ECHS1_HADH,1
HALLMARK_PI3K_AKT_MTOR_SIGNALING,COMPLEX:RIPK1_TRAF2,1
HALLMARK_COAGULATION,COMPLEX:F8_VWF,1
HALLMARK_COMPLEMENT,COMPLEX:C1QC_C1R_C1S,1
HALLMARK_GLYCOLYSIS,COMPLEX:AGL_PYGB,1
HALLMARK_APICAL_JUNCTION,COMPLEX:ACTN1_VCL,1
HALLMARK_GLYCOLYSIS,COMPLEX:AGL_PYGL,1
HALLMARK_COMPLEMENT,COMPLEX:CD55_CR1,1
HALLMARK_OXIDATIVE_PHOSPHORYLATION,COMPLEX:IDH1_IDH2_IDH3A_IDH3B_IDH3G,1
HALLMARK_INTERFERON_GAMMA_RESPONSE,COMPLEX:STAT1_STAT2,1
HALLMARK_IL6_JAK_STAT3_SIGNALING,COMPLEX:STAT1_STAT2,1
HALLMARK_TGF_BETA_SIGNALING,COMPLEX:ACVR1_TGFBR1,1
HALLMARK_INTERFERON_GAMMA_RESPONSE,COMPLEX:IL15RA_IL2RB,1
HALLMARK_INFLAMMATORY_RESPONSE,COMPLEX:IL15RA_IL2RB,1
HALLMARK_APICAL_JUNCTION,COMPLEX:ITGB1_VCAM1,1
HALLMARK_EPITHELIAL_MESENCHYMAL_TRANSITION,COMPLEX:ITGB1_VCAM1,1
HALLMARK_INTERFERON_GAMMA_RESPONSE,COMPLEX:ITGB7_VCAM1,1
HALLMARK_IL6_JAK_STAT3_SIGNALING,COMPLEX:LTB_LTBR,1
HALLMARK_HEDGEHOG_SIGNALING,COMPLEX:NRP1_NRP2,1
HALLMARK_E2F_TARGETS,COMPLEX:PRKDC_XRCC6,1
HALLMARK_WNT_BETA_CATENIN_SIGNALING,COMPLEX:NCOR2_RBPJ,1
HALLMARK_G2M_CHECKPOINT,COMPLEX:E2F4_SMAD3,1
HALLMARK_P53_PATHWAY,COMPLEX:CDKN2A_MDM2,1
HALLMARK_INFLAMMATORY_RESPONSE,COMPLEX:TNFRSF1B_TNFSF10,1
HALLMARK_IL2_STAT5_SIGNALING,COMPLEX:TNFRSF1B_TNFSF10,1
HALLMARK_INTERFERON_GAMMA_RESPONSE,COMPLEX:NOD1_RIPK2,1
