source,target,mor
Androgen,TMPRSS2,11.4906307374
Androgen,NKX3-1,10.6225511027
Androgen,MBOAT2,10.4727329721
Androgen,KLK2,10.176185878
Androgen,SARG,11.3868523945
Androgen,SLC38A4,7.36380493768
Androgen,MTMR9,6.13064559946
Androgen,ZBTB16,10.6144369438
Androgen,KCNN2,9.4731988889
Androgen,OPRK1,-5.62607353634
Androgen,ADAM7,3.11174530687
Androgen,ABCC4,9.37428478112
Androgen,MYBPC1,4.60857869284
Androgen,EAF2,6.94490738852
Androgen,KLK3,14.6068407674
Androgen,OTULINL,7.7082177175
Androgen,PEX10,5.74946026182
Androgen,SI,-5.79500307445
Androgen,SNAI2,19.8215089854
Androgen,CAMKK2,3.73954403123
Androgen,BMPR1B,4.63408450531
Androgen,F5,6.087825897
Androgen,LIFR,8.6125146918
Androgen,MAK,5.31367285271
Androgen,GNMT,5.67263863695
Androgen,MPC2,5.88831328709
Androgen,CTNNA2,3.86912654352
Androgen,CLDN8,7.82616312833
Androgen,LRRFIP2,4.14418717192
Androgen,LRRC31,-5.18102258915
Androgen,LPAR3,5.84827847574
Androgen,SLC15A2,5.13992665138
Androgen,ELL2,6.5675774538
Androgen,IGF1R,5.01152202997
Androgen,DNM1L,4.18867959332
Androgen,LRIG1,6.62607205612
Androgen,SLITRK3,-3.32064361336
Androgen,KCNMA1,3.54241990608
Androgen,NPPC,4.04611571241
Androgen,ELK4,2.73317183336
Androgen,MRPS18A,3.92493588807
Androgen,CBLL1,5.32543758834
Androgen,AFF3,2.48009244085
Androgen,SGK1,12.8168418138
Androgen,STK39,6.93412462041
Androgen,PMEPA1,10.9989122239
Androgen,MALT1,6.66978209415
Androgen,CDK8,-4.29086828336
Androgen,CROT,4.35830672292
Androgen,PGC,4.7496332151
Androgen,STEAP4,9.19433931111
Androgen,NSMAF,3.28454451793
Androgen,GPR63,-3.22759309882
Androgen,TLL1,-2.46391807731
Androgen,MAF,5.86387138398
Androgen,DHCR24,6.84300840294
Androgen,FRK,4.70024893522
Androgen,CENPN,8.49101673326
Androgen,SORD,5.77756578443
Androgen,IQGAP2,5.12448342846
Androgen,MPHOSPH9,5.10619862739
Androgen,HOXC13,-3.63425580489
Androgen,CHRNA2,3.3317016194
Androgen,CTBP1,-2.89217188229
Androgen,KLF15,2.83253408437
Androgen,ACSL3,8.25821358567
Androgen,TPD52,4.54571137515
Androgen,SPDEF,3.75095128457
Androgen,FZD5,4.68661955181
Androgen,GRIK1,-1.64651345517
Androgen,CSGALNACT1,6.84603443294
Androgen,DNASE2B,3.01132858824
Androgen,PHF8,1.86964493558
Androgen,ARHGEF26,5.31107976025
Androgen,UAP1,7.62235942884
Androgen,ECI2,4.26810222296
Androgen,ADPRM,4.13348871896
Androgen,GRHL2,4.29572486397
Androgen,ENDOD1,6.51615227021
Androgen,NCAPD3,8.44090141153
Androgen,AZGP1,5.81835009695
Androgen,ACP3,-3.01472809845
Androgen,TSPAN3,-3.04694823602
Androgen,IGF1,2.68011765402
Androgen,PDE9A,2.90020939568
Androgen,SYTL2,-5.38953615735
Androgen,PPP2CB,2.35261800325
Androgen,MYNN,-2.91880437202
Androgen,RAB3B,4.39309957965
Androgen,SEC14L2,4.38852738911
Androgen,PSMD8,3.65732836091
Androgen,UBE2J1,3.76002103397
Androgen,FUT8,-4.40595359044
Androgen,PAK1IP1,7.6919315634
Androgen,MANEA,-4.00414637037
Androgen,GCG,-2.17133592689
Androgen,SELENOP,6.33678058131
Androgen,TRPM8,3.83541868895
Androgen,SCAP,2.92921089044
Androgen,MCCC2,2.80800480204
Androgen,NNMT,6.09032697311
Androgen,GREB1,5.56495649091
Androgen,ABHD2,5.229518364
Androgen,PNLIP,2.44136328553
Androgen,MAPK6,3.24653513246
Androgen,TNFAIP8,6.83059409493
Androgen,TMEM38B,-4.13283619758
Androgen,KALRN,-1.18918847198
Androgen,MPZL1,2.503403837
Androgen,ZBTB10,4.66305998722
Androgen,COLEC12,-3.87535587493
Androgen,DENND1B,-3.51973011425
Androgen,TRIM45,-2.4815293526
Androgen,RAB27A,4.18865850226
Androgen,GRB10,-4.89075851789
Androgen,AKAP5,2.36868028532
Androgen,SNRK,-2.28589368592
Androgen,KLK15,1.28276459453
Androgen,SAYSD1,-1.61029533463
Androgen,TRIM36,3.33793117497
Androgen,ORC5,3.28469858407
Androgen,PLA2G5,1.60273782257
Androgen,CHKA,3.74431578374
Androgen,ABCC1,3.44972478714
Androgen,PPP1CB,3.35835556015
Androgen,BARD1,-4.80969112827
Androgen,HEBP2,2.81694520151
Androgen,OLA1,2.33763911297
Androgen,TENM1,2.37952949137
Androgen,GALNT10,-2.97199575307
Androgen,CREBZF,-1.84097927528
Androgen,INPP4B,4.80451897788
Androgen,MAN1A1,-6.21456367095
Androgen,RARB,2.7037332567
Androgen,SLC43A1,4.03557670537
Androgen,PPFIBP2,2.94436167377
Androgen,ST6GALNAC5,-2.39871940096
Androgen,PCTP,3.41095116797
Androgen,PITX1,-2.68040248873
Androgen,IRS2,6.85366315869
Androgen,MYRIP,-3.01545080602
Androgen,FECH,2.56997936462
Androgen,SOCS2,4.66149336276
Androgen,MYCBP2,2.53763323677
Androgen,SLC35F2,4.53735066489
Androgen,MAPRE2,-1.92481153106
Androgen,TULP4,-3.19079944336
Androgen,ATP1A1,2.77926385092
Androgen,SEC24D,2.95807251287
Androgen,PTPN21,2.06260525556
Androgen,KCND2,2.76909126593
Androgen,TRPS1,-3.76135107079
Androgen,FICD,3.21752457891
Androgen,ZNF613,1.74072240514
Androgen,PFKFB2,1.89195656962
Androgen,TIPARP,8.33235975736
Androgen,EFCAB11,-1.68724970775
Androgen,CNGB3,1.07824343485
Androgen,ZBTB43,-3.14677333308
Androgen,SLC16A6,6.47193846835
Androgen,ATMIN,2.74457562546
Androgen,SPRYD7,2.27908159478
Androgen,NEDD4L,3.64754064957
Androgen,INSL5,-1.38488146249
Androgen,DBI,5.25429582369
Androgen,MAP9,3.21986327804
Androgen,DNAJB9,4.90128301361
Androgen,LIN7B,2.01617513997
Androgen,MID1,-3.30355895531
Androgen,PRKCH,3.08552297923
Androgen,LONRF1,2.31269620134
Androgen,NT5DC3,3.00507292311
Androgen,INTS8,-2.77270714922
Androgen,DIO1,-3.05812302105
Androgen,WNT7B,2.72154168855
Androgen,FAM110B,2.69257628281
Androgen,TUT7,2.48455310046
Androgen,HPGD,7.53897406539
Androgen,AMIGO2,-8.63080529272
Androgen,CPEB3,2.40572209123
Androgen,TAPT1,-1.42027667075
Androgen,CARTPT,1.18448677234
Androgen,TGM3,-1.80271650331
Androgen,ZBBX,-1.67411043802
Androgen,EFHC2,-1.70612091232
Androgen,TEX2,3.29953815655
Androgen,MTOR,1.5902665705
Androgen,ACSM1,1.1669406865
Androgen,ABCG2,-4.0165473862
Androgen,DCAF6,2.66396654933
Androgen,APOF,-1.30792748615
Androgen,SPTLC3,-2.80921636126
Androgen,BBX,2.96983477776
Androgen,LCP1,3.69256277711
Androgen,SLC19A2,5.2802632482
Androgen,DEGS1,5.09409858841
Androgen,LTN1,-2.45145984002
Androgen,STK17B,3.69386229774
Androgen,SEC24B,2.81452395167
Androgen,ACACA,2.29560033323
Androgen,SSR1,2.21951608034
Androgen,PARVA,2.05191252043
Androgen,GNAI1,3.33506333071
Androgen,PNMA1,3.46477927765
Androgen,GCFC2,3.10998663403
Androgen,GUCY1A1,2.68468055138
Androgen,SLC12A6,-2.69364780416
Androgen,CNGA1,-1.62093538099
Androgen,BMERB1,-2.08985897544
Androgen,ARHGAP6,1.78568950794
Androgen,APPBP2,2.98388803447
Androgen,MYLK,-3.09341914654
Androgen,FZD3,-2.98379494341
Androgen,MICU1,-2.34111100285
Androgen,TNFRSF10B,2.9047619247
Androgen,BCAP29,2.12459040854
Androgen,SERP1,2.07945113128
Androgen,SERPINI1,-3.49727417709
Androgen,EHF,3.17740626045
Androgen,ZNF350,1.93306551564
Androgen,LUZP2,-1.72833458159
Androgen,HOXB13,-2.19614292827
Androgen,CNKSR2,1.81552916332
Androgen,CHPT1,2.70747417305
Androgen,CYTH1,2.05235658595
Androgen,ADGRV1,-1.04444493964
Androgen,BCHE,-3.7747380705
Androgen,PTBP2,-2.01737422916
Androgen,MTMR2,2.13646736344
Androgen,HSD17B11,3.38981276512
Androgen,SPOCK1,4.06659802779
Androgen,PRR15L,3.8148997976
Androgen,GMPPA,1.81423577606
Androgen,ANKH,2.8727763393
Androgen,WDR44,1.65933530683
Androgen,RALB,-2.7136056361
Androgen,DGKH,-1.98986609522
Androgen,MAP7D1,2.53725242721
Androgen,ERP44,1.28062539593
Androgen,RNF43,-2.71153223536
Androgen,CCDC93,-1.70367008115
Androgen,RBFOX2,-1.41364504815
Androgen,KDELR2,2.30663488162
Androgen,LYVE1,5.51200140972
Androgen,ADAM22,-1.02603873533
Androgen,PKP4,-2.04715052488
Androgen,KLF5,5.16023531883
Androgen,ERN1,2.62980505762
Androgen,LPCAT4,-1.8180060553
Androgen,NDRG1,10.6219803008
Androgen,ATP11B,1.82642076165
Androgen,CREB3L2,2.1923341289
Androgen,HERPUD1,3.35136776356
Androgen,NAT1,4.36766134969
Androgen,SRP19,2.67846488051
Androgen,PLPPR1,-1.46434922314
Androgen,SYNJ1,2.07659998881
Androgen,GHR,4.77678266193
Androgen,HIPK2,2.87229300848
Androgen,TAOK3,2.08293403934
Androgen,NOVA1,-1.27304909761
Androgen,BMPR1A,2.36619063166
Androgen,DDX42,-1.7999277269
Androgen,ABCG1,-2.79240214286
Androgen,PRKCA,2.05003702997
Androgen,ZFHX3,1.59320191762
Androgen,NPC1,2.16840971584
Androgen,PRDX6,2.22400670798
Androgen,GPER1,-2.0719187497
Androgen,IL1R1,3.39643427486
Androgen,PDSS2,-0.9780308425
Androgen,EPB41L4B,1.34656840482
Androgen,GORASP2,1.92648208185
Androgen,GASK1B,-5.301028616
Androgen,MYH10,-2.59813156103
Androgen,PLPP2,-2.17133442791
Androgen,SLC20A2,-2.31873600468
Androgen,COBL,-2.28704554045
Androgen,PAK1,-1.93543786313
Androgen,TMEM47,3.5903229101
Androgen,CDC42EP3,4.79784377384
Androgen,ERGIC2,1.84324988036
Androgen,NDUFV1,-1.29549843003
Androgen,RNFT2,-1.86742520312
Androgen,TSPAN5,-2.38404860756
Androgen,SEMA6A,-2.61147346288
Androgen,SC5D,2.37507635146
Androgen,CAMK1D,-1.85267427864
Androgen,SLC44A1,-2.28323607657
Androgen,SAP30,1.91996836724
Androgen,REPS2,2.44558558873
Androgen,RREB1,0.910165100939
Androgen,LRCH1,1.95417863244
Androgen,THRB,2.04653988374
Androgen,STK3,-1.74725434012
Androgen,PTPRR,-3.4979980752
Androgen,SMPD2,2.00896147935
Androgen,UQCC1,-1.39363356804
Androgen,CLGN,3.62954455627
Androgen,PGM3,2.4241280143
Androgen,ACAD8,3.0277185672
Androgen,NKX3-2,1.76403636014
Androgen,SASH1,3.66820299125
Androgen,IFT57,1.94700381559
Androgen,PKNOX2,-1.32581044489
Androgen,ABCA12,-3.34489595237
Androgen,KCTD3,2.75470943233
Androgen,MANBA,-3.14232844368
Androgen,PTRH2,2.58174571209
Androgen,PPFIBP1,1.7948038176
Androgen,SLCO2A1,5.01610967418
Androgen,MYT1,-0.852577333297
Androgen,CYP11A1,1.36259409182
Androgen,COL5A2,-3.26048054969
Androgen,SLC5A1,-1.11726984812
Androgen,SH3D21,1.6012014506
Androgen,SH3BGRL,2.98099523532
Androgen,PATZ1,-1.32234957103
Androgen,CMC2,3.9173087043
Androgen,NFKBIA,5.74180310867
Androgen,GLRX2,3.39230202975
Androgen,RLN1,1.56340172333
Androgen,TMEM39A,1.56477586261
Androgen,MCTP1,-2.83604569655
Androgen,VCL,2.29361215586
Androgen,RNF2,1.26647233426
Androgen,ELOVL2,3.25766334433
Androgen,MACIR,-3.24537763906
Androgen,GARNL3,-0.888274764513
Androgen,ATXN2,1.70148300199
Androgen,UBE2E1,1.67457030253
Androgen,ALDH1A3,4.43114339872
Androgen,UBE2D1,1.90503417699
Androgen,CNTNAP2,1.26361818559
Androgen,RNF34,-1.67868098742
Androgen,HSPA1L,-1.2612516092
Androgen,SPATA2,1.51318119474
Androgen,OSR2,-4.56827905681
Androgen,FADS2,2.06872181242
Androgen,NFIB,2.30094541452
Androgen,HTATSF1,-1.79349420624
Androgen,ABCA1,-2.17659776811
Androgen,LAT2,1.31397922648
Androgen,GOLGA5,2.0963539887
Androgen,CRISP3,2.19948128157
Androgen,MTREX,-1.6185574943
Androgen,ADRA2A,2.14815091726
Androgen,FRYL,1.94557704994
Androgen,EDEM3,3.21369067855
Androgen,POU2F3,-1.20463967146
Androgen,ST3GAL1,-3.07196513259
Androgen,RADX,-1.29513404577
Androgen,RAP1B,-2.16653196987
Androgen,SSR3,2.73784886452
Androgen,LAMC1,2.47045097424
Androgen,GBF1,1.53913611544
Androgen,STYK1,2.16289852081
Androgen,DMRT1,-1.21509818562
Androgen,ARHGAP1,1.11078879561
Androgen,SLC25A37,2.27953485629
Androgen,COQ7,-1.35242134205
Androgen,USO1,1.91862489583
Androgen,OSBP,1.17202345622
Androgen,DSC1,1.81917593502
Androgen,PRPF6,-1.63688792209
Androgen,EXTL2,2.63858591092
Androgen,KIF5B,-2.02800457177
Androgen,FKBP11,2.00970146561
Androgen,SPCS3,2.37425422654
Androgen,PIK3R3,-2.79861738753
Androgen,AFG3L2,-1.29493902484
Androgen,PIK3C2A,1.77358859402
Androgen,MECOM,-1.07760781435
Androgen,NANS,1.74826042938
Androgen,GLE1,-1.05504455942
Androgen,DYM,1.39763637975
Androgen,OSGEP,-1.28470297932
Androgen,SART3,-1.37017391415
Androgen,ZNF532,2.26921353171
Androgen,RNF14,1.84071340457
Androgen,WDR41,1.29572675635
Androgen,ANP32E,-2.97005547531
Androgen,ABI3BP,2.82200625333
Androgen,DNAAF11,-1.34379469162
Androgen,KLHL36,1.35341328677
Androgen,CAND1,-1.18626061903
Androgen,MEAF6,1.52925940301
Androgen,SCYL3,-2.23392489312
Androgen,CAB39L,1.82075154211
Androgen,DLG2,1.22239699487
Androgen,HUS1,1.29157024604
Androgen,KLHL29,1.01163069907
Androgen,LGALS8,-1.91440180951
Androgen,ENC1,-4.18510928668
Androgen,SWAP70,-1.83178578403
Androgen,POLR1F,2.04836033177
Androgen,WLS,-2.95958326649
Androgen,DERL1,1.29350036111
Androgen,RNF41,1.67079192985
Androgen,ANGPT2,2.11156114607
Androgen,ZNF652,2.90515742379
Androgen,ATP2B1,-3.85982677056
Androgen,ZNF589,1.26681980464
Androgen,SEC24A,2.50857888978
Androgen,TRIM33,1.58914729298
Androgen,MAOA,3.4302033137
Androgen,NEK1,-1.53574939549
Androgen,NSDHL,2.17067766992
Androgen,HNRNPH1,-1.56529679109
Androgen,REEP1,-2.64175533295
Androgen,MOGAT2,0.871803222852
Androgen,SSR2,1.68625946996
Androgen,ADPGK,1.32114077473
Androgen,PELI2,-1.72686778639
Androgen,COQ6,-1.29203960713
Androgen,CD2AP,1.61934708626
Androgen,CAP2,2.12070642668
Androgen,PDS5B,1.252724399
Androgen,ADGRB2,-1.36787265021
Androgen,EXTL3,-1.12969869198
Androgen,LASP1,-2.18529807928
Androgen,MICAL2,2.40406590059
Androgen,OSBPL8,2.04790607767
Androgen,FLOT2,-1.53015357928
Androgen,TBC1D4,3.08707216089
Androgen,ITGAV,2.94299097459
Androgen,NCBP2,-1.42867473033
Androgen,CSNK1G3,1.46793301305
Androgen,FBXW2,1.16803375055
Androgen,DNAJC10,1.96290478864
Androgen,ATP8A1,-1.671390289
Androgen,RGS10,-1.6670708804
Androgen,FFAR2,-2.37564689974
Androgen,HFE,-1.04039616653
Androgen,TBC1D8,3.76201874154
Androgen,BBS4,1.89324943451
Androgen,ZBTB1,1.95299855577
Androgen,ABITRAM,1.55815600382
Androgen,LIMCH1,2.60616794397
Androgen,EVC,-0.919400897505
Androgen,REXO2,-1.79135638657
Androgen,PLA2G2A,-2.63034197809
Androgen,TMEM131L,-2.01299325497
Androgen,CALU,2.26890236835
Androgen,WWP1,2.35337668169
Androgen,TXLNGY,1.05398910945
Androgen,TDP1,-1.55964295371
Androgen,COPB1,1.37259053398
Androgen,MCPH1,1.02159524333
Androgen,IL20RA,1.25559386223
Androgen,M6PR,-1.94361893877
Androgen,PCNX2,1.06710295147
Androgen,ZFYVE16,1.68422968036
Androgen,BAMBI,-5.31086204799
Androgen,PIGH,1.59607512026
Androgen,FDFT1,2.52991946893
Androgen,TMEM106C,-2.0675965848
Androgen,KCNS3,-2.80847494041
Androgen,KMT5A,1.80941173448
Androgen,KCNJ3,-1.18024335711
Androgen,C1orf115,-1.53731981919
Androgen,SRGAP3,-1.02827623635
Androgen,FAM107A,0.965037839864
Androgen,HERC1,-1.27596977763
Androgen,TRIM24,1.08049131343
Androgen,RGS17,-2.46073888849
Androgen,THUMPD1,1.83558275843
Androgen,MARCHF5,1.58873271431
Androgen,RAP2B,-1.94428427368
Androgen,BAZ1B,-0.97929072399
Androgen,CTC1,-0.997145712573
Androgen,CCNK,1.37338320053
Androgen,TEK,0.978002988939
Androgen,DPP4,2.01413723404
Androgen,FASN,1.87435617765
Androgen,MAGI1,-0.84517476793
Androgen,HDAC1,-1.81626173602
Androgen,NET1,-3.02582828947
Androgen,TMEM132A,-1.19770420348
Androgen,ACADL,0.875078928933
Androgen,DEPTOR,-2.70606496499
Androgen,TSPAN15,-1.88944098815
Androgen,HMGCR,3.84362241775
Androgen,KDM5A,-1.51454600267
Androgen,ATP6V1H,-1.08603409244
Androgen,DCTN1,-1.27396024399
Androgen,TSPAN9,-0.931832320894
Androgen,SPINT2,-1.57358081456
Androgen,CDC42BPA,1.09837671553
Androgen,TG,1.00747757915
Androgen,NTAQ1,2.02195689009
Androgen,TNFRSF21,-4.09961156742
Androgen,NAB1,-1.77573067281
Androgen,CRYM,1.51677492486
Androgen,EHMT2,-1.02186388128
Androgen,TMED10,1.57260682742
Androgen,NONO,-1.41260829622
Androgen,HNRNPM,-1.26711788496
Androgen,R3HCC1L,-1.24343311022
Androgen,SSX2IP,1.73801373325
EGFR,LZTFL1,-1.87387692925296
EGFR,PHLDA2,3.50513834140141
EGFR,DUSP6,12.629312588446
EGFR,DUSP5,7.94303950699731
EGFR,PHLDA1,6.61962612874247
EGFR,CRIPT,-2.04493786986832
EGFR,DUSP4,6.96717967147409
EGFR,EPHA2,5.41118410206543
EGFR,MCCC1,-2.17032352979398
EGFR,HAS3,2.92373776511949
EGFR,VAV3,-3.38648503621611
EGFR,FOSL1,7.64782979533842
EGFR,SENP7,-2.11034378289699
EGFR,BZW1,2.74615194948898
EGFR,EGR4,2.95307638542232
EGFR,POT1,-1.83330085840256
EGFR,LAMC2,3.92011572340227
EGFR,ATG2B,-1.64558044699328
EGFR,NR1D2,-3.08327244867749
EGFR,LARP7,-0.91707745578243
EGFR,MYO1A,0.994778119514043
EGFR,GOLPH3L,-2.7415248706061
EGFR,KIAA1522,-2.50694146733729
EGFR,ADORA1,1.26781000839001
EGFR,RABGAP1,-1.26940025889934
EGFR,SYF2,-1.40763575246807
EGFR,BBIP1,-1.18431895823292
EGFR,PCMTD2,-2.19537544632596
EGFR,CHRNA10,0.689980899769992
EGFR,MARF1,-2.29846851744686
EGFR,RETREG3,-2.12231778440029
EGFR,PNP,4.64361994164597
EGFR,ATXN3,-1.27427867376912
EGFR,ETFDH,-1.66845875498315
EGFR,SPOCD1,4.29568940121941
EGFR,NBR1,-1.99720336416486
EGFR,TRIB1,3.91779438327681
EGFR,ELF2,-1.34292870001263
EGFR,PLEK2,3.43925696360287
EGFR,CLDN8,-2.01870784848733
EGFR,ZNF224,-1.39730985547392
EGFR,CBARP,0.979442478621881
EGFR,RNF146,-2.17082116400212
EGFR,EAPP,-2.23989973033089
EGFR,BSDC1,-1.26936896809616
EGFR,RAB33B,-1.78364281596369
EGFR,MBTPS1,-1.40660137547869
EGFR,MDFI,1.16010907259944
EGFR,KCNF1,1.57587573013671
EGFR,RBM48,-1.05377423830237
EGFR,KLHDC2,-3.59392965455908
EGFR,AEN,2.98740289742821
EGFR,PWP2,1.17248838378621
EGFR,DYNC2LI1,-1.43023860195831
EGFR,CCDC28A,-3.1018147713204
EGFR,EFHC1,-2.03460366013141
EGFR,XRCC3,1.48795707507058
EGFR,SPATA2L,1.75649766839173
EGFR,SLC45A3,1.9024389018056
EGFR,WDR19,-1.49378942406405
EGFR,TRH,0.771964661380765
EGFR,TMEM59,-1.8640664265804
EGFR,CEPT1,-0.994593734124264
EGFR,ZNF75D,-1.31581947344587
EGFR,TUBB4B,4.08451020763625
EGFR,HMOX2,1.71963797256777
EGFR,ODC1,4.67855082896383
EGFR,EXD3,0.779924513470947
EGFR,RCOR3,-1.67077239348084
EGFR,ZNF350,-1.26350006747404
EGFR,DCAF13,1.43423295705024
EGFR,N4BP2L2,-1.59401464603044
EGFR,AJUBA,-3.19326466262031
EGFR,MMUT,-1.6908695700559
EGFR,CFL1,1.32924547866267
EGFR,GPR75,1.03703951529263
EGFR,TRIM52,-2.01216033190721
EGFR,ZNF451,-1.05600688074436
EGFR,GRAMD1C,-2.79709199268972
EGFR,C2CD5,-1.93904307015901
EGFR,ZNF571,-1.903966941986
EGFR,ZBED8,-3.11684877428265
EGFR,PTHLH,3.6139766530131
EGFR,CARF,-1.60128408140437
EGFR,SH2D5,2.43213297611948
EGFR,ZSCAN31,-3.10009170888316
EGFR,MYEOV,1.72663243437403
EGFR,PNISR,-1.59538804318438
EGFR,TTC33,-1.38440898157233
EGFR,DSPP,2.35038711269519
EGFR,ANAPC16,-1.82101835805423
EGFR,EGR3,6.27141550111319
EGFR,FOXN3,-1.67954301259901
EGFR,PEX1,-1.66166240906158
EGFR,TOMM34,1.80597879298749
EGFR,ABHD18,-1.2730325781368
EGFR,NPNT,-1.87135596634344
EGFR,SUDS3,-2.19531961765194
EGFR,GABARAPL1,-2.95964345352502
EGFR,AUH,-2.19400351460581
EGFR,CDKN1B,-3.267665796592
EGFR,HACE1,-2.48946187528862
EGFR,TPM3,0.924111491743276
EGFR,RELT,2.29165301407767
EGFR,CREG1,-2.11342444878467
EGFR,GAL,2.16277575187849
EGFR,CD160,0.762055840881122
EGFR,ZBTB3,-1.41817297699195
EGFR,C11orf54,-2.59084283821753
EGFR,HOXC6,-2.42699297906554
EGFR,LIPG,3.61106578296836
EGFR,STX1A,1.69688783207693
EGFR,USP36,1.59254306774406
EGFR,ASB8,-1.43939751861541
EGFR,NNT,-1.50642252375561
EGFR,USP48,-0.987519609373232
EGFR,ALOXE3,1.87497320027495
EGFR,ZNHIT3,-1.29726914477624
EGFR,ZFP2,-1.11897580998605
EGFR,SLC20A1,5.14750431203341
EGFR,CDIPT,-1.67323908018066
EGFR,SEC14L2,1.38341251854441
EGFR,IFT80,-2.01172497620592
EGFR,CCDC6,-1.72081462051235
EGFR,CEP68,-1.6695548170153
EGFR,ZNF696,1.12281215571101
EGFR,ZBTB44,-1.78095048123958
EGFR,IER2,4.08664228744512
EGFR,MMP1,7.64875314135371
EGFR,TUBB6,3.1450664481421
EGFR,JRKL,-0.999424572438277
EGFR,RAB11FIP4,-1.05279481093966
EGFR,KLHL24,-3.62900281235616
EGFR,IFT74,-1.67376065446735
EGFR,KRT6A,2.62927167775161
EGFR,FAAH2,-1.7313225535791
EGFR,LRRC8E,0.947703934099901
EGFR,TRIM23,-1.69658182159265
EGFR,MAP3K14,1.98450624111606
EGFR,BICRAL,-2.015439951573
EGFR,MRPS14,-1.29715246155447
EGFR,YRDC,2.93469489053859
EGFR,RETREG2,-1.68468124309844
EGFR,ATG14,-2.36014716245379
EGFR,KLF2,1.74139184877378
EGFR,AREG,3.88796768844348
EGFR,ZNF302,-1.71508145000781
EGFR,STX19,-1.57552754818057
EGFR,IDI2,1.12795498906275
EGFR,SCPEP1,-1.58323143855314
EGFR,QSOX2,1.84153078807548
EGFR,XDH,1.89581209378246
EGFR,IER5,3.67213260178644
EGFR,OARD1,-1.73886702901442
EGFR,KPNA5,-1.46342489388258
EGFR,QRICH2,1.2178424836321
EGFR,ZFYVE26,-1.76479807550434
EGFR,CEP57,-1.85056629632952
EGFR,SLC16A4,-3.14613152240498
EGFR,ENPP5,-2.42433289834441
EGFR,TMEM260,-1.75110421158779
EGFR,PIN4,-0.909588221387686
EGFR,GRHL2,-1.41205081615092
EGFR,LRP8,3.65779892062933
EGFR,KIF16B,-1.36378800972249
EGFR,ABO,0.760367825537734
EGFR,MKRN1,-1.80341360196473
EGFR,FGFBP1,2.86522627103183
EGFR,RTN3,-1.48930459299293
EGFR,TSC1,-1.48399057274139
EGFR,C6orf141,2.37023910496811
EGFR,PBOV1,0.686485145051489
EGFR,TNFRSF10A,4.1929448404324
EGFR,HADHB,-1.64314292938907
EGFR,ARID4A,-2.15927116967603
EGFR,TUBB3,3.24976417820238
EGFR,GNPAT,-1.05555636862295
EGFR,ARID3B,1.48796990141943
EGFR,CDKL3,-0.80876662183836
EGFR,CLN3,-1.42052132606013
EGFR,RAB5B,-1.77231186374514
EGFR,GPRIN1,1.26996362871139
EGFR,MAT2B,-1.19291966681475
EGFR,KDM3B,-1.35865146252981
EGFR,CBR4,-1.60361314894399
EGFR,PBX1,-2.54321881935267
EGFR,TDRD1,-0.926148308274677
EGFR,PAPOLG,-1.11816987192496
EGFR,FBXL4,-1.66371983087662
EGFR,UPP1,3.72870929686619
EGFR,SGSM3,-0.899115203465622
EGFR,TMEM200A,4.06969327465056
EGFR,NIP7,3.00936271664867
EGFR,PIK3IP1,-1.95463117922193
EGFR,CCND1,4.79979292364611
EGFR,ABCA5,-1.81081978135144
EGFR,ERCC5,-1.81357961415637
EGFR,PAIP2B,-1.42612256654818
EGFR,C11orf71,-1.75443237790532
EGFR,PNPLA6,-1.44247768849221
EGFR,HECA,-1.356616048726
EGFR,SELENBP1,-2.89466888840959
EGFR,CCDC86,2.82515173834902
EGFR,STX7,-1.43534919097639
EGFR,CLCF1,2.60738049291498
EGFR,KAT6B,-1.22497172924193
EGFR,EFCAB7,-3.61050293971159
EGFR,CRYZL1,-1.18617423539729
EGFR,GTPBP4,2.5979399303562
EGFR,TNFRSF12A,4.46934054607673
EGFR,ZNF133,-1.11006394920679
EGFR,PPWD1,-1.15571550317739
EGFR,LDAH,-1.20720795433857
EGFR,UBE4B,-1.41088897105845
EGFR,COQ5,-2.35393782179036
EGFR,AFTPH,-1.31382948666571
EGFR,ITPKA,1.17786571152975
EGFR,LYAR,5.08514178510199
EGFR,ECH1,-1.76342002665602
EGFR,SLC35A1,-1.83218930814673
EGFR,C8orf44,-1.48996094533412
EGFR,ITGA2,4.50570867353904
EGFR,MED28,-0.87407614366196
EGFR,MALL,3.13931076382427
EGFR,ACTR6,-0.960893001607884
EGFR,IFT46,-1.09274778370532
EGFR,CDK19,-1.58603171745349
EGFR,TBC1D9,-1.54015242428512
EGFR,HBP1,-2.08649302003637
EGFR,PRSS16,-1.38769542910465
EGFR,FMO5,-1.25366168958306
EGFR,UBXN7,-1.76881611402005
EGFR,PCDHA2,0.796961951736811
EGFR,AMD1,2.59489257786837
EGFR,IFT20,-1.75913582533434
EGFR,SPRED2,1.97406825372329
EGFR,NUPR1,-4.32227199696172
EGFR,NMRK1,-1.60297053272896
EGFR,ZNF362,-1.01181006597835
EGFR,ARPC5L,1.88861979581376
EGFR,UBR2,-0.914040848544756
EGFR,ZBTB5,-1.42520757403092
EGFR,SPRY4,6.42624043924384
EGFR,ERMAP,-1.59623794312872
EGFR,CYP4B1,-1.92005359783734
EGFR,TUT1,1.09915893128366
EGFR,CCDC115,-2.39194813488355
EGFR,TOP1,2.82601632007095
EGFR,GEM,4.90481206782537
EGFR,FBXO3,-1.08094174808857
EGFR,TUBB2A,3.72866205605585
EGFR,RNF38,-1.44376486624062
EGFR,F2RL1,3.59752602977769
EGFR,CORO1C,1.85104316003731
EGFR,PIGN,-1.30712107685337
EGFR,SNX1,-0.926952801844203
EGFR,MAF1,-1.67299884336187
EGFR,NCK1,-1.12292098439196
EGFR,PUS10,-1.98218530552305
EGFR,MTUS1,-1.93653538139679
EGFR,WDR48,-1.14210973188794
EGFR,GJB3,1.30850189441313
EGFR,ST3GAL1,2.18978217747148
EGFR,LAMTOR3,-1.38747379349488
EGFR,SNX2,-1.18031608966079
EGFR,SPOP,-1.25687255617529
EGFR,TMEM139,-3.10396736697226
EGFR,MIA2,-1.0946453679606
EGFR,ZNF593,1.86396997899546
EGFR,STMN3,1.26388953275714
EGFR,ACTB,2.10611306153199
EGFR,NAB2,1.75469001609759
EGFR,CCDC27,0.931980715506223
EGFR,RNF20,-2.24424498773575
EGFR,PALS1,-1.55990447230817
EGFR,KIF13A,-1.31505683216066
EGFR,AKAP9,-1.29226740569268
EGFR,LYRM9,-1.31380253617271
EGFR,CACNG8,0.816285322935798
EGFR,OSCP1,-1.99210819670351
EGFR,PRMT2,-0.938770189382623
EGFR,ZNF436,-2.68487239603053
EGFR,RRP1,1.06710454034679
EGFR,PEX11A,-1.47003446224743
EGFR,TMEM254,-1.15386398832463
EGFR,SOAT2,0.773723037990798
EGFR,SAP18,-1.08738272279126
EGFR,MID1,-1.72747377069072
EGFR,FUT9,-0.710878367922919
EGFR,TMEM219,-1.65653493369297
EGFR,SMTN,1.86252006370019
EGFR,RWDD2A,-1.32421589219024
EGFR,DDX21,3.43778987572084
EGFR,NAA15,2.10026221634037
EGFR,KLF10,3.97733235898111
EGFR,ZNF345,-1.08083384932497
EGFR,GSTA4,-2.01525925960713
EGFR,EIF4E,1.38457799318149
EGFR,CATSPERB,-0.846782550822027
EGFR,SAT2,-2.55017718028993
EGFR,TRMT1L,-2.04759961991846
EGFR,YPEL1,-1.65264653124309
EGFR,PLAUR,3.47099423935445
EGFR,USP25,-1.14173698541002
EGFR,S100PBP,-1.29173142486885
EGFR,BMT2,-3.92713913620594
EGFR,EIF2AK1,-1.24041951965296
EGFR,POU2F3,-0.783079097251525
EGFR,OVOL2,-0.993232590125722
EGFR,BAZ2B,-2.58952984029685
EGFR,SPSB2,-2.86940360789786
EGFR,TSPO2,0.667892066816539
EGFR,TUBG1,2.75024051120333
EGFR,DMXL1,-1.72166453220172
EGFR,GABPA,-0.976544358547979
EGFR,SNX27,-0.954402601337941
EGFR,TMEM19,-1.29728241703681
EGFR,LRRC59,1.67687132503143
EGFR,TTMP,1.67796086028865
EGFR,ST13,-1.34982299413729
EGFR,ANKRD53,0.70352788045061
EGFR,DENND4C,-1.23387441398768
EGFR,PAN2,-1.6694261119397
EGFR,ATF2,-1.08915461320624
EGFR,BRD3,-1.1156518619155
EGFR,MPHOSPH8,-1.13548310989016
EGFR,TCOF1,1.57469930875669
EGFR,GATAD1,-1.07860916018131
EGFR,ZNF391,-0.80973472713367
EGFR,POU2AF3,-2.70208600337211
EGFR,METTL7B,3.0964882692604
EGFR,S100A16,3.98355453012771
EGFR,SPG11,-1.05133386384466
EGFR,KANSL1L,-1.25096307551202
EGFR,ATRN,-1.2646208677047
EGFR,ARC,2.66041241813413
EGFR,CLK4,-1.45238315884996
EGFR,MICAL2,1.79615729975727
EGFR,B3GNT3,1.0930950966326
EGFR,PRDX5,-2.08144384648017
EGFR,SLC35B3,-1.74546471649561
EGFR,ITGA6,2.35800841910832
EGFR,TMEM230,-1.37232812810524
EGFR,SMARCAL1,-1.05308957653785
EGFR,STX8,-0.800392513166531
EGFR,GALE,1.12704907732839
EGFR,SAYSD1,-0.609714916785267
EGFR,SLC35A5,-1.99800775916483
EGFR,SEC14L3,0.533104402867101
EGFR,SURF2,1.2992470534542
EGFR,COA5,-2.22413442385404
EGFR,SPHK1,3.26045368380905
EGFR,CLASP1,-1.08025990956627
EGFR,AFAP1L1,1.79269361878391
EGFR,MTERF4,-0.934785621674034
EGFR,GPX8,-3.09680818827857
EGFR,GNB1L,0.679334914103752
EGFR,PMPCB,-0.860494935727124
EGFR,SPRY2,5.36878642427053
EGFR,RHOV,-2.31341064774976
EGFR,NALF2,0.837155891845222
EGFR,JMJD4,0.871136825972899
EGFR,WFDC8,0.643885811528712
EGFR,DHX40,-2.00566331708209
EGFR,NCOA2,-1.26202282917181
EGFR,ZSCAN26,-1.41561120367256
EGFR,FXYD3,-2.58817996619829
EGFR,PUM1,-1.29354380612151
EGFR,ZFYVE1,-3.1370935830736
EGFR,SLCO4A1,2.59539297484522
EGFR,COX15,-1.02101352349791
EGFR,MGMT,-1.06293046114931
EGFR,FJX1,2.51238636650433
EGFR,VCL,1.2142180538008
EGFR,TBC1D8B,-1.32736290158173
EGFR,ZKSCAN4,-1.56871001806188
EGFR,SMPDL3A,-1.87221502541404
EGFR,VPS13C,-1.18470056529551
EGFR,POTEKP,1.07162651947276
EGFR,FOXO3,-1.8729719304942
EGFR,KIAA0319L,-1.26766734837157
EGFR,BDH2,-1.81977498473107
EGFR,OSBPL9,-1.6659830631508
EGFR,TUBA1B,2.62776140797758
EGFR,CRBN,-2.13217520571709
EGFR,EGR2,4.96240428298092
EGFR,PIGP,-1.55081668325643
EGFR,ARFGEF1,-1.27625305781611
EGFR,ZNF227,-1.56525197108943
EGFR,LAMP2,-1.6881042800953
EGFR,POLR1G,2.17382493585772
EGFR,PHKB,-1.23076729429836
EGFR,LMBRD1,-1.3230440014046
EGFR,RALBP1,-0.927547149589328
EGFR,UBE2NL,1.03374898378164
EGFR,SPATA31C2,0.82282196767955
EGFR,YPEL5,-3.21048358733246
EGFR,PAPSS1,-1.38658595041916
EGFR,SOX14,0.721246075758447
EGFR,USP30,-2.28718593076092
EGFR,FAM234A,-1.74042644033509
EGFR,TIA1,-1.4265668587272
EGFR,SFN,2.09494822553534
EGFR,MTA3,-1.43969347960709
EGFR,FMR1,-1.43011597064014
EGFR,FAM149B1,-1.01169501604092
EGFR,PTRH2,1.60915844577651
EGFR,FGFR2,-0.690533370040429
EGFR,HNRNPAB,3.11849444078996
EGFR,BCL6,-2.33081376446782
EGFR,NF2,1.06048734738675
EGFR,FBXO9,-0.971014068125594
EGFR,ING4,-1.91662871648965
EGFR,PRRG2,-0.931554531920835
EGFR,SLC15A2,-1.22675463208148
EGFR,DUSP7,1.88417354393399
EGFR,CREBL2,-1.46668643065186
EGFR,FOXO6,-2.92000307042753
EGFR,OMA1,-2.78523034754402
EGFR,CDC40,-1.09820319187366
EGFR,KEAP1,-1.23260413725381
EGFR,THSD4,0.99236797196021
EGFR,TAGLN3,1.41536614235492
EGFR,ZKSCAN1,-1.77523250687097
EGFR,CENPC,-1.56189489195844
EGFR,HSDL2,-1.11510732234475
EGFR,TRMT6,3.31278858657557
EGFR,BRD9,1.03738554690202
EGFR,PPOX,-0.841473485499322
EGFR,RIPOR3,1.51374380120362
EGFR,TMEM167B,-1.92538782271343
EGFR,CNBD2,0.671849023230595
EGFR,HBEGF,2.78717727343501
EGFR,MAPKAPK5-AS1,-1.11641372016996
EGFR,NOP2,2.23296082473565
EGFR,TMEM242,-0.635332770134834
EGFR,CTPS1,3.72923236739708
EGFR,TBL1XR1,-1.27977880575319
EGFR,SNRPB,1.93041790648578
EGFR,RB1CC1,-1.88831800067289
EGFR,HIGD2A,-1.19610077703252
EGFR,BOLA1,-1.17618384330965
EGFR,GRPEL1,1.97361276048162
EGFR,SLC29A2,0.748899388960415
EGFR,AKIRIN1,1.77613264690379
EGFR,KRT10-AS1,-1.78364435694584
EGFR,PCYOX1,-2.27077931096132
EGFR,CLMP,3.01088927725956
EGFR,GOLGB1,-1.42086749778648
EGFR,LYPD5,1.29243952668249
EGFR,CASTOR2,-3.11319184423541
EGFR,MED20,-0.864176808165761
EGFR,SCRN3,-0.959907016003308
EGFR,TBC1D17,-1.26687721859745
EGFR,PPFIBP2,-1.1866062962847
EGFR,ZNF606,-0.99577279581661
EGFR,H2AC6,-4.43007923716143
EGFR,ASB6,1.01258184769499
EGFR,PTRHD1,-1.7298466014322
EGFR,DRAM2,-2.02020843384779
EGFR,MAP7D3,0.812680102075851
EGFR,METTL14,-1.39389243146376
EGFR,CMC4,-1.13854408835835
EGFR,STARD13,-1.42379429004365
EGFR,DAZAP2,-0.991471274023096
EGFR,DOCK3,-1.03555785272402
EGFR,FGF8,0.745176376642254
EGFR,CREBZF,-0.689660433678613
EGFR,UFL1,-1.03497705651694
EGFR,TAB2,-0.988434146752529
EGFR,ZFP30,-1.1186520733631
EGFR,EGR1,6.31488006022279
EGFR,ZPR1,1.53636176908646
EGFR,DNAL4,-1.28378286962836
EGFR,GNS,-1.32474803419229
EGFR,TMEM263,-2.29254334377467
EGFR,FXYD4,0.976501856913716
EGFR,FPGT,-1.99554335617441
EGFR,IL1RL1,1.42243235330522
EGFR,EXOC1,-1.61891567145643
EGFR,MYH3,0.911586161545912
EGFR,TFAP2D,0.917639157935064
EGFR,IK,-1.05874957677923
EGFR,LMX1B,0.658042195852961
EGFR,CALCOCO2,-0.924869347376108
EGFR,PPRC1,2.38726999693518
EGFR,USP21,-1.08676862471152
EGFR,MAPRE1,1.3240147602162
EGFR,MAFF,4.66731232303577
EGFR,TNKS,-0.735888463779119
EGFR,SLC25A19,3.00826192088399
EGFR,ANKRD18B,1.26959967825187
EGFR,ATP8A1,-1.06251645763284
EGFR,RBM7,-1.13057760062544
EGFR,FRAT1,-2.17301856955433
EGFR,PRSS55,0.798952612006639
EGFR,STOX2,-1.43863474584603
EGFR,ZYX,2.51388974094332
EGFR,VTCN1,-3.78295903617624
EGFR,CORO1A,1.85802651503511
Estrogen,GREB1,17.2401728397
Estrogen,TFF1,14.4302547293
Estrogen,RET,10.7180267789
Estrogen,HEY2,11.4823694969
Estrogen,RAPGEFL1,10.544895916
Estrogen,PGR,8.52814244888
Estrogen,C5AR2,4.7330543263
Estrogen,CXCL12,12.4776735289
Estrogen,TPD52L1,10.085513349
Estrogen,NPY1R,10.6645059299
Estrogen,MYB,9.4277805658
Estrogen,CALCR,5.39627356601
Estrogen,IL17RB,11.4189859122
Estrogen,SNX24,6.89935571746
Estrogen,ARL3,3.95094805128
Estrogen,TGFB3,-5.33026789517
Estrogen,OLFM1,3.75243310871
Estrogen,NKAIN1,4.73154567799
Estrogen,FKBP4,8.25832988113
Estrogen,IGFBP4,11.6514913965
Estrogen,ERBB3,-4.88074044723
Estrogen,CTNND2,-3.55466409986
Estrogen,SIAH2,9.43676093773
Estrogen,SLC22A5,7.73829566495
Estrogen,NR5A2,5.15006194006
Estrogen,MSMB,4.54908081939
Estrogen,ELOVL2,8.69057624608
Estrogen,COMT,-3.05468575187
Estrogen,CELSR2,8.66914415272
Estrogen,EPS15L1,3.14164436919
Estrogen,GLA,8.44185876447
Estrogen,DSCAM,4.14288012519
Estrogen,ABCC5,-4.8549878295
Estrogen,PRSS23,8.75522282336
Estrogen,RLN2,6.71852324093
Estrogen,SLC25A24,3.66548160476
Estrogen,DEPTOR,7.46377846634
Estrogen,NRIP1,10.0200104925
Estrogen,PCP4,6.36520077341
Estrogen,ARMCX6,3.3639024049
Estrogen,MISP,-4.33416825574
Estrogen,CA12,8.41357762757
Estrogen,EPB41L5,-3.43451140317
Estrogen,MYO1B,-5.4741888205
Estrogen,SH3BP4,-4.87774227508
Estrogen,RNF43,-5.41598767784
Estrogen,TASOR2,4.93576703606
Estrogen,DDX10,4.62695785919
Estrogen,MED13L,3.83741058189
Estrogen,UPK2,-3.38692225002
Estrogen,ADORA1,5.02379225883
Estrogen,KCNJ3,-2.98207081773
Estrogen,ASB13,6.99394259362
Estrogen,PLPP2,-4.47476054597
Estrogen,CEP43,2.46840962977
Estrogen,IL1R1,-6.86624961006
Estrogen,XBP1,5.71530844515
Estrogen,CAP2,5.01154709433
Estrogen,RHBDF1,-3.65846843274
Estrogen,ZNF552,2.88661715189
Estrogen,CAB39L,-4.12631179667
Estrogen,RAB27B,-5.88914566171
Estrogen,PLAC1,5.06711601484
Estrogen,RAB9A,-6.00777315701
Estrogen,HDAC7,-2.03748800346
Estrogen,ZDHHC7,-4.83093256313
Estrogen,SIDT1,-4.23204663804
Estrogen,RARA,3.02158025348
Estrogen,FAM102A,5.76083870514
Estrogen,WWC1,5.58743801371
Estrogen,ELF5,-3.21644433313
Estrogen,CTR9,4.82318209378
Estrogen,KIAA0513,-3.62315496931
Estrogen,SEC14L2,5.23907790111
Estrogen,MYH14,-2.13654612134
Estrogen,MPPED2,3.91502173549
Estrogen,RBBP8,6.83400284824
Estrogen,TLE1,-4.10217257102
Estrogen,TMEM135,-3.50320154881
Estrogen,FRK,4.90037712333
Estrogen,ADCY9,3.2478819979
Estrogen,EGR3,16.0776973153
Estrogen,TIAM1,4.47348368321
Estrogen,CASP9,-2.43538830188
Estrogen,CLDN9,-2.08481449153
Estrogen,WFS1,4.21639521035
Estrogen,SLC7A5,11.2240689529
Estrogen,PPIF,10.130802152
Estrogen,CLDN4,-3.82821711919
Estrogen,GATA3,-6.00468746718
Estrogen,RCL1,4.21924727177
Estrogen,PIK3R3,-5.49749606658
Estrogen,SLC9A1,-2.59442657319
Estrogen,SDK2,1.87704625885
Estrogen,TACC1,-3.37486737164
Estrogen,ATP2A3,-2.88202583781
Estrogen,ESR1,-1.30445244618
Estrogen,KCNK5,4.65682787894
Estrogen,SGCG,-4.18181325248
Estrogen,STC2,10.2860517134
Estrogen,FCMR,4.12434983443
Estrogen,BMP7,-2.76775520299
Estrogen,PPT1,-4.29143514782
Estrogen,TFAP2C,5.42741053529
Estrogen,ZNF467,-2.65480344294
Estrogen,ADCY1,2.35351089474
Estrogen,RND3,-9.60749018622
Estrogen,SH2D4A,-3.00543152877
Estrogen,SLC39A6,3.82522311767
Estrogen,BCAM,-2.56892069325
Estrogen,FOXC1,5.40388768455
Estrogen,MYC,11.9784826631
Estrogen,CHST8,2.52286369992
Estrogen,RARG,-2.2847185081
Estrogen,OGFOD1,3.54706193385
Estrogen,SSH3,-2.63925198038
Estrogen,DGKZ,3.2972263815
Estrogen,NCOA3,-3.74754339803
Estrogen,PACSIN2,-3.18521739302
Estrogen,ECH1,-4.09148665722
Estrogen,CBX6,-4.21865557955
Estrogen,SCUBE2,3.1519307327
Estrogen,VPS37C,-1.76404608328
Estrogen,ATP2C2,-2.14158225785
Estrogen,E2F6,4.19945612868
Estrogen,SOX3,1.73586710219
Estrogen,EPHB4,-2.42993681219
Estrogen,BIK,-6.09669626522
Estrogen,LITAF,-3.79721073107
Estrogen,SHANK2,-1.96500595217
Estrogen,FBP1,-4.86455871398
Estrogen,GALNT6,-3.34117186793
Estrogen,FAM110B,-3.45832554401
Estrogen,SLC26A2,8.19606580002
Estrogen,FUT9,-1.82761386163
Estrogen,TCAF1,-3.17510494473
Estrogen,CUEDC1,2.96578621854
Estrogen,REEP5,-3.31926977576
Estrogen,CRKL,3.02911610754
Estrogen,RAI14,5.64660602279
Estrogen,PIK3R2,-2.09308582853
Estrogen,HSPA13,4.97435150592
Estrogen,FAM53B,-2.20147319952
Estrogen,RPRM,-2.55277775878
Estrogen,NRBP1,-2.86333360806
Estrogen,CCNG2,-7.9951845825
Estrogen,AMFR,3.01743131812
Estrogen,FOXA1,-4.37103219335
Estrogen,AKAP1,3.62370393678
Estrogen,HEXA,-2.07558915302
Estrogen,GALNT10,-3.29847171517
Estrogen,WNT4,4.22383313145
Estrogen,RWDD2A,-3.07626283081
Estrogen,THOC5,2.01204140631
Estrogen,CEP135,3.14584280774
Estrogen,TIPARP,9.54050519983
Estrogen,TOM1L2,-2.11489459906
Estrogen,ZNF669,2.12967524705
Estrogen,PRSS8,-3.96794767542
Estrogen,CYP26B1,3.33203377899
Estrogen,MAMLD1,4.88914542197
Estrogen,BLNK,-5.7116501005
Estrogen,CAPN9,-1.50105691226
Estrogen,ITPK1,2.15508424608
Estrogen,LRIG1,4.9087578824
Estrogen,L1CAM,-3.4257197637
Estrogen,CHPT1,3.56820189991
Estrogen,DNAJC22,-2.84873617848
Estrogen,RAP1A,2.18929617314
Estrogen,ATP6V0A4,-3.62826910057
Estrogen,PTMS,-2.93002992017
Estrogen,TMEM30A,-3.08846205643
Estrogen,SPINT1,-3.59484932218
Estrogen,SYTL2,-4.91042993857
Estrogen,PLEKHF2,-5.21268829135
Estrogen,SDC2,4.79732687623
Estrogen,VPS28,-2.8536953764
Estrogen,ACAA2,-2.22773528482
Estrogen,CYRIB,-2.11680022283
Estrogen,LAMA3,3.70741355524
Estrogen,NOTCH3,-2.32034878785
Estrogen,TMEM131L,-3.36538539341
Estrogen,SLC35C2,-1.64688373264
Estrogen,TSPAN9,-1.62207965914
Estrogen,NUMA1,-2.21645281456
Estrogen,DYNLT3,4.06240137983
Estrogen,LGALS8,-3.03688745409
Estrogen,BAK1,-3.58659631311
Estrogen,SGSM3,-1.80766515669
Estrogen,CDH3,-3.8347425824
Estrogen,OSTF1,3.08533613434
Estrogen,TRIM24,-1.81615995508
Estrogen,TSKU,4.50384162096
Estrogen,ADCY6,-2.58775363418
Estrogen,TMPRSS3,3.32522839562
Estrogen,AREG,7.87852547479
Estrogen,FZD7,7.00919144193
Estrogen,PPFIBP2,-2.99403752212
Estrogen,PAX9,2.46281170693
Estrogen,ACHE,-1.80047928666
Estrogen,ZNF710,-1.42129329534
Estrogen,ZNF217,-4.5111973641
Estrogen,EPN3,-3.23004261706
Estrogen,PTGES,5.75818412909
Estrogen,COPS8,1.8382774117
Estrogen,TMEM132A,-2.01420268409
Estrogen,SLC4A8,-1.84958108799
Estrogen,PPP1R37,-1.275985826
Estrogen,GAB2,3.99142317444
Estrogen,RAB25,-2.6394749831
Estrogen,FKBP8,-1.8216701342
Estrogen,MYOF,4.58014595945
Estrogen,NT5C2,2.61870232959
Estrogen,ABCG1,-3.65695571168
Estrogen,SYBU,4.49280082019
Estrogen,ACTR1B,-1.95619345251
Estrogen,S100A13,-1.75506493837
Estrogen,BCL2,1.75788481676
Estrogen,PDLIM3,2.76827230713
Estrogen,LIN7A,-2.6416272364
Estrogen,SLC35A1,-3.64565860914
Estrogen,AMD1,5.26566452558
Estrogen,TRIM62,-1.95118300837
Estrogen,MYO6,-3.29179740084
Estrogen,DCP2,-2.5012430672
Estrogen,CHRNA5,4.30534070038
Estrogen,MED23,-2.32390323521
Estrogen,S100A14,-2.97296395804
Estrogen,ARHGAP12,-5.79590314532
Estrogen,TAOK3,-2.6212811272
Estrogen,NAV2,4.26539046454
Estrogen,LYPD3,-3.80755399445
Estrogen,C1orf115,-2.42320024043
Estrogen,TACSTD2,-2.69820873577
Estrogen,IL17RC,-1.54644292558
Estrogen,SELENBP1,-5.82653763123
Estrogen,ABHD2,4.56156743368
Estrogen,NPY5R,1.76484168634
Estrogen,EFEMP1,-3.84570484397
Estrogen,RFX5,-3.40105525194
Estrogen,SEMA4C,-3.02453522873
Estrogen,SLC39A8,3.80031534438
Estrogen,ATP8A1,-2.50597695902
Estrogen,ST3GAL1,-4.2833836807
Estrogen,RND1,-4.3862545227
Estrogen,HDAC11,1.87869548219
Estrogen,SLF2,2.0024635765
Estrogen,SYCP2,-2.00693275976
Estrogen,BCAS1,-5.01731883219
Estrogen,P2RX2,-1.12219204069
Estrogen,ELF1,3.89093762337
Estrogen,TUFT1,-5.78669126517
Estrogen,ZBTB40,1.4958850636
Estrogen,ARHGEF26,4.10017972432
Estrogen,TRAF4,-2.57875553319
Estrogen,ARMCX3,3.94993158555
Estrogen,ABCA1,-2.9316612748
Estrogen,LMBRD1,-2.66033017376
Estrogen,NBEA,-3.74095805587
Estrogen,TFCP2L1,3.563883388
Estrogen,MGP,5.94410428888
Estrogen,ENC1,-5.93073650271
Estrogen,NKRF,2.24202105878
Estrogen,PCGF2,-1.60196527237
Estrogen,RGS6,-1.03806417398
Estrogen,ADRA2A,2.88820193088
Estrogen,SLC30A1,4.78856193527
Estrogen,TFAP2A,-3.3634393209
Estrogen,SMPDL3B,1.84573684611
Estrogen,PLPPR2,-1.82580286678
Estrogen,GRHL2,3.30097590071
Estrogen,PKP2,-3.0158436229
Estrogen,INPP5J,-1.68288257673
Estrogen,EPHB3,-2.06659155504
Estrogen,DCAF11,-1.94678319768
Estrogen,RAMP3,1.67902386351
Estrogen,CSPP1,1.89584784281
Estrogen,CRY2,-1.85057928495
Estrogen,ZER1,-1.71503654971
Estrogen,SGSM2,-2.24889284295
Estrogen,TDRD1,1.57420767529
Estrogen,PDZRN3,-3.55185853417
Estrogen,CA8,2.31248918526
Estrogen,MADD,-1.60735846072
Estrogen,PCDH1,-1.69851960934
Estrogen,CLDN3,-3.22370652554
Estrogen,CORO2A,-2.95708786722
Estrogen,VAMP8,-3.64903889365
Estrogen,CEP85,2.2080182651
Estrogen,TFPI,-3.18756870823
Estrogen,EPHA7,-2.39512090247
Estrogen,TRPC6,2.00740176621
Estrogen,CAMK1D,-2.26428168322
Estrogen,DSCC1,3.51809569435
Estrogen,SIL1,-1.87944093969
Estrogen,NXPH3,1.50414094954
Estrogen,TRIM3,-1.20536129546
Estrogen,HDDC2,2.17446945193
Estrogen,TEAD3,-2.19336814216
Estrogen,TFF2,1.94952508312
Estrogen,RBL2,-2.68290172182
Estrogen,RABEP2,-1.49241651358
Estrogen,HOXC13,-2.54010057375
Estrogen,LDOC1,-2.65530657814
Estrogen,RAP1GAP,-1.53783281914
Estrogen,LINS1,2.00268800747
Estrogen,LRP10,-3.29702600819
Estrogen,PRKG1,-1.91668242975
Estrogen,CDC42SE1,-2.36337080689
Estrogen,STK24,1.35367570461
Estrogen,KIAA0319L,-2.32288977492
Estrogen,ALAD,-2.553820232
Estrogen,KAZN,1.78144122584
Estrogen,MARCHF8,-2.59295532486
Estrogen,MCCC1,-2.72088260124
Estrogen,CNKSR1,-1.90399954659
Estrogen,TCERG1,2.35170335596
Estrogen,DYRK1B,-1.79486218128
Estrogen,WSB2,-3.01909490937
Estrogen,TMA16,3.68654410778
Estrogen,SEPTIN9,2.24761363543
Estrogen,TRAF5,-2.47293994991
Estrogen,NMRK1,2.99032325246
Estrogen,ACVR1,-3.47800127203
Estrogen,GFRA1,2.37207443447
Estrogen,KLK11,2.12812069965
Estrogen,MKNK2,-4.37945864378
Estrogen,TADA3,-1.39135765092
Estrogen,ZFAND3,-1.95793308602
Estrogen,ENPP1,-2.16935098759
Estrogen,KAZALD1,-1.46379640887
Estrogen,P2RY2,3.66055583052
Estrogen,SPDEF,-2.60442693247
Estrogen,ERGIC3,-1.43300677406
Estrogen,ARHGAP35,-1.85229816605
Estrogen,PAWR,-2.6269732167
Estrogen,TRPS1,-3.31702381235
Estrogen,PXMP4,-1.87188109773
Estrogen,OXR1,2.81992299464
Estrogen,PTPN13,-2.84954674487
Estrogen,PGLS,-1.85020743946
Estrogen,DRD1,-2.03442228162
Estrogen,PPM1E,1.83655455589
Estrogen,TJP2,-2.75210358232
Estrogen,AKTIP,-2.53407949165
Estrogen,TSC22D4,-1.67374820364
Estrogen,IST1,-1.89889068186
Estrogen,NUAK1,-4.23788484573
Estrogen,COL4A5,-2.83514641712
Estrogen,WASHC5,-2.33842940568
Estrogen,SLC4A10,1.26697063574
Estrogen,FHIP2B,-1.27790717729
Estrogen,ABCE1,4.20517094618
Estrogen,ETNK2,3.0399025372
Estrogen,LRRFIP2,2.26303016973
Estrogen,WDR26,-2.26088934734
Estrogen,SH3GLB2,-1.72763963233
Estrogen,CDCA8,4.63228152843
Estrogen,DCAF16,2.43686739489
Estrogen,DRAM1,-6.44814066495
Estrogen,ACOT8,-1.5455468121
Estrogen,CHD9,2.12806590802
Estrogen,CDKN2B,-2.62675806124
Estrogen,FEZ2,-1.39882596402
Estrogen,UBE2H,-2.61312721038
Estrogen,CASP7,4.21943227798
Estrogen,DGKE,1.44035128562
Estrogen,TNS3,-3.559405329
Estrogen,FZD4,-2.43690514969
Estrogen,MAX,1.58365696471
Estrogen,IGSF3,-2.61728902229
Estrogen,DLX2,-2.81786632597
Estrogen,NVL,-2.45585886254
Estrogen,GRAMD2B,-4.01135299147
Estrogen,TTF2,2.77976245383
Estrogen,IQSEC1,-2.31241499219
Estrogen,CRACDL,-1.39963751242
Estrogen,ZNF350,-1.95517423496
Estrogen,SSTR2,2.66773686903
Estrogen,GRIK3,1.08053944061
Estrogen,CD44,3.87251367801
Estrogen,VIPR1,-2.40071142959
Estrogen,HBS1L,1.48354927795
Estrogen,CHSY1,4.63741309561
Estrogen,ARSD,-1.86629797064
Estrogen,POLD4,-2.85372943288
Estrogen,LRBA,-2.56924855599
Estrogen,TSC22D3,-4.01349460341
Estrogen,ENSA,-1.94814254404
Estrogen,TRAM2,-3.06712915914
Estrogen,LARP6,-2.1069863785
Estrogen,VEGFB,-2.35140603118
Estrogen,NEDD4L,-3.16410978933
Estrogen,DCAF4,-1.88523649281
Estrogen,ABAT,4.28819003588
Estrogen,SOX13,-1.81333549976
Estrogen,HSD11B2,4.29882899189
Estrogen,RUNDC3B,-2.1864043717
Estrogen,PTP4A2,2.50019717026
Estrogen,EFNA1,-8.80135174709
Estrogen,ARHGEF16,-1.29992805382
Estrogen,IPPK,2.22106697786
Estrogen,GNS,-2.52254110324
Estrogen,ANKMY2,-2.85789656798
Estrogen,ZNF107,2.4331954504
Estrogen,SLC10A3,2.36372864472
Estrogen,THSD4,1.87594801746
Estrogen,KHNYN,-2.24982913242
Estrogen,WDR3,2.83333712808
Estrogen,MACF1,2.19102353017
Estrogen,PSD4,-1.73766909148
Estrogen,PEX2,-2.10851547088
Estrogen,EPS8L2,-1.96408976262
Estrogen,EHD3,-1.58050108852
Estrogen,PRMT5,2.88641553957
Estrogen,KDM5B,-2.81448006595
Estrogen,ISYNA1,2.22435584721
Estrogen,ARHGEF38,-1.25671726132
Estrogen,SQSTM1,-3.23854429891
Estrogen,FFAR2,-3.02355535191
Estrogen,RHOD,2.93863649887
Estrogen,ADIPOR2,-2.62332610818
Estrogen,CXXC4,-1.77987762748
Estrogen,RGL2,-2.71942360328
Estrogen,LMO7,-2.33398942775
Estrogen,IFT20,-2.83125798175
Estrogen,TRAFD1,-2.83218268734
Estrogen,CAPN1,-1.97306222623
Estrogen,ARHGAP26,2.4393632928
Estrogen,ARL15,-2.57027226261
Estrogen,GRM4,-1.20568556626
Estrogen,POLR1E,2.42075466098
Estrogen,RBM15,1.67326257184
Estrogen,RMND5B,-2.07446249095
Estrogen,GTF2IRD1,-2.77590685014
Estrogen,SERPINB1,-3.0473452808
Estrogen,DCTN2,-1.16332318462
Estrogen,NOLC1,4.27365624326
Estrogen,MEAF6,-1.84998425725
Estrogen,ASB8,-2.09146108632
Estrogen,IPO5,2.27684364736
Estrogen,ZPR1,2.81793480155
Estrogen,REEP1,3.25951941836
Estrogen,RARS2,1.05824756548
Estrogen,TRIL,-1.95005631881
Estrogen,DHX34,1.20066991792
Estrogen,UBA1,-1.48797798277
Estrogen,NAB2,3.04246241868
Estrogen,NT5DC3,2.57185882301
Estrogen,CAB39,-3.20385973993
Estrogen,TSPAN1,-2.39137939817
Estrogen,BLVRB,3.39997489035
Estrogen,CEACAM6,-3.4651777197
Estrogen,CDV3,2.64796417537
Estrogen,BCL2L1,-2.8229470685
Estrogen,NCOA2,-2.1346608779
Estrogen,PARD6B,2.13840307221
Estrogen,MPC1,1.91654901345
Estrogen,TGIF1,-3.37935326412
Estrogen,DIO1,2.59247008058
Estrogen,CDC6,6.83302740329
Estrogen,INPP4A,-1.68002654211
Estrogen,ATP6V1H,-1.41488542432
Estrogen,PAICS,3.21777905913
Estrogen,CEP97,1.92462958374
Estrogen,MOCS2,2.27342266064
Estrogen,SCYL3,-2.64224416507
Estrogen,GATAD1,-1.97513359376
Estrogen,ATP2A2,2.17759178091
Estrogen,UBXN1,-1.45457342657
Estrogen,SEC61A2,1.25394654085
Estrogen,ARL4A,-3.77328824157
Estrogen,WASL,-1.7316805144
Estrogen,CELSR1,1.21385513511
Estrogen,CSNK1A1,-1.56576979115
Estrogen,MAP6D1,1.66435795552
Estrogen,SSR3,3.10474597648
Estrogen,ERBB4,-1.58902301842
Estrogen,EXOSC2,2.62949413837
Estrogen,NOC3L,3.92151223849
Estrogen,UNC5C,-1.29881580021
Estrogen,CDYL,-1.84773535489
Estrogen,CDC14A,1.37418845462
Estrogen,BTG2,-5.50473089845
Estrogen,RNF14,2.14377085854
Estrogen,GPRC5C,-1.74659122352
Estrogen,ERLIN1,2.43619500759
Estrogen,TNPO1,1.94285910012
Estrogen,ENTREP1,2.2963217246
Estrogen,B4GALNT1,1.53548809769
Estrogen,ARHGEF10L,1.59643837888
Estrogen,DNAJC2,2.07278379616
Estrogen,BAG6,-1.47055946198
Estrogen,LAMB2,-2.93394598688
Estrogen,CERS2,-1.94058174045
Estrogen,TMEM80,-1.78782042552
Estrogen,WDR83OS,-1.79623429613
Estrogen,BSDC1,-1.568286474
Estrogen,CLEC2D,-2.24365125803
Estrogen,SEMA3G,2.87853133462
Hypoxia,PDK1,13.1204494025588
Hypoxia,ANKRD37,8.48497615199521
Hypoxia,FAM162A,8.33555155151556
Hypoxia,BNIP3L,14.1203023705634
Hypoxia,ENO2,14.3269398182242
Hypoxia,ANKZF1,7.35816286558204
Hypoxia,NDRG1,22.0871194931399
Hypoxia,INSIG2,13.5621938432104
Hypoxia,FUT11,11.1705821641625
Hypoxia,KDM3A,10.8507527439767
Hypoxia,PFKFB4,8.94027083881992
Hypoxia,GBE1,9.71149934428704
Hypoxia,EGLN1,9.5944500216631
Hypoxia,PGK1,9.99399139392937
Hypoxia,HILPDA,16.7071235476463
Hypoxia,PLOD2,13.600144008727
Hypoxia,RLF,7.07028547517991
Hypoxia,ALDOC,13.1615236445167
Hypoxia,ERO1A,9.69819818780012
Hypoxia,ALDOA,7.65467808088126
Hypoxia,BNIP3,19.4179740395614
Hypoxia,GPI,8.54958022018638
Hypoxia,PLOD1,6.61022484885533
Hypoxia,SLC2A1,8.67915398023849
Hypoxia,KDM4B,3.65020932258217
Hypoxia,ZNF395,8.06093404354757
Hypoxia,P4HA1,11.067656692699
Hypoxia,PPFIA4,10.8376145634208
Hypoxia,EGLN3,11.6557279211453
Hypoxia,VLDLR,10.2663341424861
Hypoxia,VEGFA,10.6128989257688
Hypoxia,EFNA3,4.21174008937788
Hypoxia,PFKFB3,14.5471920773281
Hypoxia,MXI1,10.8609214546429
Hypoxia,WDR45B,4.50436233227095
Hypoxia,WSB1,7.02422434767253
Hypoxia,LDHA,7.65345032180433
Hypoxia,AK4,9.69302350067685
Hypoxia,NCKIPSD,2.33698250234768
Hypoxia,PGM1,7.88583461642632
Hypoxia,SLC25A36,5.32904399026698
Hypoxia,YEATS2,5.35312751650689
Hypoxia,ANGPTL4,12.6406906455823
Hypoxia,TMEM45A,17.8768001565225
Hypoxia,NGLY1,3.5046086484829
Hypoxia,VKORC1,5.41943367385705
Hypoxia,SEC61G,4.74111293382792
Hypoxia,ENO1,6.10386298739781
Hypoxia,C8orf58,3.10787143470826
Hypoxia,C4orf47,6.05330092209778
Hypoxia,MAPK7,2.63190452108407
Hypoxia,PDK3,4.39975073866122
Hypoxia,CA9,13.9610678389863
Hypoxia,ZNF292,6.02393811187105
Hypoxia,GAPDH,5.04655254386716
Hypoxia,PFKP,9.23320090557446
Hypoxia,NRN1,6.72751686128774
Hypoxia,SPAG4,10.2130714706145
Hypoxia,RIOK3,3.73030128423622
Hypoxia,P4HA2,6.28034355716225
Hypoxia,C4orf3,7.43791888787026
Hypoxia,ZNF160,2.71392422510592
Hypoxia,WDR54,5.69550164178515
Hypoxia,MPI,3.50216530924175
Hypoxia,CLK3,3.56401376708094
Hypoxia,PFKL,3.5446163885829
Hypoxia,ADM,17.8256961411318
Hypoxia,NOL3,3.93802953611691
Hypoxia,DARS1,3.67081584418079
Hypoxia,PKM,4.74517971732424
Hypoxia,PGAM1,6.3782651350277
Hypoxia,RAB20,4.25626032523686
Hypoxia,SAP30,2.90575098757109
Hypoxia,LOX,7.46120781623727
Hypoxia,RBPJ,3.85145674582072
Hypoxia,CRKL,2.55473421340676
Hypoxia,NARF,4.09514912532848
Hypoxia,FBXO42,2.25722873294703
Hypoxia,RORA,4.50877176026573
Hypoxia,GYS1,4.92286334387743
Hypoxia,RNF24,3.85305894212825
Hypoxia,ZNF654,4.28806196320664
Hypoxia,PRSS53,1.97450623238105
Hypoxia,FAM13A,5.09417982046476
Hypoxia,POP4,-2.31441263366752
Hypoxia,ZMPSTE24,-4.39234027752698
Hypoxia,PPP2R5B,3.48258339617947
Hypoxia,PAM,6.26429638624617
Hypoxia,ZBTB25,3.41905880784931
Hypoxia,TMX2,-3.69794401757591
Hypoxia,FLAD1,-3.29421662191825
Hypoxia,CCNG2,7.32584066928285
Hypoxia,QRSL1,-2.24529780767581
Hypoxia,LOXL2,4.60876786659785
Hypoxia,DOLK,-3.46417167159037
Hypoxia,KDM4C,2.25815096166763
Hypoxia,BCKDK,2.64503879194614
Hypoxia,TBC1D9B,2.72058685932993
Hypoxia,TPI1,3.75538228532971
Hypoxia,STC2,8.03666591992239
Hypoxia,SLC35E1,2.80420791392591
Hypoxia,CNOT8,3.33278371360982
Hypoxia,SNAPC5,-2.26675743332772
Hypoxia,AIFM1,-3.51272845604812
Hypoxia,HK1,4.58388196227668
Hypoxia,PLEKHA2,4.19315323276913
Hypoxia,RIMKLA,3.60615612684223
Hypoxia,RSBN1,4.30456992462052
Hypoxia,PSME3,-4.2630977229972
Hypoxia,BEND5,4.45221883908869
Hypoxia,RAB11FIP5,2.43108599829081
Hypoxia,TACO1,-1.92772331134972
Hypoxia,MAP2K1,3.83120034967465
Hypoxia,XPNPEP1,2.41329754060369
Hypoxia,RIOX1,-3.72122803720949
Hypoxia,GOLGA8A,3.9893889282707
Hypoxia,DDX41,3.91997358199863
Hypoxia,FEM1C,3.69952145928415
Hypoxia,CIAPIN1,-1.99705479002179
Hypoxia,BCKDHA,4.12135998017204
Hypoxia,PPP1R13L,3.81196194362561
Hypoxia,ITPR1,4.20179056035164
Hypoxia,SH3D21,2.32348044183255
Hypoxia,SYDE1,2.27706011070582
Hypoxia,MIF,5.76374669865038
Hypoxia,RRAGD,4.9256378973377
Hypoxia,RNASET2,2.26841167371759
Hypoxia,POP1,-3.92637125004901
Hypoxia,GPR146,5.56457520371642
Hypoxia,JMJD6,3.07782576870789
Hypoxia,DYNC2I1,1.70895644724295
Hypoxia,CXCR4,6.92442280806356
Hypoxia,PPP1R3B,3.7898455396042
Hypoxia,ANG,6.90737581794505
Hypoxia,MRPS7,-3.16352048574363
Hypoxia,TMEM126B,-2.51512965808422
Hypoxia,GUK1,1.95826093967193
Hypoxia,PSMC2,-2.64018873781994
Hypoxia,DDX28,-1.74476133315929
Hypoxia,SLC5A6,-3.69910593538557
Hypoxia,APTX,-1.6051450458935
Hypoxia,ALKBH5,2.13299236651457
Hypoxia,MRPL15,-3.92558339483965
Hypoxia,ADAT1,-3.34162408470827
Hypoxia,MRPL46,-2.9199662372985
Hypoxia,RNASE4,8.33377163589158
Hypoxia,LDHC,1.6989254737237
Hypoxia,S100A10,4.55180387260937
Hypoxia,ARFGEF3,3.32541811067364
Hypoxia,TOR3A,-3.49256494086236
Hypoxia,ARID3A,2.19573444402425
Hypoxia,PIGA,4.08048778470049
Hypoxia,CDC123,-3.06370156781406
Hypoxia,SFXN3,4.00225243234617
Hypoxia,RASSF7,2.05637329722463
Hypoxia,RPL26L1,-2.67882184408828
Hypoxia,KDM5B,3.03450641329308
Hypoxia,SLC2A3,8.07912864375464
Hypoxia,DPCD,3.42814519869535
Hypoxia,UBE2O,1.66154334231176
Hypoxia,LARS2,-2.47325250478647
Hypoxia,THTPA,-2.3627081698886
Hypoxia,CEP250,1.56381105825077
Hypoxia,NFIL3,7.82955500471025
Hypoxia,POP5,-3.90996084058019
Hypoxia,PPP1R3C,5.75278252647685
Hypoxia,PSMC5,-2.80234984773723
Hypoxia,SLC25A20,-2.61835893721673
Hypoxia,POLR3B,-2.06893758179051
Hypoxia,COA7,-4.14980366693915
Hypoxia,SMAP1,2.83991434580157
Hypoxia,LNPK,4.21343198527831
Hypoxia,GOT2,-2.86496918218006
Hypoxia,EXOG,-1.48943221654854
Hypoxia,TOR1A,-1.77191232802709
Hypoxia,NDUFS1,-2.04084015891801
Hypoxia,DPYSL4,2.54069955576574
Hypoxia,KCTD11,6.43987096942673
Hypoxia,BHLHE41,4.44440818954317
Hypoxia,GPATCH4,-2.15233153676306
Hypoxia,LYRM2,-1.88671770063159
Hypoxia,SERTAD2,3.87724321606615
Hypoxia,MRPL4,-2.97065075777265
Hypoxia,TSN,-2.32888298878315
Hypoxia,CLK1,5.26015455783678
Hypoxia,MRPS16,-2.48052939328792
Hypoxia,ABHD11,-2.07100988263951
Hypoxia,ZMYM2,1.94142764130843
Hypoxia,NDUFAF1,-2.80003790498356
Hypoxia,NOC4L,-2.23966950521424
Hypoxia,SMYD2,1.94417992652775
Hypoxia,EFEMP2,3.83450784593865
Hypoxia,RNMT,2.98718264633363
Hypoxia,FTSJ3,-2.47680433317995
Hypoxia,TRMT12,-2.49317267866342
Hypoxia,MAIP1,-2.43130666047922
Hypoxia,NOL9,-2.30892338584633
Hypoxia,DPAGT1,-2.69369644227751
Hypoxia,ANAPC13,-1.96081163538139
Hypoxia,TMSB10,3.68007428645189
Hypoxia,PLXNA3,1.90832160315993
Hypoxia,DFFA,-2.0385178132433
Hypoxia,EIF2B1,-2.23897197884325
Hypoxia,HK2,5.51704864280972
Hypoxia,RNASEH1,-2.72079340023709
Hypoxia,DCTN5,-1.59697957173671
Hypoxia,OGFOD1,-2.6289298034815
Hypoxia,ITGA5,5.85433804086359
Hypoxia,DHX35,-1.62923483047043
Hypoxia,PPME1,2.75642167588113
Hypoxia,WDR73,-2.46852738920231
Hypoxia,IDH3A,-3.04775694356375
Hypoxia,WDR77,-3.78654535733809
Hypoxia,DDX19A,-1.80472239190987
Hypoxia,FGF11,2.38948884400737
Hypoxia,PRMT3,-4.05632145710544
Hypoxia,SLC6A8,4.52349148785913
Hypoxia,FH,-2.5277603936626
Hypoxia,MRPS28,-2.78906246476478
Hypoxia,AIMP2,-2.60743708818777
Hypoxia,MRPL58,-2.8790933214685
Hypoxia,COA3,-1.79990929352404
Hypoxia,CSRP2,4.27068511225024
Hypoxia,PLIN2,2.87610350682493
Hypoxia,TRAPPC13,-2.01443490534181
Hypoxia,SPRTN,-3.34430450258584
Hypoxia,CYREN,-2.25343823383556
Hypoxia,BCS1L,-2.56995994237414
Hypoxia,FKBP15,1.34596973154776
Hypoxia,MRPL20,-1.7756746213234
Hypoxia,SNRPC,-2.16401006466439
Hypoxia,LRP1,2.59986540235192
Hypoxia,TRAPPC3,-1.62552734290937
Hypoxia,TMEM33,-2.75603360155825
Hypoxia,POLDIP2,-1.90596725247556
Hypoxia,SNX19,-1.27983413582523
Hypoxia,OBSL1,1.78631303511293
Hypoxia,TIMM22,-1.98426472641056
Hypoxia,NDUFA4L2,3.04833235726376
Hypoxia,NDNF,2.93745698064392
Hypoxia,TTC1,-1.6760756102254
Hypoxia,RAE1,-1.41681947169995
Hypoxia,TMEM138,-4.44386119351254
Hypoxia,FAM210A,4.01810368305118
Hypoxia,DIMT1,-2.43555839890675
Hypoxia,RPUSD2,-2.21735233154677
Hypoxia,HDHD5,3.2421730493559
Hypoxia,PNRC1,7.81855043381999
Hypoxia,TENT4A,3.77541187365535
Hypoxia,KISS1R,5.30613806267503
Hypoxia,ARRDC3,7.51224855450096
Hypoxia,INHA,2.43767492854661
Hypoxia,ANAPC7,-2.98894901875528
Hypoxia,EEF1AKMT3,3.12241309403513
Hypoxia,WDR5B,-3.11290439078811
Hypoxia,LGALS1,4.12136201958834
Hypoxia,PSMD1,-3.22453515021193
Hypoxia,IPMK,2.34532053817758
Hypoxia,CUSTOS,-2.32063452413004
Hypoxia,JAM2,2.47942569634853
Hypoxia,APEH,-2.16365347690591
Hypoxia,SEMA4B,6.0468556710614
Hypoxia,COPS5,-1.87546806677445
Hypoxia,METTL13,-2.35948977340286
Hypoxia,RRS1,-5.2120889556279
Hypoxia,LRP2BP,1.47099581495854
Hypoxia,CIART,3.43051470727954
Hypoxia,NIPA2,-2.45091537574164
Hypoxia,MRPL18,-2.72969048870886
Hypoxia,COL6A2,2.00152947754708
Hypoxia,IGFBP3,11.260280794102
Hypoxia,MAPKAP1,-1.93579038242256
Hypoxia,CSTF2T,-2.52969606054999
Hypoxia,PNPO,-2.91250313017325
Hypoxia,SLC25A12,-2.41746601560891
Hypoxia,PIAS2,2.08200352488104
Hypoxia,POLR2G,-2.35946954643051
Hypoxia,IDE,-2.37693045008544
Hypoxia,FDX1,-1.88507076249542
Hypoxia,POLR3K,-3.58619372234256
Hypoxia,MRPL35,-2.39928422568362
Hypoxia,CCT3,-3.30708404973866
Hypoxia,C1orf131,-3.06618936098616
Hypoxia,GCDH,-1.95726895703295
Hypoxia,FASTKD3,-3.12530730464573
Hypoxia,ZNF174,-1.42094582053522
Hypoxia,SERGEF,1.43863054646124
Hypoxia,C8orf33,-2.56807986247271
Hypoxia,TEX261,-1.70389815039753
Hypoxia,RYBP,3.01085376043899
Hypoxia,GYG1,-3.05635471064819
Hypoxia,AURKAIP1,-1.53062306130723
Hypoxia,TIMM8B,-2.54429868590418
Hypoxia,TNIP1,4.57950370984406
Hypoxia,ZNF689,-2.39799797250039
Hypoxia,PPP2R1B,-1.49935662482688
Hypoxia,ATP5MC3,-2.03027087993962
Hypoxia,C9orf78,-1.71214339331561
Hypoxia,NDUFB2,-1.79975024704844
Hypoxia,UPK1A,2.66724037227809
Hypoxia,SCAND2P,1.15196588551915
Hypoxia,UQCR10,-2.05316247099923
Hypoxia,QSOX1,3.01602204876048
Hypoxia,ORC5,-2.34408901082273
Hypoxia,ITPA,-2.18639257563974
Hypoxia,TMEM74B,1.85883959842996
Hypoxia,BBX,2.48351775885925
Hypoxia,SLC25A44,-2.34234215744569
Hypoxia,TOE1,-2.80694950111777
Hypoxia,PITPNA,-1.92096565715847
Hypoxia,EMC8,-2.60119306518272
Hypoxia,OGA,2.30164648512524
Hypoxia,HMBS,-2.7913502406821
Hypoxia,RIOX2,-2.6833579038408
Hypoxia,GEMIN6,-2.14898286310264
Hypoxia,FLNB,3.80588168961659
Hypoxia,DIPK2A,2.39545498828479
Hypoxia,GPN1,-1.6400501131113
Hypoxia,TXNDC9,-2.30100700561299
Hypoxia,THAP7,-1.82918292375247
Hypoxia,CBX6,-2.55072081091632
Hypoxia,TPD52,2.56048947279182
Hypoxia,PRKAA2,2.35519372244846
Hypoxia,SNAPC3,1.84893815987136
Hypoxia,EIF2B3,-3.05629613368896
Hypoxia,ATR,-2.20961199083151
Hypoxia,ING1,2.04112903295711
Hypoxia,TRNT1,-2.66569178912644
Hypoxia,SLC35B1,-2.60728022085484
Hypoxia,SPRYD4,-2.1722898864248
Hypoxia,CRABP2,3.85945024242678
Hypoxia,MRPL40,-2.09724638282269
Hypoxia,UNC119,2.05369186277873
Hypoxia,MKKS,-2.63621209127445
Hypoxia,MOB3A,2.58684167502523
Hypoxia,LSM1,-1.67444206345555
Hypoxia,LRRC8D,-2.86910697298878
Hypoxia,PSMA5,-2.8914003636278
Hypoxia,ATP5F1B,-2.37757388653546
Hypoxia,HGH1,-1.93068890420136
Hypoxia,POLR2K,-2.26455443870907
Hypoxia,MRPS11,-1.69144175464798
Hypoxia,HSPA4,-2.71506189735554
Hypoxia,FOSL2,3.85210680041863
Hypoxia,PRELID2,2.79207066569509
Hypoxia,DHX29,-2.06120568470999
Hypoxia,NPEPPS,2.96779965715217
Hypoxia,YTHDF2,-2.14722213707361
Hypoxia,PSMG1,-3.90990541582444
Hypoxia,KDM7A,5.3192204838889
Hypoxia,UMPS,-2.14715591691564
Hypoxia,BTG1,5.25751419956741
Hypoxia,DUS1L,-2.15438755021264
Hypoxia,CDK19,2.43563179871583
Hypoxia,ARFGAP2,-1.47665188602156
Hypoxia,STC1,8.28873689778113
Hypoxia,COMMD8,-2.46525168743617
Hypoxia,BLMH,-2.40526668193084
Hypoxia,PLAGL1,3.2558363667686
Hypoxia,FASTKD2,-1.74739243164681
Hypoxia,DTD2,-3.47188629172596
Hypoxia,MPV17L2,-2.94423023945106
Hypoxia,PSMD5,-1.21103261015247
Hypoxia,WDR46,-2.38855030949734
Hypoxia,POMGNT1,-1.30746083650152
Hypoxia,ATG3,-1.71567266994928
Hypoxia,KLF7,3.73224338359519
Hypoxia,HTATSF1,-1.85133664171015
Hypoxia,MFSD10,2.16122304092889
Hypoxia,PHF21A,2.79010768673503
Hypoxia,FOXRED2,-1.76448110009785
Hypoxia,MRPL13,-2.14598844490386
Hypoxia,CDK12,-1.26533686406753
Hypoxia,SCO1,-2.80636749385079
Hypoxia,TET1,3.71865899176147
Hypoxia,HSPH1,-4.3762558680985
Hypoxia,MRPL12,-2.48521201534538
Hypoxia,METTL8,-2.06285945190034
Hypoxia,TYW1,-1.80669393995612
Hypoxia,ZNF142,-1.24104464047776
Hypoxia,CABIN1,1.32740234436713
Hypoxia,GPS1,-2.03020919897264
Hypoxia,MFSD5,-2.54807638050899
Hypoxia,GFM1,-1.75992263892289
Hypoxia,UROD,-1.64794666426403
Hypoxia,NUDT9,-1.7274062987713
Hypoxia,SNTA1,1.72346420037044
Hypoxia,NOL11,-3.40976939377717
Hypoxia,CSTF2,-2.54778569626684
Hypoxia,ERCC8,-1.41035103552067
Hypoxia,API5,-1.8432132732384
Hypoxia,USP14,-1.8346440593401
Hypoxia,ATP5MC1,-3.29600161953411
Hypoxia,PYCR3,-2.56273670674256
Hypoxia,EIF2B4,-1.64804893963615
Hypoxia,RBM45,-1.40271642809961
Hypoxia,UTP20,-3.16889697559162
Hypoxia,EXOSC4,-2.60644892675398
Hypoxia,PREB,-2.01490856900198
Hypoxia,DLD,-2.2066630591149
Hypoxia,SDAD1,-2.38576177492156
Hypoxia,P4HB,2.35782682030213
Hypoxia,TMEM70,-1.95332176022881
Hypoxia,LGALS8,2.05409362227596
Hypoxia,MZF1,1.19749022438862
Hypoxia,PRKAB1,-1.903793910096
Hypoxia,ALG6,-2.63560203293256
Hypoxia,DDX1,-2.12198703375779
Hypoxia,TRIM26,-2.37978319742783
Hypoxia,ASNSD1,-2.3335263469664
Hypoxia,PARK7,-2.07558898858623
Hypoxia,DDX56,-1.97913290295678
Hypoxia,LSG1,-2.65071847681522
Hypoxia,HSD17B10,-2.66115969463414
Hypoxia,HDAC3,1.61479289779585
Hypoxia,SPECC1L,-1.76507900179548
Hypoxia,RNF113A,3.24401020839917
Hypoxia,HIKESHI,-1.82926432627081
Hypoxia,NSMCE4A,-2.01933126943219
Hypoxia,DDX52,-1.5824599892072
Hypoxia,UBIAD1,-1.77571150842648
Hypoxia,ETF1,-2.92419926385239
Hypoxia,TRIM44,-1.39982490561277
Hypoxia,ATP5F1A,-1.45549172866688
Hypoxia,TRMT5,-2.10486942850095
Hypoxia,BMT2,4.57748539821363
Hypoxia,SIGMAR1,-3.00693647382578
Hypoxia,SEPHS2,-2.52044748390435
Hypoxia,NBAS,1.33867341529683
Hypoxia,SLC25A17,-1.53293969135929
Hypoxia,SRP19,-2.49218392457783
Hypoxia,EMG1,-3.72001648541985
Hypoxia,ERH,-2.48427430172654
Hypoxia,PNMA2,1.75306865211986
Hypoxia,NUP58,2.96945629949597
Hypoxia,OXLD1,-1.93695022968674
Hypoxia,UTP3,-2.64226304378988
Hypoxia,COASY,-1.75154367884822
Hypoxia,CCT6A,-2.99959773938242
Hypoxia,SUOX,-2.57799592690678
Hypoxia,TIMM10,-3.18700464580345
Hypoxia,SCLY,-2.02054545162423
Hypoxia,PSMC1,-2.1031064858527
Hypoxia,DHX57,-1.22456210010447
Hypoxia,SETMAR,-1.37787789539796
Hypoxia,UBE2L3,-1.48323689349676
Hypoxia,LARP4,-2.63004907380597
Hypoxia,RRAGA,2.56082896476497
Hypoxia,MTERF1,-1.8428588976219
Hypoxia,SAR1B,-2.21774530491767
Hypoxia,MTFP1,3.72747417117849
Hypoxia,B3GNT4,1.42869161376713
Hypoxia,PDCD2,-1.34633199011876
Hypoxia,TMEM177,-2.21932643477604
Hypoxia,MRM2,-2.74796609185056
Hypoxia,TMEM9B,-1.83781681956281
Hypoxia,AKIP1,-1.67527124562519
Hypoxia,MRPL57,-1.43351603314116
Hypoxia,MKNK2,3.53880909997319
Hypoxia,OXSR1,2.04555749126182
Hypoxia,RMDN3,-1.58462609573445
Hypoxia,PSMB6,-2.50814972273267
Hypoxia,AREL1,-1.26514852984344
Hypoxia,TSEN2,-2.12918669306129
Hypoxia,GON7,-3.11797693754595
Hypoxia,TIMM8A,-1.90035925097866
Hypoxia,LARP1,-1.74520365199658
Hypoxia,CCDC137,-2.5916183765008
Hypoxia,USP39,-1.89979407546869
Hypoxia,VCP,-2.24939367974579
Hypoxia,RUVBL1,-3.55123217322238
Hypoxia,PSMD12,-2.82207475079916
Hypoxia,SLC35F6,-1.4175295473382
Hypoxia,MRPL9,-1.93379923327561
Hypoxia,LONP1,2.95059828814648
Hypoxia,ZCCHC10,-1.90409110185621
Hypoxia,ABCF2,-1.77565178978718
Hypoxia,HDDC2,-1.68021674040975
Hypoxia,JMJD4,-1.33790803638138
Hypoxia,MRPL24,-2.48036887414171
Hypoxia,MGAT2,-1.85782950946109
Hypoxia,EHD2,1.99116964431248
Hypoxia,CEP41,-1.01484564903481
Hypoxia,ANXA7,-2.13098296717888
Hypoxia,CCT5,-3.15173317096356
Hypoxia,POGLUT1,-2.64462863051067
Hypoxia,NDUFS3,-2.03966776902271
Hypoxia,SLC6A6,2.53786848910895
Hypoxia,ARHGAP45,1.57703115424886
Hypoxia,NDUFAF4,-3.58495532967101
Hypoxia,XRCC5,-1.72706564162754
Hypoxia,CHAC2,-5.41857287858805
Hypoxia,KIAA2013,1.43466462790448
Hypoxia,CAMKMT,-1.3949788030997
Hypoxia,ENOX2,-0.969281826823275
Hypoxia,SEC24A,2.77331120423537
Hypoxia,DHRS11,-2.45998504044829
Hypoxia,GUF1,-2.22311505600191
Hypoxia,SNX17,-1.79466351354106
Hypoxia,RFK,-2.75512723764987
JAK-STAT,OAS1,15.0287145880853
JAK-STAT,HERC6,8.7696758787049
JAK-STAT,OAS3,10.6188418190691
JAK-STAT,PLSCR1,8.48160317260622
JAK-STAT,DDX60,12.1982332094247
JAK-STAT,TRIM21,6.67418811717532
JAK-STAT,SP110,8.67871272100352
JAK-STAT,RIGI,12.9653782494159
JAK-STAT,RSAD2,22.8987274334128
JAK-STAT,STAT1,9.08393656608298
JAK-STAT,IFI44,12.4508625272125
JAK-STAT,IFIT1,27.851363088861
JAK-STAT,IFI44L,18.8671558887454
JAK-STAT,OAS2,9.62482643391048
JAK-STAT,SP100,4.47650931610002
JAK-STAT,IFI35,10.5985356820645
JAK-STAT,MX2,11.8187031026258
JAK-STAT,SAMHD1,7.13344485896906
JAK-STAT,ISG15,20.0390335250618
JAK-STAT,DDX60L,7.20228303312216
JAK-STAT,IFI6,12.5796945047128
JAK-STAT,NMI,7.43265458763098
JAK-STAT,USP18,12.1780117527987
JAK-STAT,IFIT3,20.5923065601389
JAK-STAT,IFI16,7.28451346284686
JAK-STAT,SAMD9,10.426219160316
JAK-STAT,EIF2AK2,5.72301632487512
JAK-STAT,XAF1,8.78028611502116
JAK-STAT,MX1,19.3841312664934
JAK-STAT,BST2,8.10499358547223
JAK-STAT,IFIH1,8.34769265175166
JAK-STAT,SLC25A28,3.93346165414405
JAK-STAT,SHFL,5.47812604985806
JAK-STAT,RTP4,9.45113967581242
JAK-STAT,TDRD7,6.56664681954279
JAK-STAT,IFI27,11.2026545822811
JAK-STAT,IFIT5,7.94806893522353
JAK-STAT,IFITM1,13.9430942118392
JAK-STAT,UBE2L6,8.21558512599392
JAK-STAT,PML,3.60852527672784
JAK-STAT,BATF2,8.61349510610271
JAK-STAT,EPSTI1,12.0816176416244
JAK-STAT,APOL2,3.656057664879
JAK-STAT,OASL,12.7107272063666
JAK-STAT,LAP3,7.38495886733531
JAK-STAT,SLC15A3,4.26073918347599
JAK-STAT,IRF7,8.06937432090483
JAK-STAT,DHX58,4.9099421347871
JAK-STAT,HELZ2,4.76215188440194
JAK-STAT,ADAR,3.87492896070225
JAK-STAT,PARP14,6.39728381278698
JAK-STAT,TMEM62,2.30693529907938
JAK-STAT,TRIM14,3.03795885139966
JAK-STAT,SECTM1,5.9932298839984
JAK-STAT,RNF114,2.4915675486216
JAK-STAT,APOL6,6.47492088303487
JAK-STAT,ETV7,4.77952816189511
JAK-STAT,TAP2,3.59226036058408
JAK-STAT,IFIT2,16.1871460351994
JAK-STAT,PARP9,8.7151518590924
JAK-STAT,IRF9,7.52658418893156
JAK-STAT,PHF11,3.86173133641047
JAK-STAT,TAP1,9.77763834312082
JAK-STAT,TRIM5,3.4234903429741
JAK-STAT,PSMB8,5.86968402069555
JAK-STAT,TRIM38,3.49272614630224
JAK-STAT,APOL4,2.51446567489816
JAK-STAT,PARP12,6.9441010532389
JAK-STAT,SAMD9L,10.5628991033041
JAK-STAT,APOBEC3G,2.82646310969777
JAK-STAT,CMTR1,2.78086050029633
JAK-STAT,HERC5,9.11964240689449
JAK-STAT,STAT2,4.14717606787694
JAK-STAT,OGFR,2.04247813750597
JAK-STAT,GBP1,10.3986860770214
JAK-STAT,MYD88,4.30443072295005
JAK-STAT,TRIM22,10.5674574971914
JAK-STAT,TMEM140,5.10714104409123
JAK-STAT,RNF213,4.93751605673014
JAK-STAT,CMPK2,15.9287714424658
JAK-STAT,LAMP3,9.97323029401613
JAK-STAT,NLRC5,6.54684526065919
JAK-STAT,TRANK1,3.58887468491964
JAK-STAT,ZBP1,1.94145155963196
JAK-STAT,PRKD2,2.15549487824293
JAK-STAT,APOL1,5.34749912270142
JAK-STAT,PSMB9,8.15851150604537
JAK-STAT,GBP4,8.08465766982461
JAK-STAT,CYP2J2,2.09357760031004
JAK-STAT,TRIM25,3.41413092072421
JAK-STAT,ZC3HAV1,5.13372699252116
JAK-STAT,ZNFX1,6.49639821416828
JAK-STAT,DTX3L,8.35841869796418
JAK-STAT,CNP,2.96065675756878
JAK-STAT,SP140L,2.33786325395563
JAK-STAT,APOL3,4.84500740179243
JAK-STAT,CXCL11,15.0076627193311
JAK-STAT,PLSCR2,1.50667120347462
JAK-STAT,CASP4,2.42657748025015
JAK-STAT,IL22RA1,1.82061694158941
JAK-STAT,TRIM69,3.17312392394284
JAK-STAT,TLR3,4.43123765374853
JAK-STAT,PLEKHA4,2.32743966366065
JAK-STAT,CXCL9,10.7047451206469
JAK-STAT,WARS1,6.96351974965593
JAK-STAT,GMPR,3.56016284449209
JAK-STAT,SERPING1,3.24871558826121
JAK-STAT,DUOX2,1.79591539592432
JAK-STAT,TNFSF13B,4.95892943544397
JAK-STAT,JAK2,2.68496840091687
JAK-STAT,CASP7,3.43177390230457
JAK-STAT,AIM2,4.58817691867637
JAK-STAT,CASP10,1.36007040915029
JAK-STAT,MLKL,5.45221129927214
JAK-STAT,ANKFY1,1.49237431014359
JAK-STAT,IL18BP,1.49457681954947
JAK-STAT,TRAFD1,2.62859317916804
JAK-STAT,BLZF1,1.96324856432198
JAK-STAT,BCL2L14,2.12289286200719
JAK-STAT,THEMIS2,3.21657444576421
JAK-STAT,PARP10,1.83851212075108
JAK-STAT,LGALS3BP,3.58913970734262
JAK-STAT,ERAP2,2.67528645554049
JAK-STAT,N4BP1,2.28696069449629
JAK-STAT,IL15,4.2426394180329
JAK-STAT,STARD5,2.94936501488196
JAK-STAT,TRIM26,2.19947467926935
JAK-STAT,ZCCHC2,2.19162726926418
JAK-STAT,RASGRP3,2.61041123105287
JAK-STAT,NUB1,1.85953937792532
JAK-STAT,IFITM3,4.80334799906592
JAK-STAT,HLA-F,2.72023151838017
JAK-STAT,PLAAT2,1.28427200418393
JAK-STAT,HLA-E,3.64825454555128
JAK-STAT,SOCS1,2.6166277010482
JAK-STAT,ZNF107,1.84406521719416
JAK-STAT,ISG20,6.95319423135224
JAK-STAT,TNFSF10,8.61412467886151
JAK-STAT,IDO1,8.62017071055374
JAK-STAT,LY6E,3.28294453584362
JAK-STAT,REC8,1.16566896112357
JAK-STAT,TENT5A,3.44047514524041
JAK-STAT,CX3CL1,3.23439250133058
JAK-STAT,DDO,1.13722528139765
JAK-STAT,LGALS9,2.30229222787529
JAK-STAT,IFITM2,3.82803589076192
JAK-STAT,NAPA,1.92963604548411
JAK-STAT,LGMN,2.63845291225204
JAK-STAT,TRIM56,3.33639139039875
JAK-STAT,GTPBP1,1.24833673359133
JAK-STAT,PPM1K,2.98302561221233
JAK-STAT,IRF1-AS1,2.23034252405172
JAK-STAT,B2M,2.19404829413571
JAK-STAT,DNPEP,1.37768540985881
JAK-STAT,APOBEC3F,1.4227024188736
JAK-STAT,PNPT1,5.93354157880813
JAK-STAT,GCA,2.41540149547234
JAK-STAT,XRN1,2.99282343255803
JAK-STAT,LYPD5,1.54158908095066
JAK-STAT,HDX,2.44937068704476
JAK-STAT,GBP6,1.78818652115164
JAK-STAT,PDCD1LG2,2.81171252600302
JAK-STAT,CD274,7.42555765504738
JAK-STAT,CD47,1.80726371578693
JAK-STAT,TLK2,0.955398377735279
JAK-STAT,MOV10,2.73018092699496
JAK-STAT,PLAAT4,5.97397035464304
JAK-STAT,CASP1,3.19901335309468
JAK-STAT,IL12RB2,2.46118974492571
JAK-STAT,IRF2,2.90316755564263
JAK-STAT,TYMP,2.65044931331682
JAK-STAT,PABIR3,1.5074534513661
JAK-STAT,GBP5,5.90745080835878
JAK-STAT,IRF1,8.00507576882914
JAK-STAT,SLFN12,2.05029831572187
JAK-STAT,EDNRA,1.89157463094201
JAK-STAT,CTNNBL1,1.32372667991578
JAK-STAT,NOD2,1.93901449909731
JAK-STAT,NOD1,1.1276132071636
JAK-STAT,CBR3,2.20666756214255
JAK-STAT,SIDT1,1.63185061592006
JAK-STAT,BTC,1.55111823251825
JAK-STAT,STX17,1.32739403160336
JAK-STAT,GNB4,2.47444236302341
JAK-STAT,CHMP5,1.96501545908456
JAK-STAT,ART3,1.63880997670379
JAK-STAT,UNC93B1,1.22559884699658
JAK-STAT,IL15RA,3.79196643604058
JAK-STAT,HAPLN3,2.52119123599396
JAK-STAT,RBCK1,2.22315651766012
JAK-STAT,RBM11,1.78555234510396
JAK-STAT,FCGR1BP,2.02505492109931
JAK-STAT,BTN3A3,3.18820571247358
JAK-STAT,SP140,1.18738458258541
JAK-STAT,CEACAM1,2.26906168747604
JAK-STAT,IRF8,2.83461834033533
JAK-STAT,PDZD2,1.7930818764069
JAK-STAT,CALCOCO2,1.11302707663194
JAK-STAT,RIPK1,1.71242671678197
JAK-STAT,C1S,3.25368540674681
JAK-STAT,USP42,1.18011786071
JAK-STAT,CLN8,-1.25433355231948
JAK-STAT,ADPRS,2.3557942850779
JAK-STAT,CASP8,1.18042086739402
JAK-STAT,TLE4,1.44420998172207
JAK-STAT,PCGF5,1.69936440274235
JAK-STAT,ZFYVE26,1.79429740814928
JAK-STAT,CERK,-2.27618306911893
JAK-STAT,GBP2,5.24854227522763
JAK-STAT,FBXO6,3.27892428161723
JAK-STAT,CFTR,-0.728588950053856
JAK-STAT,GBP7,1.74017108663157
JAK-STAT,RABGAP1L,1.18186594816603
JAK-STAT,WDR25,1.0434209495816
JAK-STAT,MSRB1,2.25377456579805
JAK-STAT,DUOXA2,1.22830372600725
JAK-STAT,UBD,4.0885390558481
JAK-STAT,TRIM40,1.29306941896425
JAK-STAT,FZD5,1.53300568391602
JAK-STAT,ACO1,-1.43233060305437
JAK-STAT,MAK,0.946902855365972
JAK-STAT,NT5C3A,4.4062943600347
JAK-STAT,ODF3B,1.07300639351405
JAK-STAT,C2,0.813295383879014
JAK-STAT,TEX29,1.19217989654212
JAK-STAT,SPATS2L,2.10084555295875
JAK-STAT,ZBTB42,1.71571519982056
JAK-STAT,GSDMD,1.46152107148253
JAK-STAT,CD38,2.46368303105792
JAK-STAT,VAMP5,1.37868921502678
JAK-STAT,ACE2,1.66344401692205
JAK-STAT,RUBCN,0.846056508272459
JAK-STAT,IL7,2.13288918257623
JAK-STAT,CNDP2,1.16877925357057
JAK-STAT,C4orf33,1.2393815047857
JAK-STAT,SCARB2,1.15501197022663
JAK-STAT,EHD4,1.7021655849975
JAK-STAT,ASB1,-0.936020750457348
JAK-STAT,PSMB10,3.34695013307491
JAK-STAT,NDUFA9,1.39475984501296
JAK-STAT,MCUB,1.93651619673073
JAK-STAT,MS4A6E,0.975570358406961
JAK-STAT,ACKR4,1.59909523056564
JAK-STAT,C1R,3.40648672109127
JAK-STAT,TMEM106A,1.49169234644013
JAK-STAT,TASL,1.14675111903934
JAK-STAT,BTN3A1,1.76562879487133
JAK-STAT,SHISA5,1.57434602720062
JAK-STAT,CXorf38,1.6403890745536
JAK-STAT,PHACTR4,1.69427958689863
JAK-STAT,CTSS,3.05035224183072
JAK-STAT,SNX6,1.32726430543987
JAK-STAT,SLC10A1,-0.755029886736772
JAK-STAT,ZNF589,-0.898580863403348
JAK-STAT,HLA-DOB,0.842862322399455
JAK-STAT,DPEP2,-1.23229983715625
JAK-STAT,SFT2D3,-0.865171163797403
JAK-STAT,HLA-C,3.36141129232998
JAK-STAT,MOB3C,2.42152585904718
JAK-STAT,UBQLNL,0.81923251678082
JAK-STAT,FGFR2,-0.695430159150864
JAK-STAT,CFH,1.75522814502917
JAK-STAT,RNF31,0.980278318744633
JAK-STAT,ETV6,1.40639888477863
JAK-STAT,CCL8,5.92669601568556
JAK-STAT,STK3,0.945274071112963
JAK-STAT,RIPK2,2.49727849592847
JAK-STAT,PROCR,1.94867873373977
JAK-STAT,PSME2,4.54191276243665
JAK-STAT,GIMAP2,3.06369536400048
JAK-STAT,CDHR3,-0.803942051594298
JAK-STAT,RNF19B,3.46792847582482
JAK-STAT,GYS2,-0.731500855516024
JAK-STAT,SERPINB1,1.73410439237952
JAK-STAT,HSH2D,2.19534889422529
JAK-STAT,PHF20,-0.731294588029607
JAK-STAT,LRP6,-0.994945292742734
JAK-STAT,FAM172A,-1.56554695649995
JAK-STAT,CD74,1.8198226838344
JAK-STAT,STOML1,0.656433463937899
JAK-STAT,ABHD16A,0.894407472139938
JAK-STAT,NUDCD1,2.26593227045566
JAK-STAT,ASPHD2,1.75159821831
JAK-STAT,MMAA,0.978408058393149
JAK-STAT,UBA6,0.964396677633092
JAK-STAT,CCL18,1.06746555369855
JAK-STAT,STAP1,1.21504027853316
JAK-STAT,GRAPL,-0.655847191496736
JAK-STAT,NFIA,-1.42204029090904
JAK-STAT,CXCL10,15.3266333118269
JAK-STAT,HLA-DRA,2.29003481426703
JAK-STAT,HLA-G,1.92261543129023
JAK-STAT,PSMA4,1.47294483870847
JAK-STAT,NAT8B,0.573711445040812
JAK-STAT,ALPK1,1.05064404662332
JAK-STAT,PSMA3,1.23552045566446
JAK-STAT,ZHX3,-0.738753304840838
JAK-STAT,ZNF850,-2.15803571906226
JAK-STAT,TNFRSF10D,-1.51098087291057
JAK-STAT,DSG1,-0.858554777456211
JAK-STAT,TICAM1,1.33964276694441
JAK-STAT,USF1,1.02464696404801
JAK-STAT,ZNF620,0.828923036735585
JAK-STAT,DSC1,-1.30906811944142
JAK-STAT,PIK3AP1,1.93943777542282
JAK-STAT,DNAJA1,2.25456173137206
JAK-STAT,BAZ2A,0.583724727517938
JAK-STAT,ATP10A,1.14064645424375
JAK-STAT,CEP97,-1.01203674799091
JAK-STAT,CPEB3,0.929022507222998
JAK-STAT,FMR1,1.30775964728949
JAK-STAT,DCP1A,1.63210848111102
JAK-STAT,TMEM168,-1.30868569997204
JAK-STAT,PSME1,2.28925126162533
JAK-STAT,BTN3A2,2.22246004386284
JAK-STAT,ANGPTL1,1.22174607272775
JAK-STAT,LMO2,1.64752432940812
JAK-STAT,RP2,1.12555244858592
JAK-STAT,OR51L1,1.18617608425939
JAK-STAT,CTRL,0.755487489273673
JAK-STAT,DYNLT1,1.69257409766759
JAK-STAT,BCL2L13,0.815444247356436
JAK-STAT,GTF2B,1.49204689544948
JAK-STAT,LGALS8,1.13810327429276
JAK-STAT,SBNO1,-0.691958646670345
JAK-STAT,PDZD8,-1.31261869094606
JAK-STAT,AZI2,1.03771213771541
JAK-STAT,STEAP4,2.14465606764892
JAK-STAT,ATPSCKMT,-1.40885320362538
JAK-STAT,PARP8,1.22710531402483
JAK-STAT,LYN,1.98792641233831
JAK-STAT,SBNO2,0.996194249836824
JAK-STAT,MED25,0.62451390659188
JAK-STAT,KLF12,-0.654910087669989
JAK-STAT,CDC14A,-0.6394662658208
JAK-STAT,OTUD4,1.00811294642746
JAK-STAT,FRMD4B,0.895877610038165
JAK-STAT,CIITA,0.691843935232116
JAK-STAT,RFX5,1.44012356486993
JAK-STAT,GNG5,1.09223297282199
JAK-STAT,PGLYRP4,0.790559494093491
JAK-STAT,C6orf62,1.316329537829
JAK-STAT,SCLT1,1.45115888186068
JAK-STAT,PSMA2,1.09564271467337
JAK-STAT,LRRC3,0.830935529696138
JAK-STAT,DNAAF11,-0.85171957135253
JAK-STAT,ZNF677,-0.684555028585934
JAK-STAT,TAPBPL,1.65188886019077
JAK-STAT,NUDT3,-0.947747736329817
JAK-STAT,MDGA1,0.695397726727766
JAK-STAT,TRIP11,-0.734435212661733
JAK-STAT,MPHOSPH9,-1.32805543076143
JAK-STAT,HLA-B,3.75110710449474
JAK-STAT,ZNF568,-0.604404685853746
JAK-STAT,INTS12,1.13058952918117
JAK-STAT,SCO2,1.44528181193993
JAK-STAT,TTC3,-3.05669312874976
JAK-STAT,VSIG10L,1.5233889962483
JAK-STAT,DYNC2H1,-0.880071495652648
JAK-STAT,STAT3,1.25245746019069
JAK-STAT,CAND2,0.652443036284362
JAK-STAT,PI4K2B,4.13725782302042
JAK-STAT,GPATCH11,-1.79980828841281
JAK-STAT,SOCS3,1.91448309565082
JAK-STAT,C3orf18,-0.65346391214299
JAK-STAT,KIAA0040,1.70533829305567
JAK-STAT,SCN8A,-0.466436041495421
JAK-STAT,ARHGAP20,0.919300843665103
JAK-STAT,CD164,0.998280689382913
JAK-STAT,MYCBP2,0.967730693336041
JAK-STAT,IL1RN,1.99140842426965
JAK-STAT,SCYL3,1.21822601445736
JAK-STAT,APPL2,-1.4976149049486
JAK-STAT,KRT1,-1.03969399942174
JAK-STAT,LHFPL7,-0.955361803395206
JAK-STAT,STUM,-0.442057008866277
JAK-STAT,NBN,1.59930192835603
JAK-STAT,CEP290,-0.751393708266502
JAK-STAT,ZNF808,-1.07999860472821
JAK-STAT,NECTIN2,1.07649615007608
JAK-STAT,UBFD1,0.89053042490704
JAK-STAT,GBP3,4.1008124819087
JAK-STAT,UGT2B10,-1.80809049939304
JAK-STAT,CCDC68,1.29287349509624
JAK-STAT,ZNF248,-0.870747197945244
JAK-STAT,ATXN2,-0.862010461906671
JAK-STAT,HAO2,-0.461091741144504
JAK-STAT,BAK1,1.33562145408559
JAK-STAT,ADGRA3,-0.98415784908708
JAK-STAT,HBB,-0.705329929163588
JAK-STAT,HCP5,1.4103257304184
JAK-STAT,MAP2,1.43294931566413
JAK-STAT,SPANXN4,-0.791185930215515
JAK-STAT,EML5,-0.785662525788351
JAK-STAT,CHD9,-0.897239090245086
JAK-STAT,PTGDR,-0.414448748280531
JAK-STAT,PATL1,1.31590250426286
JAK-STAT,CGAS,1.45524260201955
JAK-STAT,CLDN23,1.00019609986438
JAK-STAT,MPP7,-1.26055798407621
JAK-STAT,CSNK1G1,0.752607865794751
JAK-STAT,ANKRD62,0.850380355909394
JAK-STAT,KCT2,0.940331983702418
JAK-STAT,PIK3C2G,-0.667411988191478
JAK-STAT,TGFBRAP1,-0.873279924547774
JAK-STAT,FLT3LG,0.997203795326159
JAK-STAT,TTC39B,1.24051739121041
JAK-STAT,MAB21L2,0.80190881342157
JAK-STAT,SLC6A14,1.69333921861813
JAK-STAT,EXPH5,-0.951089465855156
JAK-STAT,FBXO39,0.594759867118792
JAK-STAT,ANKRD22,2.18158849647997
JAK-STAT,VPS9D1,0.913626807281075
JAK-STAT,TAS2R31,-2.37682312214886
JAK-STAT,ZMYND11,-0.737952044211099
JAK-STAT,SPSB1,1.71025200744553
JAK-STAT,SLC38A5,2.02720965435957
JAK-STAT,ACSM5,0.456463424118864
JAK-STAT,CCR8,0.588365471285052
JAK-STAT,RBM43,1.75293384386047
JAK-STAT,CHP2,-0.494915334561163
JAK-STAT,SPTLC2,0.8367000265337
JAK-STAT,APOBEC3D,0.690967451091799
JAK-STAT,ZNF10,-0.645119874791251
JAK-STAT,UBA7,3.12177833681948
JAK-STAT,CCND3,1.20689149145072
JAK-STAT,STX11,1.83412562113068
JAK-STAT,UGT3A1,-0.515898604265643
JAK-STAT,CLEC2B,1.46441837350901
JAK-STAT,AKAP9,-0.961557191164834
JAK-STAT,CREM,1.32806459914787
JAK-STAT,CARD11,0.70480264705035
JAK-STAT,TAS2R19,-0.646026948144228
JAK-STAT,LRRTM2,0.791823199397492
JAK-STAT,SIK2,-0.657935028232196
JAK-STAT,TTC38,0.59241203238478
JAK-STAT,DAPP1,1.22967265374496
JAK-STAT,HELB,1.03472750313845
JAK-STAT,GPR180,1.52295266558202
JAK-STAT,IFNLR1,0.849695834483551
JAK-STAT,ERAP1,0.932433222649316
JAK-STAT,HNRNPA0,-0.983474876497639
JAK-STAT,CYREN,-0.994014321352812
JAK-STAT,F13B,-0.560883977848719
JAK-STAT,LGI1,-0.654684062410292
JAK-STAT,S1PR1,-0.933922188405499
JAK-STAT,IFI30,5.56932940690954
JAK-STAT,KRT24,0.714767047122741
JAK-STAT,OCR1,-0.954900229340179
JAK-STAT,SOS2,-0.896230432478105
JAK-STAT,MAD2L1BP,0.867203407593607
JAK-STAT,PREPL,-1.02065135836524
JAK-STAT,JADE2,0.974592560951281
JAK-STAT,IL36RN,0.656127173068543
JAK-STAT,P2RY8,-1.33568434509506
JAK-STAT,APC,-0.744404919220234
JAK-STAT,DYRK4,0.921024733084624
JAK-STAT,LRCH2,1.52019685703301
JAK-STAT,TAS2R20,-1.80328178525842
JAK-STAT,FLVCR2,0.949704172636102
JAK-STAT,NNMT,1.82450059849134
JAK-STAT,RDH16,-0.580866980271048
JAK-STAT,ZRSR2,0.649226571608274
JAK-STAT,CASD1,-0.765835894775743
JAK-STAT,C1QB,0.691862843762706
JAK-STAT,CHRNA6,0.675265098880416
JAK-STAT,AKAP11,-0.868171668508183
JAK-STAT,CD52,-0.780835345994639
JAK-STAT,ELF1,1.37551124233005
JAK-STAT,RNASE10,0.66603924925877
JAK-STAT,MAPKAPK5-AS1,-0.924312523254881
JAK-STAT,ZFP37,-0.806179437483615
JAK-STAT,CTSO,1.71888889085184
JAK-STAT,PPA1,1.41937419921991
JAK-STAT,CYTH1,0.806580211257341
JAK-STAT,CLUHP3,0.778936914464377
JAK-STAT,FAM20A,1.20111323083241
JAK-STAT,SLC17A3,-0.554232543383212
JAK-STAT,FAS,2.08124780207377
JAK-STAT,VSNL1,1.31745162426813
JAK-STAT,HS3ST1,0.887836744130636
JAK-STAT,RALA,1.38619087316413
JAK-STAT,TAT,-0.406810405580628
JAK-STAT,OSBPL8,-1.00605709337261
JAK-STAT,AGAP1,-0.990159946571717
JAK-STAT,ATM,-0.94251969308758
JAK-STAT,FAHD2A,-0.557301338216886
JAK-STAT,PBX3,-1.24948427646368
JAK-STAT,HM13,0.791594204272332
JAK-STAT,PRRG1,1.13909659986663
JAK-STAT,PARP4,1.15495651957347
JAK-STAT,CCDC66,-0.912085382532977
JAK-STAT,NOS2,0.509322940809991
JAK-STAT,ARHGAP35,-0.711127717605919
JAK-STAT,C1QC,0.714163764168211
JAK-STAT,PGAP4,-0.825979638216593
JAK-STAT,PABPC4,-1.02938470038677
JAK-STAT,ANKMY1,-0.335127068341547
JAK-STAT,NAT8,1.74637040621789
JAK-STAT,KRT78,0.637260010509931
MAPK,DUSP6,16.8590158280176
MAPK,SPRED2,3.50183464102223
MAPK,SPRY2,9.48158474811891
MAPK,ETV5,5.98870960594422
MAPK,EPHA2,6.31401244666076
MAPK,PHLDA2,3.85823865379557
MAPK,FOSL1,9.00052230863295
MAPK,SPRY4,10.1144705371691
MAPK,DUSP4,7.80481595969638
MAPK,SLCO4A1,4.08453814362535
MAPK,ETV4,5.29378397860543
MAPK,PHLDA1,7.04528922892108
MAPK,ETV1,3.56346478875676
MAPK,TMEM59,-2.26427296258465
MAPK,SLC20A1,6.81035296711078
MAPK,DUSP5,7.92003014258316
MAPK,STX1A,2.21515121358096
MAPK,ELK3,2.9961403928388
MAPK,NT5E,5.83888139082194
MAPK,PHC2,2.39540102391319
MAPK,C11orf71,-2.36675761284733
MAPK,GABARAP,-2.96166378554828
MAPK,SPRED1,6.20994824376467
MAPK,TCOF1,2.21157805492884
MAPK,BZW1,2.78108543054007
MAPK,CCND1,6.26301160545996
MAPK,AREG,4.9322864163768
MAPK,UBA2,2.07987848790322
MAPK,TNFRSF10A,5.17304432686464
MAPK,PWP2,1.33221219929849
MAPK,PNP,4.91046403239136
MAPK,ECH1,-2.28974208361921
MAPK,SH3BGRL,-2.72344650934607
MAPK,PBLD,-1.97768378296481
MAPK,TRIB1,4.1829430716292
MAPK,GPR3,1.63082925966816
MAPK,NNT,-1.81972821544713
MAPK,HMGA2,3.72797107304941
MAPK,POLR3G,2.8294839761781
MAPK,STX8,-1.10640642473181
MAPK,YRDC,3.62564642925459
MAPK,DCBLD2,3.37151568478737
MAPK,SCPEP1,-1.9325651044928
MAPK,SLC35F2,2.85098200227271
MAPK,BDH2,-2.49659086794075
MAPK,ASB8,-1.69399615351741
MAPK,LRP8,4.51300427600781
MAPK,PIK3C2B,-2.75268657283763
MAPK,AEN,3.21611826452391
MAPK,DAZAP2,-1.40779498255426
MAPK,TOP1,3.63340880084587
MAPK,ENTR1,1.56415367684619
MAPK,TRIM52,-2.20119038690844
MAPK,CDCA4,3.01028126156975
MAPK,TNS3,-2.72646381305986
MAPK,TMUB2,-1.67381617986947
MAPK,FERMT1,2.33370465546028
MAPK,ARHGEF17,-1.39689109122884
MAPK,SLC4A7,2.70949499395691
MAPK,MAN2B2,-1.91760613723522
MAPK,PRCP,-1.27868444112129
MAPK,GRPEL1,2.66946875266487
MAPK,SIRT2,-1.32328313678571
MAPK,RAB26,-3.4389782720449
MAPK,XRCC3,1.5437565622297
MAPK,E2F3,2.03434847548691
MAPK,PRNP,2.59731080726985
MAPK,FAM149B1,-1.34234232250798
MAPK,SIDT2,-2.75271087544008
MAPK,LAMB2,-2.39287963748878
MAPK,LDLR,3.07391098575529
MAPK,ZBTB3,-1.56916397321037
MAPK,MCL1,3.01286499570434
MAPK,ZSCAN31,-3.3278642206561
MAPK,WDR3,2.29911529903853
MAPK,RAB5B,-2.08045064211124
MAPK,CBFB,2.33999820545757
MAPK,MCMBP,1.88755073514293
MAPK,MCCC1,-1.92267632737533
MAPK,SRP14,-1.5944123429577
MAPK,SPG11,-1.33788368473598
MAPK,MIER2,0.956640357357573
MAPK,KRR1,1.46170719355327
MAPK,NUP50,1.77471073483581
MAPK,GATAD2A,1.3592381882946
MAPK,BRIX1,2.86674906007426
MAPK,FMO5,-1.49724165656977
MAPK,MGST3,-1.45283168172918
MAPK,KIAA1522,-2.29989865248777
MAPK,UBASH3B,4.96762401165282
MAPK,DUSP7,2.45250826338135
MAPK,PBX1,-2.99961326480848
MAPK,RNF138,2.35574220744453
MAPK,KMT5A,1.74097481250001
MAPK,STK17A,2.94056687733242
MAPK,SMURF2,3.03016176251486
MAPK,HMGA1,2.86870568230899
MAPK,MPHOSPH6,2.24262157537091
MAPK,PALS2,2.24262157537091
MAPK,DNASE2,-1.82182041633701
MAPK,CAPN15,1.45620021059426
MAPK,TEX10,1.77199210333003
MAPK,TAF1A,3.2145150433205
MAPK,KCTD5,1.63139209137689
MAPK,MMP1,8.5191677719855
MAPK,QSOX2,2.01603608021989
MAPK,GTPBP4,3.05336270776193
MAPK,METTL7A,-2.49081984170339
MAPK,SH2B3,4.25369863416929
MAPK,RNF126,1.77158172343616
MAPK,LIF,5.91795636876339
MAPK,TSR1,1.91480143513225
MAPK,RRAGC,-1.52510290772743
MAPK,RRP1,1.27542182510484
MAPK,TOM1,-1.77947647642513
MAPK,KANSL1L,-1.52305150117824
MAPK,SELENOP,-3.16271719595473
MAPK,MSRB2,-1.76433623689424
MAPK,NIP7,3.41187013415959
MAPK,MCFD2,1.69195404894428
MAPK,ANXA4,-3.31038023516912
MAPK,DGLUCY,-1.58230232637732
MAPK,SERPINB8,2.1266019923123
MAPK,SYNPO,-2.03704819278916
MAPK,SLC25A32,3.67013380399773
MAPK,VPS13C,-1.4671249550175
MAPK,EGR1,8.15215186144385
MAPK,VPS39,-1.6748103100975
MAPK,BSDC1,-1.21254092725353
MAPK,NMRK1,-1.84321372337172
MAPK,ACOT8,-1.08811278764076
MAPK,DDX21,4.09370305475237
MAPK,CCDC86,3.209569186473
MAPK,USP36,1.6807789578381
MAPK,RASSF8,1.42937833654768
MAPK,PUM3,2.01260122774587
MAPK,QTRT2,1.55159791880967
MAPK,DCTN3,-1.59230096998093
MAPK,POLR1G,2.69026691816574
MAPK,CAT,-1.9278254441647
MAPK,TNFRSF12A,5.03300082054558
MAPK,PITPNC1,2.43237589743792
MAPK,ARMCX3,-2.23185802526519
MAPK,HADHB,-1.82170818679396
MAPK,ARMCX6,-0.968817104388396
MAPK,EIF4E,1.63537628429116
MAPK,PDSS1,2.6081536840097
MAPK,NPAS2,2.78720983066664
MAPK,SGSM3,-1.00127666885948
MAPK,PLK3,2.30392062395173
MAPK,SSBP2,-2.28303038434219
MAPK,DBP,-1.89940749217554
MAPK,MRGBP,1.60868650730154
MAPK,PLPP1,-2.91913129936645
MAPK,H2AC6,-5.5759893507703
MAPK,UBIAD1,1.35948087323522
MAPK,ITFG1,-1.3133840992121
MAPK,TEX30,2.74604249730403
MAPK,RABGAP1,-1.16529732938857
MAPK,ATP6AP1,-1.7576444991468
MAPK,NUP153,1.50488738617441
MAPK,CTSD,-2.49867884435031
MAPK,EPS8L2,-1.47915242855475
MAPK,PSAP,-2.63125547848128
MAPK,TRADD,-1.16130876415565
MAPK,GSTK1,-2.59482252638597
MAPK,CTSA,-2.5676702887056
MAPK,GALT,-1.34845434439797
MAPK,SELENBP1,-3.20196464456782
MAPK,CSAD,-1.27378093345411
MAPK,CHD3,-1.52153315053007
MAPK,MYEOV,1.72322427656755
MAPK,BLM,3.16774304666941
MAPK,SH3TC2,1.53734402331916
MAPK,MAK16,3.17021252348607
MAPK,SLC25A15,2.46141282612794
MAPK,IER2,4.29302045450059
MAPK,PVR,1.66654642660267
MAPK,SSH3,-1.33291638505267
MAPK,ODC1,4.55737300826033
MAPK,BBS9,-1.11917001927743
MAPK,POLR1E,1.72941478431062
MAPK,TOMM34,1.81393052913268
MAPK,DYNC2LI1,-1.35886417812358
MAPK,TOX4,-0.886210605189193
MAPK,GPX4,-2.05898064525943
MAPK,RFWD3,2.77443775270676
MAPK,ITGA6,2.76986247841336
MAPK,H2BC21,-3.99057114063341
MAPK,LONRF3,1.9933114335134
MAPK,SEH1L,2.76213925898765
MAPK,KIF13A,-1.48618401188131
MAPK,TRMT6,3.89974181504628
MAPK,ANO1,2.09765371248351
MAPK,PIK3IP1,-2.11656625109539
MAPK,B3GALT4,-1.26393188074007
MAPK,CRY1,2.95479712187919
MAPK,ZNF350,-1.20328042061877
MAPK,NLE1,1.72256663203328
MAPK,TMEM219,-1.82805339979358
MAPK,UBE2S,3.71364727524179
MAPK,RWDD2A,-1.50882256161137
MAPK,GART,1.6032406798841
MAPK,FASTK,-0.873710328188253
MAPK,PPAT,2.13451240725966
MAPK,NOC3L,2.90164897440811
MAPK,IPO7,1.79378665261401
MAPK,MAGOHB,1.73749779258698
MAPK,NDUFAF4,2.74099809818747
MAPK,SLC45A3,1.74236471049245
MAPK,WDR74,1.72295746991546
MAPK,URB2,2.65793256190829
MAPK,CRYZL1,-1.27978973237151
MAPK,LAMP2,-2.06611800509515
MAPK,ABHD4,-2.35783678189547
MAPK,PFDN2,2.72733253871935
MAPK,SLC16A4,-3.32257439032954
MAPK,FIP1L1,1.58276838168337
MAPK,FJX1,2.93368144143752
MAPK,CLU,-2.16686485851276
MAPK,FOXD1,1.88353669767612
MAPK,IFT81,-1.57574152910203
MAPK,BBS1,-1.30723482107926
MAPK,PBXIP1,-2.28012864591615
MAPK,KIAA0319L,-1.48411824640781
MAPK,DSCC1,2.16716382998788
MAPK,MAGED1,-2.58394869820021
MAPK,TSPAN31,-2.0201204915158
MAPK,C1RL,-2.19224194800878
MAPK,TGFA,3.68875054367728
MAPK,MID1,-1.94175644170749
MAPK,DECR1,-2.11108820805378
MAPK,HIGD2A,-1.4304306762205
MAPK,THBS3,-2.34587758569319
MAPK,PTPN12,2.02755880866772
MAPK,AAMDC,-1.18507469374125
MAPK,CD24,-4.17012196328763
MAPK,SNRPB,2.31241630248172
MAPK,MTUS1,-2.13244241186662
MAPK,COX7C,-1.10664112111205
MAPK,MEIS1,-1.79419203230343
MAPK,OS9,-1.64763964237125
MAPK,TP53INP1,-3.79840534241008
MAPK,CDC45,3.74331135354804
MAPK,NAA15,2.36334059610233
MAPK,MAGED2,-1.92882995153191
MAPK,RFC3,3.47451638592227
MAPK,TBC1D17,-1.53615767693836
MAPK,RETREG2,-1.72252713868932
MAPK,LGALS3,-2.42530586612329
MAPK,WDR43,2.90248766900496
MAPK,VPS8,-1.15101871267252
MAPK,PRDX5,-2.29458777706919
MAPK,ZNF226,-1.19006288617048
MAPK,CDC42EP2,1.87517211933526
MAPK,GRN,-2.95639152117641
MAPK,CDK19,-1.69817535781777
MAPK,IER3,8.3160554291295
MAPK,ORC6,3.35813820401784
MAPK,IRAK1,1.74314453576751
MAPK,SLC35G2,1.49848849320091
MAPK,MYO19,1.33867499196888
MAPK,RNF170,-1.40914461438517
MAPK,ECHDC2,-1.379977113222
MAPK,RPP25,1.62932585985626
MAPK,MCM10,4.42178469352093
MAPK,CRLF3,1.55298165407594
MAPK,ALDH3B1,-1.98501461981175
MAPK,ECT2,2.4864736805641
MAPK,VAMP8,-2.47133359696655
MAPK,MYC,4.92397805127643
MAPK,ZNF608,-3.31110119368519
MAPK,GNL2,2.33142025635677
MAPK,ZNF696,1.11999717187804
MAPK,PDK2,-1.76316852367503
MAPK,MAFF,5.5960913915991
MAPK,ING4,-2.2178588641302
MAPK,HPCAL1,2.91414084738279
MAPK,GSTA4,-2.22562780427959
MAPK,ASAH1,-1.51769223086544
MAPK,ZBTB20,-1.962495981482
MAPK,HSD17B4,-1.20032142995392
MAPK,ESF1,2.08779266673831
MAPK,SEZ6L2,-1.25406487873871
MAPK,TAGLN3,1.65150467956403
MAPK,ARL6IP5,-2.32987494126828
MAPK,CHD1,2.09154752359267
MAPK,UPP1,3.87230451666544
MAPK,MATN2,-3.41545971618947
MAPK,CARF,-1.53234029783619
MAPK,STEAP1,2.90797664335493
MAPK,NDUFA2,-1.07276452205133
MAPK,ADD3,-3.22285885512136
MAPK,SLC25A19,3.47524081674768
MAPK,MAD2L1,3.42011164397698
MAPK,MINDY1,-1.6936694592361
MAPK,GOLGB1,-1.6665005161367
MAPK,VPS35L,-0.877198947315774
MAPK,BYSL,2.52548328501307
MAPK,PPRC1,2.8388309401236
MAPK,AMD1,2.75202212146548
MAPK,NOM1,3.04096356222735
MAPK,SYF2,-1.19003421891827
MAPK,ACBD4,-1.13725579973824
MAPK,WNK4,1.61773964261115
MAPK,ERRFI1,9.26340503897811
MAPK,ACSF2,-2.17459447466432
MAPK,ZNF345,-1.18187470552207
MAPK,NCL,1.55245210082162
MAPK,SIRT3,-0.860301279787072
MAPK,POLR2D,1.60444083002187
MAPK,LYAR,5.17111634405287
MAPK,CEP72,1.52565256398642
MAPK,C14orf93,-1.54843401031479
MAPK,PPIC,-1.81392377454551
MAPK,PGAP3,-1.26683123610756
MAPK,KBTBD2,1.88910178576906
MAPK,RABAC1,-2.09100402456251
MAPK,LRATD2,2.7543260099125
MAPK,CCNE1,1.80695243849233
MAPK,ITM2B,-2.01210537815429
MAPK,EIF5A2,1.99348969619482
MAPK,RNF146,-1.88752039478555
MAPK,PLAUR,3.78239861839455
MAPK,DHODH,1.20258917524099
MAPK,PPCS,-1.47886894363104
MAPK,MLLT3,-1.78160994086144
MAPK,ENTPD6,1.11928184571391
MAPK,TFAM,2.00507898894432
MAPK,AUH,-2.11232464093407
MAPK,CDKL3,-0.821368590052775
MAPK,CHAF1A,1.9663455743501
MAPK,PDLIM1,-3.23935264574971
MAPK,ARPC5L,1.97661072138154
MAPK,ISG20L2,1.4742344220669
MAPK,ALDH6A1,-2.33484807267227
MAPK,FGGY,-1.04332521223612
MAPK,ZNF473,1.50333407761982
MAPK,PABPN1,-1.94084168736021
MAPK,CCDC92,-2.12023744145127
MAPK,TRA2B,1.77330824311369
MAPK,GJB3,1.39027271995097
MAPK,PLEK2,2.93685956609369
MAPK,MRTO4,2.92287280063631
MAPK,NOLC1,2.86917074258341
MAPK,MMUT,-1.53130486180164
MAPK,NSUN2,3.2530562110565
MAPK,MPPE1,-1.40544606662686
MAPK,NOL6,1.82485547032683
MAPK,VPS41,-1.77303184776094
MAPK,IL10RB,-2.10058466876021
MAPK,YPEL5,-3.59573524332006
MAPK,S100A16,4.20096019821956
MAPK,SMTN,1.99203283933344
MAPK,EIF2B2,1.71757935201674
MAPK,OSBPL9,-1.85323846891506
MAPK,FBXO45,2.75993790981645
MAPK,TFB1M,1.94461089501398
MAPK,TMEM185B,1.70532660583231
MAPK,SOWAHC,2.92421704130694
MAPK,GOLPH3L,-2.22706746936811
MAPK,ZNF362,-1.04343897988153
MAPK,HBEGF,3.16392613728733
MAPK,ITPRID2,1.81702722027427
MAPK,KIF23,3.06046762432924
MAPK,CLN3,-1.44665766523615
MAPK,CDK5R1,1.23104605356069
MAPK,RABGAP1L,-1.16732784934647
MAPK,MRTFB,-1.04059349839679
MAPK,TBC1D8B,-1.46000239465921
MAPK,DAZAP1,1.46012632638677
MAPK,ITPR3,1.04617167961929
MAPK,NUP54,0.9233763861433
MAPK,TCERG1,1.39020191402118
MAPK,NOP16,2.36556560778148
MAPK,DIAPH1,0.894734619952829
MAPK,LYRM9,-1.38148350479188
MAPK,GEMIN4,2.08227111845694
MAPK,ATG14,-2.30676356650412
MAPK,PPM1G,1.7332356955974
MAPK,ALDH2,-1.81813414577224
MAPK,SLC44A2,-2.88114871973568
MAPK,UCHL5,1.67082656724162
MAPK,ZNF215,1.15146623389279
MAPK,TMEM260,-1.72422267091695
MAPK,USP48,-0.935079477147366
MAPK,SLC22A5,-1.34150640657048
MAPK,ENOPH1,1.35179192318214
MAPK,CHMP2A,-1.85946162979299
MAPK,PHYH,-2.09938843926618
MAPK,PLAAT3,-1.80911744668452
MAPK,RAD18,2.54045141909743
MAPK,AXIN1,1.26591544139203
MAPK,UTP18,1.51144065804135
MAPK,UBE3C,0.875056996063399
MAPK,SLC25A29,-1.59393542424076
MAPK,ZNF224,-1.17316470559146
MAPK,DNAJC2,1.34119219844744
MAPK,WWTR1,2.18157794427381
MAPK,HES1,2.56152543368211
MAPK,MYL6,-1.38261705130576
MAPK,PRMT3,2.43100805581037
MAPK,VAV3,-2.56010625695766
MAPK,PAPSS1,-1.54910497346159
MAPK,PNO1,2.17300234795763
MAPK,ERMAP,-1.62576873594735
MAPK,PRMT2,-0.980169303006511
MAPK,LITAF,-1.69584954994347
MAPK,AKR1C3,-4.08201678043918
MAPK,ATAD2,3.2280754685
MAPK,GSDMB,-1.25357787573601
MAPK,RUFY1,-0.777156624878718
MAPK,HAUS6,2.58070758397713
MAPK,KLC4,-1.30111795127733
MAPK,ERGIC3,-0.692077329781643
MAPK,EAPP,-1.88702154774713
MAPK,PHKB,-1.35114127671067
MAPK,TCF25,-0.991106114285747
MAPK,HEATR1,1.53474767793326
MAPK,HSPA14,1.7862235917261
MAPK,PSMC3IP,2.16962540686648
MAPK,SMAGP,2.47924328654544
MAPK,OSBPL1A,-1.38479953459813
MAPK,PUS1,2.097873211825
MAPK,STK10,1.68504632411284
MAPK,NEU1,-2.11469787958373
MAPK,DNAJB2,-2.10388730518375
MAPK,GPNMB,-4.63815315945736
MAPK,HJURP,3.21805223421708
MAPK,NME3,-1.74146646825086
MAPK,ZNF436,-2.70825264466619
MAPK,EGR3,5.70738891462223
MAPK,KCNN4,3.06452323852314
MAPK,TXLNG,1.87905926941182
MAPK,PXN,1.91745574496147
MAPK,CITED2,-3.52713560260023
MAPK,CHSY1,2.90355495476631
MAPK,SH2B1,-0.859938564870713
MAPK,ATRAID,-1.34344463895941
MAPK,ERCC6L,2.41322856671789
MAPK,ETFDH,-1.3599286468014
MAPK,HAS3,2.14434671062696
MAPK,ADD1,-0.90158681101476
MAPK,PPFIBP2,-1.32493181405791
MAPK,FBXO2,-1.16882403309702
MAPK,WDR12,1.7410465758237
MAPK,ZSWIM8,-0.88942530735846
MAPK,STX7,-1.42293850762608
MAPK,PFDN5,-1.45534758559407
MAPK,LZTS2,-1.83714330174699
MAPK,TLR4,2.54154710070093
MAPK,SURF2,1.40319317426231
MAPK,HNRNPAB,3.41170046334955
MAPK,NTSR1,1.39832538217629
MAPK,PEPD,-1.46196973666468
MAPK,IDH1,-2.48188299857032
MAPK,TOMM40,2.04356922561496
MAPK,HHLA3,-1.53953170553911
MAPK,ARHGEF2,1.80262439035128
MAPK,IFRD2,2.48405295401134
MAPK,MLX,0.940781674321581
MAPK,PIGT,-0.791603498654856
MAPK,NCOA2,-1.34839702646115
MAPK,KIZ,-1.63791572167703
MAPK,PAK1IP1,2.99183209253278
MAPK,SNRPD1,2.30204147672542
MAPK,H2BC5,-3.63229734407499
MAPK,DCAF5,-1.24900896132781
MAPK,TLR3,-2.75938927261378
MAPK,SAT2,-2.55781185168303
MAPK,HEXA,-0.877438659367496
MAPK,SYNCRIP,1.55865695775505
MAPK,LAMP1,-1.22534625420079
MAPK,DCAF13,1.23179041012323
MAPK,PLD3,-1.7194016279067
MAPK,RRP1B,1.61089043812549
MAPK,TIPIN,3.21699138748046
MAPK,ANKMY2,-1.74818422088866
MAPK,TRIP13,3.64479630222503
MAPK,KLHDC8B,-2.68898144635266
MAPK,SOX4,-2.36835514699392
MAPK,TRIM2,-1.61549406709262
MAPK,OPTN,-2.91272505717101
MAPK,CLIC3,-4.50285315116129
MAPK,CDC25A,2.87848608774325
MAPK,HECTD4,-0.839524003639277
MAPK,MRPS14,-1.22398623288624
MAPK,RRM2,5.13678527746478
MAPK,RIF1,1.25450519251303
MAPK,KPNA4,1.31207387213062
MAPK,RBM15,1.03318994228579
MAPK,POLR3D,1.60490543255369
MAPK,PCYOX1,-2.47344651315538
MAPK,MR1,-2.05105887288454
MAPK,NOP14,1.71724321840531
MAPK,ACOT7,2.21968611381162
MAPK,RAN,2.10958284097559
MAPK,ACADSB,-1.6422474251407
MAPK,DMXL1,-1.77134430224639
MAPK,RRP7A,1.64212225258304
NFkB,TNFAIP3,28.3737523134651
NFkB,CXCL2,9.40345995753717
NFkB,CCL20,36.6973078682593
NFkB,NFKBIA,11.4445337143917
NFkB,CXCL8,38.5179286893872
NFkB,RELB,7.77922197337011
NFkB,NFKB1,9.51363622089187
NFkB,TNFAIP2,10.9108073918533
NFkB,ICAM1,18.3693852641061
NFkB,IL6,21.770635436392
NFkB,NFKBIE,8.21183284796716
NFkB,NFKB2,5.51557538189721
NFkB,CXCL3,22.9461142188508
NFkB,SLC2A6,9.72998809873575
NFkB,NINJ1,8.01225057853366
NFkB,WTAP,3.76663440288848
NFkB,BCL2A1,14.4169245737719
NFkB,BIRC3,12.4576121742067
NFkB,CD83,10.4513708683432
NFkB,TICAM1,3.49208467391813
NFkB,CXCL1,23.4218587811188
NFkB,RIPK2,5.97975213098363
NFkB,INHBA,12.4675936569889
NFkB,CSF2,5.90352627791306
NFkB,TNIP1,6.13472667662198
NFkB,DRAM1,9.5477003571551
NFkB,TRAF1,10.3355766029445
NFkB,IRAK2,5.34339161268539
NFkB,TLR2,5.41421997604156
NFkB,TNF,18.6392620596404
NFkB,MSC,6.35920655303276
NFkB,IKBKE,3.3411268875817
NFkB,GCH1,14.0260436644797
NFkB,CXCL5,7.17964791657825
NFkB,IL1A,8.11129097221699
NFkB,BID,4.72982353922745
NFkB,PTX3,21.2478956388809
NFkB,EHD1,5.87160738429593
NFkB,CFLAR,4.01671158821876
NFkB,SDC4,8.15340036456494
NFkB,TNIP2,3.31072735149829
NFkB,TNFSF15,6.24584727544688
NFkB,IFNGR2,6.02200972475387
NFkB,MAP3K8,7.39920536474448
NFkB,IL1RN,5.15157965968566
NFkB,CYLD,2.77331423375652
NFkB,IL23A,2.07290492359488
NFkB,IL36G,9.82640555786125
NFkB,CCL2,17.5659918325355
NFkB,KYNU,6.40446360557511
NFkB,STAT5A,3.98656100319747
NFkB,B4GALT1,2.53619871797362
NFkB,IL1B,21.6559293107342
NFkB,TNIP3,8.25934093825706
NFkB,IFNAR2,4.68331898329886
NFkB,HIVEP1,3.99971488002502
NFkB,NKX3-1,2.37298329930962
NFkB,CFB,6.31351994004626
NFkB,TRIP10,4.16756174882639
NFkB,CSF3,4.9031843413131
NFkB,IRF1,12.6980091248709
NFkB,TNFRSF9,5.99605904813046
NFkB,CXCL6,8.72540142737151
NFkB,NFKBIZ,15.123815836823
NFkB,CD40,3.52021359068652
NFkB,OLR1,7.84201028638495
NFkB,EFNA1,11.4332953920164
NFkB,C11orf96,4.56622606490301
NFkB,LTB,3.18756879176983
NFkB,EBI3,7.54618521006463
NFkB,IL7R,8.81331233527089
NFkB,UBE2Z,2.15293276565257
NFkB,SOCS3,4.51191455862297
NFkB,ELOVL7,8.79211575344344
NFkB,TIFA,5.14411244624824
NFkB,REL,4.70997255673979
NFkB,IL32,10.4523164162521
NFkB,NFKBIB,2.06559587812168
NFkB,STX11,4.52523244924286
NFkB,KMO,3.97423506454669
NFkB,ANKLE2,2.2119763224409
NFkB,NECAP2,2.4427935008954
NFkB,TNFAIP8,4.93682380456133
NFkB,TNFAIP6,19.182263460877
NFkB,PPP4R4,2.42747157463571
NFkB,RNF19B,6.70700433729029
NFkB,HIVEP2,3.95142664410617
NFkB,SOD2,11.1561501653772
NFkB,ANKRD33B,4.49429872492498
NFkB,SGPP2,7.41697819384461
NFkB,BIRC2,4.01137932948259
NFkB,CXCL11,15.8343667974075
NFkB,SLC11A2,2.68664803875845
NFkB,PRDM1,4.41653234664008
NFkB,SLC41A2,4.91500650401406
NFkB,TMEM217,3.35381325962838
NFkB,IL15,5.14656809221536
NFkB,CD80,3.79561507552718
NFkB,MARCKS,4.76137308887682
NFkB,IFIH1,6.04203644390954
NFkB,EDN1,6.23005952133569
NFkB,CLIC4,4.16445589938726
NFkB,RELA,1.93222401235417
NFkB,DENND5A,3.73806095098908
NFkB,PLAU,7.40611282302349
NFkB,N4BP1,2.7212585551596
NFkB,TP53BP2,2.69595034446236
NFkB,DTX2,2.39279988049635
NFkB,DAPP1,2.77752418850872
NFkB,TAPBP,3.13291760423785
NFkB,CLDN1,6.42349202668036
NFkB,POLG2,-2.32937202312845
NFkB,IL15RA,5.4862325227388
NFkB,ZNF589,-1.52288858627682
NFkB,NFATC3,-1.70122444766519
NFkB,AMPD3,5.38224938946337
NFkB,RND1,3.76949379250996
NFkB,CD44,3.82573225725094
NFkB,SERPINA3,7.01189066825018
NFkB,CEBPA,-3.74207740351822
NFkB,MRGPRX3,6.79501540561533
NFkB,MMP10,6.29461242614274
NFkB,THAP11,-2.16409784286719
NFkB,CD70,2.83759150313402
NFkB,GPR132,2.56589220606056
NFkB,SERPINB9,3.8638252733537
NFkB,RHCG,2.33093766036672
NFkB,PLAGL2,2.76338171416074
NFkB,UXS1,3.62372504005744
NFkB,ZC3H12C,3.75192516600483
NFkB,CLUHP3,1.60340140633739
NFkB,C3,8.24101125803567
NFkB,VCAM1,5.57361863636969
NFkB,BAG4,-1.99035290335243
NFkB,NOCT,3.92472479536758
NFkB,C1QTNF1,3.83852330577002
NFkB,PANX1,3.31411825258308
NFkB,BMP2,5.94344386957219
NFkB,PPP3CC,1.2719647685131
NFkB,TCIM,5.36939804812422
NFkB,PSTPIP2,4.03661448406098
NFkB,DUSP16,2.54370316518195
NFkB,TYMP,3.19991173282132
NFkB,JUNB,6.25880541153977
NFkB,DNAAF1,2.31627596871813
NFkB,RAP2C,2.71889463852451
NFkB,TAP1,7.08425703287775
NFkB,APBA3,1.67356617007949
NFkB,IER3,11.7382242935621
NFkB,ABHD10,-2.74834658136501
NFkB,HLA-F,3.03501720511571
NFkB,CHST2,2.88821001331769
NFkB,GSAP,4.08975024709922
NFkB,HMGN2P46,4.79215600433241
NFkB,LINC01465,2.34089642947285
NFkB,CSF1,3.31919131854426
NFkB,CD82,3.80654044047828
NFkB,NFE2L3,3.82273982690388
NFkB,ABTB2,2.31862207738622
NFkB,LYN,3.66684435008226
NFkB,IRGQ,1.43211504782943
NFkB,NBN,3.11032815810947
NFkB,POU2F2,1.62208620596749
NFkB,MMP12,4.28118442499768
NFkB,PIM3,5.68018013954999
NFkB,ITGB8,3.61376478234227
NFkB,SQOR,4.5368785901491
NFkB,GBP3,6.6280147198403
NFkB,TANK,2.26666386817545
NFkB,CCL5,13.1945323445197
NFkB,SLC39A8,2.76762905775522
NFkB,PTGIR,1.33076979269423
NFkB,CCL7,2.93364086112216
NFkB,CREB3,2.14401457465464
NFkB,ICOSLG,2.07895916394667
NFkB,PIP4P2,-3.16766451549099
NFkB,FRAT2,-2.86957711288323
NFkB,GBP2,7.37023376232105
NFkB,NPRL2,-1.14822390557764
NFkB,IRAK3,1.64087169561142
NFkB,SQSTM1,2.90211781268011
NFkB,WNT5A,3.69500881785587
NFkB,SOCS1,2.78273963004795
NFkB,RNF144B,4.74335712187476
NFkB,ETS1,3.33154836558442
NFkB,TNC,3.17499631693614
NFkB,MMP9,8.32638730909867
NFkB,SMARCA2,-1.46641360817811
NFkB,IL12B,6.70474475940916
NFkB,PLAUR,5.12751929949634
NFkB,PPP1R15A,5.85618195048977
NFkB,IL18R1,3.03042106860261
NFkB,CLEC4E,1.87413124816718
NFkB,CD69,4.94517496240878
NFkB,RIGI,6.85327108610328
NFkB,LACTB,3.14659415146943
NFkB,CYP7B1,3.33487585344891
NFkB,UPB1,1.27331759799915
NFkB,CDC42EP2,2.45456305294718
NFkB,SRC,1.18590571064875
NFkB,BMAL2,3.00809432468416
NFkB,SUSD6,4.73394267679072
NFkB,OPTN,4.12307310300128
NFkB,RHBDF2,2.86026714071783
NFkB,RNF125,-2.94132551703075
NFkB,LRP12,2.99124098940174
NFkB,NMES1,19.315232181074
NFkB,TNFAIP1,2.09486933500811
NFkB,SBNO2,1.7247617309238
NFkB,PLA2G4C,2.01605059531027
NFkB,NAMPT,5.99464094409854
NFkB,PDE4B,3.34097975955198
NFkB,PML,2.30058482253149
NFkB,ZMIZ2,1.40553668743943
NFkB,CD274,7.00010729577226
NFkB,PMAIP1,8.14912860471346
NFkB,PTGS2,12.4677295214291
NFkB,PDGFB,2.34461464210414
NFkB,TSLP,3.70306458385701
NFkB,MAPKAPK5-AS1,-1.68577727712077
NFkB,CTHRC1,5.94928731939902
NFkB,SRGN,2.89881972807316
NFkB,CXCL10,24.1328236862543
NFkB,GBP1,7.41878558604584
NFkB,NAA16,-1.5054081979956
NFkB,MTARC1,-3.02939575877255
NFkB,C10orf55,1.67894108413757
NFkB,STAT4,4.08251772903246
NFkB,ZNF398,-1.86315396415223
NFkB,SLC25A37,2.22763678081311
NFkB,FEZ1,2.27501305656244
NFkB,IL6ST,2.26650083846469
NFkB,ARL5B,4.11247428419636
NFkB,BTG3,2.28416238652332
NFkB,IL4I1,4.79902929362262
NFkB,PARP12,4.76340695743017
NFkB,USP12,2.22475122466156
NFkB,LINC00158,3.23983477884658
NFkB,DAXX,1.58769784734451
NFkB,NIPAL4,2.65458600261504
NFkB,SRPK2,-1.43401232101941
NFkB,HS3ST3B1,2.91398000903648
NFkB,TRIM47,3.10046659498137
NFkB,S100A12,2.92592201710745
NFkB,CASP5,2.24213048736481
NFkB,TMEM106A,1.75376942371937
NFkB,SERPINB2,8.99285340874673
NFkB,IRF7,5.08447202068128
NFkB,P2RX4,2.71295413715898
NFkB,CLEC2D,1.93117556410901
NFkB,G0S2,8.53933945986813
NFkB,CYP27B1,3.19241465554909
NFkB,BDKRB1,3.22025206544752
NFkB,PLK3,2.66037732194615
NFkB,FMNL3,2.90264105574971
NFkB,TEX2,-2.3536121501392
NFkB,LIF,6.60840987895909
NFkB,NECTIN2,1.84322846991536
NFkB,USP43,2.29351610033605
NFkB,THYN1,-2.27527252782292
NFkB,SLC31A2,3.22831286817123
NFkB,CASP7,2.93914451494653
NFkB,TRAF3,2.19533257997013
NFkB,CHMP4B,1.72062655809491
NFkB,HCK,3.43906293644302
NFkB,GRAMD1A,2.76770056238843
NFkB,ADPRH,1.26687430045933
NFkB,RHOBTB2,-1.48216927522232
NFkB,LHFPL6,2.08040492084594
NFkB,PELI1,3.49694520753558
NFkB,STX10,-1.65996602687414
NFkB,B4GALT5,3.12095514775338
NFkB,ZYG11B,-2.55334467174754
NFkB,CLPX,-1.7796978919704
NFkB,CCL4,15.7118844593583
NFkB,CCL8,8.32197510933379
NFkB,PATL1,1.85864458053767
NFkB,BTN2A1,1.29008355606259
NFkB,JADE1,-2.53789451492201
NFkB,MYO10,2.54176470498721
NFkB,CIPC,-2.62176721644421
NFkB,GP1BA,1.61635587698817
NFkB,XPA,-1.81731716820457
NFkB,ISG20,6.73271101111388
NFkB,CDKN2B,2.45077538005368
NFkB,CEP63,-1.38637191757735
NFkB,IGFL1,5.42864437091644
NFkB,ZNF57,-2.45507873325808
NFkB,TRERF1,-2.01996716919895
NFkB,NR4A3,3.83029429027466
NFkB,NEURL3,3.50339179799272
NFkB,MBLAC2,-2.16578775831982
NFkB,GPR84,5.67050788981586
NFkB,ZHX3,-1.08195396784721
NFkB,ATP2B1,3.75790530540517
NFkB,B2M,2.16616176217074
NFkB,SCARF1,1.29825405108665
NFkB,RILPL2,2.9866696000844
NFkB,HLTF,-2.70946298140012
NFkB,FBRS,1.16590068225727
NFkB,ZBTB10,2.27471369765185
NFkB,RAP1B,2.05789789970511
NFkB,SDHAF1,-1.44886556257275
NFkB,GGA2,-1.25998098179772
NFkB,ZBTB18,-1.83928230871605
NFkB,FCAR,1.09752876618662
NFkB,ALDH3A2,-2.20184819003773
NFkB,PNPLA1,1.23408180258782
NFkB,IRAG2,-2.01289748043217
NFkB,MSANTD3,2.81164610928926
NFkB,MMP13,4.45708231390497
NFkB,PCM1,-1.37507003981397
NFkB,PRAG1,-3.91903272455847
NFkB,OSGEPL1,-2.39300313587418
NFkB,LIAS,-2.43218948299865
NFkB,SLAMF7,7.1668796913645
NFkB,JAK3,0.971256883759114
NFkB,MT1M,4.04837189079306
NFkB,FFAR2,2.16512962730772
NFkB,PDPN,1.57472599593518
NFkB,DHX58,2.80769611508214
NFkB,CANT1,1.93452817466841
NFkB,IRF4,-1.30039365529074
NFkB,PWWP3A,-1.30039365529074
NFkB,CTSS,3.95479208154352
NFkB,PDIK1L,-2.74998111520232
NFkB,RCAN1,2.59535053174533
NFkB,GRINA,2.06313900948891
NFkB,CH25H,3.29370802554717
NFkB,PDGFRL,3.32064942365924
NFkB,NUDT6,-1.95121004638663
NFkB,PIP4K2B,-0.856049475451468
NFkB,IFIT3,10.4784623656691
NFkB,SIX5,0.920271509833079
NFkB,CD48,2.02605791574232
NFkB,PDHB,-1.64453609984265
NFkB,INTS8,-1.61694296632546
NFkB,PRKACB,-2.29241624036106
NFkB,KCNJ2,5.13163144490595
NFkB,MAFF,6.34743597948355
NFkB,CCL19,2.82073991900421
NFkB,NDUFB5,-1.58661506912388
NFkB,KDM6B,3.22229210474466
NFkB,PTAFR,2.18372485855933
NFkB,SAMSN1,2.18737320320564
NFkB,SLC35A1,-2.1972341899617
NFkB,ANKMY2,-2.11861254101406
NFkB,LAMB3,4.28508279684531
NFkB,STARD5,2.56095072415232
NFkB,CCDC51,-2.01832484119036
NFkB,DCUN1D3,2.47750463898898
NFkB,FNDC3B,2.46126059176372
NFkB,GPR176,1.92688701531701
NFkB,SLC25A38,-1.51928165649295
NFkB,EREG,4.26693743662855
NFkB,KRT6B,2.83167021888318
NFkB,TRAF2,1.1967785350599
NFkB,TRIM36,1.51894229123611
NFkB,ABCC5,-1.46517366141675
NFkB,ZNF697,2.24975143474151
NFkB,VNN1,2.35293502529874
NFkB,CD47,1.78493053145782
NFkB,HADH,-1.9942868692305
NFkB,RWDD3,-1.67580246041946
NFkB,KLF6,3.57541650038214
NFkB,PTCD3,-1.41690025771388
NFkB,ZBTB44,-1.96938209435631
NFkB,CNOT7,-1.26949720962588
NFkB,EIF3L,-1.50579986836492
NFkB,BTN2A2,1.3616508297588
NFkB,VPS26B,-1.5324495671625
NFkB,MREG,2.63417185579519
NFkB,TLNRD1,2.26956053119512
NFkB,NFKBID,1.94143446339112
NFkB,NCOA7,2.28343422955368
NFkB,PPIL3,-1.81818703645252
NFkB,CCNL1,2.08130811896337
NFkB,DIS3L,-2.49566725698964
NFkB,AKR1B1,4.35568662926659
NFkB,DEF6,-1.28476660640179
NFkB,RHBDL2,2.45652259105148
NFkB,ZBTB17,0.912333365763058
NFkB,CRTAP,-1.50219037284142
NFkB,PPARD,1.37915522724132
NFkB,SLC25A28,1.95116252710674
NFkB,DNAJB5,1.66700951509757
NFkB,CSRNP1,4.5972790055542
NFkB,MTERF2,-2.08273170492303
NFkB,RARRES1,5.02882784944543
NFkB,GPD1L,-3.46082012474687
NFkB,OXA1L,-1.63474815303341
NFkB,PTGER4,3.68054790744993
NFkB,GRAMD2B,2.67295656640023
NFkB,RITA1,-1.37245023288366
NFkB,GBP5,4.82260535607532
NFkB,GDE1,-1.92303747048231
NFkB,DBT,-1.32974385779986
NFkB,CYTH1,1.34051379845564
NFkB,NAA40,-1.75682674556944
NFkB,LUC7L3,-1.30057305296628
NFkB,FRAT1,-2.81729139075634
NFkB,PURA,-0.999603027253038
NFkB,GNA15,1.76140458243147
NFkB,PIK3R5,0.997452512542317
NFkB,IARS2,-1.63065503239664
NFkB,HELZ2,2.2284703909009
NFkB,KLF9,1.73881733272089
NFkB,ZXDA,1.78754453948926
NFkB,IRF2,2.79070062775669
NFkB,FAM217B,-3.44395087769731
NFkB,SDHAF3,-2.24652795821773
NFkB,PREPL,-1.64385791926227
NFkB,TRIT1,-1.5736751540357
NFkB,ASB13,-1.94628221359512
NFkB,BTBD1,-1.21780228062132
NFkB,IMP3,-2.18805225583911
NFkB,ZNF420,-2.31458628183199
NFkB,RGS14,-1.06646765497956
NFkB,PTPN1,1.0916647135545
NFkB,PLA1A,2.12241256155664
NFkB,NUDT16,-1.21397331243042
NFkB,ATF5,1.47413367811508
NFkB,SYNGR3,2.66797341750174
NFkB,MLLT10,-0.903514848556997
NFkB,PIK3AP1,2.18370245577892
NFkB,MMP14,2.01387726948588
NFkB,MTF1,1.96854956276192
NFkB,CHST7,1.79426110913144
NFkB,IDO1,7.39572268931997
NFkB,UBAC1,-1.47671098511548
NFkB,PPP2R5A,-1.15554704617591
NFkB,SDCBP,2.24049287656593
NFkB,BAZ1A,2.49000739301585
NFkB,TNFSF9,3.74031213548692
NFkB,ARID5A,1.57794676385429
NFkB,ETS2,2.98782828292434
NFkB,PLA2G12A,-1.79554359677194
NFkB,CSTF1,-1.57811849441593
NFkB,RNF207,0.687904558148629
NFkB,AGGF1,-1.22280063308362
NFkB,SLC7A2,2.1999167437709
NFkB,RPRD2,-1.42860814788047
NFkB,CCR7,4.68985188502221
NFkB,GBP4,4.52926200393894
NFkB,AFG3L2,-0.975756550295558
NFkB,MRPS30,-1.64399615129455
NFkB,ZNF267,2.7015828614497
NFkB,SNX30,-3.19994208705604
NFkB,CETN3,-1.95027957150293
NFkB,ORMDL1,-1.44382779324977
NFkB,NOD2,1.8280082935973
NFkB,APOL3,3.24117235775439
NFkB,SLC1A2,1.31956875845394
NFkB,ZBTB46,0.921764530871999
NFkB,SEC11A,-1.00527380700947
NFkB,CCL18,1.36860098443387
NFkB,PARP14,2.9379815390667
NFkB,ASTE1,-1.66299519971683
NFkB,CEBPD,3.46725149990791
NFkB,C15orf61,-2.63101974324965
NFkB,APOL6,3.55878007377208
NFkB,HHEX,-2.88242559623792
NFkB,ZNF573,-2.76749004621673
NFkB,ZNF174,-0.999805647464538
NFkB,CD58,2.09490481133637
NFkB,SLC12A7,2.65825998742171
NFkB,IFIT2,9.23137087724274
NFkB,GATA6,1.97674058297455
NFkB,XPO7,-1.06987030786217
NFkB,MMP19,1.30272419467856
NFkB,MIS18BP1,-2.063765840251
NFkB,PPP1R18,2.54411287835186
NFkB,SAV1,2.1289982469649
NFkB,SYK,-1.19383872096035
NFkB,ADH5,-1.39818443661949
NFkB,RGS18,-2.49901943280924
NFkB,PI3,2.90461178294036
NFkB,OAS3,4.30524370659483
NFkB,SLC9A8,1.54482697196454
NFkB,ERLIN2,-1.39213543723196
NFkB,LGALSL,2.29873167714997
NFkB,LYL1,-1.40113428223901
NFkB,RRAD,2.41203039136984
NFkB,IL10RA,3.72727954001031
NFkB,SELE,2.83937237636509
NFkB,CASP4,1.70562696070471
NFkB,METAP1,-1.72432689064568
NFkB,PTPN4,-1.21141864484411
NFkB,ZZZ3,-1.41924223209739
NFkB,CXCR2,-1.8446256044063
NFkB,ETV3,1.32192743464513
NFkB,STRBP,-1.45308812648996
NFkB,SAMD9L,5.18906227532134
NFkB,LITAF,1.85811926968417
NFkB,ECE1,1.90397743519617
NFkB,ECI2,-1.70183529258415
NFkB,PNRC1,5.27208157775107
NFkB,NAB1,1.53102648382299
NFkB,NRP2,1.66229073307609
NFkB,CTCF,-1.3250381711282
PI3K,MLANA,-9.98574293200138
PI3K,PMEL,-6.5903482481995
PI3K,FAXDC2,-12.4212738274813
PI3K,HSD17B8,-8.60157067564918
PI3K,CTSF,-9.17214273519104
PI3K,SPSB3,-6.53372855841329
PI3K,ATP6V1G2,-7.23734622762513
PI3K,TYR,-5.07685408927583
PI3K,GNPTG,-6.96660957448126
PI3K,INPP5K,-4.53009815299132
PI3K,WDR31,-3.94383878232922
PI3K,PEX11G,-4.45461364324906
PI3K,DHRS12,-3.40734981909503
PI3K,NT5M,-3.91513055341077
PI3K,PAEP,-3.80322755378366
PI3K,CREB3L4,-9.10265165349138
PI3K,UBALD2,-9.9853774649777
PI3K,ING4,-7.70011807552868
PI3K,DERL3,-4.03367942481051
PI3K,KRTAP19-1,-6.88195169071734
PI3K,SLC27A1,-8.32992083970463
PI3K,APOC1,-5.06131014685356
PI3K,CCDC25,-4.33927130721477
PI3K,FCGRT,-6.17024340583968
PI3K,CDK5RAP3,-5.25476658764297
PI3K,NENF,-2.86223344936892
PI3K,DNAI4,-3.62712257526587
PI3K,YBX2,-4.4198573450747
PI3K,TFDP2,-5.67358822724195
PI3K,AMIGO1,-6.00032101275205
PI3K,CA14,-4.83804022189004
PI3K,CBX7,-6.43722025284963
PI3K,MCAM,5.1250827229371
PI3K,CRYL1,-7.33302617907713
PI3K,RPS29,-5.84444086613272
PI3K,SMIM19,-7.21055901199547
PI3K,SLC18A1,4.6520925271988
PI3K,FBXO25,-7.03302973444092
PI3K,C5orf52,12.2398089550562
PI3K,TNNI3,-3.67219442156719
PI3K,S100A1,-3.98892395619226
PI3K,TTC12,-3.18487304334592
PI3K,THNSL2,-4.31834057929394
PI3K,GAA,-5.36778410442264
PI3K,BAAT,-3.55753878109094
PI3K,CTDSP1,-5.56756931753247
PI3K,LINC02915,5.81104798483132
PI3K,COQ8A,-6.3882123748855
PI3K,FCMR,-4.92688011408367
PI3K,TBC1D15,-5.41263103979862
PI3K,TSNARE1,-2.43150330127202
PI3K,TMEM42,-7.98932674781528
PI3K,MYL5,-5.23829646055669
PI3K,GEMIN8,-4.13317735972695
PI3K,WIPI2,-3.15306605993472
PI3K,MST1,-4.98688563560501
PI3K,TRIM63,-5.52859767409549
PI3K,C11orf1,-3.33427274658542
PI3K,MFGE8,-5.90153045494985
PI3K,HSBP1L1,-6.8931569144425
PI3K,FHIT,-4.61516694668944
PI3K,MIR1915HG,4.95274148470206
PI3K,RGS10,-3.88039733945838
PI3K,GLI4,-3.0980704897335
PI3K,VAMP5,-4.36107400342695
PI3K,CYTL1,-4.86544163639119
PI3K,TPPP,-2.54311816143599
PI3K,CAMLG,-5.79570374485461
PI3K,PSMG3-AS1,-8.01327658331417
PI3K,CIR1,-5.02316118285144
PI3K,DNAL4,-4.44586727498809
PI3K,LRRC23,-3.29325311046509
PI3K,METTL27,-4.5498730551595
PI3K,SLC26A4,-3.73883989050786
PI3K,INO80C,4.10821747861681
PI3K,AEBP1,-4.09261078767931
PI3K,CREBRF,-10.4460752741883
PI3K,CCDC28A,-8.06067844120823
PI3K,BEGAIN,-4.19647716673333
PI3K,COMMD6,-3.46243911328989
PI3K,ARSJ,7.06108078187924
PI3K,ZSCAN2,-3.15874345354772
PI3K,NR2E1,-2.72151809767483
PI3K,ZNF554,-2.67497823862308
PI3K,MRPL10,-4.87165425024191
PI3K,ZNF76,-2.79225593483092
PI3K,FBXO44,-3.99973394224556
PI3K,GAREM2,-4.09273889946688
PI3K,ALG14,4.41613921979738
PI3K,MAP1B,7.02369305434539
PI3K,CPXM1,-4.04203813670041
PI3K,ZNF396,-2.53804821619318
PI3K,MROH6,-4.41899557925087
PI3K,CRBN,-6.89871723274358
PI3K,ARL2,-4.90773355658093
PI3K,PPP1R26,-3.72424287015719
PI3K,RNF44,-5.73431317321176
PI3K,RTN2,-7.48564963103951
PI3K,ACBD4,-3.2096475771497
PI3K,WHRN,-5.1520134383423
PI3K,TRAPPC6A,-6.95524148588124
PI3K,GUSB,-2.81989762250987
PI3K,FAM149A,-3.46667879878907
PI3K,SLC41A3,-3.55010832242782
PI3K,TAB1,-2.77487236398243
PI3K,BRI3,-4.98428162274632
PI3K,ETHE1,-4.93663021602244
PI3K,SSR1,3.65112135860456
PI3K,MIA,-3.123257044219
PI3K,ABTB1,-2.68688005535671
PI3K,BPHL,-4.11019772550667
PI3K,C14orf178,-2.24601777470833
PI3K,HMGCL,-6.52340659404978
PI3K,KLHL24,-9.9284784670516
PI3K,TCN2,-3.52794459364398
PI3K,ZMYND12,-5.42818064478487
PI3K,GIT1,-3.08611680618319
PI3K,ATG5,3.21289985192969
PI3K,METTL25B,-3.91270106085957
PI3K,TMEM187,-4.76410531975365
PI3K,TMEM129,-4.44157210419988
PI3K,CHMP1B,-5.06930105574578
PI3K,MTMR2,3.64972620802639
PI3K,ESRP1,-5.17559387770192
PI3K,COA5,-4.99299891110849
PI3K,WDR45,-5.46843086216023
PI3K,GLIPR1,6.68552273722359
PI3K,PELO,2.430886794857
PI3K,LETMD1,-6.5947629475543
PI3K,NBR1,-4.61168680558638
PI3K,ZNF862,-5.3833446819235
PI3K,ABCD4,-2.32594563299605
PI3K,C12orf76,-5.28512440765093
PI3K,CDIPTOSP,-3.87920079251556
PI3K,ITGA10,-4.32410845647614
PI3K,EAPP,-5.24274148575208
PI3K,TESK2,-4.78203609469871
PI3K,SLC25A26,-3.04930890576466
PI3K,IGBP1,-5.99671662666731
PI3K,WDR48,-3.48442630620802
PI3K,GIGYF1,-1.86681708353138
PI3K,PYCARD-AS1,-3.7482756719724
PI3K,MYPN,4.47416760202004
PI3K,ALDH6A1,-6.21957831898459
PI3K,ZNF212,-2.19711126492339
PI3K,AMDHD1,-6.7394835818829
PI3K,YPEL1,-4.76527046023801
PI3K,CLBA1,-2.38543589717494
PI3K,COG4,-3.82705813110523
PI3K,UCN,-3.7230146815428
PI3K,APOE,-2.44797445870108
PI3K,TNFRSF14,-5.18284469988228
PI3K,BCKDHA,-5.79331742149876
PI3K,OXLD1,-3.71401963160928
PI3K,RGS11,-1.67806763638203
PI3K,GPM6B,-4.97706458053392
PI3K,PLA2G6,-2.59585246854982
PI3K,KLRC3,-4.63902445782151
PI3K,ENGASE,-3.08794131104569
PI3K,GCLM,7.81565578681218
PI3K,DNAJB11,5.97306959124892
PI3K,C6orf52,-2.8887366496784
PI3K,TTYH1,-3.67569776039458
PI3K,MUTYH,-3.44698169518882
PI3K,TRAC,3.80639067393554
PI3K,CHMP2A,-4.95216271267203
PI3K,REPS2,-4.41561889121624
PI3K,NSG1,-4.90976566210216
PI3K,OCA2,-5.80205755036734
PI3K,VPS11,-3.40915487021802
PI3K,ATG4A,4.07634213525422
PI3K,SEPTIN3,-3.92333474712518
PI3K,RFPL2,-2.09023092799475
PI3K,RPS28,-2.79560791009062
PI3K,ETV2,-2.39049099380061
PI3K,SPACA9,-3.00575475854115
PI3K,CUEDC2,-4.00918891395637
PI3K,ACVR2B,-2.92539909994843
PI3K,DCAF4L1,3.61435958455891
PI3K,C2orf81,-2.4052653229223
PI3K,FOLH1B,-3.00424320749747
PI3K,HPS4,-2.78870282744217
PI3K,C22orf46,-2.54126059115418
PI3K,C19orf54,-4.55337731769574
PI3K,BMF,-15.9415820184024
PI3K,CBY1,-2.42770158550324
PI3K,ERMARD,-4.39859614263316
PI3K,GPR143,-3.12472608181966
PI3K,SLU7,-5.65676176720287
PI3K,DDX25,-2.31996963338154
PI3K,PAIP2,-3.10137840159287
PI3K,TEKT3,-2.5167739526321
PI3K,GGT7,-2.23278721692323
PI3K,GLA,5.64640610708012
PI3K,SLC5A2,-1.93498167630712
PI3K,RGL2,-4.62756375015623
PI3K,CRYBG1,6.98528501494252
PI3K,GSTZ1,-3.67949813929158
PI3K,ZNF233,-3.22127727668383
PI3K,ABHD14B,-6.05554696098929
PI3K,CALM1,4.51365300728561
PI3K,RAMP2,-2.19580622571465
PI3K,MYO5C,-4.87675070954541
PI3K,ELAC2,2.78939032441584
PI3K,OPA3,2.19336920928804
PI3K,MLPH,-6.23703927167137
PI3K,BCL7A,-3.81894630657173
PI3K,AZGP1,-5.63324752061329
PI3K,SYCE2,-3.4037917826168
PI3K,FBXO31,-2.74970182202727
PI3K,PTS,5.10340116080027
PI3K,A2M,-4.13263920875155
PI3K,CYB5D2,-6.01741038943064
PI3K,FAM210B,-7.77406644101412
PI3K,ZNF197,-2.40933418036306
PI3K,LINC00052,3.86760763796848
PI3K,CYP4V2,-3.81211545970019
PI3K,OSGIN1,3.39826197635766
PI3K,FAAH,-2.54233925165333
PI3K,DOLPP1,3.13493180237445
PI3K,SPATA20,-4.73594203129572
PI3K,DNAH2,-1.95731421766341
PI3K,TRPM1,-3.75773966600037
PI3K,NOA1,-4.69435954621425
PI3K,ST6GALNAC2,-8.3080370574959
PI3K,ASMTL,-4.19537820250924
PI3K,IFT88,-4.06414840225892
PI3K,NHS,4.33401513019693
PI3K,TSG101,-3.41582191137731
PI3K,ZNF446,-2.01546189027034
PI3K,ARSD,-2.88069658243557
PI3K,NFKBIL1,-2.8085720260313
PI3K,SPCS3,4.24022951896237
PI3K,OSBPL5,-3.44257472999769
PI3K,GRN,-7.04630683392826
PI3K,HSD3B7,-4.93540538141587
PI3K,GRHPR,-3.31584686971602
PI3K,USB1,2.73629309689426
PI3K,SURF1,-3.20985665157087
PI3K,GGACT,-1.84702585372862
PI3K,ASIC1,-2.76319274706796
PI3K,ATG14,-5.73130199099777
PI3K,TUBB2B,5.4880287180455
PI3K,SAR1A,3.04440339471837
PI3K,CDK18,-4.19562184901984
PI3K,FAM228B,-7.71524564886534
PI3K,AAMDC,-2.81593163321947
PI3K,C2orf68,-4.18552494516513
PI3K,KCNG4,4.02581611231835
PI3K,RPS15A,-2.99884588749103
PI3K,TRIM4,-3.09546352928203
PI3K,HEBP1,-4.2673210440104
PI3K,NIPSNAP1,-3.80666409937924
PI3K,BTBD8,-4.53157929677217
PI3K,DMKN,-4.42158536753224
PI3K,CKAP4,3.80122959884278
PI3K,HINFP,-3.37794585469795
PI3K,SUMF2,-4.28649875227609
PI3K,ZNF704,-3.84134349305279
PI3K,TMEM91,-3.20051472148572
PI3K,BVES-AS1,-2.86827486235126
PI3K,CCNB1IP1,-5.42722906575271
PI3K,NATD1,-5.14141139238987
PI3K,MCRIP1,-3.56715568225639
PI3K,ZNHIT3,-3.02718580377536
PI3K,USE1,-3.02925238620197
PI3K,ZNF528,-2.95067731153581
PI3K,PRSS54,-2.46882424990307
PI3K,HEATR3,4.74619975906915
PI3K,SETDB1,-2.57533169287051
PI3K,ITM2C,-3.20728940847984
PI3K,PHETA1,-2.56162238074523
PI3K,TRIM66,-2.19680122355148
PI3K,SAMD13,-5.33490841335592
PI3K,H2AC25,-5.55942566537531
PI3K,HACL1,-5.77908640983181
PI3K,MAPRE1,3.70935568951345
PI3K,FBLN7,-4.39764231453026
PI3K,CALCOCO1,-6.14650227819689
PI3K,ENKD1,-3.01338295883264
PI3K,VCP,3.85654054619067
PI3K,H1-10,-5.75528640294555
PI3K,WDTC1,-2.2658987606516
PI3K,SERPINH1,4.64740212683442
PI3K,PCOLCE,-4.28744800239229
PI3K,RPP25L,-3.96870807588201
PI3K,ADHFE1,-5.52362667987178
PI3K,ARSG,-7.69053144918824
PI3K,JUP,-5.66839524743889
PI3K,PCMTD1,-4.31460665378806
PI3K,SEC61A1,3.70861473989431
PI3K,FKBP14,4.26801093994604
PI3K,EIF4B,-4.20451920299553
PI3K,LRRN4CL,-5.06138805989942
PI3K,TAF13,5.00329924273279
PI3K,PGAP3,-3.0159358217774
PI3K,UBXN1,-2.17812078414932
PI3K,MMUT,-3.6255302474404
PI3K,AZIN2,-3.43426981495766
PI3K,SP2,-1.72770564947247
PI3K,NRXN3,3.39015449905584
PI3K,EFHC1,-4.29048347470639
PI3K,SLC25A34,-2.24031151613389
PI3K,SYF2,-2.77040960413259
PI3K,ABCD3,4.703880330471
PI3K,FAM20B,3.06174652207675
PI3K,JMY,-6.82951163327996
PI3K,ATP8B2,-3.28626137238544
PI3K,C5,-4.75297565026008
PI3K,NR1D2,-6.23822849420542
PI3K,SKIDA1,3.37986015628271
PI3K,PMM1,-3.56824557059381
PI3K,TMEM167A,4.66785794564636
PI3K,LRRIQ3,-2.23011856578659
PI3K,D2HGDH,-2.74362211501782
PI3K,APBB1,-1.82205118153328
PI3K,CLCN6,-2.83301207852402
PI3K,PIGV,-3.90589179552807
PI3K,PUS7L,3.26610575712385
PI3K,TSPAN7,-4.44242787753153
PI3K,PPP1R35,-3.30005296748433
PI3K,FKBP10,-2.66118288838286
PI3K,ARSL,-3.17680835338624
PI3K,FBXL20,-4.65164982044354
PI3K,AADAT,4.10181372931765
PI3K,HAUS5,-2.14036907165624
PI3K,PCYT1A,2.89411971248585
PI3K,ZFP41,-1.99785918290742
PI3K,ZNF32,-3.90243626314543
PI3K,PYCARD,-5.59932090606464
PI3K,FRAT1,-5.96313342305774
PI3K,SUFU,2.5146037810979
PI3K,SAR1B,3.70875498582165
PI3K,TKFC,-2.38449899944374
PI3K,CTBS,-3.51965804868466
PI3K,MAP1LC3A,-5.6724396823744
PI3K,CEP68,-3.75103852671985
PI3K,TLCD5,-2.95080309715472
PI3K,FNDC10,-3.94421227330501
PI3K,MMP8,3.52342580928208
PI3K,KLHDC2,-7.30691904969826
PI3K,PAN2,-4.16929799213366
PI3K,INO80B,-2.94292967147854
PI3K,LCMT1,-2.43842124073588
PI3K,NR1H3,-4.64867560344547
PI3K,MFSD4A,-1.83446916285709
PI3K,ACTR3,3.06360732270836
PI3K,PSMD1,4.67561577379951
PI3K,TMEM101,-3.57484798762279
PI3K,PAOX,-1.63675478360702
PI3K,ZBTB8OS,4.33455983995375
PI3K,KPNA3,3.6759903741925
PI3K,TXNIP,-14.1019541927359
PI3K,BBS2,-5.11793270504764
PI3K,ENAH,3.55983023403366
PI3K,PARD6A,-2.42681735922847
PI3K,BRD3,-2.76314332874991
PI3K,GPX4,-4.38807531297321
PI3K,VPS51,-3.9096823044409
PI3K,PMS2P1,-3.06334163718386
PI3K,MLLT11,6.30950596538397
PI3K,DNPH1,-3.36147548355905
PI3K,PIGZ,-3.38670391791315
PI3K,SNX9,-7.33355097352639
PI3K,SEC23A,3.2582418910257
PI3K,ACAD10,-1.88080702702429
PI3K,NUDT2,-2.82042975485395
PI3K,LZTFL1,-2.99510634371349
PI3K,C10orf95,-2.11397741392072
PI3K,TFR2,-1.57057470798431
PI3K,BBS1,-2.69498369567869
PI3K,OGDHL,-2.70999837100429
PI3K,ATP6AP2,-2.34711531732566
PI3K,ABCG5,-2.31359815777848
PI3K,TIGAR,7.98589226514697
PI3K,MBP,-3.15926880301715
PI3K,RAB6B,-2.27475637768779
PI3K,DIPK1B,-2.23043350988349
PI3K,LEKR1,-2.1194450487683
PI3K,GHDC,-3.46533109913377
PI3K,ACCS,-3.87482466864284
PI3K,BRD8,-2.82164771417688
PI3K,HDAC11,-2.31918284586206
PI3K,DHX40,-5.34492196411251
PI3K,UBL7,-3.42346693861462
PI3K,RETREG2,-3.76712196928228
PI3K,DNAAF3,-2.83726631025872
PI3K,PCYOX1L,-5.33800347046029
PI3K,IDUA,-1.86003953568176
PI3K,KANK3,-2.39477546494304
PI3K,ACTR1B,-2.21204632949396
PI3K,NIT1,-2.61714159944655
PI3K,IPPK,2.99243958162029
PI3K,NDUFAF5,2.27154860479422
PI3K,ARPIN,-2.36649549424007
PI3K,FUZ,-2.16938799217894
PI3K,HSPA5,5.58028499967893
PI3K,HLX,-4.59555489981736
PI3K,ZDHHC4,-2.31076833489189
PI3K,SEC23IP,2.72812819136561
PI3K,OS9,-3.51822776916788
PI3K,HRK,-2.09319814923737
PI3K,DSCR8,-3.3042566010138
PI3K,DMAC1,-4.15956315061515
PI3K,KCTD2,-1.88724402026017
PI3K,RAB17,-4.38593204286541
PI3K,CCDC78,-2.90978165496404
PI3K,HHLA3,-3.58168202922868
PI3K,TMEM100,5.92569186615101
PI3K,HDAC5,-3.66701853734919
PI3K,SPATA7,-5.61255300436011
PI3K,GLB1L,-2.35354976203292
PI3K,BAIAP3,-1.45689721843648
PI3K,CAPN3,-5.80873756853038
PI3K,WSB2,3.93804412899263
PI3K,STON1,-8.81646320413724
PI3K,VAMP2,-2.44996043942939
PI3K,BANK1,3.04670715771419
PI3K,PASD1,2.13730200037681
PI3K,RMND1,-3.9980939173563
PI3K,ZNF277,-3.14086772184869
PI3K,HYOU1,4.73723316822529
PI3K,XPO6,2.98002253462292
PI3K,ANXA2R,-4.02006612702479
PI3K,CCNDBP1,-5.69300291088768
PI3K,HTR2B,-4.7864573507422
PI3K,ZCWPW1,-1.71916161351121
PI3K,RING1,-2.24586809757882
PI3K,BBS4,-3.33326048308427
PI3K,PIWIL4,-3.56724815866698
PI3K,ENSA,2.36538972622867
PI3K,WASHC2C,-4.86373270901594
PI3K,BSDC1,-2.40705647629072
PI3K,EIF4G1,3.8412371787886
PI3K,KIF5B,3.10874439871401
PI3K,STARD3,-1.91130642940665
PI3K,RANBP10,-1.85080200407991
PI3K,BOD1L1,-2.90252705756695
PI3K,AP1G1,2.53498937258495
PI3K,NAPRT,-2.42255207539021
PI3K,SPATA17,-3.2162133614991
PI3K,TBX19,-2.42264210978176
PI3K,CLCN7,-2.19065705208033
PI3K,TGIF2,-2.96489165960724
PI3K,RXRB,-2.0086147429879
PI3K,CNOT9,2.72722883417208
PI3K,HBP1,-4.67048523506317
PI3K,PMS2P3,-2.17862186182678
PI3K,CLOCK,3.11991066339725
PI3K,CCDC140,-2.06629394369049
PI3K,SLC6A6,3.92228283094879
PI3K,RPL22,-2.15327180593866
PI3K,STK16,-2.0741987246296
PI3K,FBXW4,-2.93978692142627
PI3K,ARIH2OS,-4.81361049294737
PI3K,AGFG1,2.61741523257987
PI3K,EFNB2,6.08679006067139
PI3K,GDPD5,-4.28469609406263
PI3K,HCCS,3.6042237151323
PI3K,ARL6,3.67094425949848
PI3K,APOD,-4.46901896644518
PI3K,ULBP2,4.25174689404277
PI3K,SURF4,3.63855956071448
PI3K,CALU,3.74192089799961
PI3K,NUCB1,-3.69011362355826
PI3K,TMEM86A,-2.99459138400846
PI3K,JOSD2,-3.06297409118722
PI3K,CFAP43,-1.30896380314885
PI3K,ZNF311,-2.66547452180771
PI3K,MRPL42,3.42951113466603
PI3K,POLR1D,-3.62857422883153
PI3K,POLR3G,4.83719227565842
PI3K,IL17D,-3.75410582241878
PI3K,PAQR6,-3.32286251676216
PI3K,DUSP22,-4.16144597518165
PI3K,PDZD4,-2.4555607541608
PI3K,FOXO4,-2.79458799924669
PI3K,ZFTRAF1,-1.82286015568599
PI3K,FOXF2,-3.75532745745811
PI3K,WBP2,-3.15033315383391
PI3K,YPEL3,-7.03136433403796
PI3K,CSNK1D,-3.47328728988943
PI3K,ZC3H10,-1.98826855805438
PI3K,WDR91,-2.92116874466688
PI3K,ACTG2,3.36832558977775
PI3K,INTS6L,3.48007158191457
PI3K,ATP8A2,2.06887367616784
PI3K,TUBB6,6.58926729729307
PI3K,BPNT2,2.41692212413216
PI3K,ZCCHC9,-3.35698615538391
PI3K,RWDD2B,-3.55163260522173
PI3K,EIF3H,-2.54380980964257
PI3K,MPDU1,2.46054164444378
PI3K,SHC2,-3.11610696978797
PI3K,MIEF2,-3.79603232218127
PI3K,MMEL1,-2.18241391147646
PI3K,UBL3,-4.77640650412783
PI3K,TTLL1,-4.01409341314329
PI3K,PIM1,-7.22074937918269
PI3K,SWT1,-4.21647815022616
TGFb,LINC00312,4.42898709353377
TGFb,TSPAN2,5.50232611582591
TGFb,SMAD7,7.63114337453368
TGFb,NOX4,5.91381315164949
TGFb,COL4A1,6.33748957483242
TGFb,CAVIN4,4.5973433386721
TGFb,ID4,4.16990135012905
TGFb,BMPR2,4.01550503146815
TGFb,SKIL,4.27418121936063
TGFb,RASL11B,2.72300987035008
TGFb,COMP,9.89924996035517
TGFb,LMCD1,5.67528152626637
TGFb,MRAS,5.2019665810873
TGFb,ID1,12.3542876610615
TGFb,SYT15,3.85774315387963
TGFb,CILP,4.65100396366156
TGFb,CNN1,4.95347124865968
TGFb,ADAM12,3.96830453450054
TGFb,ITGA11,3.39269756527187
TGFb,COL5A1,5.22105124556953
TGFb,MFAP4,5.81303850112824
TGFb,FSTL3,6.80735910341726
TGFb,IL11,6.3308961562903
TGFb,ID3,10.481113198179
TGFb,NINJ2,3.87562659588594
TGFb,PLN,2.74832322185897
TGFb,BGN,3.23783999976143
TGFb,CRLF1,4.82529311181974
TGFb,CALD1,3.05163558943135
TGFb,MYOZ1,4.96247484951778
TGFb,COL4A2,4.22126367783392
TGFb,NOX1,-1.04576337491561
TGFb,PMEPA1,8.09614088082701
TGFb,SAMD11,4.98308470437278
TGFb,COL1A1,3.56608104235526
TGFb,NUAK1,6.09542992244163
TGFb,ATP10A,2.78485714657699
TGFb,CDH2,3.28831023806494
TGFb,LTBP2,4.37279393479639
TGFb,EFR3B,1.33434990216543
TGFb,TPM1,4.59536080946276
TGFb,XYLT1,3.19771560300269
TGFb,SLCO2A1,4.86978843343729
TGFb,SYNDIG1,1.83640385967736
TGFb,GRIA3,1.08681263152832
TGFb,XRCC4,3.3772318622335
TGFb,GDF5,-1.93955948584584
TGFb,RUSC2,2.35317956566165
TGFb,ACOX3,2.72152876515143
TGFb,LECT2,2.90895137074028
TGFb,UNC5B,3.83381952180863
TGFb,GALNT10,3.04707707267676
TGFb,ACTC1,3.3374297971927
TGFb,LRRC32,5.29359563139494
TGFb,OPCML,4.46795088308433
TGFb,CLDN11,-3.69028339577921
TGFb,PKNOX2,2.04849173989876
TGFb,RFLNB,7.30913012834185
TGFb,LRRC15,2.30459515444773
TGFb,PODNL1,2.14890968370182
TGFb,DACT1,6.22087968552156
TGFb,HSD17B6,4.78252728727728
TGFb,GOPC,2.85451760841286
TGFb,AK5,-3.35713244014104
TGFb,RASD2,3.38455715222116
TGFb,KIRREL3,2.54238555956343
TGFb,SH3PXD2A,3.87979180893438
TGFb,ABCA6,-3.27153689503516
TGFb,FBLN5,4.92248525622834
TGFb,MEX3B,3.97829237025429
TGFb,C3orf80,4.8090374633887
TGFb,PLCB4,3.93389028538691
TGFb,ISLR2,2.46806008759771
TGFb,YIPF5,2.811936356491
TGFb,MSR1,-1.7648382018898
TGFb,LRRN4CL,-3.78451512652799
TGFb,OLFM2,2.0653759894085
TGFb,CHST3,2.22180085729483
TGFb,TUFT1,6.01099129718591
TGFb,SPHK1,6.0901115386287
TGFb,ABCA8,-1.70924507988481
TGFb,SEMA7A,3.89477204453867
TGFb,P2RX1,2.75813829247677
TGFb,RXFP1,-2.27771792982856
TGFb,CDKN2B,3.37372810288728
TGFb,PAWR,2.55343428547832
TGFb,SNAI1,3.56817393050154
TGFb,LIMS2,2.27494674124209
TGFb,TNFSF4,5.50389303523693
TGFb,NEDD9,4.36119281029233
TGFb,SMAD6,2.79826538625144
TGFb,DGKI,2.24114361320707
TGFb,BCOR,2.73574649292318
TGFb,SGPL1,2.58392327301512
TGFb,SMURF1,1.53815323269343
TGFb,SPECC1,2.57411375293421
TGFb,ARFGAP1,2.07340117015275
TGFb,UACA,2.6166466705245
TGFb,SLC16A2,3.14089909203714
TGFb,DCBLD1,3.89901093078139
TGFb,KCTD11,6.18922961699749
TGFb,ARHGEF40,2.00433068048266
TGFb,FRMPD4,-1.21922157781658
TGFb,MRGPRF,-1.78941021441785
TGFb,PDE7B,-2.92711761662529
TGFb,DSP,5.97720427515745
TGFb,SLC14A1,-3.7381688352173
TGFb,DYSF,2.4582908118097
TGFb,COL10A1,1.15592360993741
TGFb,CSDC2,1.66160419052411
TGFb,RTL3,-1.89182743307388
TGFb,KIF26B,1.27771385492758
TGFb,LIN7B,1.73778922215364
TGFb,DLX2,2.67490143592378
TGFb,TSPAN8,-3.14029248036865
TGFb,ADAMTSL3,1.20876291290486
TGFb,PRR5L,2.03168095339224
TGFb,SEPTIN11,3.12088703124326
TGFb,NXPH4,1.67155849995289
TGFb,PDLIM3,2.38106666904131
TGFb,PGM3,2.57503994357044
TGFb,HSD11B1,-4.74853570752338
TGFb,DLC1,1.67644764770728
TGFb,TNS1,2.99439917465584
TGFb,AUTS2,1.67785944615752
TGFb,CDC42SE1,2.14192110867935
TGFb,BMP6,1.62750734776514
TGFb,DCLK2,1.26454279815472
TGFb,GRB10,3.16984310149233
TGFb,NRBF2,3.03851966813562
TGFb,SMCO4,3.85855117767869
TGFb,ADCY7,2.40123900007009
TGFb,CAVIN2,-2.98489793283801
TGFb,FAP,2.78012991739132
TGFb,ERG,0.993606170917821
TGFb,BMPER,-2.94308388793847
TGFb,ANXA10,-4.32842272760866
TGFb,KIT,-3.18521996756271
TGFb,IGF1,1.40816687349269
TGFb,SULF1,4.74280293424664
TGFb,EXTL1,1.65969143303325
TGFb,HAS1,2.34105651402155
TGFb,FOXA2,-1.65115943158407
TGFb,HACD1,1.97880071908488
TGFb,OSR1,-3.04980607485068
TGFb,JADE2,-2.13652610452943
TGFb,GPR4,-1.56463858727692
TGFb,ABCA9,-1.3403874895052
TGFb,ARHGAP29,-2.73883303612019
TGFb,LDLRAD4,1.7060415961944
TGFb,EPHB3,1.92800990544924
TGFb,CTPS1,6.37222534208103
TGFb,MAP3K2,1.91719186382113
TGFb,RASGRP1,5.17894799123106
TGFb,PDE5A,-2.26104177115872
TGFb,DIXDC1,1.85162342651838
TGFb,SYNPO2L,3.37660680265701
TGFb,SMAD3,-2.96867666754546
TGFb,POSTN,3.00447285194439
TGFb,LPAR1,-3.29872607996253
TGFb,DYRK2,2.21211579040928
TGFb,KCNK2,-2.53078425775087
TGFb,MEOX2,-1.42703442582238
TGFb,PXDC1,2.6447415899291
TGFb,CNKSR3,-1.93483803870341
TGFb,TM6SF1,3.29244866370522
TGFb,GXYLT2,4.34753472505505
TGFb,PDE1A,-1.3953419463989
TGFb,CBFB,2.93392326230817
TGFb,MAMDC2,4.90233796507353
TGFb,COL8A2,1.72384705990098
TGFb,MYOM3,0.904204349312845
TGFb,SHROOM4,1.45468831964183
TGFb,AMIGO2,6.47002580532619
TGFb,ANKLE2,1.78991015634954
TGFb,FERMT2,3.52870701518874
TGFb,ADAMTS4,1.2432177806383
TGFb,TGFBR3,-4.29207078808031
TGFb,RNF121,1.27789815062532
TGFb,HES1,3.69618134187377
TGFb,VSTM4,0.951429575708471
TGFb,KLHL26,1.58679472544248
TGFb,GLI2,1.37922434604759
TGFb,PPP1R13L,2.8390711961723
TGFb,EPHB2,1.60443501231878
TGFb,MAP6,1.15981027384913
TGFb,ITGA4,3.92535875178158
TGFb,JUNB,6.00842292191549
TGFb,ECI2,-2.23405537040735
TGFb,LRRN3,2.00908370671192
TGFb,GADD45B,4.99995407174694
TGFb,MGAT4C,-27.7954844833523
TGFb,CHST11,3.26414773798885
TGFb,MAPRE2,-1.34892961168007
TGFb,ZNF48,1.74546156859382
TGFb,CLDN14,1.62532863299105
TGFb,DSE,2.32746212785278
TGFb,NDEL1,1.2748696082758
TGFb,GSTT2,2.13461186974352
TGFb,CLTCL1,2.30327224018134
TGFb,BLOC1S2,3.44667439484729
TGFb,ITIH3,2.19153354619237
TGFb,OLFML3,2.96226739907455
TGFb,RCN3,1.77220732615173
TGFb,MLXIP,1.81775777864364
TGFb,BMP4,-2.97366618185126
TGFb,LINC00472,-2.01162136145625
TGFb,SERPINE1,6.46058777434976
TGFb,HECTD2,1.37618130287949
TGFb,FHL3,1.87986323383857
TGFb,IVNS1ABP,3.22892141965232
TGFb,PNMA1,2.37509749948123
TGFb,APBB2,1.5867792593135
TGFb,MAMLD1,3.92368781039215
TGFb,MBOAT2,2.41745935347417
TGFb,CDC25B,-2.96714891970176
TGFb,NOVA1,-1.10130553733278
TGFb,DZIP1L,1.20388998570992
TGFb,XIRP1,3.57697451211634
TGFb,ITGAV,3.44670045061305
TGFb,CTIF,1.51699248534129
TGFb,TMC7,1.78692424844997
TGFb,PDGFA,3.68278926113888
TGFb,RBP1,2.14987317749366
TGFb,SLN,1.54351113212757
TGFb,COL1A2,2.17129712842021
TGFb,AGFG2,-0.811347442082937
TGFb,PDGFC,3.29464908821451
TGFb,ADAM19,2.45109248658279
TGFb,AQP1,1.80123261160736
TGFb,TFPI,-2.59296782433131
TGFb,COL16A1,2.56563959429196
TGFb,TRERF1,-2.34194686603169
TGFb,AGPS,2.44906999916028
TGFb,P4HA3,1.46815685567321
TGFb,PRRX2,1.21026637038753
TGFb,FBXL21P,1.2864996206979
TGFb,R3HDML,1.44647545119628
TGFb,PLXND1,1.83837611019368
TGFb,TRPA1,-1.79743067830917
TGFb,CREB3L2,1.70120499411842
TGFb,GPR39,-1.71024885061188
TGFb,C18orf25,1.25032518635595
TGFb,ST6GAL2,1.44831023518903
TGFb,GLS,1.972161673449
TGFb,MCF2L2,1.58073301669999
TGFb,DHRS2,3.55876675948143
TGFb,PHTF2,1.62596834138943
TGFb,RARA,1.36327871490457
TGFb,LIMK2,2.78589956114497
TGFb,APOH,-1.04919149335541
TGFb,ZMIZ1,1.95738070500508
TGFb,NGF,1.46071851001847
TGFb,NKD1,1.17841936342207
TGFb,LIMK1,1.20119557685282
TGFb,WWC2,1.43777940610844
TGFb,FN1,4.11242352381549
TGFb,PDE11A,0.956325959960172
TGFb,CCDC198,-0.846500825082059
TGFb,TGFBR1,2.28409483531027
TGFb,PAMR1,-1.63981057498449
TGFb,TSPAN13,3.98864179511657
TGFb,GOSR2,1.01051166747181
TGFb,SCX,2.0496411492697
TGFb,ATP8B1,-2.06594501804478
TGFb,TGFB1,1.98259348847975
TGFb,RHOJ,2.71087188839716
TGFb,ADAMTS2,1.66865223681827
TGFb,NGEF,1.57635116834708
TGFb,S1PR5,1.2211229968643
TGFb,IGFBP7,1.96293806278085
TGFb,LANCL2,1.57279722293229
TGFb,TCF4,2.43411243710862
TGFb,SMAD9,2.1452906214149
TGFb,GABRQ,0.838576521368932
TGFb,CRADD,-1.51731071000691
TGFb,AMTN,2.47246916112189
TGFb,TENM4,2.02886132404956
TGFb,FOXP1,1.59195092153123
TGFb,C5orf46,3.71187030573618
TGFb,EHMT2,-1.04543715611955
TGFb,SLC10A3,1.65906193677565
TGFb,AMZ1,1.10096529872368
TGFb,ZNF821,0.902887703593501
TGFb,CACHD1,1.82851252798337
TGFb,WNT5B,1.5995262963522
TGFb,PID1,1.60919431341389
TGFb,LARP6,1.60314015157674
TGFb,ACOX1,1.24837524719754
TGFb,CPED1,-1.80906258786031
TGFb,SYNE1,1.11645098087093
TGFb,SLC22A3,1.24701581209111
TGFb,COL7A1,3.22844841647435
TGFb,BDKRB2,-2.07012355790414
TGFb,DUSP26,0.86189294297012
TGFb,SEC14L2,1.64459847994286
TGFb,CCL11,1.65618629928924
TGFb,PLIN2,-2.16672591700389
TGFb,ANAPC13,-1.43062563017518
TGFb,SLC6A19,2.663782842964
TGFb,LETM2,-2.13596906861331
TGFb,DENND2A,-1.70432781134173
TGFb,TERT,-1.16321304479209
TGFb,ABLIM2,0.92066896417751
TGFb,PCK2,4.43673692221569
TGFb,ADGRF5,1.4910171476345
TGFb,CYP27C1,2.06129925279587
TGFb,PPIL6,-0.888966779931757
TGFb,TGFBR2,-3.15358590123297
TGFb,ID2,5.84681509476213
TGFb,UBL3,2.72928292672788
TGFb,HBEGF,3.8407089399015
TGFb,LRRC20,-1.56722944230628
TGFb,PTPN21,1.30061440771507
TGFb,DRP2,0.889804671017704
TGFb,PIEZO1,1.23828923233823
TGFb,AOX1,-2.43895340734109
TGFb,SSBP3,2.0704350465939
TGFb,ANKRD44,2.0396071236605
TGFb,AEBP1,1.55491425981693
TGFb,TSHZ3,2.14565766541504
TGFb,ANKRD1,4.20657977543378
TGFb,ADRA2A,1.49986876700136
TGFb,MASP1,-0.742659742886781
TGFb,ADAMTS6,1.63627299534711
TGFb,ARL4A,3.23031750221868
TGFb,MAP3K4,2.39932466279789
TGFb,LCE3D,2.34225973732628
TGFb,IER5L,4.12886816756342
TGFb,SPARC,2.75430163441768
TGFb,KLC1,1.25776118050266
TGFb,SLC7A5,5.04991591516452
TGFb,TMEM190,1.4855133315501
TGFb,CCDC80,3.94658506936523
TGFb,HOXC9,1.61800189299664
TGFb,DPY19L1,1.0367789920075
TGFb,MRC2,1.45970107592404
TGFb,MINAR1,1.28819786621336
TGFb,VCAN,4.31955501640046
TGFb,CHFR,1.46125710734148
TGFb,TBX3,1.96346307738382
TGFb,LSS,-1.9262184791761
TGFb,MFAP3L,1.14688687621106
TGFb,TLL2,0.891889609662073
TGFb,TSPAN4,-1.9640418566203
TGFb,PDGFD,-2.48448503158303
TGFb,QPCT,3.20559765882557
TGFb,SGCE,-1.92634819200744
TGFb,EGR2,6.44205246457382
TGFb,C1orf140,-1.2444219673563
TGFb,TTMP,2.07119252494191
TGFb,ASS1,5.72596690572463
TGFb,SLC3A2,3.47658290193607
TGFb,INHBB,2.68771645346494
TGFb,SEL1L3,1.54792557081093
TGFb,FZD7,3.59659288371392
TGFb,ZNF281,1.98968733270814
TGFb,ACKR4,-1.92471739112743
TGFb,MMP2,1.77797810341457
TGFb,NPHS2,0.797313242565507
TGFb,NOTCH3,1.37617608996355
TGFb,GPX7,1.60704248113266
TGFb,PTPRE,1.70118940486485
TGFb,WTIP,1.34311767022311
TGFb,SLC19A2,3.06666255021255
TGFb,JPH2,1.01922903136157
TGFb,HNF4A,0.837635029729378
TGFb,GATA2,1.35300999173512
TGFb,PDGFRB,1.69513151682329
TGFb,FGF10,-1.05116171378445
TGFb,ATOSB,1.4706783352533
TGFb,HEY1,3.44320747147345
TGFb,FBXO24,-0.703585462095825
TGFb,SMARCD3,1.27956381173116
TGFb,TXNRD1,-2.07909969318593
TGFb,ATP13A2,1.57480213528868
TGFb,BEND7,0.919941782338676
TGFb,LPAR4,-1.108172655938
TGFb,ANXA13,-1.00032232697781
TGFb,TM4SF20,-1.36790294603399
TGFb,LMO3,-1.20495013671864
TGFb,PRKCI,1.57932564863162
TGFb,KCND2,-1.40266183162185
TGFb,PRPS1,2.83388001487821
TGFb,CA12,-2.91589509184078
TGFb,PRG4,1.36145643366157
TGFb,COL5A2,2.61197113585025
TGFb,CLEC2B,-2.33997121918141
TGFb,NOTCH2,1.6897378917343
TGFb,CAMKK1,0.94942189018156
TGFb,PSAT1,6.25391667235731
TGFb,SFRP1,-2.53926889288275
TGFb,CSRP2,2.94134323120135
TGFb,KCNN3,-0.964184529266299
TGFb,SERTAD1,3.57161680989172
TGFb,PPFIA1,1.12300989554178
TGFb,LIMCH1,2.16245554504309
TGFb,ADH1B,-1.37554373653832
TGFb,FER1L6,-1.27105582498313
TGFb,FGL1,-1.02637139603737
TGFb,DNAJB5,1.63732264614693
TGFb,IL13RA1,1.92347704568323
TGFb,TET3,1.36069200541171
TGFb,ADH1C,-1.46854471481322
TGFb,PDLIM7,1.59176109409789
TGFb,DOCK9,1.11415523595601
TGFb,ADGRA2,1.5076726300276
TGFb,NALCN,1.70249154233904
TGFb,SHC3,-1.04472089962596
TGFb,CSN1S1,0.765975705380184
TGFb,RSPO3,-2.08253806043939
TGFb,DAPK1,-2.00428301662545
TGFb,PDE8B,-1.27946929472113
TGFb,STK38L,2.32781083574434
TGFb,SPTLC2,1.29924329447807
TGFb,FBXO32,4.17841841367244
TGFb,LBH,3.69297360609704
TGFb,CEBPG,3.281713547745
TGFb,CRIP2,2.43187683676031
TGFb,SLIT2,-2.07175083299969
TGFb,ITGA10,-1.74001015733756
TGFb,NRGN,-2.39188800103774
TGFb,FNIP2,2.47040563694527
TGFb,FRMD6,3.11325444146509
TGFb,MAGI1,0.70763109590057
TGFb,GNAI1,-1.96802997406502
TGFb,SLAMF8,2.67240111739172
TGFb,RXFP2,-0.900954751868788
TGFb,EML1,1.58621631826219
TGFb,INHBE,3.53849184617797
TGFb,RESF1,-2.36272444068479
TGFb,FAM110B,-1.52866105840582
TGFb,SKI,1.36133223943258
TGFb,CCN2,7.72446378560168
TGFb,PLEK2,3.1269055031233
TGFb,DNAJC22,1.28187577173266
TGFb,TEAD4,1.85640762288786
TGFb,ALDH3A2,-1.97723034722805
TGFb,SS18,1.36301093145325
TGFb,C5,-2.15436748248071
TGFb,TAGLN,4.17242741800776
TGFb,DOK6,1.05979667863015
TGFb,ARHGAP6,-1.02944091502072
TGFb,PTN,-1.31874026224348
TGFb,UBE2J1,1.55317306235381
TGFb,EVA1A,2.96955034970987
TGFb,NKIRAS2,1.09682923912309
TGFb,AREL1,1.09002941790561
TGFb,ZNF175,0.959888574103068
TGFb,HPS5,2.20222417201184
TGFb,MTHFD2,4.80783110820855
TGFb,PHLDB1,1.0080844625318
TGFb,SAMD1,0.953308697571101
TGFb,TP53I3,5.24575383731209
TGFb,RASSF2,3.07253272195141
TGFb,ODAPH,2.6989834520198
TGFb,FAM83G,1.77723282273079
TGFb,MFAP2,1.92261661736416
TGFb,HOMER1,3.07371620905361
TGFb,MGARP,-2.73615278291723
TGFb,MME,-2.74162620290558
TGFb,HGF,-1.26788807302976
TGFb,PPL,-3.21058040595741
TGFb,KITLG,-1.80950939575341
TGFb,CFH,-2.07455972199761
TGFb,AR,-1.11115460310223
TGFb,DPF3,-0.884176324268943
TGFb,CEBPD,-3.34856601863244
TGFb,GOLGA5,1.49435701576014
TGFb,SORBS1,1.45065752502118
TGFb,IHH,0.697323671586632
TGFb,RNF217,1.75879421129066
TGFb,KRTAP1-5,-3.52914313552306
TGFb,PDLIM4,1.62415772717216
TGFb,CHRNA9,1.48485002790537
TGFb,RAC2,-2.45159642736837
TGFb,GPR37,-1.67791134033636
TGFb,LGSN,-1.2904096744277
TGFb,GRK4,0.563964310394454
TGFb,SPX,-1.19368890431817
TGFb,TBC1D16,1.29316932532763
TGFb,HDGFL3,1.29901221152153
TGFb,HFE,-0.925148270991022
TGFb,WLS,-2.60213610912067
TGFb,GLIPR2,2.42147777937649
TGFb,MBD4,1.48975955093932
TGFb,NALF1,1.44600395596775
TGFb,UGCG,-3.08766191582504
TGFb,CSGALNACT1,-2.09171543382044
TGFb,GALNT12,-2.28510547316562
TGFb,PDK4,-2.79985967060204
TGFb,GOLT1B,1.88696761106707
TGFb,EVI2B,-2.6472260617436
TGFb,OXTR,3.3696558558674
TGFb,ARF4,1.7232750301081
TGFb,DERL1,0.922932232336577
TGFb,ELN,0.871090627854657
TGFb,CSRP1,2.43391000009863
TGFb,VIPR1,-1.8600707890881
TGFb,SLC22A15,2.75724941901413
TNFa,TNFAIP3,35.4007175514781
TNFa,IFNAR2,7.58070068614032
TNFa,CSF2,8.35548063730208
TNFa,NFKBIE,10.3562053669893
TNFa,EFNA1,18.6311093849306
TNFa,RELB,9.26459378466974
TNFa,CXCL8,45.4418272162389
TNFa,ICAM1,22.0393407198016
TNFa,CXCL5,10.0813679324721
TNFa,LTB,4.82731163146672
TNFa,IL32,15.9636190889021
TNFa,TLR2,7.03935776820502
TNFa,TNFAIP2,12.2137267034154
TNFa,NFKBIA,12.5677004377236
TNFa,BCL2A1,17.2250076051542
TNFa,INHBA,15.5631986771982
TNFa,IL36G,13.4251743244498
TNFa,SERPINA3,11.4057993243739
TNFa,PLAU,11.4928841557209
TNFa,CCL20,38.38796712436
TNFa,SLC2A6,10.2491083436558
TNFa,MRGPRX3,10.7862105639636
TNFa,NINJ1,8.56073467679646
TNFa,CXCL3,23.7581056721946
TNFa,BIRC3,13.5820454975574
TNFa,IFNGR2,7.37778887147541
TNFa,TCIM,8.47272392100229
TNFa,BID,5.60413176278799
TNFa,CSF3,6.3431403754269
TNFa,NFKB1,9.34895801819977
TNFa,CXCL2,8.95475957467154
TNFa,DRAM1,10.7582523735317
TNFa,PPP4R4,3.32805460896588
TNFa,CD83,11.0026648585106
TNFa,IKBKE,3.77316318124465
TNFa,CLDN1,9.08995559516412
TNFa,C1QTNF1,5.76229135641843
TNFa,IRF1,15.6507267043496
TNFa,NKX3-1,2.8716327693324
TNFa,TRIM47,5.24430408827719
TNFa,CXCL6,10.5176140568733
TNFa,TNIP1,6.42959443446254
TNFa,MMP12,6.47701710876828
TNFa,BMP2,8.58244616483555
TNFa,CFB,7.42673542648038
TNFa,CCL2,19.8461827604001
TNFa,TICAM1,3.4637566632122
TNFa,CTHRC1,9.45956028211605
TNFa,IL6,19.7035733279822
TNFa,NFKB2,5.00245014832866
TNFa,SOD2,13.6231102743594
TNFa,MMP9,12.5887577301903
TNFa,RHCG,3.1016003564153
TNFa,TIFA,6.05229277160913
TNFa,MMP10,8.3474278396048
TNFa,TAPBP,3.97974251672057
TNFa,IGFL1,8.95156997995298
TNFa,B4GALT1,2.74585326118168
TNFa,DTX2,2.93131972832495
TNFa,TNIP2,3.39428997789513
TNFa,PTX3,21.5027341668347
TNFa,CYLD,2.87546365386172
TNFa,EDN1,7.58562380277574
TNFa,TMEM217,4.03815067960134
TNFa,RIPK2,5.57240789372111
TNFa,SDC4,8.12277620754622
TNFa,USP43,3.44922455572442
TNFa,RND1,4.68488068272288
TNFa,BDKRB1,4.92230605182128
TNFa,BIRC2,4.6716612506693
TNFa,CTSS,6.39753883417669
TNFa,MMP13,7.10575903301674
TNFa,ETS1,4.59117093435463
TNFa,APBA3,2.17708576512392
TNFa,TYMP,4.01862514336095
TNFa,NECAP2,2.72740852022079
TNFa,C11orf96,4.76666905066669
TNFa,ANKLE2,2.3679316803426
TNFa,WTAP,3.22152819902064
TNFa,TRAF1,9.39600119511034
TNFa,SQOR,5.95671516807764
TNFa,UBE2Z,2.24879962181531
TNFa,CXCL1,20.426545983467
TNFa,KRT6B,4.41622326681522
TNFa,CLUHP3,1.94728821555566
TNFa,CFLAR,3.72654423539729
TNFa,SRGN,3.95132838618118
TNFa,GPR176,3.01218627261636
TNFa,C3,9.89843789140028
TNFa,TNFAIP1,2.77854938464495
TNFa,SLC41A2,5.35799494026177
TNFa,PDPN,2.35425067871459
TNFa,IL1RN,4.75429798599401
TNFa,AKR1B1,6.59669303559411
TNFa,GSAP,4.86816241367859
TNFa,UXS1,4.23497082219788
TNFa,RHBDL2,3.67783737126775
TNFa,NFKBIB,2.08712740694308
TNFa,IL15,5.50710022230726
TNFa,STAT5A,3.63348929436325
TNFa,SQSTM1,3.65020275325832
TNFa,IRAK2,4.6053085713551
TNFa,TYK2,2.36304336216681
TNFa,NR2F2,-3.38501919592333
TNFa,IFNGR1,4.14651940455902
TNFa,VCAM1,6.39398009755798
TNFa,CD82,4.52817514148528
TNFa,OLR1,7.46850691871764
TNFa,SUSD6,5.82150256897803
TNFa,SLC12A7,4.07095993463152
TNFa,BMAL2,3.76137766722961
TNFa,CREB3,2.59151589851817
TNFa,CD47,2.582205229467
TNFa,TNFAIP8,4.91757411899349
TNFa,BPGM,5.51921007067165
TNFa,BMP4,-3.6504498229496
TNFa,MAP3K8,6.42604490704437
TNFa,TNF,15.3244291118782
TNFa,EHD1,4.97778667673511
TNFa,HLA-F,3.46937467071125
TNFa,VNN1,3.40212675283373
TNFa,CANT1,2.70681293677234
TNFa,GBP3,7.67028777960409
TNFa,IRGQ,1.6204947368021
TNFa,IL1R2,5.6565650472265
TNFa,TNC,3.78415871627128
TNFa,ANKRD33B,4.40835562578494
TNFa,MSC,5.13153037864027
TNFa,IL13RA2,5.09220378761895
TNFa,PANX1,3.60316499711186
TNFa,KYNU,5.49797792230313
TNFa,ISL1,-2.46669280418669
TNFa,TPST1,3.29454804709518
TNFa,GCH1,11.2985183796255
TNFa,JUNB,6.83098738821544
TNFa,TAP1,7.70463321512629
TNFa,PARP12,5.81203210397586
TNFa,DAXX,1.9395490158764
TNFa,PLA2G4C,2.34811971701458
TNFa,GATA6,2.85612041887431
TNFa,STAP2,2.93694194218161
TNFa,S100A7,4.55452095997898
TNFa,TNFRSF9,5.17197239359527
TNFa,IRS1,-3.37764270525427
TNFa,LIF,8.15856021734296
TNFa,POLG2,-2.28788609498139
TNFa,ICOSLG,2.24904628294813
TNFa,SERPINB4,4.32917960703664
TNFa,CAVIN2,-3.01136254905823
TNFa,N4BP1,2.60321863094522
TNFa,TNFSF15,4.94486426214125
TNFa,CSF1,3.52387276316725
TNFa,PSMB9,7.50777685418299
TNFa,EFNB1,1.63060071552912
TNFa,SELE,4.00388617410958
TNFa,SLC25A37,2.57992027406168
TNFa,FGF5,3.06471452970059
TNFa,SLC8B1,1.56557654829671
TNFa,CHST2,2.99542303403592
TNFa,PRAG1,-4.8544193886916
TNFa,SLC28A3,1.88514542162436
TNFa,NIPAL4,3.04940784510847
TNFa,BTN2A2,1.75155393699294
TNFa,AMPD3,5.15395594782645
TNFa,RARRES1,6.66129423184038
TNFa,TMEM51,3.27703882332962
TNFa,PDGFB,2.61936830562907
TNFa,NOCT,3.9271565427198
TNFa,LAYN,1.67073834356564
TNFa,CD70,2.76325586375037
TNFa,SELENOM,5.87343541930175
TNFa,C10orf55,1.90177979339902
TNFa,TRAF3,2.59293099910404
TNFa,KMO,3.39598834874691
TNFa,RCAN1,3.25198254611648
TNFa,B2M,2.6210448733793
TNFa,SYNGR3,3.5491304649225
TNFa,SLC31A2,3.77484410479868
TNFa,IL17C,1.52738520110861
TNFa,CCDC8,-1.33620978226583
TNFa,DUSP16,2.54438255792305
TNFa,TNFRSF11B,6.55413192617231
TNFa,SLC7A2,2.92978995259465
TNFa,ERAP1,1.96136608119181
TNFa,CEBPD,4.64301221646202
TNFa,TP53BP2,2.43444445499079
TNFa,THAP11,-2.04380527827988
TNFa,IL6ST,2.48101898350324
TNFa,S100A3,3.6792534706451
TNFa,ELOVL7,7.22917596047998
TNFa,MMP3,4.2237254812602
TNFa,THAP10,-2.82813044807897
TNFa,NMES1,20.2746133064602
TNFa,TMEM52B,2.3656332938276
TNFa,RNF207,0.899821739014501
TNFa,IL1B,16.5963153705629
TNFa,TMEM132A,1.33377866956946
TNFa,IL7R,7.09678619714611
TNFa,DAPP1,2.4655086486516
TNFa,TNFAIP6,16.2349399487869
TNFa,LRRC49,2.41929417692246
TNFa,CHMP4B,1.96302667683694
TNFa,PRICKLE1,-2.88555400536802
TNFa,BTN2A1,1.44508149513677
TNFa,IRF2,3.53080470776478
TNFa,CNTNAP1,2.92677005358255
TNFa,PRDM1,3.77610411515789
TNFa,HLA-G,2.98339438705853
TNFa,IRAK3,1.65619719275239
TNFa,IL1A,5.71291563089565
TNFa,MYO10,2.88903169410129
TNFa,RFX5,2.6168579169292
TNFa,MTARC1,-3.21078327533604
TNFa,PNMA8A,-2.35646464631596
TNFa,DLEU1,-3.23545512123192
TNFa,FAM8A1,-2.79023286487293
TNFa,TTMP,2.49505426031627
TNFa,ZHX3,-1.22664881282399
TNFa,S100A12,3.1525158670312
TNFa,RIPOR1,1.43854566224814
TNFa,KLF9,2.15108362886135
TNFa,PIK3CD,1.83375429821363
TNFa,PPARD,1.67046300525795
TNFa,PTGFR,2.22493367950028
TNFa,OPTN,4.16544356524146
TNFa,INAVA,4.07482117361746
TNFa,NEDD9,3.61910852924436
TNFa,GPR68,1.74055681554022
TNFa,CLIC4,3.41825643943521
TNFa,NFKBIZ,11.3515542196591
TNFa,COL27A1,1.76159775784266
TNFa,SDCBP,2.75084618372005
TNFa,NOD2,2.26523897000479
TNFa,MAST4,2.13489583119352
TNFa,PLA2G12A,-2.14862555410992
TNFa,MREG,3.03052755771632
TNFa,FUT2,1.35251606137992
TNFa,PSME1,3.80358000933585
TNFa,BDKRB2,2.26246257988809
TNFa,MYOCD,3.21160536015681
TNFa,PDCD5,2.23173016265123
TNFa,ZNF697,2.63240536276063
TNFa,HMGN2P46,4.38642969144954
TNFa,GORAB,2.82023506022263
TNFa,STYK1,1.92533044921355
TNFa,LHFPL6,2.22554461538738
TNFa,PPP1R15A,5.68499129784359
TNFa,RHBDF2,2.81158712057678
TNFa,RBMS1,2.313749834635
TNFa,QPCT,3.67212334836294
TNFa,CCDC9B,2.98129837932974
TNFa,RELA,1.58201083278552
TNFa,CCDC51,-2.30557293040939
TNFa,TRAF2,1.37413017284841
TNFa,ZXDA,2.08613125600349
TNFa,IL18R1,2.91477864703909
TNFa,RNF19B,5.24584830241922
TNFa,SNAPC4,1.22270891119647
TNFa,PALMD,-2.3600271198429
TNFa,MTERF2,-2.42378887327125
TNFa,RRAD,2.93315643858089
TNFa,SERPINB8,2.48910719749599
TNFa,RHOBTB2,-1.5516798435557
TNFa,PLAUR,4.86780958893685
TNFa,CCL5,12.2176010333766
TNFa,B3GNT5,2.70353395558892
TNFa,SIX5,1.02165546478636
TNFa,FADS3,3.25482166635994
TNFa,NFE2L3,3.45484501325612
TNFa,PGLYRP4,1.30831642238778
TNFa,FKBP2,1.60114266783838
TNFa,CTSC,3.20440446411164
TNFa,SLC9A8,1.85660558916543
TNFa,LAMB3,4.66990965715321
TNFa,ITM2A,-2.22463856158613
TNFa,PPL,-3.91687158111365
TNFa,STX11,3.35735106824701
TNFa,PAK6,-1.94632970448849
TNFa,HINT3,2.67719702873024
TNFa,LUC7L3,-1.48712191275867
TNFa,CDKN2B,2.56181237926456
TNFa,HIVEP1,2.77850448326811
TNFa,FILIP1L,3.06998715715713
TNFa,LGALSL,2.72265223367311
TNFa,RND3,4.7358295082544
TNFa,C2CD4A,3.4416136778078
TNFa,WNT5A,3.40061118520816
TNFa,TP53AIP1,-1.23436935287767
TNFa,TAGLN2,3.18867401199
TNFa,ADAMTSL4,-1.54036335015943
TNFa,PTAFR,2.38025033533373
TNFa,GBP2,6.58226137996292
TNFa,ITGAV,3.22582639550885
TNFa,TNFRSF10B,2.4980578898917
TNFa,CX3CL1,3.21646322231334
TNFa,PIM3,4.99516602512051
TNFa,STARD5,2.78159258061792
TNFa,AVPI1,-2.97838059073366
TNFa,LACTB,2.92363565477825
TNFa,CEBPA,-3.04887739315932
TNFa,WWC1,1.76747457724685
TNFa,CLIP2,2.67202835050441
TNFa,PI3,3.3637732230397
TNFa,REL,3.37740856898264
TNFa,TEX2,-2.32941971841639
TNFa,HLA-B,5.54553673200066
TNFa,HBEGF,3.9613956923458
TNFa,CXCL11,11.9360439791331
TNFa,JADE1,-2.56132061562045
TNFa,NCOA7,2.45334938480169
TNFa,ZC3H12C,3.08690210748234
TNFa,SLCO3A1,2.40003887429459
TNFa,MAFF,6.74035400895573
TNFa,MEOX1,1.80748531008455
TNFa,CAPNS2,-1.5878821128299
TNFa,RAB24,2.44193802165061
TNFa,KLF6,3.78203303037057
TNFa,POU5F1B,0.992114941287307
TNFa,NRCAM,2.10832923486428
TNFa,SBNO2,1.57781880148978
TNFa,CDKN2C,-3.23157086773863
TNFa,FAT2,-1.86397214757338
TNFa,PPP2R5A,-1.25720167047999
TNFa,IFIH1,4.55036965991984
TNFa,ZBTB46,1.03839671532275
TNFa,HRH1,2.31916433087727
TNFa,PANK1,-3.59429195582641
TNFa,ROBO1,4.10225401260306
TNFa,TAPBPL,2.57871263092533
TNFa,SIX6,0.796525334116874
TNFa,PMAIP1,7.37565382851013
TNFa,PPP1R18,2.80337600963639
TNFa,CTNNBIP1,-1.67607801620044
TNFa,ANO9,2.3490186857221
TNFa,EMP3,4.07281957438268
TNFa,RAB32,2.0772904285154
TNFa,MICB,3.2399512697626
TNFa,VPS37C,0.979030114376252
TNFa,GBP1,6.62073532152414
TNFa,AFG3L2,-1.0729735578502
TNFa,SLC27A3,-2.29366602377701
TNFa,FBXO17,-1.66359030378131
TNFa,ASS1,5.9897149371092
TNFa,L3MBTL3,-2.12578999909147
TNFa,MT1M,4.09112782530169
TNFa,EVA1B,0.979756624470168
TNFa,SERPINB2,8.39444170736019
TNFa,PTCD3,-1.44712005799061
TNFa,DBT,-1.40912911822333
TNFa,B4GAT1,-1.45950337799002
TNFa,VEGFC,3.86349957263496
TNFa,STEAP4,3.17045414457173
TNFa,PEX19,-1.30850092986442
TNFa,TLNRD1,2.37059159973132
TNFa,IFNAR1,1.47625118988582
TNFa,SLC39A14,2.09787643979942
TNFa,ALDH3A2,-2.16691570727061
TNFa,ASIC1,-1.32394287096786
TNFa,GNA15,1.85372930987607
TNFa,NFATC3,-1.27463129089314
TNFa,HLA-C,3.98902686134843
TNFa,GNAI1,-2.11894815543924
TNFa,NUP153,1.61852965401635
TNFa,DIS3L,-2.58252998813924
TNFa,GSTA4,-2.52303710773853
TNFa,DNER,4.52120212341275
TNFa,MAPKAPK5-AS1,-1.47064703065278
TNFa,RAB3IP,1.21940230838488
TNFa,ADPRH,1.18040331348877
TNFa,PECR,-1.42968301861196
TNFa,INTS8,-1.60642362472306
TNFa,SCP2,-2.19753008133855
TNFa,SOX12,-1.38490579217528
TNFa,HCAR3,8.04882384999231
TNFa,PDCD1LG2,2.67505101834554
TNFa,TFPI2,7.95542236211236
TNFa,CDYL,1.36835881391761
TNFa,FGD6,1.68118563096821
TNFa,ZBTB18,-1.77465012874499
TNFa,TSLP,3.23290803893451
TNFa,PGM3,1.90534466068897
TNFa,NFIA,-1.67845457497357
TNFa,ABHD10,-2.18130723354784
TNFa,PDZK1IP1,3.51106496874846
TNFa,ARHGEF26,-1.77993518214914
TNFa,UPK1B,-1.20680380612435
TNFa,NDUFB5,-1.56821295852715
TNFa,HCP5,2.2201860564577
TNFa,SGPP2,5.23194914833042
TNFa,CCDC24,1.22787179247443
TNFa,BAG4,-1.52782814507608
TNFa,CDV3,1.90938169420302
TNFa,ORMDL1,-1.52180838420601
TNFa,S100A9,3.05689212285398
TNFa,TNIP3,5.08510472718145
TNFa,KDM6B,3.10182355657554
TNFa,MSANTD3,2.65239487663391
TNFa,FMNL3,2.64286623565892
TNFa,HADH,-1.98323729084498
TNFa,FOXQ1,-4.00811968112408
TNFa,ALOX5AP,2.85147351788245
TNFa,TOMM20,-1.59221698503872
TNFa,ZNF589,-1.1046696588772
TNFa,MYO1B,1.81162433409356
TNFa,DNAJB9,2.60635082775389
TNFa,PML,1.94773991090544
TNFa,MARK1,1.12011161427136
TNFa,FAN1,-0.886769444245523
TNFa,DUSP3,1.77749780791247
TNFa,ILK,1.84940459188165
TNFa,SSX2IP,-1.80782307687077
TNFa,ZHX1,-2.25441841830095
TNFa,ELF3,3.36869342414996
TNFa,LAMC2,3.58070693343419
TNFa,PTPN4,-1.27564228205023
TNFa,HIVEP2,2.66895340025501
TNFa,ABCA5,2.08658887990408
TNFa,TXNDC16,-2.63667883678553
TNFa,PPP3CC,0.966943408452426
TNFa,ZNF267,2.79018405695782
TNFa,PLEKHF1,1.87483015350132
TNFa,KIAA1958,-1.5351297136617
TNFa,CXCL10,20.4676619899551
TNFa,IL20,1.72263603250005
TNFa,IL15RA,3.92886676177841
TNFa,PDP2,-2.38442254879415
TNFa,SPIDR,1.14098110413889
TNFa,GPD1L,-3.43899131161343
TNFa,HDGF,1.95292276562628
TNFa,ZNF398,-1.61067329477994
TNFa,FBXO9,-1.22866576013271
TNFa,ABR,1.68865488896515
TNFa,G0S2,7.5134838615789
TNFa,PSMB10,3.96919101390365
TNFa,ITSN2,1.02179475964254
TNFa,TRAF4,1.62068323520798
TNFa,TTC28,-1.27933582955293
TNFa,NDUFC1,-1.14911985216673
TNFa,PIK3C2B,-2.48879321546249
TNFa,APLF,1.21646015909829
TNFa,CIDEA,-1.25857885932833
TNFa,CSTB,1.67125500256496
TNFa,SELENOK,1.74583340668796
TNFa,LBP,3.90710470496408
TNFa,CXCL16,3.15043667189606
TNFa,LINC01465,1.81438560821276
TNFa,RWDD3,-1.57719620563131
TNFa,FLT3LG,1.52375260617592
TNFa,CDC42EP2,1.9933723324196
TNFa,PGLYRP2,0.96036631891098
TNFa,UBR5,-1.62539184425059
TNFa,GRAMD2B,2.60056978769398
TNFa,RIGI,5.51245375090138
TNFa,ADH7,-1.04089890203773
TNFa,PLEKHH1,-2.00632241874634
TNFa,BTBD3,-2.03000007373002
TNFa,SLC11A2,1.78336292586211
TNFa,PCDH12,0.765744179336504
TNFa,MTSS1,1.36288020632456
TNFa,ETV6,1.73609941973358
TNFa,FEZ1,1.90106174483426
TNFa,CYTH1,1.29811573460988
TNFa,ERN1,2.01654863100341
TNFa,KLHL5,1.6639695349504
TNFa,XPA,-1.60925039270163
TNFa,ANKMY2,-1.97954571641103
TNFa,ROBO4,1.54202181296382
TNFa,THYN1,-1.96430021383221
TNFa,GSTO1,2.17063702407069
TNFa,POMGNT2,-1.49293261544562
TNFa,ERAP2,2.07877466426568
TNFa,PIEZO1,1.11035025904215
TNFa,FGF9,-1.56160673004817
TNFa,CD34,0.804471406442398
TNFa,NUDT6,-1.79424286762735
TNFa,RNF8,-0.711365341133036
TNFa,LGALS16,-7.17213106663124
TNFa,HLTF,-2.41579284907305
TNFa,NUAK2,10.3070131299341
TNFa,ENTPD7,1.94088388002142
TNFa,CCDC102A,1.44185588515399
TNFa,TRIM16,4.09393335836824
TNFa,LRATD1,-1.25101705593655
TNFa,TAF13,2.13897468860139
TNFa,LYN,2.73823771105525
TNFa,IL4I1,3.94292416917586
TNFa,ALDH4A1,-1.53156166788587
TNFa,SMURF2,2.83950205865992
TNFa,ZNF140,1.95959382610606
TNFa,PSMB8,3.36524539363305
TNFa,ZC3H7B,0.856819392904367
TNFa,GJD3,0.712127103065054
TNFa,NAA16,-1.2200452470662
TNFa,CD44,2.64147781943069
TNFa,ACTL7B,0.790075804608121
TNFa,SDHAF1,-1.26460082616679
TNFa,SLC25A38,-1.3777090278613
TNFa,ANP32A,-1.90074128636741
TNFa,PTPRK,2.35262910030524
TNFa,SLAMF8,2.62375338996322
Trail,FRMPD1,-2.23461424298725
Trail,WT1-AS,2.22510536038425
Trail,WNT8A,-1.84696160993909
Trail,GPR18,3.24080482584031
Trail,TEC,2.05132163884467
Trail,TAS2R5,-2.17606807531498
Trail,NPY,1.60672627320766
Trail,KLHL14,-1.7627600009602
Trail,RAG2,1.5714490591915
Trail,SCNN1D,-1.42004580646592
Trail,ZIM3,1.49806065926815
Trail,C17orf99,2.21300321523207
Trail,RHEBL1,4.12871152878987
Trail,GNL3L,-2.05913973383355
Trail,TLDC2,1.74716445606875
Trail,KASH5,1.69945908127163
Trail,TMEM259,-1.49011646629899
Trail,CALML6,1.67758810550199
Trail,TMEM273,2.03895218080619
Trail,CST7,2.08453480085733
Trail,DMRTC2,-1.48746499327238
Trail,NPW,-2.20001978697375
Trail,ADAMTS17,-1.5773492573586
Trail,MS4A1,1.47937007178223
Trail,FLCN,1.59343944823718
Trail,AGAP6,-1.85489301733595
Trail,LINC03043,-1.43061942551172
Trail,HVCN1,2.1822532622856
Trail,WFDC10A,1.59819595907836
Trail,LIM2,1.12315143576669
Trail,TESPA1,0.966658874137441
Trail,CD1A,1.69160948318846
Trail,ZNRF4,1.03388541926211
Trail,WDR97,-1.35064883514859
Trail,HTR1F,-1.43670826425636
Trail,TRIM72,1.58663855500031
Trail,PDAP1,-1.37049660321232
Trail,RAB37,2.94792791773863
Trail,CCDC28A-AS1,-1.63253304085379
Trail,LSM12,-1.97877031562439
Trail,DNAJB8,-1.36639666486338
Trail,BHMT,1.27667238263648
Trail,BRS3,0.857473561278004
Trail,KRT35,1.08224727064896
Trail,KCNA5,1.48005006589551
Trail,ATP5F1E,1.45639039059568
Trail,KCNAB3,-0.951733669534874
Trail,TLR10,-1.51857826393371
Trail,MYOC,1.00194709618002
Trail,RRP12,-1.14056866275777
Trail,SPINK2,1.33316609395514
Trail,RNF175,2.80090306130311
Trail,TMEM74,1.23206479186322
Trail,CBFA2T3,2.08475037082496
Trail,OR5K1,-1.26124605389026
Trail,UAP1L1,2.79737235571998
Trail,STEEP1,-1.37939389765807
Trail,TAS2R9,1.11704778475682
Trail,GLIPR1L1,1.16222417293878
Trail,NFAM1,1.13890912001509
Trail,BACH2,1.939233902246
Trail,NDST3,0.966563798250112
Trail,VHL,-1.19230810700464
Trail,SLC7A9,1.21571076891102
Trail,IFNLR1,1.71424730315627
Trail,RGSL1,0.831747421434686
Trail,DDX19A,-1.45625861322516
Trail,GH1,0.710362026045898
Trail,DDX42,-1.39883609570112
Trail,AGAP4,-2.57449336332971
Trail,OVOL3,0.870949111270993
Trail,LCA5L,1.25931104307433
Trail,NLRP9,1.25920401125668
Trail,MED18,-1.83897964421725
Trail,CD79A,0.973768673164574
Trail,MCCC2,-1.57682661358767
Trail,AFMID,-2.31305514312579
Trail,ODAD3,1.33921956531812
Trail,XAB2,1.39527159964392
Trail,OR1D2,1.00703874747229
Trail,ASZ1,1.17853451670649
Trail,RBBP5,-1.69343939768641
Trail,MED12L,1.35540999047957
Trail,QPCTL,-1.09472813962717
Trail,HTR3C,1.0882583303984
Trail,RFPL3,1.07965404411005
Trail,MS4A5,0.947757768078296
Trail,EPB42,0.925845779543307
Trail,CLVS1,-1.2863268876553
Trail,TTC16,1.01004251781895
Trail,VIPR2,0.696047191500632
Trail,FMNL1,1.25681134889757
Trail,ZNF99,-0.992769199540952
Trail,TXNL1,-1.13877785486208
Trail,SPATA46,1.21525919773166
Trail,VPREB3,1.93466431338626
Trail,FAAP24,-1.37324641370439
Trail,ADAMTSL5,1.20430141333721
Trail,NAP1L4,-0.959866097193273
Trail,LILRA2,1.04873496420781
Trail,STARD13,2.09695297759026
Trail,HNRNPH1,-1.34862578017132
Trail,KLLN,1.43146031998574
Trail,GPX2,1.83382481059606
Trail,SELL,2.47217195255472
Trail,PTPRT,1.00512675529458
Trail,PLGLB1,-1.56403796863062
Trail,ASB12,1.43356957418812
Trail,U2AF1,-1.67953602681837
Trail,KIF12,1.18964195435317
Trail,RPL34,1.2967358082719
Trail,ERVH48-1,1.11088570413433
Trail,SLC30A8,0.839191185998463
Trail,GCSAM,1.58917045218895
Trail,TARS3,-1.63811293285968
Trail,CRYGA,0.877588410904933
Trail,SMIM3,3.71194965213304
Trail,GATC,-1.36296697672721
Trail,GCSAML,-1.27401353202437
Trail,UCMA,1.1853146014807
Trail,GADL1,-1.18316321429431
Trail,GUCY2C,0.934853258555989
Trail,CCDC105,1.26474567362882
Trail,AFG3L2,-1.10464524614514
Trail,DMBX1,1.20474693500154
Trail,BANK1,1.67912731336363
Trail,RENBP,1.31017933767911
Trail,NDUFB1,1.36565211418788
Trail,PSG11,0.873906838814076
Trail,ATXN3L,0.909048196566656
Trail,COG2,-1.31052647409731
Trail,MSS51,-1.49359784520075
Trail,CANX,-1.43096126573598
Trail,C21orf62,0.739560383492682
Trail,ENHO,1.33243198831256
Trail,GNG7,0.800144833923799
Trail,KLK1,0.997308462582459
Trail,NTN3,-0.867203144151994
Trail,SLC38A1,-2.52719832118246
Trail,IFNA7,0.830493524036761
Trail,ANAPC5,-1.47737621375974
Trail,SFSWAP,-0.989840374228508
Trail,SYDE2,-2.00424920559393
Trail,CYFIP1,-1.48120011181251
Trail,REXO2,-1.46073770831097
Trail,CD72,1.68423744202647
Trail,UBE2G2,-1.81605565979652
Trail,SYS1,1.47037061331098
Trail,RIMBP2,0.695131187559727
Trail,PSD2,1.20431085960098
Trail,MFN2,-1.1113762052307
Trail,KRT25,0.968567562947449
Trail,SLC5A8,1.13400374608216
Trail,RIBC1,0.870012258768013
Trail,CCL17,0.93170681032073
Trail,OR51E1,1.74183029385379
Trail,CSNK2A1,-1.18611096326699
Trail,TMEM258,1.4684319511225
Trail,SSBP3-AS1,-1.34240891626323
Trail,EGFEM1P,-1.17143640337418
Trail,PRAMEF10,0.884376543949197
Trail,MPIG6B,-0.865857194566603
Trail,RGL4,1.32065490259668
Trail,CELF6,1.20276037908051
Trail,GSC2,-0.856851242279462
Trail,CMTM6,-1.3156310635619
Trail,PAX4,0.575440850142802
Trail,PIP5K1A,-1.44651321729794
Trail,ZNF276,-0.874750983992887
Trail,UBE2D3,-0.88117912078708
Trail,KARS1,-1.81966089256836
Trail,CD5L,0.774552244173215
Trail,LGALS4,0.929940704379513
Trail,PAX1,0.662034209826686
Trail,GNAT3,0.797707049410311
Trail,CCDC153,1.31454621313741
Trail,SET,-1.54372408674401
Trail,TEX22,-1.15006830827569
Trail,TAS2R13,0.891598974129422
Trail,KRTAP4-3,1.06064646653708
Trail,LINC00313,0.918154403898905
Trail,CABS1,-0.926411949037408
Trail,DNAAF6,1.17078158670911
Trail,RUFY1,-0.929597867188196
Trail,COL6A5,0.735346602806288
Trail,CCDC38,1.0572313282852
Trail,CNMD,0.842908301051912
Trail,IMPG1,-0.713784309510662
Trail,CTXN3,0.778679796588567
Trail,OR1E1,0.812613981873958
Trail,CHRNA6,1.15899111692354
Trail,NKAIN3,1.01825471458135
Trail,ATCAY,0.988749474798132
Trail,AMELY,0.680510380163022
Trail,HORMAD2,0.886749512629167
Trail,SLC12A5,1.09264721395726
Trail,SFTPD,1.13141594364176
Trail,TULP1,0.846232838309148
Trail,NR1I2,0.763063607759012
Trail,SLC10A4,-1.77509181257113
Trail,NDUFS1,-1.28436268114022
Trail,ONECUT3,1.0498004066393
Trail,RHOQ,1.96860558698873
Trail,RIMKLB,1.45421651957226
Trail,LHFPL5,1.02958657449108
Trail,MYRFL,1.37654655738341
Trail,CAPG,1.93271729205686
Trail,IFNW1,0.786616384146575
Trail,GPR83,-1.20914235356687
Trail,LYPD4,0.750122143774409
Trail,LUC7L,-1.15740445003563
Trail,SLC18A3,0.828139575478404
Trail,GAS8-AS1,0.808002023266711
Trail,WFDC6,0.894508074207763
Trail,BRI3,2.3524513301403
Trail,TMED2,-1.86164594033419
Trail,HSD3B2,0.787624112307589
Trail,SMG6,0.783862670197801
Trail,INSL3,0.715990735884904
Trail,CPA2,1.04409971999362
Trail,FNBP4,-1.12766606198367
Trail,HOXD4,0.919126683575072
Trail,NIBAN3,0.964653136750255
Trail,CCDC81,1.28187512903428
Trail,PTPN23,1.02000302178899
Trail,CAPRIN1,-1.03579228726351
Trail,BEND2,-0.855814918002574
Trail,SCN7A,0.696106790782929
Trail,ASB15,0.864675188255758
Trail,ZNF835,0.815040714928447
Trail,SF3A2,1.41900304325356
Trail,DDI1,0.960598460476706
Trail,CRMP1,0.790100622884266
Trail,TUBA8,0.831835624513289
Trail,BTBD17,0.976725227811125
Trail,DTNB,-0.709977919793808
Trail,CYP2C9,0.579423926579708
Trail,AQP5,0.908786298702558
Trail,PTGER1,0.696354195051185
Trail,ZNF207,-1.15911655429137
Trail,TMEM196,0.798484321440304
Trail,ISX,1.02679710759791
Trail,ZNRF1,1.4285155240226
Trail,GDI2,-1.26907767471811
Trail,FHL5,0.598342906015413
Trail,CHAD,0.718491068145165
Trail,IRF2BP1,0.822628088694362
Trail,QRICH2,1.16409530782898
Trail,FAM24A,0.767773923661851
Trail,RAD52,-0.773638025249271
Trail,NEUROD4,0.8282382886625
Trail,MPG,1.32833439943727
Trail,DNMT3L,0.750594017428211
Trail,CFAP107,0.867473028452254
Trail,SPATA1,-0.775263414124805
Trail,ALDH5A1,1.62472968677928
Trail,CA5A,0.887532105384476
Trail,TMPRSS11B,-1.07521006537496
Trail,STX16,-1.37953569398969
Trail,SEPTIN12,1.03195768854348
Trail,PLA2G2F,0.863879547134174
Trail,CRYGD,0.759772990468844
Trail,COX6C,1.33053206563104
Trail,GSDME,2.34814558826082
Trail,OR6A2,0.857518903194665
Trail,SPATA16,0.821159727796055
Trail,RIMS3,1.1062442372657
Trail,ASB2,1.85309205259466
Trail,VPS26A,0.864009933730861
Trail,SMYD1,0.80851725818032
Trail,CCDC184,0.980955762567009
Trail,GCNA,-2.64344297890617
Trail,GLRA2,0.746729094192746
Trail,DERL1,-0.963875945394077
Trail,OR6B1,1.115982505585
Trail,RFX6,1.18049338956685
Trail,LHPP,1.54516531592742
Trail,MINK1,0.81886705741768
Trail,RAB35,-1.11751870256527
Trail,NCL,-1.60430060501671
Trail,SPRN,0.993897986369042
Trail,MAP7,1.39830450872659
Trail,HRH3,0.571956185150304
Trail,IFNA8,-0.626600280145905
Trail,OSBP,-0.862748819458534
Trail,GLYATL1,-0.863473752633787
Trail,SLC3A1,0.590133521247463
Trail,RBFOX2,-0.928142285846496
Trail,ZFP14,-1.48807400356125
Trail,ASMT,0.559921502529721
Trail,MYCNOS,0.62189775009381
Trail,KRTAP5-8,0.777015590614377
Trail,PLA2G4F,1.06449387433983
Trail,WBP2,1.57110412724248
Trail,EXOC3L2,0.995968655093798
Trail,PLPPR1,0.865838975889664
Trail,USF2,0.981801278379003
Trail,TRBV27,-1.0610794492361
Trail,FSD2,0.898453206597414
Trail,NPAS4,0.80796537976108
Trail,HIGD1B,0.772625793823813
Trail,BPNT1,-0.898034182295242
Trail,KIF5A,0.75620045879296
Trail,AKAP7,0.715325902523029
Trail,VN1R2,0.951861741447545
Trail,CPSF1,-0.890211844787775
Trail,ANKMY1,-0.514300353176156
Trail,MMP20,0.706023261315457
Trail,EFCAB10,-1.33019627416834
Trail,MYL2,0.86602639593816
Trail,PRKRA,-1.32360151679252
Trail,KCNH7,-0.732557876757358
Trail,KCNK17,1.05598447429971
Trail,CECR2,0.891944780448893
Trail,MISP,1.31052598385622
Trail,CELF5,0.808270550104318
Trail,ADAMTS20,0.581186073294305
Trail,UMOD,0.715172583396173
Trail,SCN10A,0.734967087608255
Trail,AKT1S1,-1.52742851543914
Trail,TEKT5,-0.802843380003111
Trail,INSL5,-0.702139597965888
Trail,ODAD2,0.622126900755351
Trail,GALNTL6,0.875156790871352
Trail,NOS2,0.78848000184129
Trail,BRINP2,1.05490486018142
Trail,CLEC14A,1.09344556496538
Trail,CTNNB1,-1.42695332184685
Trail,OPRM1,0.524154008454606
Trail,EIF3B,-1.36947661017113
Trail,ANKRD33,0.86588637557404
Trail,FAM90A1,0.93714236592616
Trail,TGFB1I1,2.40404575614255
Trail,REC114,0.86825040886724
Trail,CMA1,-0.757631085938512
Trail,C3orf20,0.91186156079228
Trail,MPP3,0.982635772509121
Trail,TBC1D29P,0.734177691529232
Trail,SLC17A7,0.747532786748924
Trail,PTCD2,-1.48563264367968
Trail,DHH,0.825442949905667
Trail,NCR3,0.53263283799375
Trail,MRTO4,-2.96494461384036
Trail,HSP90AB1,-2.3854896038326
Trail,DDX24,-1.33527014896285
Trail,ACMSD,0.933979755966656
Trail,NOC2L,-1.5003344960758
Trail,MUC7,0.564434953216678
Trail,DUSP21,-0.746331668442904
Trail,NT5DC4,-0.851485598342413
Trail,ADAM5,0.570020940573022
Trail,AGAP9,-1.35313710033938
Trail,TFAP2D,0.940639539698497
Trail,SYN1,0.796518419884732
Trail,ARGLU1,-1.16975183954861
Trail,KRTAP4-5,0.946402159668957
Trail,COLEC10,0.931116111219405
Trail,ANKS3,-0.902682956667447
Trail,RXRA,1.51655429047902
Trail,EHMT1,-0.808347809279737
Trail,TSPY1,0.52947265899538
Trail,GAL3ST2,0.878055246214892
Trail,METTL21C,0.931875204831558
Trail,NLRP8,0.866732182793454
Trail,ZNF221,-0.658454475090771
Trail,HSPD1,-1.9734032579812
Trail,FNDC5,0.738902915853659
Trail,ELAVL1,-1.11844348799999
Trail,FAF2,-1.37077136755062
Trail,SPATA24,0.970510570342115
Trail,ADGB,-0.593306652538614
Trail,LRP2,0.776008424246528
Trail,DHRSX,1.02795449833725
Trail,LAIR1,0.959069513376365
Trail,CCDC182,0.687955890546547
Trail,NPC2,2.00883173505686
Trail,CLCN1,0.619571068046373
Trail,DNAJC14,-1.92062062832319
Trail,FARSB,-2.37640837009096
Trail,KCNH1,-1.011297039417
Trail,GNRHR,0.529476133170147
Trail,ILDR1,0.900852435167324
Trail,HSPA5,-2.49203225703395
Trail,FAM9A,0.820092299373807
Trail,DNAJC5B,0.8664451838372
Trail,SPINK13,1.07365910418711
Trail,UMODL1-AS1,0.869266041026149
Trail,DYNLT2,0.624942339823119
Trail,KIAA0319,0.710129520809614
Trail,HOXB1,0.634743666548805
Trail,ASTN1,0.792657605866336
Trail,GUCA1A,0.512176122871522
Trail,PHOX2B,0.672164819398253
Trail,PRSS37,0.884464227627632
Trail,PCDHAC1,-0.811170535534978
Trail,GTF2I,-1.45452084843956
Trail,CTDNEP1,1.00224441383126
Trail,NEUROG2,-0.850990170114119
Trail,RXFP2,0.914530955524077
Trail,TBC1D10B,0.941734061069988
Trail,VARS1,-1.74507149127257
Trail,FAM215A,-0.736413369695889
Trail,CCT4,-1.39411777279901
Trail,TRAPPC3L,-0.938664521302433
Trail,MATR3,-1.66413252860691
Trail,LGMN,2.05573574641963
Trail,RERGL,0.764385991771645
Trail,SPDYE2,-1.19095951452387
Trail,PPIB,-1.46319401870463
Trail,MGAM2,0.90483388508825
Trail,NLGN4X,-1.47966882903021
Trail,PROKR2,1.05923363090814
Trail,TNMD,-0.742451542767461
Trail,TP53BP1,-0.75786202097043
Trail,SLCO1A2,0.63291548902866
Trail,ZNF544,-1.00708601931035
Trail,COPA,-0.776398276477381
Trail,TACR2,0.752602425127219
Trail,OR4D2,0.913454357896507
Trail,ADAMTSL2,-0.695165401357515
Trail,LRIT1,0.651199090665483
Trail,LRRFIP2,-0.890994713407958
Trail,KCTD19,0.790190896053194
Trail,IGHD,0.71331553576178
Trail,SRRM4,0.738517393193082
Trail,FOXB1,0.809587716610137
Trail,PWP1,-1.34947786507544
Trail,RP1,0.981603318820033
Trail,AICDA,0.647079475166167
Trail,CHCHD3,-1.14479617758593
Trail,OBP2B,0.899939811088358
Trail,KYAT1,0.776287876147729
Trail,RAG1,0.694351110627658
Trail,RNF148,1.0434146103845
Trail,OPA3,-0.81696975144247
Trail,SART1,-0.831866036213057
Trail,HSPA1L,0.756252003047169
Trail,ZNF672,0.764456201375096
Trail,PRPH,0.797240415696664
Trail,NEUROG1,-0.618245237065083
Trail,FBXO36,-0.789497240895502
Trail,PLAC4,0.526579170180136
Trail,HPS1,0.593398217473866
Trail,LRRC31,1.04785922570062
Trail,UNC45B,0.832068996131438
Trail,DRC7,0.812247988273431
Trail,FTHL17,0.84518776230538
Trail,TPM3,-0.836997966353438
Trail,DYRK1A,0.484600190040214
Trail,SRSF6,-1.65119497011785
Trail,ZCCHC3,0.699090202759982
Trail,SCART1,-0.782183419350587
Trail,SRSF4,-0.904589187121534
Trail,SLC6A1,0.782216604114604
Trail,TSTD2,-0.861133878195109
Trail,SCGB3A1,0.86744001213826
Trail,BLID,-1.64727640593054
Trail,APTX,-0.843119378395665
Trail,EMC1,-0.884475661888864
Trail,PEX5,-0.86372056047626
Trail,FAM184B,-1.06836604892866
Trail,RPS6KB2,-0.885214812183592
Trail,SLC22A24,0.844470774305256
Trail,PAK4,0.640088829257125
Trail,CEACAM4,0.622909558307478
Trail,DEFA5,0.733519285086861
Trail,SPAM1,0.491898196664343
Trail,CD300LF,1.77885703483663
Trail,XRCC5,-1.11253530380899
Trail,CYP4F11,1.23989065003488
Trail,PEX10,-0.938586556809015
Trail,CCDC7,0.592904275884161
Trail,GARIN4,0.744147498237989
Trail,PLEKHB2,-0.890324890282016
Trail,TSC22D1,1.35385956920589
Trail,RGS7,0.747857013626949
Trail,TGM3,0.72862898461458
Trail,GALNT8,-0.69465346411292
Trail,LILRB5,-0.67634579989909
Trail,ART1,0.553245998079464
Trail,KICS2,-1.71745544166048
Trail,PTPRE,1.40188059754443
Trail,KIF1A,-0.584840270057793
Trail,OR10A4,0.944374131507471
Trail,EIF4G1,-1.65854093926674
Trail,OR1J2,0.795602766531397
Trail,SLC22A9,0.949732184439355
Trail,CRCP,-0.969513166986802
Trail,ITGB1BP2,-0.783930149400187
Trail,TFAP2E,0.878358065560077
Trail,SAG,0.649230252947247
Trail,MTHFD1,-1.75092993933462
Trail,IL3RA,0.795761856720805
Trail,POU5F2,0.767535512858324
Trail,SLC39A1,1.02904429876414
Trail,SUPV3L1,-1.29496403093533
Trail,CXCR3,-0.57433236375374
Trail,TGFBRAP1,-1.12771534081782
Trail,WAS,0.587077394177488
Trail,TSR1,-1.57984678101875
VEGF,CRACD,-4.87119003049659
VEGF,VWA8,-3.60680434040849
VEGF,NLGN1,-5.61807493255322
VEGF,NRG3,-5.8237473288507
VEGF,KCNK10,2.88330636393117
VEGF,HTR1F,-2.23645979302208
VEGF,EPHA3,-4.43408560858063
VEGF,ZNF257,-4.55614554813936
VEGF,JCHAIN,-3.34799501276244
VEGF,PHACTR3,-9.24996861208268
VEGF,HACD4,-3.76231391977954
VEGF,VPREB3,-3.39233793500076
VEGF,NCKAP5,-8.07105939813173
VEGF,CYTL1,3.47832790139519
VEGF,NID2,-4.91747172517082
VEGF,SCML4,-1.87826820552769
VEGF,XKR4,-3.63251576361539
VEGF,CPA6,-2.56376825502185
VEGF,PKHD1L1,-2.10520403862256
VEGF,ART4,-2.06452249559302
VEGF,VASH2,-3.04376019627761
VEGF,SPINK2,-1.89118937820105
VEGF,EPN2,10.7661902184329
VEGF,MYO3A,-1.95217804207498
VEGF,VPREB1,-3.1796901692439
VEGF,UNC5D,-2.53942754943866
VEGF,IGLL1,-3.38489055084362
VEGF,TMCC3,7.27199391875632
VEGF,SMAD1,-3.80111156446347
VEGF,RORB,-2.77447740207386
VEGF,CCDC81,-2.30136366491409
VEGF,IRAG2,-3.31230507011548
VEGF,CD72,-2.71772638853328
VEGF,SRGAP2,-4.34000364382405
VEGF,PIEZO2,-1.89109700367819
VEGF,BEND4,-2.47092843543712
VEGF,GP5,-1.59192643405096
VEGF,CDC37L1,3.30291948664358
VEGF,CCM2,4.27456516902487
VEGF,ALDH1A1,-6.40250832815474
VEGF,SPAG6,-1.57091526864182
VEGF,ZNF597,3.02088005545987
VEGF,NUDT19,-9.11136805816042
VEGF,CRYM,3.46103326090118
VEGF,ANKS1B,-2.57751849088035
VEGF,ZNF669,-2.18745320858855
VEGF,P2RY14,2.83000209492682
VEGF,ZNF347,3.03105365010758
VEGF,IMMP2L,-2.01199922020731
VEGF,C1QTNF4,-1.85916802627489
VEGF,CD93,3.08046025142857
VEGF,PTCH1,-2.78416382323069
VEGF,ADGRD1,-3.68664523264694
VEGF,LINC01558,-1.20642645652423
VEGF,IKZF3,-1.60694787639927
VEGF,AHRR,18.5042225173004
VEGF,RGL1,9.31297358657362
VEGF,HMHB1,-1.70945328379812
VEGF,SENP5,1.86554945711406
VEGF,ZNF200,3.50469205309727
VEGF,MZB1,-1.70130741236217
VEGF,NKD2,3.89538372600471
VEGF,CNR1,-1.45613759001507
VEGF,DCHS2,-1.73174543158831
VEGF,TTC28,-2.07389642175488
VEGF,XK,-4.11559505539785
VEGF,WNT16,-2.03801122829194
VEGF,ZNF415,-2.78346505845975
VEGF,SMCO3,-2.10198457226268
VEGF,BCAR3,5.83201039316044
VEGF,LMO2,3.65174298925834
VEGF,CAMK4,-2.54705763730386
VEGF,ARL9,-2.32334540018359
VEGF,FAT1,-5.1053841819177
VEGF,PLAA,2.302383390894
VEGF,RUBCNL,3.1367475160911
VEGF,CPVL,-4.0383857404609
VEGF,MYEF2,-2.36864642954137
VEGF,CSMD1,-1.35447220477316
VEGF,TMSB15B,-2.22124959710701
VEGF,DGKE,1.54756144737829
VEGF,LIPC,-2.30505695768852
VEGF,ALKBH1,1.75594202846895
VEGF,HOXD10,-1.82701963282543
VEGF,CCDC141,-1.58801197816074
VEGF,SAP30BP,1.75311662299697
VEGF,NPTX1,2.37867180415157
VEGF,IL21R,2.54369361167438
VEGF,KIF26A,-2.10745048885752
VEGF,ANXA5,-5.26878270342457
VEGF,TRPC6,-2.12534568209119
VEGF,SLC38A4,-2.22955626474965
VEGF,SLFN13,-3.53155263947754
VEGF,ZNF202,2.30653707966537
VEGF,ASTE1,2.65124034624065
VEGF,GRIP1,-1.61752794014123
VEGF,SST,-1.22482486385723
VEGF,CAPSL,-2.49836082209338
VEGF,SLC25A43,-4.35830552974223
VEGF,GPR68,2.15720693695108
VEGF,TBX1,-1.00386277078018
VEGF,BAALC,2.14178266787112
VEGF,MFSD8,3.20567288114981
VEGF,HECW1,-1.35347270804291
VEGF,MYOM2,-2.0130472396557
VEGF,SAMSN1,3.28370365184556
VEGF,CA13,11.4773605804905
VEGF,EID3,-4.17660332137928
VEGF,STK33,-1.66861951656259
VEGF,NCBP3,2.95975836070336
VEGF,APBA1,-1.4296427557661
VEGF,SCAI,-2.28173208618383
VEGF,TBX18,-1.60412548084331
VEGF,MAD2L1BP,2.06120220942149
VEGF,LPCAT1,4.3874781101082
VEGF,CRISPLD1,-6.03898067869792
VEGF,PLA2G1B,-1.19235124931311
VEGF,AASS,-2.76957673996815
VEGF,HDAC9,-2.35763820506797
VEGF,LCN10,1.47738442655261
VEGF,KIFBP,3.34238252490321
VEGF,CATSPERE,-1.40134962354125
VEGF,ZNF572,3.07813016165433
VEGF,TMEM150C,-3.37910334143885
VEGF,PPP2CB,1.55266756994407
VEGF,TKTL1,1.49616068880392
VEGF,DPY19L2,-2.03049583076283
VEGF,LINS1,1.99994718258084
VEGF,MLIP,-3.56518553076599
VEGF,LDLRAP1,-2.56891197325546
VEGF,SFMBT1,1.72247136792759
VEGF,MSANTD2,2.73243489057946
VEGF,CYSLTR1,2.34991030126932
VEGF,ZNF112,-3.28234633052532
VEGF,CD84,-1.32359493245824
VEGF,RLN2,-2.4341777648818
VEGF,TRAF3,2.78302529660645
VEGF,ERMN,2.84646636091042
VEGF,FGF9,-2.28526111106739
VEGF,SRFBP1,4.09923608294224
VEGF,IRX1,2.31565768335748
VEGF,ACP5,3.96225220032566
VEGF,SLC23A3,1.6945194891986
VEGF,FHOD3,-3.35512388076389
VEGF,CFAP20DC,-2.98597009984544
VEGF,E2F6,3.06857484864722
VEGF,PARP15,1.57855729590811
VEGF,ZNF234,1.83207874759015
VEGF,ZNF594,2.19166422392229
VEGF,PCDH9,-2.91212997021231
VEGF,APBB3,-10.3151269988406
VEGF,FBXO25,-3.43475817846424
VEGF,DOK5,2.20963615040971
VEGF,PGM5,-1.26936009472266
VEGF,SNX22,-1.22224253743068
VEGF,ZAP70,-1.11498263029041
VEGF,BCHE,-3.24750235993993
VEGF,SNX10,-4.0428053992266
VEGF,TMEM273,1.75810181842327
VEGF,LRRC2,2.50918433195343
VEGF,ADD2,-1.20388602316121
VEGF,PPP1R16B,1.66460781641082
VEGF,TRIL,-1.73517996400549
VEGF,KCNK17,-1.43328344754152
VEGF,TMEM121B,1.94173159567525
VEGF,PPP1R14A,-2.7898554385483
VEGF,ITPRIPL2,2.96763795802144
VEGF,ZSCAN22,1.54011027370157
VEGF,NCF4,1.8109504588682
VEGF,INPP5A,3.13149164454822
VEGF,IGHM,-1.11218095594776
VEGF,RUNX1T1,-1.27371685506563
VEGF,PRSS12,-2.96010160529825
VEGF,FBN2,-2.67947236269197
VEGF,ST8SIA5,1.49216457277086
VEGF,CADPS,1.48068881225047
VEGF,HNRNPLL,-2.1918952102067
VEGF,KIF26B,-1.25132770714319
VEGF,YAE1,4.00017331052691
VEGF,TNFSF11,2.33338096564402
VEGF,ACSL4,2.94952436841756
VEGF,PDCD10,2.07021618756099
VEGF,TP53RK,3.02212903616207
VEGF,CCBE1,-2.58104636866003
VEGF,SLC35E2A,-15.7327651108963
VEGF,GNA12,2.29827027744438
VEGF,KCNK12,1.51702985811079
VEGF,JAKMIP1,-1.55826573614492
VEGF,TAFA5,-2.3394635032396
VEGF,MICAL2,2.93472462123407
VEGF,ZSWIM3,2.56697465389779
VEGF,CLEC11A,-2.18871340117366
VEGF,FLT3,-2.52757668611816
VEGF,AOX1,-3.01690214279545
VEGF,SNX29,-1.88995022619519
VEGF,OBI1,2.08033447677452
VEGF,PPM1E,-1.78943699898476
VEGF,CLEC5A,2.69453580365157
VEGF,ATG10,-1.45522708389579
VEGF,CDY1B,-1.18323982860941
VEGF,CDK12,1.26807654612335
VEGF,PEX2,-1.96718778406958
VEGF,PARVB,1.78117379270762
VEGF,ZNF547,1.80007825946308
VEGF,ZNF786,2.92127600765388
VEGF,AP1G1,1.71454054048463
VEGF,RPS27,-2.01006949280963
VEGF,REN,2.89485474619371
VEGF,GOSR2,1.17306292016054
VEGF,ZNF322,2.51122377043659
VEGF,NLGN4Y,-1.38350117145025
VEGF,C17orf67,2.21536210407319
VEGF,ARHGAP28,-2.05420833663234
VEGF,GPAT3,8.75992210296717
VEGF,NDUFA12,3.0580236529621
VEGF,CWC22,2.83445126266805
VEGF,IL18RAP,1.74335350936269
VEGF,RRP7BP,9.74608371194484
VEGF,RGMB,3.13981868765968
VEGF,AGO2,4.30030798042986
VEGF,FAM117B,-2.93886551019838
VEGF,DNAJC24,1.60155194872165
VEGF,MED18,1.98995707038345
VEGF,ZNF526,1.79965742345879
VEGF,PDXDC1,-1.09264789538017
VEGF,ACY3,-1.19525028139936
VEGF,ICA1L,-1.21256149832437
VEGF,PLXNA4,-1.20782466055402
VEGF,ODAD2,-0.877798501092155
VEGF,ZNF267,3.52497368004398
VEGF,ZNF830,1.72232309812432
VEGF,MYB,2.52976284702002
VEGF,KPNA1,1.76324777909273
VEGF,GZMB,3.78301466932599
VEGF,EBF3,-2.21278869727295
VEGF,AGPAT4-IT1,1.84011567343786
VEGF,CTTNBP2NL,3.33946877737576
VEGF,ZNF135,-1.00044603331638
VEGF,C1QTNF3,-1.24383480217362
VEGF,PCNX2,-1.20009014073081
VEGF,GGTA1,-1.53205925418159
VEGF,TLR10,-1.35516143901222
VEGF,CHST6,-3.40143744482557
VEGF,BCDIN3D,3.37845467031559
VEGF,THBD,4.70758608517934
VEGF,FAM30A,-1.18260130657951
VEGF,BABAM2,-1.85382633897077
VEGF,FCRL5,-1.25670398495817
VEGF,CCR6,1.63476455323293
VEGF,SORBS2,-1.74180293211608
VEGF,CRIP1,-2.90111883354558
VEGF,ZNF2,2.16331408213424
VEGF,RAB14,1.51266741588035
VEGF,HAS2,4.30019249436754
VEGF,MFHAS1,3.03013382091717
VEGF,TARS1,2.51561309374285
VEGF,ADAMTS18,-1.11448949816462
VEGF,RETN,-1.21351169300814
VEGF,VGF,2.95219663667164
VEGF,FAM162B,-1.24830817751222
VEGF,CARD10,1.52165173162868
VEGF,KALRN,-0.703405153243918
VEGF,SIT1,-1.40329576890685
VEGF,CRYGS,2.041610869636
VEGF,SLC25A27,-1.80298560122723
VEGF,IKBKB,1.73200879677937
VEGF,RASGEF1B,-4.15782857054899
VEGF,SLC22A4,3.24447020393375
VEGF,RALA,2.84938782932806
VEGF,WDR89,2.37898039323897
VEGF,RYBP,2.72439703436036
VEGF,ULK2,-1.9246705428736
VEGF,MFAP1,1.97938241563454
VEGF,ESX1,-1.07838294608073
VEGF,LRRC8C,2.69091533952207
VEGF,ANKDD1B,-4.09875625908391
VEGF,WASF1,-2.22770474216206
VEGF,TNFRSF11A,2.80986259492202
VEGF,UTP25,2.48451248768727
VEGF,RNF139,-1.9246188980273
VEGF,ASB1,1.36635567567313
VEGF,ARMH4,-1.55966326905343
VEGF,CACNB2,-1.19956012415561
VEGF,CISH,2.78549357062377
VEGF,ZNF225,2.03053592072035
VEGF,RPP38,1.77221006257991
VEGF,AR,-1.44948771058941
VEGF,ZNF584,1.96027064407114
VEGF,RSPH4A,-1.32866867851059
VEGF,TVP23B,2.44290505629925
VEGF,BLZF1,1.89907359116212
VEGF,PLEKHG1,3.63505563750082
VEGF,ATXN7L1,-1.42905485079573
VEGF,CCDC26,-2.41153746177377
VEGF,ZPBP,-0.90191340714837
VEGF,CGRRF1,1.79559462570046
VEGF,TMEM39A,1.55664099630646
VEGF,LCN6,1.11448717007906
VEGF,AK5,-2.64007484454549
VEGF,KAT6B,-1.69837913703572
VEGF,SVEP1,-1.0343527300961
VEGF,RGS2,-7.79617455773988
VEGF,TMEM9,-2.2295822631901
VEGF,TRO,-0.989948323386858
VEGF,ITGA8,-1.28577736406611
VEGF,SOCS2,2.9548547908793
VEGF,ENTPD1,1.74018219324997
VEGF,FOXF1,2.10084482203813
VEGF,LRRC8B,1.74348033151156
VEGF,TBP,1.81091536909003
VEGF,PDE1A,-1.29040178590242
VEGF,KLHDC4,1.07652143224354
VEGF,IL4R,3.66968031293432
VEGF,MFAP3,1.83384346882932
VEGF,ANAPC10,1.89150461964702
VEGF,GPR63,-1.50085489202199
VEGF,PABIR1,1.83378582090762
VEGF,FGF5,2.72447126845368
VEGF,CASP3,2.49592803125476
VEGF,TRBV27,1.28762671638744
VEGF,EFHC2,-1.16037323160298
VEGF,SEC62,2.11397553311195
VEGF,ROBO1,-4.52336534106773
VEGF,ZNF140,2.4496751087842
VEGF,ZBTB9,2.45370697532003
VEGF,ITGA1,-2.05503909615733
VEGF,LYSMD3,4.07606932076078
VEGF,C12orf56,-2.55504532682125
VEGF,CAPN2,2.14110615648084
VEGF,RASSF10,-2.88746317575561
VEGF,COL8A2,-1.62814674909075
VEGF,PRKCZ,-2.99459839782328
VEGF,CCDC93,1.6256596190981
VEGF,ZNF711,-2.04260091840711
VEGF,TFIP11,1.11728948804656
VEGF,DPT,-0.986721592236307
VEGF,ACTR3C,-1.82384227211576
VEGF,NPPC,-1.31400281947536
VEGF,PITPNA,1.67511095154311
VEGF,CHD7,1.5335637167064
VEGF,TTC9C,2.14198682237791
VEGF,C2orf42,2.15008377365688
VEGF,WDR49,-1.28925438083841
VEGF,ZBTB16,-2.37393576507243
VEGF,TTBK2,-1.47797239663019
VEGF,EPB41L5,-1.41857597968789
VEGF,FOXL1,1.34940664283026
VEGF,DOCK4,2.79637912494141
VEGF,RIMS1,-1.09533978066153
VEGF,ZFP82,1.99987436301049
VEGF,TCF12,-1.39448433338417
VEGF,PELO,1.15506182637887
VEGF,GZMH,1.50971241207645
VEGF,ADRB1,-1.44936946892915
VEGF,RFX8,8.18745228779891
VEGF,TNFRSF18,3.02803460589923
VEGF,VIRMA,1.57438750559013
VEGF,ACVR2A,2.59136981616422
VEGF,ARSG,4.22361699502968
VEGF,CDKN1C,-2.81372908058033
VEGF,LCMT2,1.3837396641547
VEGF,ACTBL2,10.8506437198603
VEGF,CASP8AP2,2.29694103679223
VEGF,LMO3,-1.39845989284105
VEGF,RNF103,-2.01568658871208
VEGF,PDCD4,-3.21965397332767
VEGF,ALOX5AP,3.23584705023852
VEGF,MAF,-2.62474721735637
VEGF,MREG,-2.97884299356661
VEGF,PCCA,-1.06029067435397
VEGF,RIC8A,5.17018747673825
VEGF,RAB11FIP1,-2.71859477339121
VEGF,GTF2E1,2.29299692413431
VEGF,DDHD1,2.00474754747898
VEGF,FADD,2.7211965291014
VEGF,PTRH2,2.4093361236484
VEGF,ZNF394,-1.80563259931558
VEGF,ARHGEF18,-2.22184449476197
VEGF,RNF25,1.6528556856585
VEGF,TGDS,2.1008881727328
VEGF,C8orf82,-3.05404289828117
VEGF,SPATA5L1,1.45801611445821
VEGF,GNLY,-1.06991543401093
VEGF,CD1E,-1.18973745556176
VEGF,KIN,1.26030848696785
VEGF,BST1,-1.65825300527857
VEGF,PDE9A,1.51828305996059
VEGF,TPBG,3.3345371543677
VEGF,CD1D,-2.62851049851257
VEGF,FMNL2,-2.24549889054833
VEGF,TBC1D5,-1.8296294709255
VEGF,MAGEF1,-2.01710208138849
VEGF,TRIM72,-1.22581757708457
VEGF,RUNX1,9.78846482562818
VEGF,ZNF827,-2.58311111635842
VEGF,HCCS,2.15014541933026
VEGF,FAM24B,-2.33873596299884
VEGF,TBX5,-0.69239543862175
VEGF,ZNF516,2.69422446899816
VEGF,ZNF513,2.00922000464848
VEGF,MTERF3,2.65970985294553
VEGF,ITGAL,1.71612916202111
VEGF,ASXL1,-1.31121798756165
VEGF,HSP90AA2P,10.0606068407522
VEGF,EYA4,-1.44183395406693
VEGF,PUS3,1.82349634504897
VEGF,NELL2,-1.84477667275056
VEGF,ADAM33,-0.97054163478311
VEGF,POLL,-1.29819499970573
VEGF,ITPRID2,2.32672818193175
VEGF,STRBP,-1.90712716640439
VEGF,GPRIN3,2.59747081982
VEGF,TBC1D23,2.76187984511945
VEGF,GUCY1A1,-1.7978627666938
VEGF,SYNPO2L,-2.98390001471045
VEGF,GSC,-1.3631059221898
VEGF,LEMD3,2.04237295876812
VEGF,UBE2Q1,1.46259302436587
VEGF,RBFOX2,-1.10367594976092
VEGF,ZNF280D,-8.12398431268379
VEGF,GPRASP3,-1.66886519974181
VEGF,NRXN2,-1.00870133124313
VEGF,TPK1,-1.82974946259314
VEGF,AKAP11,1.6147031071864
VEGF,SEMA3G,-2.17251380008829
VEGF,PLOD3,1.70627086445631
VEGF,ZNF788P,2.25596246915269
VEGF,MTX2,-1.77638248593594
VEGF,IL1R1,2.48295920882848
VEGF,ZC3HC1,1.84383880624738
VEGF,CNTNAP3,-2.11928362582785
VEGF,GPR82,2.9437701320232
VEGF,C4orf36,-1.39702719898588
VEGF,ZNF649,1.87028840127686
VEGF,FBXO30,2.82239416515711
VEGF,WDCP,1.78882783152594
VEGF,RNFT1,2.16080184449012
VEGF,LINC01600,-1.0458266724221
VEGF,TCL1A,-0.995886268860275
VEGF,ABRAXAS2,1.88620538030618
VEGF,HSD3B2,-0.866126721791626
VEGF,NME5,-1.97523520043811
VEGF,BET1,2.3083018067041
VEGF,FAM110C,-4.86864821125507
VEGF,GPN2,1.23853418343765
VEGF,NHLRC2,1.41969553151246
VEGF,NABP1,3.26864152948509
VEGF,TSPAN2,-2.67599882461366
VEGF,ARCN1,1.63236833543162
VEGF,COX7A1,-1.02143537435432
VEGF,MCTP2,1.82128228061483
VEGF,ITGA9,-1.51630506898934
VEGF,CRK,1.85044418083452
VEGF,SLC16A6,4.48649771289763
VEGF,GSPT2,2.06663718126697
VEGF,ZNF137P,2.26463584187151
VEGF,YES1,1.21313877771617
VEGF,PDXP,4.76701298561025
VEGF,FAM199X,1.33272809545116
VEGF,ANKRD40,0.919850304849181
VEGF,BDP1,1.62593082468449
VEGF,FGF13,-2.80964547167664
VEGF,MED28,1.13656824413321
VEGF,KLHL1,-0.935197987040053
VEGF,CDK17,2.47389024819152
VEGF,ARL11,1.40492705754125
VEGF,CBX4,-2.38234504725893
VEGF,CUL9,-0.980939517021781
VEGF,ELL3,-1.74260552494285
VEGF,IMPG1,-0.749811214164754
VEGF,TRMT13,2.28831173742216
VEGF,ILDR2,-1.44501757691632
VEGF,BANP,1.71446419760556
VEGF,MED17,1.48995794890198
VEGF,DOCK10,2.17688795730881
VEGF,SERHL2,-0.964539134885782
VEGF,UCK2,17.2673347780808
VEGF,DTNB,-0.776147742548625
VEGF,LPIN1,3.05510474313977
VEGF,CCDC127,1.89222578516597
VEGF,BLK,-0.770283427460037
VEGF,TXNDC9,1.85954079436516
VEGF,TSPAN32,-1.1068656650336
VEGF,JAML,3.45068269188877
VEGF,ESF1,2.54692541360267
VEGF,PHAX,1.88055071812634
VEGF,KBTBD8,3.53749303742925
VEGF,RCAN3,-1.7115688303162
VEGF,NKIRAS1,2.41904168029777
VEGF,C2orf16,-1.25768515952108
VEGF,MTX3,-1.91855179214543
VEGF,CD109,3.17384238949952
VEGF,NPW,-1.46200894987372
VEGF,XCL1,-1.0807026001142
VEGF,ZNF214,-0.865727354713388
VEGF,SEPTIN1,-1.44794426651875
VEGF,ZNF583,1.19355538956466
VEGF,BLNK,-3.17687685298149
VEGF,MAN2A1,2.37892311505274
VEGF,INSR,-1.51074126570068
WNT,BMP4,5.93683107305
WNT,SIGLEC6,2.0207361471
WNT,NPY2R,1.38723387106
WNT,CSF3R,1.93231537539
WNT,KRT23,4.12161155069
WNT,FGF20,-2.0880306196
WNT,FGF3,-1.75149878034
WNT,MSX1,4.13090389196
WNT,RNF43,3.62818214446
WNT,CYP24A1,4.69230392105
WNT,BMP7,2.09307161751
WNT,NTF3,2.27388978335
WNT,FGD2,1.63117929701
WNT,ALOX12,-2.38809168835
WNT,ANKRD1,5.75344104425
WNT,FOXJ2,1.31222701553
WNT,KIF26B,1.36180050783
WNT,RUBCNL,2.90072733261
WNT,KLK10,2.00418100752
WNT,SYT12,-1.25326075663
WNT,CACNA1E,1.07499664802
WNT,LY86,1.59625220102
WNT,SLC7A8,-2.4843729916
WNT,ANO2,1.36220022375
WNT,GPR22,-1.02298721746
WNT,TCTN2,-1.51731000002
WNT,PLA2R1,-1.1473081003
WNT,SBSPON,1.4732102099
WNT,GFRA2,1.36711872351
WNT,MSX2,1.56657068981
WNT,CPLX2,-1.04050048512
WNT,SNTB1,1.76849258398
WNT,RBMS2,2.11730003842
WNT,C2CD3,1.45436019911
WNT,IRS1,3.18782977995
WNT,SNCAIP,1.43635014664
WNT,SFRP5,-1.07940364175
WNT,ZNF613,1.33650285529
WNT,ARL4C,3.27342846498
WNT,CAMK1D,1.84366782207
WNT,RAP2B,2.32707816213
WNT,SYK,-1.72470371194
WNT,ZNF385D,-1.28117922528
WNT,HOXB3,1.15163784334
WNT,B3GNT2,2.16641085465
WNT,TDRKH,-1.71027369375
WNT,KLHL4,1.54051285835
WNT,C4BPB,1.60281111775
WNT,PRDM5,0.987983717211
WNT,IL12RB1,0.839411846655
WNT,TSHZ2,-1.23388644759
WNT,MAB21L4,2.50620955677
WNT,FOXF1,-1.92842044692
WNT,ZNF701,1.03723151382
WNT,UPK1B,1.62050396442
WNT,OLFM4,-1.42315030737
WNT,AVPR1A,-0.583503378752
WNT,RASGRP2,-1.28386241053
WNT,DLX5,1.64452023135
WNT,CLDN4,-1.89939345585
WNT,GNG11,2.09852650379
WNT,BNC1,1.58225139336
WNT,ZNF230,1.38534278144
WNT,LPAR2,1.26399445256
WNT,TRMT2B,1.80002842507
WNT,ASB4,-0.728762798846
WNT,ZNF43,2.2320690359
WNT,KCNJ10,-1.43276659141
WNT,ITGB7,1.36135777708
WNT,HIRA,1.72585140096
WNT,DESI2,1.10426832494
WNT,EYA4,1.39326162198
WNT,APBB1,-1.01528790297
WNT,MSI1,1.00152333996
WNT,KCNJ5,-0.970656340025
WNT,ANGPT1,-1.92617170318
WNT,ZFP30,1.53566031892
WNT,TBXT,-0.954038286972
WNT,MSH3,0.863448783565
WNT,CD244,0.75606236887
WNT,GNAO1,-0.915037841756
WNT,IGF1,1.35948123623
WNT,TPH1,1.0144342317
WNT,TLE4,-1.73347206901
WNT,LGALS14,0.981538986418
WNT,NCAM1,-0.877086430495
WNT,PIEZO2,-1.05133509247
WNT,IL1RL1,2.08077074582
WNT,SEC31B,1.44708283337
WNT,WFDC2,-1.31768738028
WNT,HOXB5,1.13995823557
WNT,FASLG,-1.44349654904
WNT,AIRE,0.756269896603
WNT,SEL1L3,-1.62188109405
WNT,ZNF45,2.19565822721
WNT,CD48,1.57824848108
WNT,ZNF552,1.10289013974
WNT,RNASEH2B,1.05685087869
WNT,IGFBP1,1.48422826766
WNT,ANKMY1,0.58688972167
WNT,CP,-1.9644410489
WNT,SLC2A9,0.981192148782
WNT,CD37,0.983030055041
WNT,RNASE2,0.967893920485
WNT,LPAR1,2.01286029824
WNT,HUNK,-0.818259121568
WNT,FOXO4,-1.43937669276
WNT,IL36A,-0.80629439472
WNT,RNASE3,0.891848953133
WNT,PTGER2,2.55539227579
WNT,BCORL1,-0.734435319083
WNT,TLL1,1.04142646256
WNT,MMACHC,1.55429416452
WNT,TOM1L2,1.0583859988
WNT,CDX2,-0.893798859653
WNT,IL17RC,-0.878163457797
WNT,TRAF6,1.0183646202
WNT,MAPK9,1.31905919156
WNT,OLFML3,1.9628656184
WNT,CD4,0.705275462864
WNT,SCARA3,1.68080702092
WNT,S1PR1,1.64590803612
WNT,HOXA2,1.21118581127
WNT,PTGFR,-1.70637184875
WNT,FYB1,1.65357465374
WNT,TIAL1,0.794941622627
WNT,MYOM1,1.04388276335
WNT,SLC45A2,-0.775987683492
WNT,SLC17A1,-0.628971826557
WNT,AXL,2.1436922898
WNT,ZNF10,0.932748218183
WNT,RIMBP2,-0.640157069563
WNT,PLPPR3,-0.919774792107
WNT,SH3BP4,1.59507179731
WNT,CD84,0.972337550052
WNT,TAS2R10,1.09514445406
WNT,PAPPA,1.32522967283
WNT,CLTC,-0.831055272291
WNT,VPS26A,-0.8181474381
WNT,HTR2A,-0.774015143515
WNT,TMPRSS3,1.68811107254
WNT,SYT2,-0.886455995781
WNT,LRP2,-0.837882591908
WNT,PAX6,1.58228504868
WNT,CH25H,2.80326804516
WNT,RNF128,-2.4880887093
WNT,ROR1,1.65768084211
WNT,GK2,0.740268843154
WNT,AVP,0.681123917365
WNT,KISS1,0.969871585857
WNT,ITGB3,-1.97088543089
WNT,UBE2Z,-1.18190265328
WNT,TMEM62,1.20580372694
WNT,CRNN,0.85962484514
WNT,DSG1,-0.835336366826
WNT,ST7L,0.708148540071
WNT,POFUT1,0.898538126817
WNT,KIF1A,0.637274488382
WNT,STX18,1.11638409861
WNT,MAP4K1,0.89076784399
WNT,ERG,-0.629862048988
WNT,DNASE2,1.50619091775
WNT,SLC4A5,0.629763427598
WNT,DAPP1,1.71900455274
WNT,BDH1,1.26117175413
WNT,OVGP1,1.14148781089
WNT,SLC8A1,1.00365007376
WNT,CEP112,0.771116313763
WNT,SLC5A1,-0.78489325065
WNT,CHRNB4,-0.703986381166
WNT,SEMA6D,-1.29535580241
WNT,EPB41L4A,-1.37522577926
WNT,NTRK2,-0.672821072244
WNT,CPS1,1.64655134485
WNT,SMG9,0.789238489406
WNT,RPS6KA5,-1.68306810451
WNT,MARCHF8,-1.45375756444
WNT,TNS4,1.29567733971
WNT,EPS8L1,-1.03570644839
WNT,NDP,1.76266240009
WNT,PKP2,1.61797993503
WNT,SGPL1,1.47423814072
WNT,WT1-AS,-0.83101427043
WNT,CTF1,-1.00966676971
WNT,NCF2,2.14918651349
WNT,NPY5R,-0.89625715631
WNT,GLT8D2,-1.34771092712
WNT,EXOSC10,0.88038041589
WNT,CNGA1,-0.936614175281
WNT,RHOH,-0.893464254305
WNT,EXTL3,-0.852054909176
WNT,DMPK,-1.00250499802
WNT,PFDN4,0.808642344024
WNT,PTPN2,0.942575112756
WNT,RNF186,0.751390558596
WNT,ECE1,-1.61774938176
WNT,ING3,1.18937075595
WNT,VAV1,1.02980920484
WNT,B3GALT5,-0.857373993842
WNT,IGFLR1,1.56663157636
WNT,FHL1,-1.64302920564
WNT,H4C15,1.3975372266
WNT,LAT2,-0.895714793695
WNT,CACNG2,-0.593523857298
WNT,FNDC4,-0.826714890194
WNT,OPN1SW,-0.657255312321
WNT,ICE2,1.17252347783
WNT,RETREG3,-1.48040697916
WNT,CNTFR,0.677384299542
WNT,WDTC1,-0.857976455526
WNT,TNIK,-1.81114087692
WNT,MTUS2,0.647808553281
WNT,EDN1,3.01859591483
WNT,POU2F3,-0.816326132131
WNT,PTAFR,-1.27222423928
WNT,FGF4,0.52945930768
WNT,TACR1,-0.735229420079
WNT,SLC15A1,-0.607173964746
WNT,CLDN10,1.20167006069
WNT,TEAD3,-1.12245850612
WNT,BRME1,0.611110201437
WNT,ERVMER34-1,1.42723696071
WNT,PC,-1.45275868819
WNT,SPTSSA,1.82095024259
WNT,HBP1,-1.74457133069
WNT,ID2B,0.860574686847
WNT,GGA3,0.645986505584
WNT,SLC9A5,-0.475820971099
WNT,HOXB1,0.599719099085
WNT,NT5M,0.907386925925
WNT,CD53,-0.591256506702
WNT,DHCR7,-2.23799636832
WNT,OTUD7B,-0.813817508215
WNT,TF,-0.953058663178
WNT,MAGI1,-0.62145704269
WNT,CAPN1,-1.09122517955
WNT,ABCA7,1.1381346323
WNT,PDE1B,0.64805982563
WNT,BCAP31,-1.08255913842
WNT,NCKAP1L,0.775533468972
WNT,LRRTM2,-0.970260425783
WNT,GMEB1,-0.86390508043
WNT,SLC2A5,-0.942966590808
WNT,RHOBTB3,1.88752037522
WNT,PI15,-1.04380910277
WNT,L2HGDH,0.783860921717
WNT,PLXNA1,-1.10426266687
WNT,SIRT4,-1.00517698581
WNT,CRYGD,-0.625208489135
WNT,ATP6V1B1,-1.02870173314
WNT,UCP2,2.71217989704
WNT,ENO3,0.91208996462
WNT,DBN1,-1.16807477133
WNT,CSNK2A2,1.19670868874
WNT,TNNT3,0.612745331179
WNT,CD82,-2.25793257734
WNT,NCF4,0.942072606978
WNT,PIM2,-1.6417734264
WNT,MUTYH,1.11135225413
WNT,PALS1,1.4990988865
WNT,PYGO1,0.832971395251
WNT,F2RL3,-0.609942112394
WNT,ZBTB7A,-0.538680340353
WNT,GDAP1L1,0.640632875271
WNT,CD22,-0.715617817294
WNT,NEUROD4,0.648404543714
WNT,ECI1,1.14866600655
WNT,ABHD6,1.13559554425
WNT,BBX,-1.43179302644
WNT,THRB,-1.20400147861
WNT,TAS2R4,0.865072668989
WNT,PRSS21,0.780472002355
WNT,PYY,-0.532082732604
WNT,CTNNA3,-0.563611937822
WNT,EDA,-0.374800807771
WNT,THG1L,1.27782683746
WNT,RLBP1,-1.00280098443
WNT,PNLIPRP1,0.458006795803
WNT,CUBN,0.920681584742
WNT,GMPS,1.26369177601
WNT,HCN2,-0.645382854643
WNT,CRYBA2,0.81373930369
WNT,PIP5K1C,-0.982587281975
WNT,LSM8,0.978757853346
WNT,TYROBP,0.768330687491
WNT,TMCC2,-0.735128071278
WNT,TCP11L1,0.908390161563
WNT,GSN,-1.076031764
WNT,CKMT2,-0.645283915097
WNT,ZNF222,1.23204607345
WNT,PECAM1,0.973696445211
WNT,SNCG,-0.669106862794
WNT,DGKE,0.725247233281
WNT,MMP24,0.69446752152
WNT,RREB1,-0.521369464198
WNT,NEK3,-1.08568105798
WNT,RTF1,-0.711300209933
WNT,ESRP1,1.61307029048
WNT,TRAF3IP3,0.934787077549
WNT,MYCNOS,-0.53605181367
WNT,TLN1,-0.723930529946
WNT,KIF13B,-1.16778788811
WNT,TSC22D4,-0.817387528559
WNT,ODR4,1.00062183376
WNT,CTNNB1,-1.19583311129
WNT,CST8,0.566105775184
WNT,SSR3,1.67107854516
WNT,SERPINB5,1.31781658703
WNT,LINC00474,-0.566216179353
WNT,P2RX1,0.7467152555
WNT,SLC38A3,-0.958970319706
WNT,GEMIN7,0.732327505555
WNT,OTULINL,1.77563542607
WNT,ZNF226,0.931214522714
WNT,OSBP,-0.71637052325
WNT,LIME1,-0.768789677834
WNT,RAB3B,1.57243159549
WNT,ELF3,-2.51085440949
WNT,NSUN3,0.63230427107
WNT,TSPAN8,1.53478281949
WNT,EPB41L2,-1.08934684497
WNT,ZDHHC18,0.69706815265
WNT,CRISP3,-1.30590724985
WNT,PPFIBP1,1.02443863248
WNT,VGLL1,0.879010238903
WNT,TIAM1,-1.36589517272
WNT,TRPV2,-0.854584900022
WNT,ADGRL3,1.1025631237
WNT,LZTFL1,-0.98157731023
WNT,PLXNB3,-1.1039637836
WNT,PIP4K2C,-1.00851007594
WNT,PLIN3,-1.29727929698
WNT,VPS51,1.27085527985
WNT,NAP1L1,1.13245565984
WNT,USP20,-0.842918982266
WNT,PABPC3,1.03060345641
WNT,DHRS7,-0.913715424896
WNT,ESYT1,-1.12890538332
WNT,S100P,2.71559428256
WNT,BCL2L11,-1.41820498356
WNT,PCP4,1.56368906403
WNT,MALT1,2.01370396301
WNT,RPL15,0.812088801829
WNT,GATM,-0.810887345097
WNT,KCNAB1,0.465978163859
WNT,EDA2R,0.765316008556
WNT,FAN1,0.651521883132
WNT,ATP6V0A4,-1.36684867802
WNT,ARSA,-0.703363954664
WNT,BAHD1,-0.804818543279
WNT,NBEA,-1.61067975587
WNT,FSHB,-0.54423936098
WNT,BTF3,0.523740044862
WNT,RPL11,0.90539941737
WNT,SLC6A2,0.365106627072
WNT,BICDL1,-0.806552420395
WNT,ZFAND1,1.41276953073
WNT,NR2F6,-0.693880458936
WNT,KCNK15,-0.799623112692
WNT,ADA2,1.00644612141
WNT,ATP5PB,0.744961268774
WNT,ETV5,-2.50476246571
WNT,PNLIPRP2,-0.638851099046
WNT,FAM110B,1.16509188969
WNT,HOXB2,1.20985722724
WNT,OVOL1,0.968510645898
WNT,GPR18,-1.08019613642
WNT,UCP1,0.544787554024
WNT,PSTPIP2,1.89408729752
WNT,WFDC8,-0.556649337328
WNT,B3GALT4,-0.900999512512
WNT,ABO,0.58855949351
WNT,ERN2,0.504623422774
WNT,CRYZ,-1.59138928045
WNT,FTSJ1,1.17237424038
WNT,UNC45A,-0.508440916029
WNT,ZNF442,0.794829981281
WNT,EFCC1,0.537061854347
WNT,SMAD2,0.759965336154
WNT,DPH5,1.24402786147
WNT,ETS2,-1.84105533105
WNT,MYO19,0.97734769081
WNT,ZNF426,1.07318768264
WNT,GLCE,-1.84746772997
WNT,ANKRD26,0.828339962132
WNT,DGKG,-0.725355992424
WNT,VSX1,0.420486437981
WNT,FBXO3,-0.851239985055
WNT,CMKLR1,0.661274322815
WNT,HAND1,-0.595727761404
WNT,COL11A2,-0.700343398644
WNT,PIK3CD,-1.08283120389
WNT,SLC2A2,-0.593535752595
WNT,YARS2,0.815732224084
WNT,PAN2,1.34911187444
WNT,ACTR1B,0.767541377944
WNT,MTIF2,1.2581740438
WNT,CHMP7,-0.768241887957
WNT,FCAR,0.44745351367
WNT,AKAP10,-0.848465157162
WNT,BTBD3,-1.4437911896
WNT,CDH2,1.15562178249
WNT,PTCD2,1.07306254845
WNT,AGTPBP1,1.05070713749
WNT,NUDT13,0.765802641571
WNT,AHSP,-0.492542043741
WNT,RGN,-0.708346511052
WNT,DUS4L,1.10459452587
WNT,SRSF4,-0.782044079052
WNT,FCRL2,-0.398858834948
WNT,PRKCG,-0.48537044195
WNT,KCNA10,0.573172940171
WNT,MFSD9,-0.714415580896
WNT,BAHCC1,-0.626740317041
WNT,DENND1C,0.764730409654
WNT,PLEKHS1,-1.2355838531
WNT,CHI3L1,-1.59090493071
WNT,GPHN,1.01512886864
WNT,GMFG,-1.02107037215
WNT,NR2F2,1.47084188047
WNT,POPDC2,0.705405482456
WNT,MMP20,0.581258019798
WNT,FGL2,1.03054110312
WNT,DRD2,0.450634487989
WNT,ZNF804A,1.52128998088
WNT,ABCD1,-0.851047188842
WNT,OAT,-1.4289232058
WNT,IL12A,-1.32293611174
WNT,TGFBR1,-1.29361066515
WNT,PLEKHG6,0.778785017658
WNT,HYI,1.02287227979
WNT,EFNB1,-0.729107031319
WNT,SUN2,-1.09662484708
WNT,OR10H3,-0.590648918921
WNT,MAGEA11,-0.766237742264
WNT,MVK,-0.75475783428
WNT,LBH,2.29689004778
WNT,MINDY1,-1.29214200574
WNT,KLHL41,-0.705479542755
WNT,CCR1,-1.30837714917
WNT,RIN3,0.585105334139
WNT,ELF5,0.882643044646
WNT,ATP7B,-1.05576922983
WNT,MUC13,-0.918559543876
WNT,PWWP3A,-0.80943911507
WNT,AKAP5,0.839438344225
WNT,SLC17A4,-0.436560375739
WNT,PDGFC,1.74785885626
WNT,FKBP10,0.860526810258
WNT,LRPPRC,0.912680948233
WNT,PDE8A,0.830303743012
WNT,ANAPC10,0.964420602515
WNT,PIP4K2B,-0.522432834496
WNT,SLC6A16,-0.731677950265
WNT,PDCL,-0.710925781195
WNT,GTPBP3,0.706571406541
WNT,RAB11B,-0.633911539384
WNT,KIAA0513,-0.987048461411
WNT,C8A,0.515345712091
WNT,HERPUD1,-1.61445063186
WNT,SLC26A4,-0.928944866447
WNT,MUS81,0.807639368488
WNT,SNTB2,-0.82962210018
WNT,KCND3,0.504099181286
WNT,TAS2R3,0.661313280538
WNT,CHPF,-0.961941259767
WNT,HEXB,0.975558627332
WNT,FGF9,-1.07096100425
WNT,BMP5,0.838989840012
WNT,XK,1.56698642995
WNT,HAO1,0.52689102683
WNT,GNAT2,0.579644005982
WNT,NECTIN1,-0.540818054906
WNT,TCF7,0.711206308266
WNT,PPP1R14D,0.772647117814
WNT,PSORS1C2,0.529767776362
WNT,THAP10,1.3906613913
WNT,CDK5RAP3,1.13311607924
WNT,ELAC1,0.89270309467
WNT,PRKD2,-0.939307929882
WNT,BAIAP3,-0.473838632907
WNT,HOXD12,0.621771631014
WNT,FAM32A,-0.952428476382
WNT,CFAP70,0.542679037722
WNT,PCDHB6,-0.781886093913
WNT,ISYNA1,-1.00961813874
WNT,INSIG1,-2.92778961873
WNT,CCNB1IP1,1.55880298147
WNT,IRF2BP1,0.563917519326
WNT,MTHFD2L,0.821367820981
WNT,KBTBD4,-0.957901630532
WNT,DLG1,0.868675543413
WNT,FZD9,0.634061290817
WNT,AP5S1,0.815701289291
WNT,NR3C2,-1.05531044756
WNT,HSPA4L,-1.71202050874
WNT,TEAD4,1.2908550114
WNT,DIRAS2,-0.777954599982
WNT,SMUG1,0.634147098231
WNT,PRG3,0.411285980231
p53,GLS2,6.4524648846763
p53,MDM2,8.1934882691823
p53,ZNF79,4.02026334439871
p53,FDXR,11.9944959216904
p53,LCE1B,11.8137365968873
p53,FAS,12.0306013823747
p53,CABYR,6.12547191219197
p53,SESN1,12.5292288974635
p53,PIDD1,5.96064072378319
p53,TP53I3,18.2611473292383
p53,ABCA12,9.59718211876955
p53,SMIM10L2A,6.37256519522957
p53,DNAI3,13.0984058801245
p53,CDKN1A,15.9569703107547
p53,SPATA18,7.84899796478288
p53,CES2,7.28038484156682
p53,CDIP1,5.04944358228244
p53,RETSAT,7.13672798613649
p53,PRKAB1,4.52002945928526
p53,CYP4F2,4.13943485407478
p53,KLHDC7A,4.56627460909572
p53,GPR87,10.8361217599775
p53,POLH,5.17601264330088
p53,XPC,6.58702600859331
p53,PPM1D,6.24952058106223
p53,ANKRA2,10.8896309741869
p53,PADI4,4.10773014766389
p53,NECTIN4,9.30887621816103
p53,SLC52A1,4.15558984583101
p53,PHLDA3,6.79043734303922
p53,DDB2,8.18558326014517
p53,RRM2B,10.6329276794067
p53,EDA2R,3.17913230269643
p53,ZNF337,3.30176303014569
p53,MUC19,7.0401102333555
p53,TNFRSF10B,6.0094593884703
p53,FBXW7,4.28328558233132
p53,CLCA2,10.5192559356231
p53,ZMAT3,7.95669826461469
p53,STAG1,-3.86511334869035
p53,TMEM63B,4.80735222665581
p53,SCN3B,4.85900175146136
p53,DRAXIN,6.01440524485263
p53,SERPINB5,4.79640560962552
p53,RPS27L,6.25116452788065
p53,FAM13C,4.31497453386035
p53,DGKA,5.3815056342531
p53,TIGAR,10.1514954141103
p53,NRF1,-2.35103514848797
p53,ACER2,11.5960643896458
p53,TP53INP1,8.65838226312228
p53,STX6,3.46579999630662
p53,BLOC1S2,7.41262326071374
p53,CMBL,5.05085572920282
p53,SRGAP3,2.51854760461627
p53,CLTRN,6.82934107641466
p53,GRIN2C,1.83935980581783
p53,CYFIP2,7.06090455961486
p53,TRIAP1,6.42278898218996
p53,ISCU,5.51234995398229
p53,ARHGAP11A,-7.97622636328492
p53,CCDC90B,3.38810946263638
p53,NADSYN1,3.83691258033225
p53,ZNF561,10.1232181976834
p53,ZSCAN4,3.18346250616366
p53,INPP1,7.48807583582186
p53,LINC02875,3.27828305794746
p53,TEX37,3.03848257750685
p53,PGAP1,5.57428710691835
p53,NBEAP1,6.7123085334829
p53,CSTA,9.00607770370773
p53,DQX1,4.38711610593762
p53,PGF,4.45484651236069
p53,GRHL3,8.21231017387999
p53,C2orf66,11.5031743252221
p53,FBXO22,3.69252600162702
p53,ANKRD20A12P,3.69177440970098
p53,KANK3,2.90543979717519
p53,RINL,4.51468968662645
p53,AK1,4.35299241504451
p53,ZNF83,-5.85751876139461
p53,CYSRT1,5.07643075873178
p53,GDF15,9.77398168384019
p53,GRIP2,2.52761146451273
p53,EFNB1,2.86567899119345
p53,AKR1B10,10.3220773400368
p53,CEL,4.04953467226343
p53,PLTP,6.88503288508829
p53,SLC44A5,5.04342092041207
p53,EI24,4.09203042424567
p53,CSMD3,4.81260146300689
p53,RTL5,4.58551453484021
p53,PDE6C,3.01413540282696
p53,CARNS1,4.53873384469128
p53,LCE1C,30.2207472764061
p53,CCDC150,-3.17452711127065
p53,LCE1A,6.15482283929932
p53,TREM2,4.10193661511406
p53,GDF9,3.35574134398277
p53,NHLH2,2.20163791722115
p53,SLC25A45,4.91980677432265
p53,TYMSOS,4.14795258058786
p53,TMEM68,5.09873610685454
p53,CYGB,3.20194683248846
p53,PHLDB3,2.57377408995391
p53,BTG2,10.2252230994473
p53,CLP1,2.88384100677135
p53,ULBP2,4.65454177203006
p53,MON2,2.30947627992802
p53,APAF1,3.55733570944424
p53,NOPCHAP1,6.13180367928793
p53,MR1,5.31974274567462
p53,BTBD10,4.6234179857618
p53,NLRX1,3.27548045704212
p53,INPP5D,3.12450758341477
p53,TCERG1L,2.37412001647258
p53,APOBEC3C,4.29626538959128
p53,CDKAL1,-2.15383001738579
p53,SNX32,2.29181077618188
p53,BLCAP,4.62599326333332
p53,SKA3,-7.64405986948357
p53,IKBIP,7.33031293543692
p53,TRIM3,1.57372807974593
p53,CENPF,-5.5138195483583
p53,CEP128,-4.1553294012497
p53,C14orf28,5.41955985682861
p53,HEPACAM,4.41631276392725
p53,RASAL1,1.89517720437839
p53,H2AX,-3.35642288477556
p53,ATP6AP2,2.4617285388482
p53,ZNF385A,3.71368074231343
p53,TRIML2,3.81469344731875
p53,HOXC13,3.10226752013958
p53,EPPK1,4.71202168002039
p53,GADD45A,10.535211502433
p53,CWF19L1,-2.52310026386716
p53,RALGDS,4.84609531351548
p53,PADI3,4.17658762055864
p53,NSG1,4.38066036262177
p53,LCE1F,10.2858311553072
p53,G2E3,-5.62478806811859
p53,SULF2,8.88427133430346
p53,CLSPN,-4.42815692828741
p53,CEP85L,3.58133785046115
p53,PPM1J,2.92688305465527
p53,TICRR,-5.08348835376989
p53,CCDC63,2.64580290798019
p53,ZFPM1,1.82628923002729
p53,DUSP14,5.13692827579251
p53,TAB3,3.44101807241346
p53,HS3ST4,2.066360806203
p53,ZBTB2,-4.63126520423796
p53,HES2,1.64167379390675
p53,TSPAN11,4.67389434250976
p53,MTFR2,-5.53994095456078
p53,RBFOX3,1.80613252706014
p53,INCENP,-2.94156501705535
p53,PLCL2,2.64071567153428
p53,RSRC1,-3.36081697344435
p53,HCAR2,12.2968064025373
p53,PLK1,-6.99583871349826
p53,PARD6G,2.387237425098
p53,SUGCT,4.68348393681313
p53,VWCE,3.53895482982512
p53,DNAJC18,4.07603574242989
p53,SLC30A1,4.39012536774328
p53,XG,2.73757652544961
p53,WFDC5,3.08824072226571
p53,FLYWCH1,2.12784385548567
p53,DPYSL4,3.29662667173401
p53,NSD3,-1.84496405562492
p53,NEURL2,6.45953942391429
p53,HHAT,4.05151918198613
p53,BAX,4.34425470404785
p53,TSGA10,2.40495803304282
p53,DSC3,5.01158885948596
p53,PLCXD2,3.63443820248488
p53,BUB1,-4.60405660271192
p53,ALMS1,-2.5431700072705
p53,CHRNA3,1.65936948177367
p53,C7orf57,3.29926633653865
p53,PLK3,4.63537825997775
p53,AGBL5,2.74271535801978
p53,CEP170B,3.16239061403269
p53,GNGT2,2.55176292387423
p53,CCNK,2.04575308310878
p53,MLF2,3.28939319781939
p53,LRP10,4.32505688497738
p53,WDR76,-6.17277171141208
p53,ARVCF,1.78821562101401
p53,CEP295,-2.24984649001135
p53,REEP2,2.15304631431642
p53,ING5,-1.78610597365435
p53,BBS7,3.24654654831392
p53,SGO1,-4.87832536378597
p53,KLC3,2.1380884067701
p53,RNASE7,4.77675543834818
p53,CDH10,5.80251018231907
p53,CFHR4,2.58203708409393
p53,ALOX5,2.74178898672656
p53,ZDHHC6,-2.85963377046441
p53,CENPI,-4.51521189737238
p53,CERS5,2.0004680587916
p53,COQ8A,4.10504378127184
p53,LACC1,8.38745179440065
p53,RALGAPB,2.33151577709237
p53,KLHL30,4.23743118542772
p53,TRIM59,-5.86204889609867
p53,PLA2G2A,-4.15861019747567
p53,ABHD4,4.76064364336096
p53,KIF18A,-6.15822329731189
p53,SLC12A4,1.80959057940556
p53,MED23,2.44186292154017
p53,PHYH,4.56391574867049
p53,SCN2A,3.71010643677324
p53,ACTA2,3.97428519157633
p53,BBS4,3.26685085716286
p53,GPSM2,-4.60377046601187
p53,TRAF4,3.09979662188127
p53,CSNK1G1,2.16404902352182
p53,GSTA2,8.14719302612503
p53,MIS18BP1,-4.06238320652994
p53,ZDHHC15,-1.92809346631832
p53,MSH6,-3.55676997733756
p53,LYRM9,2.96217588457651
p53,TP53,4.91371400524448
p53,ANXA4,6.27280171206051
p53,RAI2,2.57332168879856
p53,EGFLAM,2.7169903664556
p53,ELP4,-3.03471242775414
p53,MTBP,-3.37861163789751
p53,STXBP3,2.82414548627612
p53,CPT2,3.5234787018055
p53,APLP1,3.13435320895359
p53,SMC4,-4.92148539397589
p53,TRIM35,3.84648639716477
p53,PEX14,-1.45378736432796
p53,NSD2,-3.26599046420362
p53,DIAPH3,-3.65387979357768
p53,RNF216,-1.45623006774431
p53,ZFYVE1,5.86594295836281
p53,GEN1,-4.06564035863659
p53,OR52N4,9.91611847677872
p53,FANCC,-1.863792654069
p53,DENND2C,3.01070971016568
p53,CXCR2,3.52429243042524
p53,SPIN1,-2.79115213285278
p53,SYTL1,5.14972158817789
p53,PAK5,1.27079905287565
p53,CST3,3.37501885255358
p53,SMC3,-3.38689149453163
p53,IGDCC4,5.00606625435844
p53,TAF3,2.73026680373477
p53,KNL1,-3.63006432164052
p53,SESN2,8.09489835641706
p53,FANCD2,-4.07100610010717
p53,GPX8,-5.54621277993773
p53,KLHL23,-4.65553243872573
p53,PLCD1,3.13895378373942
p53,KPNB1,-2.93916190024152
p53,PRIM2,-3.10132549298003
p53,ZNF440,1.51196698715907
p53,FAM210B,6.6771146763064
p53,FRMD8,2.12065904008587
p53,RGMA,1.84056327995983
p53,KIF22,-4.06826944036868
p53,CLEC17A,2.76795560630849
p53,CCDC14,-2.18408539621388
p53,UBE2D2,-1.72768787087237
p53,AMZ2,3.66230190518756
p53,CIP2A,-6.04338725618639
p53,GAL3ST4,2.6102274811711
p53,DUSP11,2.93118742360636
p53,CCS,2.54501531570515
p53,GAS2L3,-6.64655270632069
p53,STIL,-5.681272222464
p53,TMPO,-5.02589560298561
p53,BRCA1,-4.92152920534151
p53,SLF1,-4.33348855193985
p53,GLTP,3.46816599084747
p53,MRPL39,2.9269379862034
p53,CCNF,-4.17212185994256
p53,USP28,-2.87442204415663
p53,EML2,1.52255563975204
p53,PKP4,-2.69378814139534
p53,SCLT1,-3.47398388242681
p53,PDS5B,-1.90221945865863
p53,PTPRU,2.39830085135214
p53,TBL1XR1,-2.88623945715483
p53,MPHOSPH9,-3.4698779236307
p53,PORCN,2.74578715259092
p53,TNFRSF14,3.83674019905736
p53,HNRNPDL,-2.49243285962431
p53,NIN,-1.81794596058914
p53,F5,2.39785372664004
p53,MKI67,-5.68033977775496
p53,THOC2,-2.10817822140188
p53,POLA1,-4.94387329698027
p53,TMEM52,2.59664800963448
p53,MAST4,3.11522926994197
p53,CENPL,-4.83662026622154
p53,ZGRF1,-2.8881545466487
p53,HS3ST6,1.97146512110218
p53,ZBBX,1.67103521149364
p53,CENPA,-4.57387564071129
p53,TDRD3,-2.2774131122088
p53,SLC35D1,3.49361749897179
p53,ZNF767P,3.06050248330116
p53,KEL,1.46395617810817
p53,LZIC,-2.57733223638232
p53,BTBD19,3.92560924826984
p53,MCPH1,-1.60503749374448
p53,CEP57L1,-1.80458402184147
p53,BARD1,-4.28061526458253
p53,CES3,1.42017695655085
p53,DIAPH2,-3.24435693719321
p53,SMARCC1,-2.43562950819297
p53,BORA,-4.79838980377805
p53,ABCA1,3.55010027718027
p53,AURKA,-5.30450074457032
p53,PIF1,-2.77547104099817
p53,KIFC1,-4.76254711426084
p53,PDS5A,-2.16831002051021
p53,SPATA25,2.66845037033743
p53,EPS8L2,2.61535040176216
p53,MICALL1,3.63827914130027
p53,CASP2,-2.2504697844854
p53,RBM38,3.27109257111492
p53,BRMS1L,3.41062372896307
p53,BUD13,-2.85021155077956
p53,TCHP,-2.97646537072189
p53,CDC25C,-3.35832083213889
p53,SCN4B,3.44737430884708
p53,TPX2,-6.89455376817923
p53,NUP98,-2.88695874493846
p53,ANP32B,-2.90176677385895
p53,SGK2,1.38384370555153
p53,DOCK8-AS1,1.90295472773081
p53,RPGRIP1L,-2.53676507636685
p53,DHRS7,2.08140472996153
p53,RABGGTA,2.29462250718054
p53,SMCHD1,-2.64346380381591
p53,TNPO3,-1.94763964850367
p53,ZMYND11,-1.9915917161906
p53,CAPRIN1,-1.7562753732849
p53,SKA1,-5.29998679469088
p53,PLK4,-4.71009587261041
p53,MCM8,-5.11465904080061
p53,HAP1,1.24705239295263
p53,PAPOLA,-1.96457284371847
p53,CCDC77,-4.16097116806346
p53,FAM98C,3.17812218406082
p53,ESCO2,-5.08354434216971
p53,LAS2,-4.11682206865243
p53,LRP2BP,1.78466265584841
p53,PTCHD4,2.95854924455258
p53,CTCF,-2.35027445711673
p53,DEPDC1,-6.29860205187922
p53,EWSR1,-1.95553958556992
p53,ADCYAP1R1,1.46479145725585
p53,ANP32E,-4.20602833798016
p53,PROM2,1.57273825247212
p53,PARP2,-3.92624612424526
p53,SPATS2,-2.15238731516386
p53,POLD3,-3.45443764749774
p53,H2BC14,-5.09832011366014
p53,RHAG,1.00744051410146
p53,FITM2,2.73383700948443
p53,SEPHS1,-2.91969802762416
p53,SUSD6,6.55823682092654
p53,PRR11,-3.9364207032517
p53,KIF23,-5.78749892025889
p53,NATD1,4.25759041711113
p53,ZMYM1,-3.33713254246329
p53,SASS6,-4.84637206861523
p53,TNFRSF10C,2.14542006053431
p53,CENPO,-3.16420780965646
p53,CRYAB,6.23484476104514
p53,BRIP1,-5.2118439540597
p53,FUT8,-3.54682259669788
p53,MAEL,2.59208603539607
p53,GAST,1.62016668522385
p53,KIF17,1.59221478546458
p53,NLRP5,1.92028688980502
p53,TEAD3,2.54540346554672
p53,H2AC20,-11.9645658152896
p53,FAF1,-2.14553255227512
p53,FLG,3.42456064547057
p53,CEACAM1,4.04051919522247
p53,QSER1,-2.23746554424767
p53,TAFA2,3.98188493901581
p53,PARD3,-2.29733269324934
p53,WDHD1,-5.25427667630742
p53,INTS7,-2.40201446522276
p53,FIGN,-3.82311648863789
p53,CDCA3,-5.75846497515046
p53,NCAPH,-6.09095706934528
p53,FAM43B,2.03673425295181
p53,RAD21,-3.10981519446504
p53,CCNA2,-6.37962812505719
p53,NAPEPLD,-3.42465913392547
p53,ALS2CL,2.23897868256362
p53,LCAT,1.8887065553981
p53,MIS18A,-4.04059305640033
p53,ICE2,-2.36584052893984
p53,CCNG1,4.33792597073688
p53,LPIN3,2.10895719587299
p53,CDC25B,-4.01646420895187
p53,CFAP74,1.10870086305931
p53,CDC27,-2.47578706205137
p53,SLC35E3,1.44262673853224
p53,TEP1,2.4032419637377
p53,CLN8,2.18808163099183
p53,GRK6,-2.12186076262753
p53,NTPCR,3.28424362333526
p53,KIF11,-6.34734615861993
p53,CENPJ,-2.95447169838855
p53,SLC25A40,-2.82355795393642
p53,RFNG,2.4741131162332
p53,ARL6IP6,-3.02686405661434
p53,MELK,-6.38769323082593
p53,KIF4A,-5.59639445114061
p53,NCAPD2,-4.54644696163353
p53,TGM4,1.04497836187427
p53,GSTCD,-1.88747434450746
p53,MRPL49,2.85985440876331
p53,ARHGAP11B,-11.5554866342792
p53,GALR2,2.62845419611161
p53,GM2A,2.96211740699272
p53,AEN,4.78850806650135
p53,NEXN-AS1,2.30685184493643
p53,CYP3A43,1.48690935096863
p53,CHEK2,-3.57239860310337
p53,SSX2IP,-2.88815204336443
p53,NFIB,-2.79534610540693
p53,GASK1B,6.17058426530193
p53,IFT20,3.30677763988003
p53,AADAC,2.22688197116828
p53,GEMIN2,-3.26231018247829
p53,SAE1,-2.55180936386266
p53,DUOX1,1.6658458983571
p53,CHAF1A,-3.51237649747623
p53,ABCG4,1.22052412023949
p53,CCNB1,-6.46209565173895
p53,MT-ND4,-83.9089310476945
p53,GTF2IRD1,-3.19931270610359
p53,NEIL3,-5.2573432472505
p53,DCLRE1A,-2.7963396487634
p53,CASP10,1.68270061731694
p53,CEP85,-2.25274812137049
p53,SGO2,-5.91348869721888
p53,KIF14,-6.2730022940127
p53,SERTAD1,5.92551435999403
p53,LRBA,-2.69784921333405
p53,PIP4K2A,-2.28621854708332
p53,FUCA1,3.02112356652648
p53,DCAF1,-1.78979538656968
p53,PATZ1,-1.63584434581274
p53,SMTNL2,1.69430948200813
p53,RNGTT,-1.91886779611292
p53,CBX3,-2.44921526974095
p53,SEMA3G,2.98619637628454
p53,PPP6R3,-1.62493012793647
p53,TRRAP,-2.12141436657274
p53,FANCM,-2.93531633785355
p53,CD163L1,2.71950174080857
p53,HNRNPA0,-2.52676652716608
p53,FANCF,-2.92411817623179
p53,MNS1,-4.27686711590396
p53,WRAP73,1.91448293360287
p53,MYOM1,1.40167965538914
p53,KIF2C,-5.32834130321361
p53,MIPOL1,-1.62767191365164
p53,ANKRD27,-2.62454821026016
p53,HNRNPU,-1.98032596217851
p53,NONO,-2.16442193820615
p53,ZNF423,2.33962680983152
p53,RBL1,-3.36815576583218
p53,LARP4B,-1.58859423126876
p53,ATAD5,-3.57382846405399
p53,HNRNPR,-2.65419827866656
p53,ZNF639,-1.99154419216943
p53,CIT,-9.03645103786526
p53,MBNL1,-1.90010900304857
p53,ZNF609,-1.47720225665686
p53,MFSD4A,1.50366332964121
p53,ATP6V0A2,-1.71785659933882
p53,POLQ,-3.4682177997077
p53,POMZP3,3.22663964968099
p53,DDX10,-2.77644615418038
p53,FAM161A,-2.61399761786122
p53,LONP2,5.19158880251127
p53,CHEK1,-4.18612135101117
p53,NTN1,1.41569229628942
p53,NME7,-2.50479965989159
p53,ZMYM4,-2.32575160681688
p53,CFDP1,-1.62816796399604
p53,VPS37D,2.30950340700461
p53,TEDC1,-2.27482326435127
p53,CCDC138,-3.20511304019316
